run_accession	host_scientific_name	isolation_source	host_tax_id	environment_biome	environmental_medium	sample_title	study_title	sample_alias	experiment_title	sample_accession	project_name	environment_feature	isolate	country	collection_date_end	location	lon	tax_lineage	collection_date_start	collection_date	experiment_alias	library_name	lat	host_status	location_end	tax_id
ERR4224313	NA	cat	NA	NA	NA	17S00488-1	Discerning Environmental Pathways of Campylobacter Transmission	17S00488-1	NextSeq 500 paired end sequencing	SAMEA6935634		NA	NA	Netherlands	31-12-16	NA	NA	1;131567;2;29547;3031852;213849;72294;194;197	01-01-16	2016	ena-EXPERIMENT-UTRECHT UNIVERSITY-09-06-2020-12:40:21:569-606	unspecified	NA	NA	NA	197
ERR4224555	NA	cat	NA	NA	NA	18S01832-1	Discerning Environmental Pathways of Campylobacter Transmission	18S01832-1	NextSeq 500 paired end sequencing	SAMEA6936142		NA	NA	Netherlands	31-12-18	NA	NA	1;131567;2;29547;3031852;213849;72294;194;197	01-01-18	2018	ena-EXPERIMENT-UTRECHT UNIVERSITY-09-06-2020-12:40:21:577-848	unspecified	NA	NA	NA	197
SRR28564538	Felis catus	small intestine	9685	NA	NA	One Health Enteric sample from Campylobacter jejuni	Vet-LIRN-Other-OH	OTH-22-VL-OH-IN-0054	Illumina MiSeq sequencing: WGS of a Camylobacter jejuni isolate	SAMN40758960		NA	NA	USA:IN	06-09-22	NA	NA	1;131567;2;29547;3031852;213849;72294;194;197	05-09-22	06-09-22	OTH-22-VL-OH-IN-0054	OTH-22-VL-OH-IN-0054	NA	NA	NA	197
SRR6627731	NA	kitten	NA	NA	NA	Pathogen: environmental/food/other sample from Campylobacter jejuni	GenomeTrakr Project: FDA-CFSAN	SAMN08331821	Illumina MiSeq paired end sequencing: Whole genome Illumina MiSeq sequence of Campylobacter jejuni	SAMN08331821		NA	CFSAN074315	USA:MN	13-12-17	NA	NA	1;131567;2;29547;3031852;213849;72294;194;197	13-12-17	13-12-17	EXT00294075	Nextera XT library SEQ000068421	NA	NA	NA	197
ERR4224319	NA	cat	NA	NA	NA	17S00494-1	Discerning Environmental Pathways of Campylobacter Transmission	17S00494-1	NextSeq 500 paired end sequencing	SAMEA6935701		NA	NA	Netherlands	31-12-16	NA	NA	1;131567;2;29547;3031852;213849;72294;194;197	01-01-16	2016	ena-EXPERIMENT-UTRECHT UNIVERSITY-09-06-2020-12:40:21:570-612	unspecified	NA	NA	NA	197
ERR4224530	NA	cat	NA	NA	NA	18S01639-1	Discerning Environmental Pathways of Campylobacter Transmission	18S01639-1	NextSeq 500 paired end sequencing	SAMEA6936017		NA	NA	Netherlands	31-12-17	NA	NA	1;131567;2;29547;3031852;213849;72294;194;197	01-01-17	2017	ena-EXPERIMENT-UTRECHT UNIVERSITY-09-06-2020-12:40:21:577-823	unspecified	NA	NA	NA	197
ERR4224584	NA	cat	NA	NA	NA	18S02483-1	Discerning Environmental Pathways of Campylobacter Transmission	18S02483-1	NextSeq 500 paired end sequencing	SAMEA6936207		NA	NA	Netherlands	31-12-18	NA	NA	1;131567;2;29547;3031852;213849;72294;194;197	01-01-18	2018	ena-EXPERIMENT-UTRECHT UNIVERSITY-09-06-2020-12:40:21:578-877	unspecified	NA	NA	NA	197
ERR4224321	NA	cat	NA	NA	NA	17S00496-1	Discerning Environmental Pathways of Campylobacter Transmission	17S00496-1	NextSeq 500 paired end sequencing	SAMEA6935730		NA	NA	Netherlands	31-12-16	NA	NA	1;131567;2;29547;3031852;213849;72294;194;197	01-01-16	2016	ena-EXPERIMENT-UTRECHT UNIVERSITY-09-06-2020-12:40:21:570-614	unspecified	NA	NA	NA	197
ERR4224598	NA	cat	NA	NA	NA	18S02988-1	Discerning Environmental Pathways of Campylobacter Transmission	18S02988-1	NextSeq 500 paired end sequencing	SAMEA6936276		NA	NA	Netherlands	31-12-18	NA	NA	1;131567;2;29547;3031852;213849;72294;194;197	01-01-18	2018	ena-EXPERIMENT-UTRECHT UNIVERSITY-09-06-2020-12:40:21:579-891	unspecified	NA	NA	NA	197
ERR4224544	NA	cat	NA	NA	NA	18S01731-1	Discerning Environmental Pathways of Campylobacter Transmission	18S01731-1	NextSeq 500 paired end sequencing	SAMEA6936135		NA	NA	Netherlands	31-12-18	NA	NA	1;131567;2;29547;3031852;213849;72294;194;197	01-01-18	2018	ena-EXPERIMENT-UTRECHT UNIVERSITY-09-06-2020-12:40:21:577-837	unspecified	NA	NA	NA	197
ERR4224591	NA	cat	NA	NA	NA	18S02914-1	Discerning Environmental Pathways of Campylobacter Transmission	18S02914-1	NextSeq 500 paired end sequencing	SAMEA6936256		NA	NA	Netherlands	31-12-18	NA	NA	1;131567;2;29547;3031852;213849;72294;194;197	01-01-18	2018	ena-EXPERIMENT-UTRECHT UNIVERSITY-09-06-2020-12:40:21:579-884	unspecified	NA	NA	NA	197
ERR4224614	NA	cat	NA	NA	NA	18S03561-1	Discerning Environmental Pathways of Campylobacter Transmission	18S03561-1	NextSeq 500 paired end sequencing	SAMEA6936368		NA	NA	Netherlands	31-12-18	NA	NA	1;131567;2;29547;3031852;213849;72294;194;197	01-01-18	2018	ena-EXPERIMENT-UTRECHT UNIVERSITY-09-06-2020-12:40:21:579-907	unspecified	NA	NA	NA	197
SRR5209498	Felis catus	Cat faeces	9685	NA	NA	Pathogen: environmental/food/other sample from Campylobacter jejuni	A Genome-Wide Association Study to Identify Diagnostic Markers for Human Pathogenic Campylobacter jejuni Strains	C3GFDB014531	Illumina HiSeq 2000 sequencing: DNA seq of Campylobacter jejuni: Felis catus faeces	SAMN06270867		NA	CI_0405	Canada: Alberta	10-08-04	53.9332 N 116.5765 W	-116.5765	1;131567;2;29547;3031852;213849;72294;194;197	09-08-04	10-08-04	C3GFDB014531	C3GFDB014531	53.9332	NA	53.9332 N 116.5765 W	197
ERR4224509	NA	cat	NA	NA	NA	18S01139-1	Discerning Environmental Pathways of Campylobacter Transmission	18S01139-1	NextSeq 500 paired end sequencing	SAMEA6936111		NA	NA	Netherlands	31-12-18	NA	NA	1;131567;2;29547;3031852;213849;72294;194;197	01-01-18	2018	ena-EXPERIMENT-UTRECHT UNIVERSITY-09-06-2020-12:40:21:576-802	unspecified	NA	NA	NA	197
ERR4224592	NA	cat	NA	NA	NA	18S02915-2	Discerning Environmental Pathways of Campylobacter Transmission	18S02915-2	NextSeq 500 paired end sequencing	SAMEA6936263		NA	NA	Netherlands	31-12-18	NA	NA	1;131567;2;29547;3031852;213849;72294;194;197	01-01-18	2018	ena-EXPERIMENT-UTRECHT UNIVERSITY-09-06-2020-12:40:21:579-885	unspecified	NA	NA	NA	197
ERR4224525	NA	cat	NA	NA	NA	18S01617-1	Discerning Environmental Pathways of Campylobacter Transmission	18S01617-1	NextSeq 500 paired end sequencing	SAMEA6935915		NA	NA	Netherlands	31-12-17	NA	NA	1;131567;2;29547;3031852;213849;72294;194;197	01-01-17	2017	ena-EXPERIMENT-UTRECHT UNIVERSITY-09-06-2020-12:40:21:576-818	unspecified	NA	NA	NA	197
ERR4224528	NA	cat	NA	NA	NA	18S01631-1	Discerning Environmental Pathways of Campylobacter Transmission	18S01631-1	NextSeq 500 paired end sequencing	SAMEA6935975		NA	NA	Netherlands	31-12-17	NA	NA	1;131567;2;29547;3031852;213849;72294;194;197	01-01-17	2017	ena-EXPERIMENT-UTRECHT UNIVERSITY-09-06-2020-12:40:21:576-821	unspecified	NA	NA	NA	197
ERR4224527	NA	cat	NA	NA	NA	18S01627-1	Discerning Environmental Pathways of Campylobacter Transmission	18S01627-1	NextSeq 500 paired end sequencing	SAMEA6935967		NA	NA	Netherlands	31-12-17	NA	NA	1;131567;2;29547;3031852;213849;72294;194;197	01-01-17	2017	ena-EXPERIMENT-UTRECHT UNIVERSITY-09-06-2020-12:40:21:576-820	unspecified	NA	NA	NA	197
SRR8399251	missing	Feline Small Intestine	NA	NA	NA	Campylobacter jejuni	Campylobacter Genome sequencing and assembly	SAMN10696580	Illumina MiSeq sequencing	SAMN10696580		NA	missing	USA	13-12-18	NA	NA	1;131567;2;29547;3031852;213849;72294;194;197	13-12-18	13-12-18	PNUSAC007653:wgs	NexteraXT	NA	NA	NA	197
SRR8607992	NA	Feline Intestine	NA	NA	NA	Campylobacter jejuni	Campylobacter Genome sequencing and assembly	SAMN10986742	Illumina MiSeq sequencing	SAMN10986742		NA	missing	USA	31-08-09	NA	NA	1;131567;2;29547;3031852;213849;72294;194;197	31-07-09	2009-08	PNUSAC008253:wgs	NexteraXT	NA	NA	NA	197
SRR5750634	NA	animal-cattle-heifer	NA	NA	NA	Pathogen: environmental/food/other sample from Campylobacter jejuni	FSIS NARMS Campylobacter	FSIS1701936	Illumina MiSeq paired end sequencing: Whole genome shotgun sequencing of FSIS1701936 by Illumina MiSeq	SAMN07271471		NA	NA	USA:KS	31-12-17	NA	NA	1;131567;2;29547;3031852;213849;72294;194;197	01-01-17	2017	FSIS1701936	FSIS1701936 Nextera XT shotgun library	NA	NA	NA	197
SRR8606599	NA	animal-cattle-dairy cow	NA	NA	NA	Pathogen: environmental/food/other sample from Campylobacter jejuni	FSIS NARMS Campylobacter	FSIS11917199	Illumina MiSeq paired end sequencing: Whole genome shotgun sequencing of FSIS11917199 by Illumina MiSeq	SAMN10985183		NA	NA	USA:WA	31-12-18	NA	NA	1;131567;2;29547;3031852;213849;72294;194;197	01-01-18	2018	FSIS11917199	FSIS11917199 Nextera XT shotgun library	NA	NA	NA	197
SRR7465511	NA	animal-cattle-heifer	NA	NA	NA	Pathogen: environmental/food/other sample from Campylobacter jejuni	FSIS NARMS Campylobacter	FSIS11811004	Illumina MiSeq paired end sequencing: Whole genome shotgun sequencing of FSIS11811004 by Illumina MiSeq	SAMN09534574		NA	NA	USA:CA	31-12-18	NA	NA	1;131567;2;29547;3031852;213849;72294;194;197	01-01-18	2018	FSIS11811004	FSIS11811004 Nextera XT shotgun library	NA	NA	NA	197
SRR5164537	NA	animal-cattle-dairy cow	NA	NA	NA	Pathogen: environmental/food/other sample from Campylobacter jejuni	FSIS NARMS Campylobacter	FSIS1609660	Illumina MiSeq paired end sequencing: Whole genome shotgun sequencing of FSIS1609660 by Illumina MiSeq	SAMN06215672		NA	NA	USA:SD	31-12-16	NA	NA	1;131567;2;29547;3031852;213849;72294;194;197	01-01-16	2016	FSIS1609660	FSIS1609660 Nextera XT shotgun library	NA	NA	NA	197
SRR23803202	NA	Animal-Cattle-Steer (cecal)	NA	NA	NA	Pathogen: environmental/food/other sample from Campylobacter jejuni	FSIS NARMS Campylobacter	SAMN33715191	Illumina MiSeq sequencing	SAMN33715191		NA	NA	USA:IL	31-12-23	NA	NA	1;131567;2;29547;3031852;213849;72294;194;197	01-01-23	2023	FSIS12320332	FSIS12320332 Nextera XT shotgun library	NA	NA	NA	197
SRR14503779	NA	Animal-Cattle-Dairy Cow (cecal)	NA	NA	NA	Pathogen: environmental/food/other sample from Campylobacter jejuni	FSIS NARMS Campylobacter	FSIS12139594	Illumina MiSeq sequencing	SAMN19110597		NA	NA	USA:FL	31-12-21	NA	NA	1;131567;2;29547;3031852;213849;72294;194;197	01-01-21	2021	FSIS12139594	FSIS12139594 Nextera XT shotgun library	NA	NA	NA	197
SRR3611737	NA	animal-cattle-dairy cow	NA	NA	NA	Pathogen: environmental/food/other sample from Campylobacter jejuni	FSIS NARMS Campylobacter	FSIS1606469	Illumina MiSeq paired end sequencing: Whole genome shotgun sequencing of FSIS1606469 by Illumina MiSeq	SAMN05190028		NA	NA	USA:NE	31-12-16	NA	NA	1;131567;2;29547;3031852;213849;72294;194;197	01-01-16	2016	FSIS1606469	FSIS1606469 Nextera XT shotgun library	NA	NA	NA	197
ERR2601882	Bos taurus	Feces	9913	NA	NA	IN_Cj_FI_097	INNUENDO sequencing project	IN_Cj_FI_097	Illumina MiSeq paired end sequencing	SAMEA4697529		NA	IN_Cj_FI_097	Finland	31-12-03	NA	NA	1;131567;2;29547;3031852;213849;72294;194;197	01-01-03	2003	IN_Cj_FI_097	NA	NA	NA	NA	197
SRR8841108	NA	raw cow milk	NA	NA	NA	Pathogen: environmental/food/other sample from Campylobacter jejuni	GenomeTrakr Project: Texas Department of State Health Services	SAMN11322362	Illumina MiSeq paired end sequencing: Whole genome Illumina MiSeq sequence of Campylobacter jejuni	SAMN11322362		NA	CFSAN092371	USA:TX	31-12-19	NA	NA	1;131567;2;29547;3031852;213849;72294;194;197	01-01-19	2019	EXT00352893	Nextera XT library SEQ000089878	NA	NA	NA	197
SRR21602127	NA	Animal-Cattle-Heifer (cecal)	NA	NA	NA	Pathogen: environmental/food/other sample from Campylobacter jejuni	FSIS NARMS Campylobacter	SAMN30888449	Illumina MiSeq sequencing	SAMN30888449		NA	NA	USA:CO	31-12-22	NA	NA	1;131567;2;29547;3031852;213849;72294;194;197	01-01-22	2022	FSIS12215064	FSIS12215064 Nextera XT shotgun library	NA	NA	NA	197
SRR2423693	NA	animal-cattle-steer	NA	NA	NA	Pathogen: environmental/food/other sample from Campylobacter jejuni	FSIS NARMS Campylobacter	FSIS1501343	Illumina MiSeq paired end sequencing: Whole genome shotgun sequencing of FSIS1501343 by Illumina MiSeq	SAMN04091204		NA	NA	USA:AZ	31-12-15	NA	NA	1;131567;2;29547;3031852;213849;72294;194;197	01-01-15	2015	FSIS1501343	FSIS1501343 Nextera XT shotgun library	NA	NA	NA	197
SRR7163773	NA	animal-cattle-dairy cow	NA	NA	NA	Pathogen: environmental/food/other sample from Campylobacter jejuni	FSIS NARMS Campylobacter	FSIS11809830	Illumina MiSeq paired end sequencing: Whole genome shotgun sequencing of FSIS11809830 by Illumina MiSeq	SAMN09207366		NA	NA	USA:CA	31-12-18	NA	NA	1;131567;2;29547;3031852;213849;72294;194;197	01-01-18	2018	FSIS11809830	FSIS11809830 Nextera XT shotgun library	NA	NA	NA	197
SRR16465102	NA	Animal-Cattle-Heifer (cecal)	NA	NA	NA	Pathogen: environmental/food/other sample from Campylobacter jejuni	FSIS NARMS Campylobacter	SAMN22369371	Illumina MiSeq sequencing	SAMN22369371		NA	NA	USA:TX	31-12-21	NA	NA	1;131567;2;29547;3031852;213849;72294;194;197	01-01-21	2021	FSIS12142278	FSIS12142278 Nextera XT shotgun library	NA	NA	NA	197
SRR15275302	NA	Animal-Cattle-Steer (cecal)	NA	NA	NA	Pathogen: environmental/food/other sample from Campylobacter jejuni	FSIS NARMS Campylobacter	SAMN20446307	Illumina MiSeq sequencing	SAMN20446307		NA	NA	USA:CO	31-12-21	NA	NA	1;131567;2;29547;3031852;213849;72294;194;197	01-01-21	2021	FSIS12140917	FSIS12140917 Nextera XT shotgun library	NA	NA	NA	197
SRR6322613	Bos taurus	Bovine Abomasum	9913	NA	NA	Pathogen: environmental/food/other sample from Campylobacter jejuni	Campylobacter Genome sequencing and assembly	PNUSAC003266	Illumina MiSeq sequencing	SAMN08057558		NA	NA	USA:WY	31-05-14	NA	NA	1;131567;2;29547;3031852;213849;72294;194;197	30-04-14	2014-05	PNUSAC003266:wgs	NexteraXT	NA	NA	NA	197
SRR2962345	Bos taurus	feces right side calf barn	9913	NA	NA	Pathogen: environmental/food/other sample from Campylobacter jejuni	GenomeTrakr Project: State of Alaska Public Health Laboratory	AK1117400147-5	Illumina MiSeq paired end sequencing: Whole genome shotgun sequencing of Campylobacter jejuni by Illumina MiSeq	SAMN03387080		NA	CFSAN030042	USA:AK	23-06-11	NA	NA	1;131567;2;29547;3031852;213849;72294;194;197	22-06-11	23-06-11	EXT00150110	Campylobacter jejuni Nextera XT shotgun	NA	NA	NA	197
SRR11457120	NA	Cecal Steer	NA	NA	NA	Pathogen: environmental/food/other sample from Campylobacter jejuni	FSIS NARMS Campylobacter	CVM N47575F	Illumina MiSeq sequencing: WGS of Campylobacter jejuni: 2013 FSIS NARMS Cecal Steer N47575F	SAMN14504390		NA	NA	USA:WI	31-12-13	NA	NA	1;131567;2;29547;3031852;213849;72294;194;197	01-01-13	2013	CVM N47575F	CVM N47575F	NA	NA	NA	197
SRR7163778	NA	animal-cattle-steer	NA	NA	NA	Pathogen: environmental/food/other sample from Campylobacter jejuni	FSIS NARMS Campylobacter	FSIS11809817	Illumina MiSeq paired end sequencing: Whole genome shotgun sequencing of FSIS11809817 by Illumina MiSeq	SAMN09207353		NA	NA	USA:MI	31-12-18	NA	NA	1;131567;2;29547;3031852;213849;72294;194;197	01-01-18	2018	FSIS11809817	FSIS11809817 Nextera XT shotgun library	NA	NA	NA	197
SRR3774242	NA	animal-cattle-steer	NA	NA	NA	Pathogen: environmental/food/other sample from Campylobacter coli	FSIS NARMS Campylobacter	FSIS1606860	Illumina MiSeq paired end sequencing: Whole genome shotgun sequencing of FSIS1606860 by Illumina MiSeq	SAMN05366791		NA	NA	USA:MI	31-12-16	NA	NA	1;131567;2;29547;3031852;213849;72294;194;195	01-01-16	2016	FSIS1606860	FSIS1606860 Nextera XT shotgun library	NA	NA	NA	195
SRR6498630	NA	animal-cattle-heifer	NA	NA	NA	Pathogen: environmental/food/other sample from Campylobacter coli	FSIS NARMS Campylobacter	FSIS11706410	Illumina MiSeq paired end sequencing: Whole genome shotgun sequencing of FSIS11706410 by Illumina MiSeq	SAMN08380190		NA	NA	USA:TX	31-12-17	NA	NA	1;131567;2;29547;3031852;213849;72294;194;195	01-01-17	2017	FSIS11706410	FSIS11706410 Nextera XT shotgun library	NA	NA	NA	195
SRR11457294	NA	Cecal Steer	NA	NA	NA	Pathogen: environmental/food/other sample from Campylobacter jejuni	FSIS NARMS Campylobacter	CVM N50194F	Illumina MiSeq sequencing: WGS of Campylobacter jejuni: 2013 FSIS NARMS Cecal Steer N50194F	SAMN14504493		NA	NA	USA:MN	31-12-13	NA	NA	1;131567;2;29547;3031852;213849;72294;194;197	01-01-13	2013	CVM N50194F	CVM N50194F	NA	NA	NA	197
SRR12828244	NA	animal-cattle-dairy cow	NA	NA	NA	Pathogen: environmental/food/other sample from Campylobacter jejuni	FSIS NARMS Campylobacter	SAMN16450802	Illumina MiSeq sequencing	SAMN16450802		NA	NA	USA:CO	31-12-20	NA	NA	1;131567;2;29547;3031852;213849;72294;194;197	01-01-20	2020	FSIS12034524	FSIS12034524 Nextera XT shotgun library	NA	NA	NA	197
SRR12828245	NA	animal-cattle-beef cow	NA	NA	NA	Pathogen: environmental/food/other sample from Campylobacter coli	FSIS NARMS Campylobacter	SAMN16450804	Illumina MiSeq sequencing	SAMN16450804		NA	NA	USA:MT	31-12-20	NA	NA	1;131567;2;29547;3031852;213849;72294;194;195	01-01-20	2020	FSIS12034522	FSIS12034522 Nextera XT shotgun library	NA	NA	NA	195
SRR6652913	NA	animal-cattle-steer	NA	NA	NA	Pathogen: environmental/food/other sample from Campylobacter coli	FSIS NARMS Campylobacter	FSIS11706890	Illumina MiSeq paired end sequencing: Whole genome shotgun sequencing of FSIS11706890 by Illumina MiSeq	SAMN08437273		NA	NA	USA:UT	31-12-17	NA	NA	1;131567;2;29547;3031852;213849;72294;194;195	01-01-17	2017	FSIS11706890	FSIS11706890 Nextera XT shotgun library	NA	NA	NA	195
SRR17900481	Bos taurus taurus	missing	NA	NA	NA	Microbe sample from Campylobacter jejuni	Campylobacter source attribution Genome sequencing and assembly (SACNZ)	SC0337	HiSeq X Ten sequencing: WGS of Campylobacter jejuni: SC0337	SAMN16731337		NA	NA	New Zealand	15-06-18	NA	NA	1;131567;2;29547;3031852;213849;72294;194;197	14-06-18	15-06-18	SC0337	SC0337	NA	NA	NA	197
SRR4022329	NA	dairy farm field	NA	NA	NA	Pathogen: environmental/food/other sample from Campylobacter jejuni	GenomeTrakr Project: State of Alaska Public Health Laboratory	AK1117400155-1	Illumina MiSeq paired end sequencing: Whole genome shotgun sequencing of Campylobacter jejuni by Illumina MiSeq	SAMN03387096		NA	CFSAN030058	USA:AK	23-06-11	NA	NA	1;131567;2;29547;3031852;213849;72294;194;197	22-06-11	23-06-11	EXT00208342	Campylobacter jejuni Nextera XT shotgun	NA	NA	NA	197
SRR11459624	NA	animal-cattle-dairy cow	NA	NA	NA	Pathogen: environmental/food/other sample from Campylobacter jejuni	FSIS NARMS Campylobacter	FSIS12028925	Illumina MiSeq paired end sequencing: Whole genome shotgun sequencing of FSIS12028925 by Illumina MiSeq	SAMN14503095		NA	NA	USA:PA	31-12-20	NA	NA	1;131567;2;29547;3031852;213849;72294;194;197	01-01-20	2020	FSIS12028925	FSIS12028925 Nextera XT shotgun library	NA	NA	NA	197
SRR5941988	NA	animal-cattle-steer	NA	NA	NA	Pathogen: environmental/food/other sample from Campylobacter jejuni	FSIS NARMS Campylobacter	FSIS1703611	Illumina MiSeq paired end sequencing: Whole genome shotgun sequencing of FSIS1703611 by Illumina MiSeq	SAMN07514264		NA	NA	USA:CA	31-12-17	NA	NA	1;131567;2;29547;3031852;213849;72294;194;197	01-01-17	2017	FSIS1703611	FSIS1703611 Nextera XT shotgun library	NA	NA	NA	197
SRR5890889	NA	animal-cattle-dairy cow	NA	NA	NA	Pathogen: environmental/food/other sample from Campylobacter jejuni	FSIS NARMS Campylobacter	FSIS1703251	Illumina MiSeq paired end sequencing: Whole genome shotgun sequencing of FSIS1703251 by Illumina MiSeq	SAMN07442136		NA	NA	USA:NC	31-12-17	NA	NA	1;131567;2;29547;3031852;213849;72294;194;197	01-01-17	2017	FSIS1703251	FSIS1703251 Nextera XT shotgun library	NA	NA	NA	197
SRR4018340	NA	animal-cattle-dairy cow	NA	NA	NA	Pathogen: environmental/food/other sample from Campylobacter jejuni	FSIS NARMS Campylobacter	FSIS1607257	Illumina MiSeq paired end sequencing: Whole genome shotgun sequencing of FSIS1607257 by Illumina MiSeq	SAMN05558651		NA	NA	USA:MI	31-12-16	NA	NA	1;131567;2;29547;3031852;213849;72294;194;197	01-01-16	2016	FSIS1607257	FSIS1607257 Nextera XT shotgun library	NA	NA	NA	197
SRR3402099	NA	animal-cattle-dairy cow	NA	NA	NA	Pathogen: environmental/food/other sample from Campylobacter coli	FSIS NARMS Campylobacter	FSIS1606298	Illumina MiSeq paired end sequencing: Whole genome shotgun sequencing of FSIS1606298 by Illumina MiSeq	SAMN04869737		NA	NA	USA:CO	31-12-15	NA	NA	1;131567;2;29547;3031852;213849;72294;194;195	01-01-15	2015	FSIS1606298	FSIS1606298 Nextera XT shotgun library	NA	NA	NA	195
SRR2976804	NA	animal-cattle-heifer	NA	NA	NA	Pathogen: environmental/food/other sample from Campylobacter jejuni	FSIS NARMS Campylobacter	FSIS1501808	Illumina MiSeq paired end sequencing: Whole genome shotgun sequencing of FSIS1501808 by Illumina MiSeq	SAMN04320864		NA	NA	USA:KS	31-12-15	NA	NA	1;131567;2;29547;3031852;213849;72294;194;197	01-01-15	2015	FSIS1501808	FSIS1501808 Nextera XT shotgun library	NA	NA	NA	197
SRR12302131	NA	cattle	NA	NA	NA	Pathogen: environmental/food/other sample from Campylobacter jejuni	Genome-wide insights in population structure and host specificity of Campylobacter jejuni	BfRCA10776b	Illumina HiSeq 1500 sequencing: Genome-wide insights in population structure and host specificity of Campylobacter jejuni	SAMN15617752		NA	NA	Germany	31-12-12	52.5 N 13.4 E	13.4	1;131567;2;29547;3031852;213849;72294;194;197	01-01-12	2012	BfRCA10776b	BfRCA10776b	52.5	NA	52.5 N 13.4 E	197
SRR6916748	NA	animal-cattle-steer	NA	NA	NA	Pathogen: environmental/food/other sample from Campylobacter jejuni	FSIS NARMS Campylobacter	FSIS11808208	Illumina MiSeq paired end sequencing: Whole genome shotgun sequencing of FSIS11808208 by Illumina MiSeq	SAMN08816069		NA	NA	USA:TX	31-12-18	NA	NA	1;131567;2;29547;3031852;213849;72294;194;197	01-01-18	2018	FSIS11808208	FSIS11808208 Nextera XT shotgun library	NA	NA	NA	197
SRR18771549	NA	Animal-Cattle-Steer (cecal)	NA	NA	NA	Pathogen: environmental/food/other sample from Campylobacter coli	FSIS NARMS Campylobacter	FSIS12210871	Illumina MiSeq sequencing	SAMN27604100		NA	NA	USA:CA	31-12-22	NA	NA	1;131567;2;29547;3031852;213849;72294;194;195	01-01-22	2022	FSIS12210871	FSIS12210871 Nextera XT shotgun library	NA	NA	NA	195
SRR18319608	NA	Animal-Cattle-Steer (cecal)	NA	NA	NA	Pathogen: environmental/food/other sample from Campylobacter jejuni	FSIS NARMS Campylobacter	SAMN26665725	Illumina MiSeq sequencing	SAMN26665725		NA	NA	USA:CO	31-12-22	NA	NA	1;131567;2;29547;3031852;213849;72294;194;197	01-01-22	2022	FSIS12209829	FSIS12209829 Nextera XT shotgun library	NA	NA	NA	197
SRR18769954	NA	Animal-Cattle-Dairy Cow (cecal)	NA	NA	NA	Pathogen: environmental/food/other sample from Campylobacter jejuni	FSIS NARMS Campylobacter	FSIS12210845	Illumina MiSeq sequencing	SAMN27597459		NA	NA	USA:CA	31-12-22	NA	NA	1;131567;2;29547;3031852;213849;72294;194;197	01-01-22	2022	FSIS12210845	FSIS12210845 Nextera XT shotgun library	NA	NA	NA	197
SRR17988521	NA	Animal-Cattle-Dairy Cow (cecal)	NA	NA	NA	Pathogen: environmental/food/other sample from Campylobacter coli	FSIS NARMS Campylobacter	SAMN25867698	Illumina MiSeq sequencing	SAMN25867698		NA	NA	USA:MI	31-12-22	NA	NA	1;131567;2;29547;3031852;213849;72294;194;195	01-01-22	2022	FSIS12209066	FSIS12209066 Nextera XT shotgun library	NA	NA	NA	195
SRR7465516	NA	animal-cattle-steer	NA	NA	NA	Pathogen: environmental/food/other sample from Campylobacter jejuni	FSIS NARMS Campylobacter	FSIS11811012	Illumina MiSeq paired end sequencing: Whole genome shotgun sequencing of FSIS11811012 by Illumina MiSeq	SAMN09534582		NA	NA	USA:CO	31-12-18	NA	NA	1;131567;2;29547;3031852;213849;72294;194;197	01-01-18	2018	FSIS11811012	FSIS11811012 Nextera XT shotgun library	NA	NA	NA	197
SRR5517169	NA	animal-cattle-heifer	NA	NA	NA	Pathogen: environmental/food/other sample from Campylobacter coli	FSIS NARMS Campylobacter	FSIS1700848	Illumina MiSeq paired end sequencing: Whole genome shotgun sequencing of FSIS1700848 by Illumina MiSeq	SAMN06915343		NA	NA	USA:KS	31-12-17	NA	NA	1;131567;2;29547;3031852;213849;72294;194;195	01-01-17	2017	FSIS1700848	FSIS1700848 Nextera XT shotgun library	NA	NA	NA	195
SRR14503780	NA	Animal-Cattle-Beef Cow (cecal)	NA	NA	NA	Pathogen: environmental/food/other sample from Campylobacter jejuni	FSIS NARMS Campylobacter	FSIS12139597	Illumina MiSeq sequencing	SAMN19110600		NA	NA	USA:NC	31-12-21	NA	NA	1;131567;2;29547;3031852;213849;72294;194;197	01-01-21	2021	FSIS12139597	FSIS12139597 Nextera XT shotgun library	NA	NA	NA	197
SRR5646894	NA	animal-cattle-dairy cow	NA	NA	NA	Pathogen: environmental/food/other sample from Campylobacter coli	FSIS NARMS Campylobacter	FSIS1701763	Illumina MiSeq paired end sequencing: Whole genome shotgun sequencing of FSIS1701763 by Illumina MiSeq	SAMN07195141		NA	NA	USA:ID	31-12-17	NA	NA	1;131567;2;29547;3031852;213849;72294;194;195	01-01-17	2017	FSIS1701763	FSIS1701763 Nextera XT shotgun library	NA	NA	NA	195
SRR10257508	NA	dairy products	NA	NA	NA	Egypt42	Clinical and potential source reservoir samples of Campylobacter from Cairo, Egypt.	SKS_7650	Illumina MiSeq sequencing: Egypt42	SAMN13011761		NA	Egypt42	Egypt: Cairo	31-12-18	30.0448 N 31.1222 E	31.1222	1;131567;2;29547;3031852;213849;72294;194;197	01-01-18	2018	MilSeq35_S19_ElHadidy_Egypt42	MilSeq35_S19_ElHadidy_Egypt42	30.0448	NA	30.0448 N 31.1222 E	197
ERR2834479	NA	cattle feces, juveniles	NA	NA	NA	C. jejuni from a dairy farm	C. jejuni and STEC from three dairy farms	Cj_Farm2_2014-09_C1	Illumina MiSeq paired end sequencing	SAMEA4964260	C. jejuni and STEC from three dairy farms	NA	Cj_Farm2_2014-09_C1	Finland	30-09-14	NA	NA	1;131567;2;29547;3031852;213849;72294;194;197	31-08-14	2014-09	ena-EXPERIMENT-Finnish Food Safety Authority Evira-10-10-2018-09:50:39:624-17	unspecified	NA	NA	NA	197
ERR4224938	NA	cattle_meat	NA	NA	NA	Ca2797	Discerning Environmental Pathways of Campylobacter Transmission	Ca2797	NextSeq 500 paired end sequencing	SAMEA6935894		NA	NA	Netherlands	31-12-17	NA	NA	1;131567;2;29547;3031852;213849;72294;194;197	01-01-17	2017	ena-EXPERIMENT-UTRECHT UNIVERSITY-09-06-2020-12:40:21:590-1231	unspecified	NA	NA	NA	197
SRR8172917	NA	animal-cattle-steer	NA	NA	NA	Pathogen: environmental/food/other sample from Campylobacter coli	FSIS NARMS Campylobacter	FSIS11815255	Illumina MiSeq paired end sequencing: Whole genome shotgun sequencing of FSIS11815255 by Illumina MiSeq	SAMN10392845		NA	NA	USA:NE	31-12-18	NA	NA	1;131567;2;29547;3031852;213849;72294;194;195	01-01-18	2018	FSIS11815255	FSIS11815255 Nextera XT shotgun library	NA	NA	NA	195
SRR25790765	NA	comminuted beef	NA	NA	NA	Pathogen: environmental/food/other sample from Campylobacter jejuni	USDA-FSIS: Isolated strains of Campylobacter spp. genome sequencing	SAMN37196220	Illumina MiSeq sequencing	SAMN37196220		NA	NA	USA:IA	31-12-23	NA	NA	1;131567;2;29547;3031852;213849;72294;194;197	01-01-23	2023	FSIS12324555	FSIS12324555 Nextera XT shotgun library	NA	NA	NA	197
SRR7903408	NA	animal-cattle-steer	NA	NA	NA	Pathogen: environmental/food/other sample from Campylobacter coli	FSIS NARMS Campylobacter	FSIS11814268	Illumina MiSeq paired end sequencing: Whole genome shotgun sequencing of FSIS11814268 by Illumina MiSeq	SAMN10129999		NA	NA	USA:TX	31-12-18	NA	NA	1;131567;2;29547;3031852;213849;72294;194;195	01-01-18	2018	FSIS11814268	FSIS11814268 Nextera XT shotgun library	NA	NA	NA	195
SRR6973053	NA	animal-cattle-steer	NA	NA	NA	Pathogen: environmental/food/other sample from Campylobacter jejuni	FSIS NARMS Campylobacter	FSIS11808881	Illumina MiSeq paired end sequencing: Whole genome shotgun sequencing of FSIS11808881 by Illumina MiSeq	SAMN08899166		NA	NA	USA:WI	31-12-18	NA	NA	1;131567;2;29547;3031852;213849;72294;194;197	01-01-18	2018	FSIS11808881	FSIS11808881 Nextera XT shotgun library	NA	NA	NA	197
SRR6313961	NA	animal-cattle-beef cow	NA	NA	NA	Pathogen: environmental/food/other sample from Campylobacter coli	FSIS NARMS Campylobacter	FSIS11705619	Illumina MiSeq paired end sequencing: Whole genome shotgun sequencing of FSIS11705619 by Illumina MiSeq	SAMN08051516		NA	NA	USA:PA	31-12-17	NA	NA	1;131567;2;29547;3031852;213849;72294;194;195	01-01-17	2017	FSIS11705619	FSIS11705619 Nextera XT shotgun library	NA	NA	NA	195
SRR5297186	NA	animal-cattle-heifer	NA	NA	NA	Pathogen: environmental/food/other sample from Campylobacter jejuni	FSIS NARMS Campylobacter	FSIS1710494	Illumina MiSeq paired end sequencing: Whole genome shotgun sequencing of FSIS1710494 by Illumina MiSeq	SAMN06459314		NA	NA	USA:AZ	31-12-17	NA	NA	1;131567;2;29547;3031852;213849;72294;194;197	01-01-17	2017	FSIS1710494	FSIS1710494 Nextera XT shotgun library	NA	NA	NA	197
SRR14518549	NA	Animal-Cattle-Dairy Cow (cecal)	NA	NA	NA	Pathogen: environmental/food/other sample from Campylobacter jejuni	FSIS NARMS Campylobacter	FSIS12139586	Illumina MiSeq sequencing	SAMN19110589		NA	NA	USA:NY	31-12-21	NA	NA	1;131567;2;29547;3031852;213849;72294;194;197	01-01-21	2021	FSIS12139586	FSIS12139586 Nextera XT shotgun library	NA	NA	NA	197
SRR10245648	NA	animal-cattle-dairy cow	NA	NA	NA	Pathogen: environmental/food/other sample from Campylobacter coli	FSIS NARMS Campylobacter	FSIS11925140	Illumina MiSeq paired end sequencing: Whole genome shotgun sequencing of FSIS11925140 by Illumina MiSeq	SAMN12993569		NA	NA	USA:NC	31-12-19	NA	NA	1;131567;2;29547;3031852;213849;72294;194;195	01-01-19	2019	FSIS11925140	FSIS11925140 Nextera XT shotgun library	NA	NA	NA	195
SRR7882485	NA	Bovine Small intestine	NA	NA	NA	Campylobacter jejuni	Campylobacter Genome sequencing and assembly	SAMN10096400	Illumina MiSeq sequencing	SAMN10096400		NA	missing	USA	30-06-10	NA	NA	1;131567;2;29547;3031852;213849;72294;194;197	31-05-10	2010-06	PNUSAC006249:wgs	NexteraXT	NA	NA	NA	197
SRR10287017	NA	animal-cattle-steer	NA	NA	NA	Pathogen: environmental/food/other sample from Campylobacter jejuni	FSIS NARMS Campylobacter	FSIS11925337	Illumina MiSeq paired end sequencing: Whole genome shotgun sequencing of FSIS11925337 by Illumina MiSeq	SAMN13034481		NA	NA	USA:IL	31-12-19	NA	NA	1;131567;2;29547;3031852;213849;72294;194;197	01-01-19	2019	FSIS11925337	FSIS11925337 Nextera XT shotgun library	NA	NA	NA	197
SRR7716478	NA	bovine feces	NA	NA	NA	Campylobacter jejuni	Campylobacter Genome sequencing and assembly	SAMN09858319	Illumina MiSeq sequencing	SAMN09858319		NA	missing	USA	31-08-18	NA	NA	1;131567;2;29547;3031852;213849;72294;194;197	31-07-18	2018-08	PNUSAC005807:wgs	NexteraXT	NA	NA	NA	197
SRR3726434	NA	animal-cattle-dairy cow	NA	NA	NA	Pathogen: environmental/food/other sample from Campylobacter coli	FSIS NARMS Campylobacter	FSIS1606852	Illumina MiSeq paired end sequencing: Whole genome shotgun sequencing of FSIS1606852 by Illumina MiSeq	SAMN05301274		NA	NA	USA:OR	31-12-16	NA	NA	1;131567;2;29547;3031852;213849;72294;194;195	01-01-16	2016	FSIS1606852	FSIS1606852 Nextera XT shotgun library	NA	NA	NA	195
SRR10082192	NA	animal-cattle-dairy cow	NA	NA	NA	Pathogen: environmental/food/other sample from Campylobacter jejuni	FSIS NARMS Campylobacter	FSIS11923881	Illumina MiSeq paired end sequencing: Whole genome shotgun sequencing of FSIS11923881 by Illumina MiSeq	SAMN12710385		NA	NA	USA:NH	31-12-19	NA	NA	1;131567;2;29547;3031852;213849;72294;194;197	01-01-19	2019	FSIS11923881	FSIS11923881 Nextera DNA Flex shotgun library	NA	NA	NA	197
SRR6916764	NA	animal-cattle-steer	NA	NA	NA	Pathogen: environmental/food/other sample from Campylobacter coli	FSIS NARMS Campylobacter	FSIS11808221	Illumina MiSeq paired end sequencing: Whole genome shotgun sequencing of FSIS11808221 by Illumina MiSeq	SAMN08816074		NA	NA	USA:CO	31-12-18	NA	NA	1;131567;2;29547;3031852;213849;72294;194;195	01-01-18	2018	FSIS11808221	FSIS11808221 Nextera XT shotgun library	NA	NA	NA	195
SRR5209911	NA	animal-cattle-steer	NA	NA	NA	Pathogen: environmental/food/other sample from Campylobacter jejuni	FSIS NARMS Campylobacter	FSIS1710047	Illumina MiSeq paired end sequencing: Whole genome shotgun sequencing of FSIS1710047 by Illumina MiSeq	SAMN06276458		NA	NA	USA:IL	31-12-16	NA	NA	1;131567;2;29547;3031852;213849;72294;194;197	01-01-16	2016	FSIS1710047	FSIS1710047 Nextera XT shotgun library	NA	NA	NA	197
SRR8754439	NA	animal-cattle-dairy cow	NA	NA	NA	Pathogen: environmental/food/other sample from Campylobacter jejuni	FSIS NARMS Campylobacter	FSIS11918210	Illumina MiSeq paired end sequencing: Whole genome shotgun sequencing of FSIS11918210 by Illumina MiSeq	SAMN11173147		NA	NA	USA:WI	31-12-19	NA	NA	1;131567;2;29547;3031852;213849;72294;194;197	01-01-19	2019	FSIS11918210	FSIS11918210 Nextera XT shotgun library	NA	NA	NA	197
SRR22222924	NA	Animal-Cattle-Heifer (cecal)	NA	NA	NA	Pathogen: environmental/food/other sample from Campylobacter jejuni	FSIS NARMS Campylobacter	FSIS12216818	Illumina MiSeq sequencing	SAMN31647958		NA	NA	USA:CO	31-12-22	NA	NA	1;131567;2;29547;3031852;213849;72294;194;197	01-01-22	2022	FSIS12216818	FSIS12216818 Nextera XT shotgun library	NA	NA	NA	197
SRR5828129	Bos taurus	bovine feces	9913	NA	NA	Pathogen: environmental/food/other sample from Campylobacter jejuni	Campylobacter Genome sequencing and assembly	PNUSAC002271	Illumina MiSeq sequencing	SAMN07349286		NA	NA	USA:WY	30-04-15	NA	NA	1;131567;2;29547;3031852;213849;72294;194;197	31-03-15	2015-04	PNUSAC002271:wgs	NexteraXT	NA	NA	NA	197
SRR10386699	NA	animal-cattle-heifer	NA	NA	NA	Pathogen: environmental/food/other sample from Campylobacter jejuni	FSIS NARMS Campylobacter	FSIS11925737	Illumina MiSeq paired end sequencing: Whole genome shotgun sequencing of FSIS11925737 by Illumina MiSeq	SAMN13181115		NA	NA	USA:PA	31-12-19	NA	NA	1;131567;2;29547;3031852;213849;72294;194;197	01-01-19	2019	FSIS11925737	FSIS11925737 Nextera XT shotgun library	NA	NA	NA	197
SRR19344124	NA	Animal-Cattle-Dairy Cow (cecal)	NA	NA	NA	Pathogen: environmental/food/other sample from Campylobacter jejuni	FSIS NARMS Campylobacter	SAMN28571734	Illumina MiSeq sequencing	SAMN28571734		NA	NA	USA:WI	31-12-22	NA	NA	1;131567;2;29547;3031852;213849;72294;194;197	01-01-22	2022	FSIS12211658	FSIS12211658 Nextera XT shotgun library	NA	NA	NA	197
SRR6160548	NA	animal-cattle-dairy cow	NA	NA	NA	Pathogen: environmental/food/other sample from Campylobacter jejuni	FSIS NARMS Campylobacter	FSIS11704339	Illumina MiSeq paired end sequencing: Whole genome shotgun sequencing of FSIS11704339 by Illumina MiSeq	SAMN07775147		NA	NA	USA:MI	31-12-17	NA	NA	1;131567;2;29547;3031852;213849;72294;194;197	01-01-17	2017	FSIS11704339	FSIS11704339 Nextera XT shotgun library	NA	NA	NA	197
SRR6269763	NA	animal-cattle-dairy cow	NA	NA	NA	Pathogen: environmental/food/other sample from Campylobacter jejuni	FSIS NARMS Campylobacter	FSIS11704515	Illumina MiSeq paired end sequencing: Whole genome shotgun sequencing of FSIS11704515 by Illumina MiSeq	SAMN08000896		NA	NA	USA:PA	31-12-17	NA	NA	1;131567;2;29547;3031852;213849;72294;194;197	01-01-17	2017	FSIS11704515	FSIS11704515 Nextera XT shotgun library	NA	NA	NA	197
SRR9045758	NA	animal-cattle-steer	NA	NA	NA	Pathogen: environmental/food/other sample from Campylobacter jejuni	FSIS NARMS Campylobacter	FSIS11920876	Illumina MiSeq paired end sequencing: Whole genome shotgun sequencing of FSIS11920876 by Illumina MiSeq	SAMN11625698		NA	NA	USA:TX	31-12-19	NA	NA	1;131567;2;29547;3031852;213849;72294;194;197	01-01-19	2019	FSIS11920876	FSIS11920876 Nextera XT shotgun library	NA	NA	NA	197
SRR8838824	NA	animal-cattle-steer	NA	NA	NA	Pathogen: environmental/food/other sample from Campylobacter jejuni	FSIS NARMS Campylobacter	FSIS11919129	Illumina MiSeq paired end sequencing: Whole genome shotgun sequencing of FSIS11919129 by Illumina MiSeq	SAMN11318632		NA	NA	USA:UT	31-12-19	NA	NA	1;131567;2;29547;3031852;213849;72294;194;197	01-01-19	2019	FSIS11919129	FSIS11919129 Nextera XT shotgun library	NA	NA	NA	197
SRR5241742	NA	animal-cattle-dairy cow	NA	NA	NA	Pathogen: environmental/food/other sample from Campylobacter jejuni	FSIS NARMS Campylobacter	FSIS1609125	Illumina MiSeq paired end sequencing: Whole genome shotgun sequencing of FSIS1609125 by Illumina MiSeq	SAMN06133121		NA	NA	USA:WA	31-12-16	NA	NA	1;131567;2;29547;3031852;213849;72294;194;197	01-01-16	2016	FSIS1609125	FSIS1609125 Nextera XT shotgun library	NA	NA	NA	197
SRR6844235	NA	animal-cattle-steer	NA	NA	NA	Pathogen: environmental/food/other sample from Campylobacter jejuni	FSIS NARMS Campylobacter	FSIS11808215	Illumina MiSeq paired end sequencing: Whole genome shotgun sequencing of FSIS11808215 by Illumina MiSeq	SAMN08719177		NA	NA	USA:NE	31-12-18	NA	NA	1;131567;2;29547;3031852;213849;72294;194;197	01-01-18	2018	FSIS11808215	FSIS11808215 Nextera XT shotgun library	NA	NA	NA	197
SRR10138273	NA	animal-cattle-beef cow	NA	NA	NA	Pathogen: environmental/food/other sample from Campylobacter coli	FSIS NARMS Campylobacter	FSIS11923419	Illumina MiSeq paired end sequencing: Whole genome shotgun sequencing of FSIS11923419 by Illumina MiSeq	SAMN12782202		NA	NA	USA:NY	31-12-19	NA	NA	1;131567;2;29547;3031852;213849;72294;194;195	01-01-19	2019	FSIS11923419	FSIS11923419 Nextera XT shotgun library	NA	NA	NA	195
ERR10497142	NA	Cattle	NA	NA	NA	CAMPY_8	Campylobacter genomes deposited by VISAVET-UCM (Madrid, Spain) within the One Health European Joint Programme (OHEJP) DISCoVeR-project	ena-SAMPLE-TAB-17-11-2022-16:11:31:100-849	Illumina MiSeq sequencing	SAMEA112143362		NA	ZTA15-01066	Spain	31-12-15	NA	NA	1;131567;2;29547;3031852;213849;72294;194;195	01-01-15	2015	ena-EXPERIMENT-TAB-17-11-2022-22:54:32:533-1022	VISAVET-UCM_DISCoVeR	NA	healthy	NA	195
SRR10186879	NA	animal-cattle-dairy cow	NA	NA	NA	Pathogen: environmental/food/other sample from Campylobacter jejuni	FSIS NARMS Campylobacter	FSIS11923902	Illumina MiSeq paired end sequencing: Whole genome shotgun sequencing of FSIS11923902 by Illumina MiSeq	SAMN12850940		NA	NA	USA:PA	31-12-19	NA	NA	1;131567;2;29547;3031852;213849;72294;194;197	01-01-19	2019	FSIS11923902	FSIS11923902 Nextera XT shotgun library	NA	NA	NA	197
SRR5754163	NA	animal-cattle-beef cow	NA	NA	NA	Pathogen: environmental/food/other sample from Campylobacter jejuni	FSIS NARMS Campylobacter	FSIS1702278	Illumina MiSeq paired end sequencing: Whole genome shotgun sequencing of FSIS1702278 by Illumina MiSeq	SAMN07276199		NA	NA	USA:UT	31-12-17	NA	NA	1;131567;2;29547;3031852;213849;72294;194;197	01-01-17	2017	FSIS1702278	FSIS1702278 Nextera XT shotgun library	NA	NA	NA	197
SRR6010310	NA	animal-cattle-heifer	NA	NA	NA	Pathogen: environmental/food/other sample from Campylobacter jejuni	FSIS NARMS Campylobacter	FSIS11704019	Illumina MiSeq paired end sequencing: Whole genome shotgun sequencing of FSIS11704019 by Illumina MiSeq	SAMN07608126		NA	NA	USA:PA	31-12-17	NA	NA	1;131567;2;29547;3031852;213849;72294;194;197	01-01-17	2017	FSIS11704019	FSIS11704019 Nextera XT shotgun library	NA	NA	NA	197
SRR26806985	NA	Animal-Cattle-Heifer (cecal)	NA	NA	NA	Pathogen: environmental/food/other sample from Campylobacter jejuni	FSIS NARMS Campylobacter	SAMN38228020	Illumina MiSeq sequencing	SAMN38228020		NA	NA	USA:CA	31-12-23	NA	NA	1;131567;2;29547;3031852;213849;72294;194;197	01-01-23	2023	FSIS12326192	FSIS12326192 Nextera XT shotgun library	NA	NA	NA	197
SRR8252759	NA	animal-cattle-steer	NA	NA	NA	Pathogen: environmental/food/other sample from Campylobacter coli	FSIS NARMS Campylobacter	FSIS11815859	Illumina MiSeq paired end sequencing: Whole genome shotgun sequencing of FSIS11815859 by Illumina MiSeq	SAMN10489476		NA	NA	USA:TX	31-12-18	NA	NA	1;131567;2;29547;3031852;213849;72294;194;195	01-01-18	2018	FSIS11815859	FSIS11815859 Nextera XT shotgun library	NA	NA	NA	195
SRR6269730	NA	animal-cattle-heifer	NA	NA	NA	Pathogen: environmental/food/other sample from Campylobacter coli	FSIS NARMS Campylobacter	FSIS11704507	Illumina MiSeq paired end sequencing: Whole genome shotgun sequencing of FSIS11704507 by Illumina MiSeq	SAMN08000889		NA	NA	USA:CA	31-12-17	NA	NA	1;131567;2;29547;3031852;213849;72294;194;195	01-01-17	2017	FSIS11704507	FSIS11704507 Nextera XT shotgun library	NA	NA	NA	195
SRR3215112	NA	animal-cattle-dairy cow	NA	NA	NA	Pathogen: environmental/food/other sample from Campylobacter jejuni	FSIS NARMS Campylobacter	FSIS1605996	Illumina MiSeq paired end sequencing: Whole genome shotgun sequencing of FSIS1605996 by Illumina MiSeq	SAMN04543698		NA	NA	USA:WA	31-12-16	NA	NA	1;131567;2;29547;3031852;213849;72294;194;197	01-01-16	2016	FSIS1605996	FSIS1605996 Nextera XT shotgun library	NA	NA	NA	197
SRR3129728	NA	animal-cattle-dairy cow	NA	NA	NA	Pathogen: environmental/food/other sample from Campylobacter jejuni	FSIS NARMS Campylobacter	FSIS1605534	Illumina MiSeq paired end sequencing: Whole genome shotgun sequencing of FSIS1605534 by Illumina MiSeq	SAMN04444463		NA	NA	USA:TX	31-12-15	NA	NA	1;131567;2;29547;3031852;213849;72294;194;197	01-01-15	2015	FSIS1605534	FSIS1605534 Nextera XT shotgun library	NA	NA	NA	197
SRR8699411	NA	animal-cattle-heifer	NA	NA	NA	Pathogen: environmental/food/other sample from Campylobacter coli	FSIS NARMS Campylobacter	FSIS11917958	Illumina MiSeq paired end sequencing: Whole genome shotgun sequencing of FSIS11917958 by Illumina MiSeq	SAMN11079848		NA	NA	USA:KS	31-12-19	NA	NA	1;131567;2;29547;3031852;213849;72294;194;195	01-01-19	2019	FSIS11917958	FSIS11917958 Nextera XT shotgun library	NA	NA	NA	195
SRR5582449	NA	animal-cattle-steer	NA	NA	NA	Pathogen: environmental/food/other sample from Campylobacter jejuni	FSIS NARMS Campylobacter	FSIS1701506	Illumina MiSeq paired end sequencing: Whole genome shotgun sequencing of FSIS1701506 by Illumina MiSeq	SAMN07151558		NA	NA	USA:MD	31-12-17	NA	NA	1;131567;2;29547;3031852;213849;72294;194;197	01-01-17	2017	FSIS1701506	FSIS1701506 Nextera XT shotgun library	NA	NA	NA	197
SRR7009076	NA	animal-cattle-dairy cow	NA	NA	NA	Pathogen: environmental/food/other sample from Campylobacter jejuni	FSIS NARMS Campylobacter	FSIS11809023	Illumina MiSeq paired end sequencing: Whole genome shotgun sequencing of FSIS11809023 by Illumina MiSeq	SAMN08930651		NA	NA	USA:CA	31-12-18	NA	NA	1;131567;2;29547;3031852;213849;72294;194;197	01-01-18	2018	FSIS11809023	FSIS11809023 Nextera XT shotgun library	NA	NA	NA	197
ERR4224946	NA	cattle_meat	NA	NA	NA	Ca2851	Discerning Environmental Pathways of Campylobacter Transmission	Ca2851	NextSeq 500 paired end sequencing	SAMEA6935917		NA	NA	Netherlands	31-12-17	NA	NA	1;131567;2;29547;3031852;213849;72294;194;197	01-01-17	2017	ena-EXPERIMENT-UTRECHT UNIVERSITY-09-06-2020-12:40:21:590-1239	unspecified	NA	NA	NA	197
SRR6313958	NA	animal-cattle-steer	NA	NA	NA	Pathogen: environmental/food/other sample from Campylobacter jejuni	FSIS NARMS Campylobacter	FSIS11705773	Illumina MiSeq paired end sequencing: Whole genome shotgun sequencing of FSIS11705773 by Illumina MiSeq	SAMN08051543		NA	NA	USA:UT	31-12-17	NA	NA	1;131567;2;29547;3031852;213849;72294;194;197	01-01-17	2017	FSIS11705773	FSIS11705773 Nextera XT shotgun library	NA	NA	NA	197
SRR5427956	NA	animal-cattle-dairy cow	NA	NA	NA	Pathogen: environmental/food/other sample from Campylobacter jejuni	FSIS NARMS Campylobacter	FSIS1700141	Illumina MiSeq paired end sequencing: Whole genome shotgun sequencing of FSIS1700141 by Illumina MiSeq	SAMN06677836		NA	NA	USA:UT	31-12-17	NA	NA	1;131567;2;29547;3031852;213849;72294;194;197	01-01-17	2017	FSIS1700141	FSIS1700141 Nextera XT shotgun library	NA	NA	NA	197
SRR12302135	NA	cattle	NA	NA	NA	Pathogen: environmental/food/other sample from Campylobacter jejuni	Genome-wide insights in population structure and host specificity of Campylobacter jejuni	BfRCA10677	Illumina HiSeq 1500 sequencing: Genome-wide insights in population structure and host specificity of Campylobacter jejuni	SAMN15617748		NA	NA	Germany	31-12-12	52.5 N 13.4 E	13.4	1;131567;2;29547;3031852;213849;72294;194;197	01-01-12	2012	BfRCA10677	BfRCA10677	52.5	NA	52.5 N 13.4 E	197
SRR3995966	NA	animal-cattle-dairy cow	NA	NA	NA	Pathogen: environmental/food/other sample from Campylobacter jejuni	FSIS NARMS Campylobacter	FSIS1607136	Illumina MiSeq paired end sequencing: Whole genome shotgun sequencing of FSIS1607136 by Illumina MiSeq	SAMN05505590		NA	NA	USA:NJ	31-12-16	NA	NA	1;131567;2;29547;3031852;213849;72294;194;197	01-01-16	2016	FSIS1607136	FSIS1607136 Nextera XT shotgun library	NA	NA	NA	197
SRR5858791	NA	animal-cattle-dairy cow	NA	NA	NA	Pathogen: environmental/food/other sample from Campylobacter jejuni	FSIS NARMS Campylobacter	FSIS1701937	Illumina MiSeq paired end sequencing: Whole genome shotgun sequencing of FSIS1701937 by Illumina MiSeq	SAMN07375622		NA	NA	USA:OR	31-12-17	NA	NA	1;131567;2;29547;3031852;213849;72294;194;197	01-01-17	2017	FSIS1701937	FSIS1701937 Nextera XT shotgun library	NA	NA	NA	197
SRR20988051	NA	dairy manure	NA	NA	NA	Campylobacter jejuni	GenomeTrakr Project: FDA-CFSAN	CFSAN125398	Illumina MiSeq sequencing: Whole genome sequencing of Campylobacter jejuni	SAMN29955742		NA	CFSAN125398	USA:OH	31-12-19	NA	NA	1;131567;2;29547;3031852;213849;72294;194;197	01-01-19	2019	PSRC_112130	PSRC_112130	NA	NA	NA	197
SRR6973059	NA	animal-cattle-steer	NA	NA	NA	Pathogen: environmental/food/other sample from Campylobacter jejuni	FSIS NARMS Campylobacter	FSIS11808614	Illumina MiSeq paired end sequencing: Whole genome shotgun sequencing of FSIS11808614 by Illumina MiSeq	SAMN08899146		NA	NA	USA:KS	31-12-18	NA	NA	1;131567;2;29547;3031852;213849;72294;194;197	01-01-18	2018	FSIS11808614	FSIS11808614 Nextera XT shotgun library	NA	NA	NA	197
SRR5129712	NA	animal-cattle-dairy cow	NA	NA	NA	Pathogen: environmental/food/other sample from Campylobacter jejuni	FSIS NARMS Campylobacter	FSIS1609275	Illumina MiSeq paired end sequencing: Whole genome shotgun sequencing of FSIS1609275 by Illumina MiSeq	SAMN06179694		NA	NA	USA:AZ	31-12-16	NA	NA	1;131567;2;29547;3031852;213849;72294;194;197	01-01-16	2016	FSIS1609275	FSIS1609275 Nextera XT shotgun library	NA	NA	NA	197
SRR8256677	NA	animal-cattle-dairy cow	NA	NA	NA	Pathogen: environmental/food/other sample from Campylobacter jejuni	FSIS NARMS Campylobacter	FSIS11816057	Illumina MiSeq paired end sequencing: Whole genome shotgun sequencing of FSIS11816057 by Illumina MiSeq	SAMN10489942		NA	NA	USA:WI	31-12-18	NA	NA	1;131567;2;29547;3031852;213849;72294;194;197	01-01-18	2018	FSIS11816057	FSIS11816057 Nextera XT shotgun library	NA	NA	NA	197
SRR8188915	NA	animal-cattle-heifer	NA	NA	NA	Pathogen: environmental/food/other sample from Campylobacter jejuni	FSIS NARMS Campylobacter	FSIS11815461	Illumina MiSeq paired end sequencing: Whole genome shotgun sequencing of FSIS11815461 by Illumina MiSeq	SAMN10423963		NA	NA	USA:PA	31-12-18	NA	NA	1;131567;2;29547;3031852;213849;72294;194;197	01-01-18	2018	FSIS11815461	FSIS11815461 Nextera XT shotgun library	NA	NA	NA	197
SRR2239877	NA	animal-cattle-steer	NA	NA	NA	Pathogen: environmental/food/other sample from Campylobacter coli	FSIS NARMS Campylobacter	FSIS1501408	Illumina MiSeq paired end sequencing: Whole genome shotgun sequencing of FSIS1501408 by Illumina MiSeq	SAMN04027121		NA	NA	USA:NE	31-12-15	NA	NA	1;131567;2;29547;3031852;213849;72294;194;195	01-01-15	2015	FSIS1501408	FSIS1501408 Nextera XT shotgun library	NA	NA	NA	195
SRR11600433	NA	animal-cattle-dairy cow	NA	NA	NA	Pathogen: environmental/food/other sample from Campylobacter jejuni	FSIS NARMS Campylobacter	FSIS11926918	Illumina MiSeq paired end sequencing: Whole genome shotgun sequencing of FSIS11926918 by Illumina MiSeq	SAMN14680982		NA	NA	USA:CA	31-12-19	NA	NA	1;131567;2;29547;3031852;213849;72294;194;197	01-01-19	2019	FSIS11926918	FSIS11926918 Nextera XT shotgun library	NA	NA	NA	197
SRR8832618	NA	animal-cattle-heifer	NA	NA	NA	Pathogen: environmental/food/other sample from Campylobacter jejuni	FSIS NARMS Campylobacter	FSIS11918830	Illumina MiSeq paired end sequencing: Whole genome shotgun sequencing of FSIS11918830 by Illumina MiSeq	SAMN11306778		NA	NA	USA:CO	31-12-19	NA	NA	1;131567;2;29547;3031852;213849;72294;194;197	01-01-19	2019	FSIS11918830	FSIS11918830 Nextera XT shotgun library	NA	NA	NA	197
SRR11457287	NA	Cecal Dairy Cow	NA	NA	NA	Pathogen: environmental/food/other sample from Campylobacter jejuni	FSIS NARMS Campylobacter	CVM N50409F	Illumina MiSeq sequencing: WGS of Campylobacter jejuni: 2013 FSIS NARMS Cecal Dairy Cow N50409F	SAMN14504500		NA	NA	USA:NJ	31-12-13	NA	NA	1;131567;2;29547;3031852;213849;72294;194;197	01-01-13	2013	CVM N50409F	CVM N50409F	NA	NA	NA	197
SRR3139476	missing	feces (Bos taurus)	NA	NA	NA	Pathogen: environmental/food/other sample from Campylobacter jejuni	GenomeTrakr Project: California Department of Health - FDLB Micro	SAMN04338322	Illumina MiSeq paired end sequencing: Whole genome shotgun sequencing of Campylobacter jejuni by Illumina MiSeq	SAMN04338322		NA	CFSAN043173	USA:CA	17-03-15	NA	NA	1;131567;2;29547;3031852;213849;72294;194;197	17-03-15	17-03-15	EXT00161775	Campylobacter jejuni Nextera XT shotgun	NA	NA	NA	197
SRR9670813	NA	chicken carcass	NA	NA	NA	Pathogen: environmental/food/other sample from Campylobacter coli	USDA-FSIS: Isolated strains of Campylobacter spp. genome sequencing	FSIS31902288	Illumina MiSeq paired end sequencing: Whole genome shotgun sequencing of FSIS31902288 by Illumina MiSeq	SAMN12255237		NA	NA	USA:GA	31-12-19	NA	NA	1;131567;2;29547;3031852;213849;72294;194;195	01-01-19	2019	FSIS31902288	FSIS31902288 Nextera XT shotgun library	NA	NA	NA	195
SRR11615623	NA	chicken carcass	NA	NA	NA	Pathogen: environmental/food/other sample from Campylobacter coli	USDA-FSIS: Isolated strains of Campylobacter spp. genome sequencing	FSIS11927499	Illumina MiSeq paired end sequencing: Whole genome shotgun sequencing of FSIS11927499 by Illumina MiSeq	SAMN14737990		NA	NA	USA:RI	31-12-19	NA	NA	1;131567;2;29547;3031852;213849;72294;194;195	01-01-19	2019	FSIS11927499	FSIS11927499 Nextera XT shotgun library	NA	NA	NA	195
SRR8663512	NA	Chicken Wings	NA	NA	NA	Pathogen: environmental/food/other sample from Campylobacter coli	CVM NARMS Campylobacter	CVM N18C058	Illumina MiSeq sequencing: WGS of Campylobacter coli: 2018 NARMS Chicken Wings N18C058	SAMN11047601		NA	NA	USA:MO	31-12-18	NA	NA	1;131567;2;29547;3031852;213849;72294;194;195	01-01-18	2018	CVM N18C058	CVM N18C058	NA	NA	NA	195
ERR11203555	NA	Chicken caeca	NA	NA	NA	19C060	Swedish Veterinary Agency (SVA) - Campylobacter collection	19C060	Illumina MiSeq sequencing	SAMEA112866844		NA	Campylobacter jejuni	Sweden	31-12-19	NA	NA	1;131567;2;29547;3031852;213849;72294;194;197	01-01-19	2019	ena-EXPERIMENT-TAB-06-04-2023-13:29:53:766-3791	19C060	NA	NA	NA	197
SRR8662861	NA	chicken breast	NA	NA	NA	Pathogen: environmental/food/other sample from Campylobacter coli	CVM NARMS Campylobacter	CVM N18C294	Illumina MiSeq sequencing: WGS of Campylobacter jejuni: 2018 NARMS Chicken Mixed parts N18C292	SAMN11047817		NA	NA	USA:CA	31-12-18	NA	NA	1;131567;2;29547;3031852;213849;72294;194;195	01-01-18	2018	CVM N18C294	CVM N18C294	NA	NA	NA	195
SRR12179540	NA	raw intact chicken	NA	NA	NA	Pathogen: environmental/food/other sample from Campylobacter jejuni	USDA-FSIS: Isolated strains of Campylobacter spp. genome sequencing	FSIS12031669	Illumina MiSeq paired end sequencing: Whole genome shotgun sequencing of FSIS12031669 by Illumina MiSeq	SAMN15484725		NA	NA	USA:LA	31-12-20	NA	NA	1;131567;2;29547;3031852;213849;72294;194;197	01-01-20	2020	FSIS12031669	FSIS12031669 Nextera XT shotgun library	NA	NA	NA	197
SRR24482067	NA	chicken - young chicken carcass rinse (post-chill)	NA	NA	NA	Pathogen: environmental/food/other sample from Campylobacter coli	USDA-FSIS: Isolated strains of Campylobacter spp. genome sequencing	SAMN35010578	Illumina MiSeq sequencing	SAMN35010578		NA	NA	USA:AR	31-12-23	NA	NA	1;131567;2;29547;3031852;213849;72294;194;195	01-01-23	2023	FSIS22312857	FSIS22312857 Nextera XT shotgun library	NA	NA	NA	195
SRR9962624	NA	chicken carcass	NA	NA	NA	Pathogen: environmental/food/other sample from Campylobacter coli	USDA-FSIS: Isolated strains of Campylobacter spp. genome sequencing	FSIS11923737	Illumina MiSeq paired end sequencing: Whole genome shotgun sequencing of FSIS11923737 by Illumina MiSeq	SAMN12568040		NA	NA	USA:DE	31-12-19	NA	NA	1;131567;2;29547;3031852;213849;72294;194;195	01-01-19	2019	FSIS11923737	FSIS11923737 Nextera XT shotgun library	NA	NA	NA	195
SRR8662758	NA	chicken breast	NA	NA	NA	Pathogen: environmental/food/other sample from Campylobacter coli	CVM NARMS Campylobacter	CVM N18C220	Illumina MiSeq sequencing: WGS of Campylobacter coli: 2018 NARMS Chicken Breast N18C220	SAMN11047755		NA	NA	USA:TN	31-12-18	NA	NA	1;131567;2;29547;3031852;213849;72294;194;195	01-01-18	2018	CVM N18C220	CVM N18C220	NA	NA	NA	195
SRR22197412	NA	chicken - young chicken carcass rinse (post-chill)	NA	NA	NA	Pathogen: environmental/food/other sample from Campylobacter coli	USDA-FSIS: Isolated strains of Campylobacter spp. genome sequencing	SAMN31612376	Illumina MiSeq sequencing	SAMN31612376		NA	NA	USA:NC	31-12-22	NA	NA	1;131567;2;29547;3031852;213849;72294;194;195	01-01-22	2022	FSIS32208122	FSIS32208122 Nextera XT shotgun library	NA	NA	NA	195
SRR22987937	NA	food [POULTRY RINSE]	NA	NA	NA	Campylobacter jejuni	Campylobacter Genome sequencing and assembly	SAMN32600855	Illumina MiSeq sequencing	SAMN32600855		NA	missing	USA:MO	31-12-22	NA	NA	1;131567;2;29547;3031852;213849;72294;194;197	01-12-22	2022-12	PNUSAC032827:wgs	NexteraXT	NA	NA	NA	197
SRR13592140	NA	raw intact chicken	NA	NA	NA	Pathogen: environmental/food/other sample from Campylobacter coli	USDA-FSIS: Isolated strains of Campylobacter spp. genome sequencing	SAMN17714987	Illumina MiSeq sequencing	SAMN17714987		NA	NA	USA:GA	31-12-21	NA	NA	1;131567;2;29547;3031852;213849;72294;194;195	01-01-21	2021	FSIS32104620	FSIS32104620 Nextera XT shotgun library	NA	NA	NA	195
SRR23517257	NA	chicken - young chicken carcass rinse (post-chill)	NA	NA	NA	Pathogen: environmental/food/other sample from Campylobacter coli	USDA-FSIS: Isolated strains of Campylobacter spp. genome sequencing	SAMN33348089	Illumina MiSeq sequencing	SAMN33348089		NA	NA	USA:TN	31-12-23	NA	NA	1;131567;2;29547;3031852;213849;72294;194;195	01-01-23	2023	FSIS32308793	FSIS32308793 Nextera XT shotgun library	NA	NA	NA	195
SRR21757000	NA	chicken - young chicken carcass rinse (post-chill)	NA	NA	NA	Pathogen: environmental/food/other sample from Campylobacter coli	USDA-FSIS: Isolated strains of Campylobacter spp. genome sequencing	FSIS22209875	Illumina MiSeq sequencing	SAMN31096183		NA	NA	USA:PA	31-12-22	NA	NA	1;131567;2;29547;3031852;213849;72294;194;195	01-01-22	2022	FSIS22209875	FSIS22209875 Nextera XT shotgun library	NA	NA	NA	195
SRR17871415	NA	chicken carcass	NA	NA	NA	Pathogen: environmental/food/other sample from Campylobacter jejuni	USDA-FSIS: Isolated strains of Campylobacter spp. genome sequencing	SAMN25635775	Illumina MiSeq sequencing	SAMN25635775		NA	NA	USA:MD	31-12-22	NA	NA	1;131567;2;29547;3031852;213849;72294;194;197	01-01-22	2022	FSIS32206475	FSIS32206475 Nextera XT shotgun library	NA	NA	NA	197
SRR20438527	NA	raw intact chicken	NA	NA	NA	Pathogen: environmental/food/other sample from Campylobacter coli	USDA-FSIS: Isolated strains of Campylobacter spp. genome sequencing	SAMN29908365	Illumina MiSeq sequencing	SAMN29908365		NA	NA	USA:CA	31-12-22	NA	NA	1;131567;2;29547;3031852;213849;72294;194;195	01-01-22	2022	FSIS12213287	FSIS12213287 Nextera XT shotgun library	NA	NA	NA	195
SRR12698365	NA	chicken	NA	NA	NA	Campylobacter coli	CVM NARMS Campylobacter	SAMN15297389	Illumina MiSeq sequencing: WGS of Campylobacter coli: 2019 NARMS Chicken Breasts N19C450	SAMN15297389		NA	missing	USA:SC	20-08-19	NA	NA	1;131567;2;29547;3031852;213849;72294;194;195	19-08-19	20-08-19	CVM N19C450	CVM N19C450	NA	NA	NA	195
SRR12625768	NA	raw intact chicken	NA	NA	NA	Pathogen: environmental/food/other sample from Campylobacter coli	USDA-FSIS: Isolated strains of Campylobacter spp. genome sequencing	FSIS12033183	Illumina MiSeq sequencing	SAMN16112043		NA	NA	USA:AR	31-12-20	NA	NA	1;131567;2;29547;3031852;213849;72294;194;195	01-01-20	2020	FSIS12033183	FSIS12033183 Nextera XT shotgun library	NA	NA	NA	195
SRR7665260	NA	chicken carcass	NA	NA	NA	Pathogen: environmental/food/other sample from Campylobacter coli	USDA-FSIS: Isolated strains of Campylobacter spp. genome sequencing	FSIS11812668	Illumina MiSeq paired end sequencing: Whole genome shotgun sequencing of FSIS11812668 by Illumina MiSeq	SAMN09788625		NA	NA	USA:VA	31-12-18	NA	NA	1;131567;2;29547;3031852;213849;72294;194;195	01-01-18	2018	FSIS11812668	FSIS11812668 Nextera XT shotgun library	NA	NA	NA	195
SRR14920260	NA	comminuted chicken	NA	NA	NA	Pathogen: environmental/food/other sample from Campylobacter jejuni	USDA-FSIS: Isolated strains of Campylobacter spp. genome sequencing	SAMN19875767	Illumina MiSeq sequencing	SAMN19875767		NA	NA	USA:CA	31-12-21	NA	NA	1;131567;2;29547;3031852;213849;72294;194;197	01-01-21	2021	FSIS12140251	FSIS12140251 Nextera XT shotgun library	NA	NA	NA	197
SRR19842112	NA	raw intact chicken	NA	NA	NA	Pathogen: environmental/food/other sample from Campylobacter coli	USDA-FSIS: Isolated strains of Campylobacter spp. genome sequencing	SAMN29328425	Illumina MiSeq sequencing	SAMN29328425		NA	NA	USA:GA	31-12-22	NA	NA	1;131567;2;29547;3031852;213849;72294;194;195	01-01-22	2022	FSIS12212384	FSIS12212384 Nextera XT shotgun library	NA	NA	NA	195
SRR15998504	NA	raw intact chicken	NA	NA	NA	Pathogen: environmental/food/other sample from Campylobacter coli	USDA-FSIS: Isolated strains of Campylobacter spp. genome sequencing	SAMN21541160	Illumina MiSeq sequencing	SAMN21541160		NA	NA	USA:CA	31-12-21	NA	NA	1;131567;2;29547;3031852;213849;72294;194;195	01-01-21	2021	FSIS12142793	FSIS12142793 Nextera XT shotgun library	NA	NA	NA	195
SRR17478232	NA	raw intact chicken	NA	NA	NA	Pathogen: environmental/food/other sample from Campylobacter jejuni	USDA-FSIS: Isolated strains of Campylobacter spp. genome sequencing	SAMN24706814	Illumina MiSeq sequencing	SAMN24706814		NA	NA	USA:AZ	31-12-21	NA	NA	1;131567;2;29547;3031852;213849;72294;194;197	01-01-21	2021	FSIS32106323	FSIS32106323 Nextera XT shotgun library	NA	NA	NA	197
SRR9898424	NA	chicken carcass	NA	NA	NA	Pathogen: environmental/food/other sample from Campylobacter coli	USDA-FSIS: Isolated strains of Campylobacter spp. genome sequencing	FSIS31902438	Illumina MiSeq paired end sequencing: Whole genome shotgun sequencing of FSIS31902438 by Illumina MiSeq	SAMN12491274		NA	NA	USA:NC	31-12-19	NA	NA	1;131567;2;29547;3031852;213849;72294;194;195	01-01-19	2019	FSIS31902438	FSIS31902438 Nextera XT shotgun library	NA	NA	NA	195
SRR26896508	NA	chicken carcass	NA	NA	NA	Pathogen: environmental/food/other sample from Campylobacter jejuni	Genomic epidemiology of Campylobacter spp. isolated from chickens in Brazil	C021-3	NextSeq 2000 sequencing: DNA-seq of Campylobacter spp. from chicken carcass	SAMN38340651		NA	Chicken	Brazil	31-12-17	10.0 S 55.0 W	-55	1;131567;2;29547;3031852;213849;72294;194;197	01-01-17	2017	C021-3	C021-3	-10	NA	10.0 S 55.0 W	197
SRR8796760	Gallus gallus domesticus	Chicken carcasse	NA	NA	NA	Pathogen: clinical or host-associated sample from Campylobacter jejuni	Campylobacter from UK broiler chicken	ID5811_B7-LE	Illumina MiSeq sequencing: Campylobacter jejuni_ID5811_B7-LE WGS	SAMN11268370		NA	MattSeq37extra_B7-LE	United Kingdom: Swansea	31-12-16	51.36 N 3.58 W	-3.58	1;131567;2;29547;3031852;213849;72294;194;197	01-01-16	2016	MattSeq37extra_B7-LE	MattSeq37extra_B7-LE	51.36	NA	51.36 N 3.58 W	197
SRR27990989	NA	chicken - young chicken carcass rinse (post-chill)	NA	NA	NA	Pathogen: environmental/food/other sample from Campylobacter coli	USDA-FSIS: Isolated strains of Campylobacter spp. genome sequencing	SAMN39967617	Illumina MiSeq sequencing	SAMN39967617		NA	NA	USA:NY	31-12-24	NA	NA	1;131567;2;29547;3031852;213849;72294;194;195	01-01-24	2024	FSIS22415440	FSIS22415440 Nextera XT shotgun library	NA	NA	NA	195
SRR10119176	NA	chicken carcass	NA	NA	NA	Pathogen: environmental/food/other sample from Campylobacter jejuni	USDA-FSIS: Isolated strains of Campylobacter spp. genome sequencing	FSIS11924499	Illumina MiSeq paired end sequencing: Whole genome shotgun sequencing of FSIS11924499 by Illumina MiSeq	SAMN12747615		NA	NA	USA:NC	31-12-19	NA	NA	1;131567;2;29547;3031852;213849;72294;194;197	01-01-19	2019	FSIS11924499	FSIS11924499 Nextera XT shotgun library	NA	NA	NA	197
SRR12788365	NA	chicken carcass	NA	NA	NA	Pathogen: environmental/food/other sample from Campylobacter jejuni	USDA-FSIS: Isolated strains of Campylobacter spp. genome sequencing	FSIS12033688	Illumina MiSeq sequencing	SAMN16387722		NA	NA	USA:NJ	31-12-20	NA	NA	1;131567;2;29547;3031852;213849;72294;194;197	01-01-20	2020	FSIS12033688	FSIS12033688 Nextera XT shotgun library	NA	NA	NA	197
SRR12819058	NA	chicken	NA	NA	NA	Campylobacter	CVM NARMS Campylobacter	SAMN16429863	Illumina MiSeq sequencing	SAMN16429863		NA	missing	USA:NM	18-09-20	NA	NA	1;131567;2;29547;3031852;213849;72294;194;197	17-09-20	18-09-20	20NM09CB04-C1:wgs	Nextera DNA Flex	NA	NA	NA	197
SRR12634079	NA	Chicken feces	NA	NA	NA	CE1-7	Campylobacter jejuni Genome sequencing and assembly	Chicken(live)-5	NextSeq 500 sequencing: WGS of Campylobacter jejuni:Chicken feces	SAMN16122349		NA	Chicken	USA:Tennessee	08-05-17	36.114725 N 83.734197 W	-83.734197	1;131567;2;29547;3031852;213849;72294;194;197	07-05-17	08-05-17	CE1-7-Chicken(live)-5	CE1-7-Chicken(live)-5	36.114725	NA	36.114725 N 83.734197 W	197
SRR7987219	NA	chicken carcass	NA	NA	NA	Pathogen: environmental/food/other sample from Campylobacter coli	USDA-FSIS: Isolated strains of Campylobacter spp. genome sequencing	FSIS21822238	Illumina MiSeq paired end sequencing: Whole genome shotgun sequencing of FSIS21822238 by Illumina MiSeq	SAMN10222480		NA	NA	USA:VA	31-12-18	NA	NA	1;131567;2;29547;3031852;213849;72294;194;195	01-01-18	2018	FSIS21822238	FSIS21822238 Nextera XT shotgun library	NA	NA	NA	195
SRR24698312	NA	raw intact chicken	NA	NA	NA	Pathogen: environmental/food/other sample from Campylobacter jejuni	USDA-FSIS: Isolated strains of Campylobacter spp. genome sequencing	SAMN35328519	Illumina MiSeq sequencing	SAMN35328519		NA	NA	USA:MO	31-12-23	NA	NA	1;131567;2;29547;3031852;213849;72294;194;197	01-01-23	2023	FSIS22312893	FSIS22312893 Nextera XT shotgun library	NA	NA	NA	197
SRR5414427	NA	Chicken Wings	NA	NA	NA	Pathogen: environmental/food/other sample from Campylobacter jejuni	CVM NARMS Campylobacter	CVM N56296	Illumina MiSeq sequencing: WGS of Campylobacter jejuni: 2015 NARMS Chicken Wings: Sample CVM N56296	SAMN06660983		NA	NA	USA:NY	31-12-15	NA	NA	1;131567;2;29547;3031852;213849;72294;194;197	01-01-15	2015	CVM N56296	CVM N56296	NA	NA	NA	197
SRR21897644	NA	raw intact chicken	NA	NA	NA	Pathogen: environmental/food/other sample from Campylobacter jejuni	USDA-FSIS: Isolated strains of Campylobacter spp. genome sequencing	FSIS12216046	Illumina MiSeq sequencing	SAMN31276149		NA	NA	USA:WI	31-12-22	NA	NA	1;131567;2;29547;3031852;213849;72294;194;197	01-01-22	2022	FSIS12216046	FSIS12216046 Nextera XT shotgun library	NA	NA	NA	197
SRR14054907	NA	Animal-Chicken-Heavy Fowl	NA	NA	NA	Pathogen: environmental/food/other sample from Campylobacter jejuni	USDA-FSIS: Isolated strains of Campylobacter spp. genome sequencing	SAMN18448390	Illumina MiSeq sequencing	SAMN18448390		NA	NA	USA:MS	31-12-21	NA	NA	1;131567;2;29547;3031852;213849;72294;194;197	01-01-21	2021	FSIS12138635	FSIS12138635 Nextera XT shotgun library	NA	NA	NA	197
SRR10758621	NA	raw intact chicken	NA	NA	NA	Pathogen: environmental/food/other sample from Campylobacter coli	USDA-FSIS: Isolated strains of Campylobacter spp. genome sequencing	FSIS31903001	Illumina MiSeq paired end sequencing: Whole genome shotgun sequencing of FSIS31903001 by Illumina MiSeq	SAMN13671890		NA	NA	USA:GA	31-12-19	NA	NA	1;131567;2;29547;3031852;213849;72294;194;195	01-01-19	2019	FSIS31903001	FSIS31903001 Nextera XT shotgun library	NA	NA	NA	195
SRR5414733	NA	chicken breast	NA	NA	NA	Pathogen: environmental/food/other sample from Campylobacter coli	CVM NARMS Campylobacter	CVM N59403	Illumina MiSeq sequencing: WGS of Campylobacter coli: 2015 NARMS Chicken Breast: Sample CVM N59403	SAMN06661289		NA	NA	USA:LA	31-12-15	NA	NA	1;131567;2;29547;3031852;213849;72294;194;195	01-01-15	2015	CVM N59403	CVM N59403	NA	NA	NA	195
SRR8662779	NA	Chicken Wings	NA	NA	NA	Pathogen: environmental/food/other sample from Campylobacter jejuni	CVM NARMS Campylobacter	CVM N18C194	Illumina MiSeq sequencing: WGS of Campylobacter jejuni: 2018 NARMS Chicken Wings N18C194	SAMN11047729		NA	NA	USA:TX	31-12-18	NA	NA	1;131567;2;29547;3031852;213849;72294;194;197	01-01-18	2018	CVM N18C194	CVM N18C194	NA	NA	NA	197
ERR2197471	NA	broiler	NA	NA	NA	NA	Comparative genomics of quinolone-resistant Campylobacter jejuni of poultry origin from major poultry producing European countries - GENCAMP	DTU2016_2279_PRJ1085_Campylobacter_jejuni_14CV445	Illumina HiSeq 4000 paired end sequencing	SAMEA104390012		NA	DTU2016_2279_PRJ1085_Campylobacter_jejuni_14CV445	France	31-12-14	46.2276 N 2.2137 E	2.2137	1;131567;2;29547;3031852;213849;72294;194;197	01-01-14	2014	Exp_2017_11_16_20_23_5_158	unspecified	46.2276	NA	46.2276 N 2.2137 E	197
SRR23704415	Gallus gallus	missing	9031	NA	NA	Pathogen: clinical or host-associated sample from Campylobacter jejuni	Genomic surveillance of Campylobacter jejuni population in poultry	29884.1.20	NextSeq 500 sequencing: WGS Campylobacter jejuni	SAMN33591268		NA	49	Italy	31-12-15	NA	NA	1;131567;2;29547;3031852;213849;72294;194;197	01-01-15	2015	29884.1.20	29884.1.20	NA	NA	NA	197
SRR26952112	NA	chicken - young chicken carcass rinse (post-chill)	NA	NA	NA	Pathogen: environmental/food/other sample from Campylobacter jejuni	USDA-FSIS: Isolated strains of Campylobacter spp. genome sequencing	FSIS22314778	Illumina MiSeq sequencing	SAMN38442482		NA	NA	USA:WA	31-12-23	NA	NA	1;131567;2;29547;3031852;213849;72294;194;197	01-01-23	2023	FSIS22314778	FSIS22314778 Nextera XT shotgun library	NA	NA	NA	197
SRR21602128	NA	Nonintact Chicken	NA	NA	NA	Pathogen: environmental/food/other sample from Campylobacter coli	USDA-FSIS: Isolated strains of Campylobacter spp. genome sequencing	SAMN30888452	Illumina MiSeq sequencing	SAMN30888452		NA	NA	USA:OK	31-12-22	NA	NA	1;131567;2;29547;3031852;213849;72294;194;195	01-01-22	2022	FSIS12215055	FSIS12215055 Nextera XT shotgun library	NA	NA	NA	195
SRR8662873	NA	Chicken Legs	NA	NA	NA	Pathogen: environmental/food/other sample from Campylobacter jejuni	CVM NARMS Campylobacter	CVM N18C279	Illumina MiSeq sequencing: WGS of Campylobacter jejuni: 2018 NARMS Chicken Thighs N18C277	SAMN11047804		NA	NA	USA:TN	31-12-18	NA	NA	1;131567;2;29547;3031852;213849;72294;194;197	01-01-18	2018	CVM N18C279	CVM N18C279	NA	NA	NA	197
SRR9298923	NA	chicken carcass	NA	NA	NA	Pathogen: environmental/food/other sample from Campylobacter coli	USDA-FSIS: Isolated strains of Campylobacter spp. genome sequencing	FSIS11921562	Illumina MiSeq paired end sequencing: Whole genome shotgun sequencing of FSIS11921562 by Illumina MiSeq	SAMN12052599		NA	NA	USA:AL	31-12-19	NA	NA	1;131567;2;29547;3031852;213849;72294;194;195	01-01-19	2019	FSIS11921562	FSIS11921562 Nextera XT shotgun library	NA	NA	NA	195
ERR11203677	NA	Chicken caeca	NA	NA	NA	19C206	Swedish Veterinary Agency (SVA) - Campylobacter collection	19C206	Illumina NovaSeq X sequencing	SAMEA112866966		NA	Campylobacter jejuni	Sweden	31-12-19	NA	NA	1;131567;2;29547;3031852;213849;72294;194;197	01-01-19	2019	ena-EXPERIMENT-TAB-06-04-2023-13:29:53:803-4035	19C206	NA	NA	NA	197
SRR25648167	NA	poultry litter	NA	NA	NA	TC41	Bacterial pathogens isolates from longitudinal broiler litter study	CJ41	Illumina MiSeq sequencing: Bacterial genomic sequencing: Campylobacter from poultry litter	SAMN36995494		NA	House: 2 Flock: 3 Section: front Area: 2	USA: South Georgia	27-08-18	32.1 N 82.9 W	-82.9	1;131567;2;29547;3031852;213849;72294;194;197	26-08-18	27-08-18	CJ41-Illumina	CJ41-Illumina	32.1	NA	32.1 N 82.9 W	197
SRR14286421	NA	raw intact chicken	NA	NA	NA	Pathogen: environmental/food/other sample from Campylobacter coli	USDA-FSIS: Isolated strains of Campylobacter spp. genome sequencing	FSIS12139217	Illumina MiSeq sequencing	SAMN18810949		NA	NA	USA:AR	31-12-21	NA	NA	1;131567;2;29547;3031852;213849;72294;194;195	01-01-21	2021	FSIS12139217	FSIS12139217 Nextera XT shotgun library	NA	NA	NA	195
SRR8753499	NA	raw intact chicken	NA	NA	NA	Pathogen: environmental/food/other sample from Campylobacter coli	USDA-FSIS: Isolated strains of Campylobacter spp. genome sequencing	FSIS21923735	Illumina MiSeq paired end sequencing: Whole genome shotgun sequencing of FSIS21923735 by Illumina MiSeq	SAMN11168288		NA	NA	USA:AL	31-12-19	NA	NA	1;131567;2;29547;3031852;213849;72294;194;195	01-01-19	2019	FSIS21923735	FSIS21923735 Nextera XT shotgun library	NA	NA	NA	195
SRR23803163	NA	raw intact chicken	NA	NA	NA	Pathogen: environmental/food/other sample from Campylobacter jejuni	USDA-FSIS: Isolated strains of Campylobacter spp. genome sequencing	SAMN33715088	Illumina MiSeq sequencing	SAMN33715088		NA	NA	USA:MO	31-12-23	NA	NA	1;131567;2;29547;3031852;213849;72294;194;197	01-01-23	2023	FSIS12320398	FSIS12320398 Nextera XT shotgun library	NA	NA	NA	197
SRR29807932	NA	chicken - young chicken carcass rinse (post-chill)	NA	NA	NA	Pathogen: environmental/food/other sample from Campylobacter coli	USDA-FSIS: Isolated strains of Campylobacter spp. genome sequencing	SAMN42468484	Illumina MiSeq sequencing	SAMN42468484		NA	NA	USA:MS	31-12-24	NA	NA	1;131567;2;29547;3031852;213849;72294;194;195	01-01-24	2024	FSIS22416501	FSIS22416501 DNA Prep shotgun library	NA	NA	NA	195
SRR7525350	NA	chicken carcass	NA	NA	NA	Pathogen: environmental/food/other sample from Campylobacter jejuni	USDA-FSIS: Isolated strains of Campylobacter spp. genome sequencing	FSIS11811581	Illumina MiSeq paired end sequencing: Whole genome shotgun sequencing of FSIS11811581 by Illumina MiSeq	SAMN09664933		NA	NA	USA:IN	31-12-18	NA	NA	1;131567;2;29547;3031852;213849;72294;194;197	01-01-18	2018	FSIS11811581	FSIS11811581 Nextera XT shotgun library	NA	NA	NA	197
SRR18230626	NA	chicken carcass	NA	NA	NA	Pathogen: environmental/food/other sample from Campylobacter jejuni	USDA-FSIS: Isolated strains of Campylobacter spp. genome sequencing	SAMN26441696	Illumina MiSeq sequencing	SAMN26441696		NA	NA	USA:MS	31-12-22	NA	NA	1;131567;2;29547;3031852;213849;72294;194;197	01-01-22	2022	FSIS12209511	FSIS12209511 Nextera XT shotgun library	NA	NA	NA	197
SRR10987399	NA	raw intact chicken	NA	NA	NA	Pathogen: environmental/food/other sample from Campylobacter coli	USDA-FSIS: Isolated strains of Campylobacter spp. genome sequencing	FSIS12028071	Illumina MiSeq paired end sequencing: Whole genome shotgun sequencing of FSIS12028071 by Illumina MiSeq	SAMN13941922		NA	NA	USA:TX	31-12-20	NA	NA	1;131567;2;29547;3031852;213849;72294;194;195	01-01-20	2020	FSIS12028071	FSIS12028071 Nextera XT shotgun library	NA	NA	NA	195
SRR9998277	NA	Chicken Thighs	NA	NA	NA	Pathogen: environmental/food/other sample from Campylobacter jejuni	CVM NARMS Campylobacter	CVM N19C001	Illumina MiSeq sequencing: WGS of Campylobacter jejuni: 2019 NARMS Chicken Thighs N19C001	SAMN12606312		NA	NA	USA:IA	31-12-19	NA	NA	1;131567;2;29547;3031852;213849;72294;194;197	01-01-19	2019	CVM N19C001	CVM N19C001	NA	NA	NA	197
SRR11629880	NA	Chicken Breasts	NA	NA	NA	Pathogen: environmental/food/other sample from Campylobacter jejuni	CVM NARMS Campylobacter	CVM N19C638	Illumina MiSeq sequencing: WGS of Campylobacter jejuni: 2019 NARMS Chicken Breasts N19C638	SAMN14754931		NA	NA	USA:PA	31-12-19	NA	NA	1;131567;2;29547;3031852;213849;72294;194;197	01-01-19	2019	CVM N19C638	CVM N19C638	NA	NA	NA	197
SRR22880083	NA	raw intact chicken	NA	NA	NA	Pathogen: environmental/food/other sample from Campylobacter coli	USDA-FSIS: Isolated strains of Campylobacter spp. genome sequencing	SAMN32387026	Illumina MiSeq sequencing	SAMN32387026		NA	NA	USA:IL	31-12-22	NA	NA	1;131567;2;29547;3031852;213849;72294;194;195	01-01-22	2022	FSIS22211152	FSIS22211152 Nextera XT shotgun library	NA	NA	NA	195
SRR24016088	NA	chicken	NA	NA	NA	Campylobacter coli	CVM NARMS Campylobacter	SAMN33986051	Illumina MiSeq sequencing	SAMN33986051		NA	missing	USA:LA	28-02-23	NA	NA	1;131567;2;29547;3031852;213849;72294;194;195	01-02-23	2023-02	23LA02CG01-C1:wgs	NexteraXT	NA	NA	NA	195
SRR29234623	Gallus gallus	table-egg layer chicken	9031	NA	NA	One Health Enteric sample from Campylobacter jejuni	Layer chicken Campylobacter jejuni and Campylobacter coli Assembly	F1-1_1	Illumina MiSeq sequencing: WGS of Campylobacter jejuni F1-1_1	SAMN41233132		NA	NA	USA: Indiana	03-04-19	NA	NA	1;131567;2;29547;3031852;213849;72294;194;197	02-04-19	03-04-19	F1-1_1	F1-1_1	NA	NA	NA	197
ERR11203907	NA	Chicken caeca	NA	NA	NA	20C218	Swedish Veterinary Agency (SVA) - Campylobacter collection	20C218	Illumina NovaSeq X sequencing	SAMEA112867196		NA	Campylobacter coli	Sweden	31-12-20	NA	NA	1;131567;2;29547;3031852;213849;72294;194;195	01-01-20	2020	ena-EXPERIMENT-TAB-06-04-2023-13:29:53:869-4495	20C218	NA	NA	NA	195
SRR16012019	NA	chicken	NA	NA	NA	21CA04CB07UCD-C1	CVM NARMS Campylobacter	21CA04CB07UCD-C1	Illumina MiSeq sequencing: WGS of Campylobacter isolate	SAMN21542140		NA	NA	USA:CA	30-04-21	NA	NA	1;131567;2;29547;3031852;213849;72294;194;197	31-03-21	2021-04	21CA04CB07UCD-C1	21CA04CB07UCD-C1	NA	NA	NA	197
SRR20875039	NA	raw intact chicken	NA	NA	NA	Pathogen: environmental/food/other sample from Campylobacter jejuni	USDA-FSIS: Isolated strains of Campylobacter spp. genome sequencing	SAMN30170037	Illumina MiSeq sequencing	SAMN30170037		NA	NA	USA:IL	31-12-22	NA	NA	1;131567;2;29547;3031852;213849;72294;194;197	01-01-22	2022	FSIS32207478	FSIS32207478 Nextera XT shotgun library	NA	NA	NA	197
ERR4225077	NA	broiler_chicken	NA	NA	NA	Ca88-75	Discerning Environmental Pathways of Campylobacter Transmission	Ca88-75	NextSeq 500 paired end sequencing	SAMEA6936349		NA	NA	Netherlands	31-12-18	NA	NA	1;131567;2;29547;3031852;213849;72294;194;197	01-01-18	2018	ena-EXPERIMENT-UTRECHT UNIVERSITY-09-06-2020-12:40:21:595-1370	unspecified	NA	NA	NA	197
SRR11544496	NA	chicken carcass	NA	NA	NA	Pathogen: environmental/food/other sample from Campylobacter jejuni	USDA-FSIS: Isolated strains of Campylobacter spp. genome sequencing	FSIS12029476	Illumina MiSeq paired end sequencing: Whole genome shotgun sequencing of FSIS12029476 by Illumina MiSeq	SAMN14592046		NA	NA	USA:AL	31-12-20	NA	NA	1;131567;2;29547;3031852;213849;72294;194;197	01-01-20	2020	FSIS12029476	FSIS12029476 Nextera XT shotgun library	NA	NA	NA	197
SRR9417526	NA	animal-chicken-young chicken	NA	NA	NA	Pathogen: environmental/food/other sample from Campylobacter coli	FSIS NARMS Campylobacter	FSIS11921931	Illumina MiSeq paired end sequencing: Whole genome shotgun sequencing of FSIS11921931 by Illumina MiSeq	SAMN12108977		NA	NA	USA:MS	31-12-19	NA	NA	1;131567;2;29547;3031852;213849;72294;194;195	01-01-19	2019	FSIS11921931	FSIS11921931 Nextera XT shotgun library	NA	NA	NA	195
SRR29101205	NA	Nonintact Chicken	NA	NA	NA	Pathogen: environmental/food/other sample from Campylobacter jejuni	USDA-FSIS: Isolated strains of Campylobacter spp. genome sequencing	SAMN41478960	Illumina MiSeq sequencing	SAMN41478960		NA	NA	USA:TX	31-12-24	NA	NA	1;131567;2;29547;3031852;213849;72294;194;197	01-01-24	2024	FSIS12429412	FSIS12429412 Nextera XT shotgun library	NA	NA	NA	197
SRR7138715	NA	animal-chicken-young chicken	NA	NA	NA	Pathogen: environmental/food/other sample from Campylobacter jejuni	FSIS NARMS Campylobacter	FSIS11808000	Illumina MiSeq paired end sequencing: Whole genome shotgun sequencing of FSIS11808000 by Illumina MiSeq	SAMN09098741		NA	NA	USA:NC	31-12-18	NA	NA	1;131567;2;29547;3031852;213849;72294;194;197	01-01-18	2018	FSIS11808000	FSIS11808000 Nextera XT shotgun library	NA	NA	NA	197
SRR5414819	NA	chicken breast	NA	NA	NA	Pathogen: environmental/food/other sample from Campylobacter jejuni	CVM NARMS Campylobacter	CVM N62621	Illumina MiSeq sequencing: WGS of Campylobacter jejuni: 2015 NARMS Chicken Breast: Sample CVM N62621	SAMN06661375		NA	NA	USA:TN	31-12-15	NA	NA	1;131567;2;29547;3031852;213849;72294;194;197	01-01-15	2015	CVM N62621	CVM N62621	NA	NA	NA	197
ERR2197483	NA	broiler	NA	NA	NA	NA	Comparative genomics of quinolone-resistant Campylobacter jejuni of poultry origin from major poultry producing European countries - GENCAMP	DTU2016_2292_PRJ1085_Campylobacter_jejuni_14CV147	Illumina HiSeq 4000 paired end sequencing	SAMEA104390024		NA	DTU2016_2292_PRJ1085_Campylobacter_jejuni_14CV147	France	31-12-14	46.2276 N 2.2137 E	2.2137	1;131567;2;29547;3031852;213849;72294;194;197	01-01-14	2014	Exp_2017_11_16_20_23_5_170	unspecified	46.2276	NA	46.2276 N 2.2137 E	197
SRR21598450	NA	raw intact chicken	NA	NA	NA	Pathogen: environmental/food/other sample from Campylobacter jejuni	USDA-FSIS: Isolated strains of Campylobacter spp. genome sequencing	FSIS22209656	Illumina MiSeq sequencing	SAMN30879593		NA	NA	USA:IL	31-12-22	NA	NA	1;131567;2;29547;3031852;213849;72294;194;197	01-01-22	2022	FSIS22209656	FSIS22209656 Nextera XT shotgun library	NA	NA	NA	197
SRR24339384	NA	raw intact chicken	NA	NA	NA	Pathogen: environmental/food/other sample from Campylobacter coli	USDA-FSIS: Isolated strains of Campylobacter spp. genome sequencing	SAMN34423116	Illumina MiSeq sequencing	SAMN34423116		NA	NA	USA:IA	31-12-23	NA	NA	1;131567;2;29547;3031852;213849;72294;194;195	01-01-23	2023	FSIS12321547	FSIS12321547 Nextera XT shotgun library	NA	NA	NA	195
SRR9007373	NA	chicken carcass	NA	NA	NA	Pathogen: environmental/food/other sample from Campylobacter jejuni	USDA-FSIS: Isolated strains of Campylobacter spp. genome sequencing	FSIS11815809	Illumina MiSeq paired end sequencing: Whole genome shotgun sequencing of FSIS11815809 by Illumina MiSeq	SAMN11569669		NA	NA	USA:VA	31-12-18	NA	NA	1;131567;2;29547;3031852;213849;72294;194;197	01-01-18	2018	FSIS11815809	FSIS11815809 Nextera XT shotgun library	NA	NA	NA	197
SRR6108377	NA	Chicken Legs	NA	NA	NA	Pathogen: environmental/food/other sample from Campylobacter jejuni	CVM NARMS Campylobacter	CVM N16C346	Illumina MiSeq sequencing: WGS of Campylobacter jejuni: 2016 NARMS Chicken Legs: Sample CVM N16C346	SAMN07633659		NA	NA	USA:MN	31-12-16	NA	NA	1;131567;2;29547;3031852;213849;72294;194;197	01-01-16	2016	CVM N16C346	CVM N16C346	NA	NA	NA	197
SRR7503394	NA	Chicken Thighs	NA	NA	NA	Pathogen: environmental/food/other sample from Campylobacter jejuni	CVM NARMS Campylobacter	CVM N17C335	Illumina MiSeq sequencing: WGS of Campylobacter jejuni: 2017 NARMS Chicken Thighs N17C335	SAMN09605178		NA	NA	USA:KS	31-12-17	NA	NA	1;131567;2;29547;3031852;213849;72294;194;197	01-01-17	2017	CVM N17C335	CVM N17C335	NA	NA	NA	197
ERR11203419	NA	Chicken caeca	NA	NA	NA	17C090	Swedish Veterinary Agency (SVA) - Campylobacter collection	17C090	Illumina NovaSeq X sequencing	SAMEA112866708		NA	Campylobacter jejuni	Sweden	31-12-17	NA	NA	1;131567;2;29547;3031852;213849;72294;194;197	01-01-17	2017	ena-EXPERIMENT-TAB-06-04-2023-13:29:53:727-3519	17C090	NA	NA	NA	197
SRR11966499	NA	chicken carcass	NA	NA	NA	Pathogen: environmental/food/other sample from Campylobacter coli	USDA-FSIS: Isolated strains of Campylobacter spp. genome sequencing	FSIS12031000	Illumina MiSeq paired end sequencing: Whole genome shotgun sequencing of FSIS12031000 by Illumina MiSeq	SAMN15187424		NA	NA	USA:TX	31-12-20	NA	NA	1;131567;2;29547;3031852;213849;72294;194;195	01-01-20	2020	FSIS12031000	FSIS12031000 Nextera XT shotgun library	NA	NA	NA	195
SRR8074988	NA	chicken carcass	NA	NA	NA	Pathogen: environmental/food/other sample from Campylobacter jejuni	USDA-FSIS: Isolated strains of Campylobacter spp. genome sequencing	FSIS21822414	Illumina MiSeq paired end sequencing: Whole genome shotgun sequencing of FSIS21822414 by Illumina MiSeq	SAMN10256504		NA	NA	USA:VA	31-12-18	NA	NA	1;131567;2;29547;3031852;213849;72294;194;197	01-01-18	2018	FSIS21822414	FSIS21822414 Nextera XT shotgun library	NA	NA	NA	197
SRR24327307	NA	raw intact chicken	NA	NA	NA	Pathogen: environmental/food/other sample from Campylobacter coli	USDA-FSIS: Isolated strains of Campylobacter spp. genome sequencing	SAMN34411477	Illumina MiSeq sequencing	SAMN34411477		NA	NA	USA:TN	31-12-23	NA	NA	1;131567;2;29547;3031852;213849;72294;194;195	01-01-23	2023	FSIS32309382	FSIS32309382 Nextera XT shotgun library	NA	NA	NA	195
SRR21598161	NA	chicken - young chicken carcass rinse (post-chill)	NA	NA	NA	Pathogen: environmental/food/other sample from Campylobacter jejuni	USDA-FSIS: Isolated strains of Campylobacter spp. genome sequencing	FSIS22209731	Illumina MiSeq sequencing	SAMN30879293		NA	NA	USA:AL	31-12-22	NA	NA	1;131567;2;29547;3031852;213849;72294;194;197	01-01-22	2022	FSIS22209731	FSIS22209731 Nextera XT shotgun library	NA	NA	NA	197
SRR22007717	NA	chicken - young chicken carcass rinse (post-chill)	NA	NA	NA	Pathogen: environmental/food/other sample from Campylobacter coli	USDA-FSIS: Isolated strains of Campylobacter spp. genome sequencing	SAMN31404946	Illumina MiSeq sequencing	SAMN31404946		NA	NA	USA:AR	31-12-22	NA	NA	1;131567;2;29547;3031852;213849;72294;194;195	01-01-22	2022	FSIS12216427	FSIS12216427 Nextera XT shotgun library	NA	NA	NA	195
SRR19486114	NA	raw intact chicken	NA	NA	NA	Pathogen: environmental/food/other sample from Campylobacter jejuni	USDA-FSIS: Isolated strains of Campylobacter spp. genome sequencing	SAMN28794801	Illumina MiSeq sequencing	SAMN28794801		NA	NA	USA:MA	31-12-22	NA	NA	1;131567;2;29547;3031852;213849;72294;194;197	01-01-22	2022	FSIS22208230	FSIS22208230 Nextera XT shotgun library	NA	NA	NA	197
SRR8255905	NA	chicken carcass	NA	NA	NA	Pathogen: environmental/food/other sample from Campylobacter jejuni	USDA-FSIS: Isolated strains of Campylobacter spp. genome sequencing	FSIS21822793	Illumina MiSeq paired end sequencing: Whole genome shotgun sequencing of FSIS21822793 by Illumina MiSeq	SAMN10489176		NA	NA	USA:MS	31-12-18	NA	NA	1;131567;2;29547;3031852;213849;72294;194;197	01-01-18	2018	FSIS21822793	FSIS21822793 Nextera XT shotgun library	NA	NA	NA	197
SRR16817007	NA	chicken carcass	NA	NA	NA	Pathogen: environmental/food/other sample from Campylobacter jejuni	USDA-FSIS: Isolated strains of Campylobacter spp. genome sequencing	SAMN22933746	Illumina MiSeq sequencing	SAMN22933746		NA	NA	USA:TX	31-12-21	NA	NA	1;131567;2;29547;3031852;213849;72294;194;197	01-01-21	2021	FSIS12106664	FSIS12106664 Nextera XT shotgun library	NA	NA	NA	197
SRR8942631	NA	animal-chicken-young chicken	NA	NA	NA	Pathogen: environmental/food/other sample from Campylobacter jejuni	FSIS NARMS Campylobacter	FSIS11919798	Illumina MiSeq paired end sequencing: Whole genome shotgun sequencing of FSIS11919798 by Illumina MiSeq	SAMN11477037		NA	NA	USA:AR	31-12-19	NA	NA	1;131567;2;29547;3031852;213849;72294;194;197	01-01-19	2019	FSIS11919798	FSIS11919798 Nextera XT shotgun library	NA	NA	NA	197
SRR11521675	NA	raw intact chicken	NA	NA	NA	Pathogen: environmental/food/other sample from Campylobacter jejuni	USDA-FSIS: Isolated strains of Campylobacter spp. genome sequencing	FSIS22027657	Illumina MiSeq paired end sequencing: Whole genome shotgun sequencing of FSIS22027657 by Illumina MiSeq	SAMN14568364		NA	NA	USA:AR	31-12-20	NA	NA	1;131567;2;29547;3031852;213849;72294;194;197	01-01-20	2020	FSIS22027657	FSIS22027657 Nextera XT shotgun library	NA	NA	NA	197
SRR11085356	NA	chicken carcass	NA	NA	NA	Pathogen: environmental/food/other sample from Campylobacter coli	USDA-FSIS: Isolated strains of Campylobacter spp. genome sequencing	FSIS32003296	Illumina MiSeq paired end sequencing: Whole genome shotgun sequencing of FSIS32003296 by Illumina MiSeq	SAMN14100342		NA	NA	USA:CA	31-12-20	NA	NA	1;131567;2;29547;3031852;213849;72294;194;195	01-01-20	2020	FSIS32003296	FSIS32003296 Nextera XT shotgun library	NA	NA	NA	195
SRR28745426	NA	Chicken Gizzard	NA	NA	NA	Pathogen: environmental/food/other sample from Campylobacter jejuni	CVM NARMS Campylobacter	24NC02CG01-C	Illumina MiSeq sequencing: WGS of Campylobacter in Retail Meat: North Carolina	SAMN41019511		NA	missing	USA:NC	09-02-24	NA	NA	1;131567;2;29547;3031852;213849;72294;194;197	09-02-24	09-02-24	24NC02CG01-C	24NC02CG01-C	NA	NA	NA	197
ERR2197617	NA	Broilers	NA	NA	NA	NA	Comparative genomics of quinolone-resistant Campylobacter jejuni of poultry origin from major poultry producing European countries - GENCAMP	DTU2016_1965_PRJ1085_Campylobacter_Jejuni_U14_0715	Illumina HiSeq 4000 paired end sequencing	SAMEA104390158		NA	DTU2016_1965_PRJ1085_Campylobacter_Jejuni_U14_0715	Poland	31-12-14	51.9194 N 19.1451 E	19.1451	1;131567;2;29547;3031852;213849;72294;194;197	01-01-14	2014	Exp_2017_11_16_20_23_5_304	unspecified	51.9194	NA	51.9194 N 19.1451 E	197
SRR10200146	NA	comminuted chicken	NA	NA	NA	Pathogen: environmental/food/other sample from Campylobacter coli	USDA-FSIS: Isolated strains of Campylobacter spp. genome sequencing	FSIS21925388	Illumina MiSeq paired end sequencing: Whole genome shotgun sequencing of FSIS21925388 by Illumina MiSeq	SAMN12869770		NA	NA	USA:AR	31-12-19	NA	NA	1;131567;2;29547;3031852;213849;72294;194;195	01-01-19	2019	FSIS21925388	FSIS21925388 Nextera XT shotgun library	NA	NA	NA	195
SRR24674592	NA	raw intact chicken	NA	NA	NA	Pathogen: environmental/food/other sample from Campylobacter jejuni	USDA-FSIS: Isolated strains of Campylobacter spp. genome sequencing	SAMN35222896	Illumina MiSeq sequencing	SAMN35222896		NA	NA	USA:CA	31-12-23	NA	NA	1;131567;2;29547;3031852;213849;72294;194;197	01-01-23	2023	FSIS32309586	FSIS32309586 Nextera XT shotgun library	NA	NA	NA	197
SRR21728318	NA	raw intact chicken	NA	NA	NA	Pathogen: environmental/food/other sample from Campylobacter jejuni	USDA-FSIS: Isolated strains of Campylobacter spp. genome sequencing	FSIS22209741	Illumina MiSeq sequencing	SAMN31041049		NA	NA	USA:CA	31-12-22	NA	NA	1;131567;2;29547;3031852;213849;72294;194;197	01-01-22	2022	FSIS22209741	FSIS22209741 Nextera XT shotgun library	NA	NA	NA	197
SRR18339700	NA	chicken carcass	NA	NA	NA	Pathogen: environmental/food/other sample from Campylobacter coli	USDA-FSIS: Isolated strains of Campylobacter spp. genome sequencing	SAMN26801590	Illumina MiSeq sequencing	SAMN26801590		NA	NA	USA:NC	31-12-22	NA	NA	1;131567;2;29547;3031852;213849;72294;194;195	01-01-22	2022	FSIS22207441	FSIS22207441 Nextera XT shotgun library	NA	NA	NA	195
ERR2197355	NA	Broiler chicken	NA	NA	NA	NA	Comparative genomics of quinolone-resistant Campylobacter jejuni of poultry origin from major poultry producing European countries - GENCAMP	DTU2017_345_PRJ1085_Campylobacter_jejuni_Q6	Illumina HiSeq 4000 paired end sequencing	SAMEA104389896		NA	DTU2017_345_PRJ1085_Campylobacter_jejuni_Q6	United Kingdom	31-12-14	52.3555 N 1.1743 E	1.1743	1;131567;2;29547;3031852;213849;72294;194;197	01-01-14	2014	Exp_2017_11_16_20_23_5_42	unspecified	52.3555	NA	52.3555 N 1.1743 E	197
SRR2920319	NA	comminuted chicken	NA	NA	NA	Pathogen: environmental/food/other sample from Campylobacter coli	USDA-FSIS: Isolated strains of Campylobacter spp. genome sequencing	FSIS1504350	Illumina MiSeq paired end sequencing: Whole genome shotgun sequencing of FSIS1504350 by Illumina MiSeq	SAMN04267348		NA	NA	USA:TN	31-12-15	NA	NA	1;131567;2;29547;3031852;213849;72294;194;195	01-01-15	2015	FSIS1504350	FSIS1504350 Nextera XT shotgun library	NA	NA	NA	195
SRR13187284	NA	raw intact chicken	NA	NA	NA	Pathogen: environmental/food/other sample from Campylobacter coli	USDA-FSIS: Isolated strains of Campylobacter spp. genome sequencing	SAMN16984593	Illumina MiSeq sequencing	SAMN16984593		NA	NA	USA:DE	31-12-20	NA	NA	1;131567;2;29547;3031852;213849;72294;194;195	01-01-20	2020	FSIS12035865	FSIS12035865 Nextera XT shotgun library	NA	NA	NA	195
SRR16026962	NA	Nonintact Chicken	NA	NA	NA	Pathogen: environmental/food/other sample from Campylobacter coli	USDA-FSIS: Isolated strains of Campylobacter spp. genome sequencing	SAMN21572731	Illumina MiSeq sequencing	SAMN21572731		NA	NA	USA:WA	31-12-21	NA	NA	1;131567;2;29547;3031852;213849;72294;194;195	01-01-21	2021	FSIS12142252	FSIS12142252 Nextera XT shotgun library	NA	NA	NA	195
ERR11204032	NA	Chicken caeca	NA	NA	NA	21C134	Swedish Veterinary Agency (SVA) - Campylobacter collection	21C134	Illumina NovaSeq X sequencing	SAMEA112867321		NA	Campylobacter jejuni	Sweden	31-12-21	NA	NA	1;131567;2;29547;3031852;213849;72294;194;197	01-01-21	2021	ena-EXPERIMENT-TAB-06-04-2023-13:29:53:909-4745	21C134	NA	NA	NA	197
SRR13849948	NA	comminuted chicken	NA	NA	NA	Pathogen: environmental/food/other sample from Campylobacter coli	USDA-FSIS: Isolated strains of Campylobacter spp. genome sequencing	SAMN18130631	Illumina MiSeq sequencing	SAMN18130631		NA	NA	USA:AL	31-12-21	NA	NA	1;131567;2;29547;3031852;213849;72294;194;195	01-01-21	2021	FSIS22130628	FSIS22130628 Nextera XT shotgun library	NA	NA	NA	195
SRR24111455	NA	raw intact chicken	NA	NA	NA	Pathogen: environmental/food/other sample from Campylobacter coli	USDA-FSIS: Isolated strains of Campylobacter spp. genome sequencing	SAMN34121520	Illumina MiSeq sequencing	SAMN34121520		NA	NA	USA:GA	31-12-23	NA	NA	1;131567;2;29547;3031852;213849;72294;194;195	01-01-23	2023	FSIS22312545	FSIS22312545 Nextera XT shotgun library	NA	NA	NA	195
SRR18776851	NA	chicken carcass	NA	NA	NA	Pathogen: environmental/food/other sample from Campylobacter jejuni	USDA-FSIS: Isolated strains of Campylobacter spp. genome sequencing	FSIS22207656	Illumina MiSeq sequencing	SAMN27609541		NA	NA	USA:OH	31-12-22	NA	NA	1;131567;2;29547;3031852;213849;72294;194;197	01-01-22	2022	FSIS22207656	FSIS22207656 Nextera XT shotgun library	NA	NA	NA	197
SRR6741488	NA	Canine Stool	NA	NA	NA	Campylobacter jejuni	Campylobacter Genome sequencing and assembly	SAMN08556540	Illumina MiSeq sequencing	SAMN08556540		NA	missing	USA	31-01-18	NA	NA	1;131567;2;29547;3031852;213849;72294;194;197	01-01-18	2018-01	PNUSAC003754:wgs	NexteraXT	NA	NA	NA	197
ERR4224593	NA	dog	NA	NA	NA	18S02961-1	Discerning Environmental Pathways of Campylobacter Transmission	18S02961-1	NextSeq 500 paired end sequencing	SAMEA6936264		NA	NA	Netherlands	31-12-18	NA	NA	1;131567;2;29547;3031852;213849;72294;194;197	01-01-18	2018	ena-EXPERIMENT-UTRECHT UNIVERSITY-09-06-2020-12:40:21:579-886	unspecified	NA	NA	NA	197
SRR8787372	Canis lupus familiaris	dog	9615	NA	NA	Pathogen: clinical or host-associated sample from Campylobacter jejuni	Campylobacter is a hugely diverse species with multiple lineages commonly found in the intestines of most mammals and avian species. We use a microevolutionary approach to estimate the effect of mutation and recombination on the rate at which lineage	ID5729_79-143	Illumina MiSeq sequencing: Campylobacter WGS	SAMN11258572		NA	Mseq#56_S13	USA: New York	31-12-79	40.44 N 73.58 W	-73.58	1;131567;2;29547;3031852;213849;72294;194;197	01-01-79	1979	Mseq#56_S13	Mseq#56_S13	40.44	NA	40.44 N 73.58 W	197
SRR23097466	NA	PUPPY	NA	NA	NA	Campylobacter jejuni	GenomeTrakr Project: FDA-CFSAN	SAMN32767407	Illumina MiSeq sequencing	SAMN32767407		NA	missing	USA:MN	29-12-22	NA	NA	1;131567;2;29547;3031852;213849;72294;194;197	29-12-22	29-12-22	PNUSAC032942:wgs	Nextera DNA Flex	NA	NA	NA	197
ERR4224589	NA	dog	NA	NA	NA	18S02781-1	Discerning Environmental Pathways of Campylobacter Transmission	18S02781-1	NextSeq 500 paired end sequencing	SAMEA6936249		NA	NA	Netherlands	31-12-18	NA	NA	1;131567;2;29547;3031852;213849;72294;194;197	01-01-18	2018	ena-EXPERIMENT-UTRECHT UNIVERSITY-09-06-2020-12:40:21:578-882	unspecified	NA	NA	NA	197
ERR4224545	NA	dog	NA	NA	NA	18S01734-1	Discerning Environmental Pathways of Campylobacter Transmission	18S01734-1	NextSeq 500 paired end sequencing	SAMEA6936081		NA	NA	Netherlands	31-12-18	NA	NA	1;131567;2;29547;3031852;213849;72294;194;197	01-01-18	2018	ena-EXPERIMENT-UTRECHT UNIVERSITY-09-06-2020-12:40:21:577-838	unspecified	NA	NA	NA	197
SRR28564537	Canis lupus familiaris	gastrointestinal tract	9615	NA	NA	One Health Enteric sample from Campylobacter jejuni	Vet-LIRN-Other-OH	OTH-22-VL-OH-WA-0045	Illumina MiSeq sequencing: WGS of a Camylobacter jejuni isolate	SAMN40758961		NA	NA	USA:ID	14-12-22	NA	NA	1;131567;2;29547;3031852;213849;72294;194;197	14-12-22	14-12-22	OTH-22-VL-OH-WA-0045	OTH-22-VL-OH-WA-0045	NA	NA	NA	197
ERR4224318	NA	dog	NA	NA	NA	17S00493-1	Discerning Environmental Pathways of Campylobacter Transmission	17S00493-1	NextSeq 500 paired end sequencing	SAMEA6935653		NA	NA	Netherlands	31-12-16	NA	NA	1;131567;2;29547;3031852;213849;72294;194;197	01-01-16	2016	ena-EXPERIMENT-UTRECHT UNIVERSITY-09-06-2020-12:40:21:569-611	unspecified	NA	NA	NA	197
SRR12623862	Canis lupus familiaris	missing	9615	NA	NA	Pathogen: Dog-associated sample of Campylobacter jejuni subsp. jejuni dog017	Campylobacter jejuni subsp. jejuni dog017 Genome sequencing and assembly	Dog017	Illumina MiSeq sequencing: WGS of Campylobacter jejuni subsp. jejuni dog017	SAMN15860712	Campylobacter jejuni subsp. jejuni strain:Dog017	NA	NA	Peru:Loreto, Peruvian Amazon, Santo Tomas	31-10-19	3.8 S 73.34 W	-73.34	1;131567;2;29547;3031852;213849;72294;194;197;32022	30-09-19	2019-10	Cjdog017	Cjdog017	-3.8	NA	3.8 S 73.34 W	32022
SRR8787352	Canis lupus familiaris	dog	9615	NA	NA	Pathogen: clinical or host-associated sample from Campylobacter jejuni	Campylobacter is a hugely diverse species with multiple lineages commonly found in the intestines of most mammals and avian species. We use a microevolutionary approach to estimate the effect of mutation and recombination on the rate at which lineage	ID5770_79-477	Illumina MiSeq sequencing: Campylobacter WGS	SAMN11258574		NA	Mseq#56_S42	USA: New York	31-12-79	40.44 N 73.58 W	-73.58	1;131567;2;29547;3031852;213849;72294;194;197	01-01-79	1979	Mseq#56_S42	Mseq#56_S42	40.44	NA	40.44 N 73.58 W	197
SRR6219838	canine	feces	NA	NA	NA	Pathogen: environmental/food/other sample from Campylobacter jejuni	GenomeTrakr Project: Ohio Department of Agriculture Animal Disease Diagnostic Laboratory	SAMN07823464	Illumina MiSeq paired end sequencing: Whole genome Illumina MiSeq sequence of Campylobacter jejuni	SAMN07823464		NA	CFSAN070930	USA:OH	31-12-17	NA	NA	1;131567;2;29547;3031852;213849;72294;194;197	01-01-17	2017	EXT00281251	Nextera XT library SEQ000064361	NA	NA	NA	197
ERR4224322	NA	dog	NA	NA	NA	17S00497-1	Discerning Environmental Pathways of Campylobacter Transmission	17S00497-1	NextSeq 500 paired end sequencing	SAMEA6935740		NA	NA	Netherlands	31-12-16	NA	NA	1;131567;2;29547;3031852;213849;72294;194;197	01-01-16	2016	ena-EXPERIMENT-UTRECHT UNIVERSITY-09-06-2020-12:40:21:570-615	unspecified	NA	NA	NA	197
SRR27989230	Canis lupus familiaris	feces	9615	NA	NA	One Health Enteric sample from Campylobacter jejuni	Vet-LIRN-Other-LA	OTH-23-VL-LA-ND-0030	Illumina MiSeq sequencing: NexteraXT library:Veterinary Pathogens	SAMN39962846		NA	NA	USA:MN	03-07-23	NA	NA	1;131567;2;29547;3031852;213849;72294;194;197	02-07-23	03-07-23	OTH-23-VL-LA-ND-0030	OTH-23-VL-LA-ND-0030	NA	NA	NA	197
SRR6171586	Canis lupus	missing	9612	NA	NA	Pathogen: clinical or host-associated sample from Campylobacter jejuni	Campylobacter Genome sequencing and assembly	PNUSAC002577	Illumina MiSeq sequencing	SAMN07504897		NA	NA	USA	NA	NA	NA	1;131567;2;29547;3031852;213849;72294;194;197	NA	missing	2017D-0136:wgs	NexteraXT	NA	NA	NA	197
SRR8397531	Canis lupus familiaris	feces	9615	NA	NA	Pathogen: environmental/food/other sample from Campylobacter sp. OH-18-22463	GenomeTrakr Project: Ohio Department of Agriculture Animal Disease Diagnostic Laboratory	SAMN10686084	Illumina MiSeq paired end sequencing: Whole genome Illumina MiSeq sequence of Campylobacter sp.	SAMN10686084		NA	CFSAN090004	USA:OH	31-10-18	NA	NA	1;131567;2;29547;3031852;213849;72294;194;2593542;2500165	30-09-18	2018-10	EXT00340076	Nextera XT library SEQ000085321	NA	NA	NA	2500165
ERR4224535	NA	dog	NA	NA	NA	18S01651-1	Discerning Environmental Pathways of Campylobacter Transmission	18S01651-1	NextSeq 500 paired end sequencing	SAMEA6936067		NA	NA	Netherlands	31-12-17	NA	NA	1;131567;2;29547;3031852;213849;72294;194;197	01-01-17	2017	ena-EXPERIMENT-UTRECHT UNIVERSITY-09-06-2020-12:40:21:577-828	unspecified	NA	NA	NA	197
ERR4224519	NA	dog	NA	NA	NA	18S01358-1	Discerning Environmental Pathways of Campylobacter Transmission	18S01358-1	NextSeq 500 paired end sequencing	SAMEA6936123		NA	NA	Netherlands	31-12-18	NA	NA	1;131567;2;29547;3031852;213849;72294;194;197	01-01-18	2018	ena-EXPERIMENT-UTRECHT UNIVERSITY-09-06-2020-12:40:21:576-812	unspecified	NA	NA	NA	197
SRR13042628	Canis lupus familiaris	feces	9615	NA	NA	Pathogen: environmental/food/other sample from Campylobacter jejuni	GenomeTrakr Project: Ohio Department of Agriculture Animal Disease Diagnostic Laboratory	AG20-0154	Illumina MiSeq sequencing: WGS of a Campylobacter isolate	SAMN16781624		NA	AG20-0154	USA:MA	29-10-20	NA	NA	1;131567;2;29547;3031852;213849;72294;194;197	29-10-20	29-10-20	AG20-0154	AG20-0154	NA	NA	NA	197
SRR8041688	Canis lupus familiaris	feces	9615	NA	NA	Pathogen: environmental/food/other sample from Campylobacter jejuni	GenomeTrakr Project: Ohio Department of Agriculture Animal Disease Diagnostic Laboratory	SAMN09917870	Illumina MiSeq paired end sequencing: Whole genome Illumina MiSeq sequence of Campylobacter sp.	SAMN09917870		NA	CFSAN085429	USA:OH	31-12-18	NA	NA	1;131567;2;29547;3031852;213849;72294;194;197	01-01-18	2018	EXT00329441	Nextera XT library SEQ000081387	NA	NA	NA	197
SRR6814034	Canis lupus familiaris	feces	9615	NA	NA	Pathogen: environmental/food/other sample from Campylobacter sp. CFSAN076608	GenomeTrakr Project: Ohio Department of Agriculture Animal Disease Diagnostic Laboratory	SAMN08624511	Illumina MiSeq paired end sequencing: Whole genome Illumina MiSeq sequence of Campylobacter sp.	SAMN08624511		NA	CFSAN076608	USA:FL	31-12-18	NA	NA	1;131567;2;29547;3031852;213849;72294;194;2593542;2107674	01-01-18	2018	EXT00299468	Nextera XT library SEQ000070338	NA	NA	NA	2107674
SRR6297976	canine	feces	NA	NA	NA	Pathogen: environmental/food/other sample from Campylobacter jejuni	GenomeTrakr Project: Ohio Department of Agriculture Animal Disease Diagnostic Laboratory	SAMN08025804	Illumina MiSeq paired end sequencing: Whole genome Illumina MiSeq sequence of Campylobacter jejuni	SAMN08025804		NA	CFSAN071607	USA:OH	31-12-17	NA	NA	1;131567;2;29547;3031852;213849;72294;194;197	01-01-17	2017	EXT00283659	Nextera XT library SEQ000065111	NA	NA	NA	197
SRR10537310	NA	Dog faeces	NA	NA	NA	Pathogen: environmental/food/other sample from Campylobacter jejuni	Campylobacter Isolates from Dog Faeces samples collected in Australia 2017-2019	19Q5019A1	NextSeq 500 sequencing: WGS of Australian Campylobacter Dog Isolate 19Q5019A1	SAMN13392881		NA	19Q5019A1	Australia: QLD	31-12-19	23.0 S 143.0 E	143	1;131567;2;29547;3031852;213849;72294;194;197	01-01-19	2019	19Q5019A1_LIB	19Q5019A1_LIB	-23	NA	23.0 S 143.0 E	197
SRR28564533	Canis lupus familiaris	feces	9615	NA	NA	One Health Enteric sample from Campylobacter jejuni	Vet-LIRN-Other-OH	OTH-23-VL-OH-IN-0005	Illumina MiSeq sequencing: WGS of a Camylobacter jejuni isolate	SAMN40758965		NA	NA	USA:IN	03-01-23	NA	NA	1;131567;2;29547;3031852;213849;72294;194;197	03-01-23	03-01-23	OTH-23-VL-OH-IN-0005	OTH-23-VL-OH-IN-0005	NA	NA	NA	197
SRR6903158	Canis lupus familiaris	feces	9615	NA	NA	Pathogen: environmental/food/other sample from Campylobacter sp. CFSAN078339	GenomeTrakr Project: Ohio Department of Agriculture Animal Disease Diagnostic Laboratory	SAMN08744590	Illumina MiSeq paired end sequencing: Whole genome Illumina MiSeq sequence of Campylobacter sp.	SAMN08744590		NA	CFSAN078339	USA:OH	31-12-18	NA	NA	1;131567;2;29547;3031852;213849;72294;194;2593542;2133957	01-01-18	2018	EXT00301934	Nextera XT library SEQ000071279	NA	NA	NA	2133957
SRR7066541	NA	dog feces	NA	NA	NA	Pathogen: environmental/food/other sample from Campylobacter jejuni	GenomeTrakr Project: FDA-CFSAN	SAMN08930145	Illumina MiSeq paired end sequencing: Whole genome Illumina MiSeq sequence of Campylobacter jejuni	SAMN08930145		NA	CFSAN076455	USA:MN	18-01-18	NA	NA	1;131567;2;29547;3031852;213849;72294;194;197	18-01-18	18-01-18	EXT00308638	Nextera XT library SEQ000069968	NA	NA	NA	197
SRR8388781	NA	Canine Feces	NA	NA	NA	Campylobacter jejuni	Campylobacter Genome sequencing and assembly	SAMN10689123	Illumina MiSeq sequencing	SAMN10689123		NA	missing	USA	28-02-18	NA	NA	1;131567;2;29547;3031852;213849;72294;194;197	01-02-18	2018-02	PNUSAC007407:wgs	NexteraXT	NA	NA	NA	197
SRR12488030	Canis lupus familiaris	missing	9615	NA	NA	Pathogen: Dog-associated sample of Campylobacter jejuni GP014	Campylobacter jejuni subsp. jejuni dog014 genome sequencing and assembly	Dog014	Illumina MiSeq sequencing: WGS of Campylobacter jejuni subsp. jejuni dog014	SAMN15860709		NA	NA	Peru:Loreto, Peruvian Amazon, Santo Tomas	31-10-19	3.8 S 73.34 W	-73.34	1;131567;2;29547;3031852;213849;72294;194;197	30-09-19	2019-10	Cjdog014	Cjdog014	-3.8	NA	3.8 S 73.34 W	197
SRR8041470	Canis lupus familiaris	feces	9615	NA	NA	Pathogen: environmental/food/other sample from Campylobacter jejuni	GenomeTrakr Project: Ohio Department of Agriculture Animal Disease Diagnostic Laboratory	SAMN09917873	Illumina MiSeq paired end sequencing: Whole genome Illumina MiSeq sequence of Campylobacter sp.	SAMN09917873		NA	CFSAN085428	USA:OH	31-12-18	NA	NA	1;131567;2;29547;3031852;213849;72294;194;197	01-01-18	2018	EXT00329437	Nextera XT library SEQ000081389	NA	NA	NA	197
SRR9831452	NA	dog feces	NA	NA	NA	Pathogen: environmental/food/other sample from Campylobacter jejuni	GenomeTrakr Project: FDA-CFSAN	SAMN12360803	Illumina MiSeq paired end sequencing: Whole genome Illumina MiSeq sequence of Campylobacter jejuni	SAMN12360803		NA	CFSAN095147	USA:MN	18-04-19	NA	NA	1;131567;2;29547;3031852;213849;72294;194;197	17-04-19	18-04-19	EXT00364656	Nextera XT library SEQ000095127	NA	NA	NA	197
SRR7499466	NA	Caniine Stool	NA	NA	NA	Campylobacter jejuni	Campylobacter Genome sequencing and assembly	SAMN09631652	Illumina MiSeq sequencing	SAMN09631652		NA	missing	USA	30-06-18	NA	NA	1;131567;2;29547;3031852;213849;72294;194;197	31-05-18	2018-06	PNUSAC005199:wgs	NexteraXT	NA	NA	NA	197
ERR4224610	NA	dog	NA	NA	NA	18S03494-1	Discerning Environmental Pathways of Campylobacter Transmission	18S03494-1	NextSeq 500 paired end sequencing	SAMEA6936357		NA	NA	Netherlands	31-12-18	NA	NA	1;131567;2;29547;3031852;213849;72294;194;197	01-01-18	2018	ena-EXPERIMENT-UTRECHT UNIVERSITY-09-06-2020-12:40:21:579-903	unspecified	NA	NA	NA	197
SRR7705338	NA	Caniine Stool	NA	NA	NA	Campylobacter jejuni	Campylobacter Genome sequencing and assembly	SAMN09847609	Illumina MiSeq sequencing	SAMN09847609		NA	missing	USA	31-07-18	NA	NA	1;131567;2;29547;3031852;213849;72294;194;197	30-06-18	2018-07	PNUSAC005760:wgs	NexteraXT	NA	NA	NA	197
ERR4224522	NA	dog	NA	NA	NA	18S01571-1	Discerning Environmental Pathways of Campylobacter Transmission	18S01571-1	NextSeq 500 paired end sequencing	SAMEA6936130		NA	NA	Netherlands	31-12-18	NA	NA	1;131567;2;29547;3031852;213849;72294;194;197	01-01-18	2018	ena-EXPERIMENT-UTRECHT UNIVERSITY-09-06-2020-12:40:21:576-815	unspecified	NA	NA	NA	197
ERR4224557	NA	dog	NA	NA	NA	18S01910-1	Discerning Environmental Pathways of Campylobacter Transmission	18S01910-1	NextSeq 500 paired end sequencing	SAMEA6936146		NA	NA	Netherlands	31-12-18	NA	NA	1;131567;2;29547;3031852;213849;72294;194;197	01-01-18	2018	ena-EXPERIMENT-UTRECHT UNIVERSITY-09-06-2020-12:40:21:577-850	unspecified	NA	NA	NA	197
ERR4224515	NA	dog	NA	NA	NA	18S01264-1	Discerning Environmental Pathways of Campylobacter Transmission	18S01264-1	NextSeq 500 paired end sequencing	SAMEA6936118		NA	NA	Netherlands	31-12-18	NA	NA	1;131567;2;29547;3031852;213849;72294;194;197	01-01-18	2018	ena-EXPERIMENT-UTRECHT UNIVERSITY-09-06-2020-12:40:21:576-808	unspecified	NA	NA	NA	197
SRR29692399	Canis lupus familiaris	feces	9615	NA	NA	One Health Enteric sample from Campylobacter jejuni	Vet-LIRN-Other-GU	OTH-23-VL-ON-ON-0038	Illumina MiSeq sequencing: WGS of a Campylobacter jejuni isolate	SAMN42278435		NA	NA	Canada:Ontario	23-06-23	NA	NA	1;131567;2;29547;3031852;213849;72294;194;197	22-06-23	23-06-23	OTH-23-VL-ON-ON-0038	OTH-23-VL-ON-ON-0038	NA	NA	NA	197
ERR4224317	NA	dog	NA	NA	NA	17S00492-1	Discerning Environmental Pathways of Campylobacter Transmission	17S00492-1	NextSeq 500 paired end sequencing	SAMEA6935645		NA	NA	Netherlands	31-12-16	NA	NA	1;131567;2;29547;3031852;213849;72294;194;197	01-01-16	2016	ena-EXPERIMENT-UTRECHT UNIVERSITY-09-06-2020-12:40:21:569-610	unspecified	NA	NA	NA	197
ERR4224517	NA	dog	NA	NA	NA	18S01344-1	Discerning Environmental Pathways of Campylobacter Transmission	18S01344-1	NextSeq 500 paired end sequencing	SAMEA6936121		NA	NA	Netherlands	31-12-18	NA	NA	1;131567;2;29547;3031852;213849;72294;194;197	01-01-18	2018	ena-EXPERIMENT-UTRECHT UNIVERSITY-09-06-2020-12:40:21:576-810	unspecified	NA	NA	NA	197
SRR10537322	NA	Dog faeces	NA	NA	NA	Pathogen: environmental/food/other sample from Campylobacter jejuni	Campylobacter Isolates from Dog Faeces samples collected in Australia 2017-2019	18N5153A1	NextSeq 500 sequencing: WGS of Australian Campylobacter Dog Isolate 18N5153A1	SAMN13392865		NA	18N5153A1	Australia: NSW	31-12-18	32.0 S 147.0 E	147	1;131567;2;29547;3031852;213849;72294;194;197	01-01-18	2018	18N5153A1_LIB	18N5153A1_LIB	-32	NA	32.0 S 147.0 E	197
SRR6289217	Canis lupus familiaris	Canine Stool	9615	NA	NA	Pathogen: environmental/food/other sample from Campylobacter jejuni	Campylobacter Genome sequencing and assembly	PNUSAC003174	Illumina MiSeq sequencing	SAMN08016803		NA	NA	USA	31-10-17	NA	NA	1;131567;2;29547;3031852;213849;72294;194;197	30-09-17	2017-10	PNUSAC003174:wgs	NexteraXT	NA	NA	NA	197
ERR4224324	NA	dog	NA	NA	NA	17S00499-1	Discerning Environmental Pathways of Campylobacter Transmission	17S00499-1	NextSeq 500 paired end sequencing	SAMEA6935762		NA	NA	Netherlands	31-12-16	NA	NA	1;131567;2;29547;3031852;213849;72294;194;197	01-01-16	2016	ena-EXPERIMENT-UTRECHT UNIVERSITY-09-06-2020-12:40:21:570-617	unspecified	NA	NA	NA	197
ERR4224574	NA	dog	NA	NA	NA	18S02231-2	Discerning Environmental Pathways of Campylobacter Transmission	18S02231-2	NextSeq 500 paired end sequencing	SAMEA6936157		NA	NA	Netherlands	31-12-18	NA	NA	1;131567;2;29547;3031852;213849;72294;194;197	01-01-18	2018	ena-EXPERIMENT-UTRECHT UNIVERSITY-09-06-2020-12:40:21:578-867	unspecified	NA	NA	NA	197
SRR6171587	Canis lupus	missing	9612	NA	NA	Pathogen: clinical or host-associated sample from Campylobacter jejuni	Campylobacter Genome sequencing and assembly	PNUSAC002576	Illumina MiSeq sequencing	SAMN07504896		NA	NA	USA	NA	NA	NA	1;131567;2;29547;3031852;213849;72294;194;197	NA	missing	2017D-0139:wgs	NexteraXT	NA	NA	NA	197
SRR6232416	Canine	Canine Stool	NA	NA	NA	Pathogen: environmental/food/other sample from Campylobacter jejuni	Campylobacter Genome sequencing and assembly	PNUSAC003046	Illumina MiSeq sequencing	SAMN07838742		NA	NA	USA:WY	30-04-07	NA	NA	1;131567;2;29547;3031852;213849;72294;194;197	31-03-07	2007-04	PNUSAC003046:wgs	NexteraXT	NA	NA	NA	197
ERR4224556	NA	dog	NA	NA	NA	18S01840-1	Discerning Environmental Pathways of Campylobacter Transmission	18S01840-1	NextSeq 500 paired end sequencing	SAMEA6936143		NA	NA	Netherlands	31-12-18	NA	NA	1;131567;2;29547;3031852;213849;72294;194;197	01-01-18	2018	ena-EXPERIMENT-UTRECHT UNIVERSITY-09-06-2020-12:40:21:577-849	unspecified	NA	NA	NA	197
SRR27150577	Canis lupus familiaris	feces	9615	NA	NA	One Health Enteric sample from Campylobacter jejuni	Vet-LIRN Archived Isolate Sequencing Project	AG23-0345	Illumina MiSeq sequencing: WGS of a Campylobacter jejuni isolate	SAMN38730545		NA	NA	USA:Ohio	20-11-23	NA	NA	1;131567;2;29547;3031852;213849;72294;194;197	20-11-23	20-11-23	AG23-0345	AG23-0345	NA	NA	NA	197
SRR9831419	NA	dog feces	NA	NA	NA	Pathogen: environmental/food/other sample from Campylobacter jejuni	GenomeTrakr Project: FDA-CFSAN	SAMN12360738	Illumina MiSeq paired end sequencing: Whole genome Illumina MiSeq sequence of Campylobacter jejuni	SAMN12360738		NA	CFSAN095148	USA:MN	18-04-19	NA	NA	1;131567;2;29547;3031852;213849;72294;194;197	17-04-19	18-04-19	EXT00364641	Nextera XT library SEQ000095128	NA	NA	NA	197
SRR10611149	NA	feces (canine)	NA	NA	NA	Campylobacter jejuni	GenomeTrakr Project: Texas Department of State Health Services	SAMN13516372	Illumina MiSeq sequencing	SAMN13516372		NA	TTU_649	USA:TX	31-12-18	NA	NA	1;131567;2;29547;3031852;213849;72294;194;197	01-01-18	2018	TTU_649:wgs	Nextera DNA Flex	NA	NA	NA	197
SRR10898003	NA	feces (canine)	NA	NA	NA	Campylobacter jejuni	GenomeTrakr Project: Texas Department of State Health Services	SAMN13866913	Illumina MiSeq sequencing	SAMN13866913		NA	TTU_661	USA:TX	31-12-18	NA	NA	1;131567;2;29547;3031852;213849;72294;194;197	01-01-18	2018	TTU_661:wgs	Nextera DNA Flex	NA	NA	NA	197
SRR9029459	Canis lupus familiaris	feces	9615	NA	NA	Pathogen: environmental/food/other sample from Campylobacter jejuni	GenomeTrakr Project: Ohio Department of Agriculture Animal Disease Diagnostic Laboratory	SAMN11604753	Illumina MiSeq paired end sequencing: Whole genome Illumina MiSeq sequence of Campylobacter jejuni	SAMN11604753		NA	CFSAN093711	USA:OH	29-04-19	NA	NA	1;131567;2;29547;3031852;213849;72294;194;197	28-04-19	29-04-19	EXT00356029	Nextera XT library SEQ000091509	NA	NA	NA	197
SRR6080585	Canis lupus familiaris	feces	9615	NA	NA	Pathogen: environmental/food/other sample from Campylobacter jejuni	GenomeTrakr Project: Ohio Department of Agriculture Animal Disease Diagnostic Laboratory	SAMN07710399	Illumina MiSeq paired end sequencing: Whole genome Illumina MiSeq sequence of Campylobacter jejuni	SAMN07710399		NA	CFSAN069649	USA:OH	31-12-17	NA	NA	1;131567;2;29547;3031852;213849;72294;194;197	01-01-17	2017	EXT00276186	Nextera XT library SEQ000063079	NA	NA	NA	197
SRR12488025	Canis lupus familiaris	missing	9615	NA	NA	Pathogen: Dog-associated sample of Campylobacter jejuni subsp. jejuni	Campylobacter jejuni subsp. jejuni dog015 Genome sequencing and assembly	Dog015	Illumina MiSeq sequencing: WGS of Campylobacter jejuni subsp. jejuni dog015	SAMN15860710	Campylobacter jejuni subsp. jejuni strain:Dog015	NA	NA	Peru:Loreto, Peruvian Amazon, Santo Tomas	31-10-19	3.8 S 73.34 W	-73.34	1;131567;2;29547;3031852;213849;72294;194;197;32022	30-09-19	2019-10	Cjdog015	Cjdog015	-3.8	NA	3.8 S 73.34 W	32022
ERR4224523	NA	dog	NA	NA	NA	18S01608-1	Discerning Environmental Pathways of Campylobacter Transmission	18S01608-1	NextSeq 500 paired end sequencing	SAMEA6935853		NA	NA	Netherlands	31-12-17	NA	NA	1;131567;2;29547;3031852;213849;72294;194;197	01-01-17	2017	ena-EXPERIMENT-UTRECHT UNIVERSITY-09-06-2020-12:40:21:576-816	unspecified	NA	NA	NA	197
SRR6058449	Canine	Canine Stool	NA	NA	NA	Pathogen: environmental/food/other sample from Campylobacter jejuni	Campylobacter Genome sequencing and assembly	PNUSAC002791	Illumina MiSeq sequencing	SAMN07679644		NA	NA	USA:WY	31-08-14	NA	NA	1;131567;2;29547;3031852;213849;72294;194;197	31-07-14	2014-08	PNUSAC002791:wgs	NexteraXT	NA	NA	NA	197
SRR10537312	NA	Dog faeces	NA	NA	NA	Pathogen: environmental/food/other sample from Campylobacter jejuni	Campylobacter Isolates from Dog Faeces samples collected in Australia 2017-2019	18V5358A1	NextSeq 500 sequencing: WGS of Australian Campylobacter Dog Isolate 18V5358A1	SAMN13392879		NA	18V5358A1	Australia: VIC	31-12-18	37.0 S 144.0 E	144	1;131567;2;29547;3031852;213849;72294;194;197	01-01-18	2018	18V5358A1_LIB	18V5358A1_LIB	-37	NA	37.0 S 144.0 E	197
SRR10537313	NA	Dog faeces	NA	NA	NA	Pathogen: environmental/food/other sample from Campylobacter jejuni	Campylobacter Isolates from Dog Faeces samples collected in Australia 2017-2019	18V5353A1	NextSeq 500 sequencing: WGS of Australian Campylobacter Dog Isolate 18V5353A1	SAMN13392878		NA	18V5353A1	Australia: VIC	31-12-18	37.0 S 144.0 E	144	1;131567;2;29547;3031852;213849;72294;194;197	01-01-18	2018	18V5353A1_LIB	18V5353A1_LIB	-37	NA	37.0 S 144.0 E	197
ERR4224605	NA	dog	NA	NA	NA	18S03281-1	Discerning Environmental Pathways of Campylobacter Transmission	18S03281-1	NextSeq 500 paired end sequencing	SAMEA6936327		NA	NA	Netherlands	31-12-18	NA	NA	1;131567;2;29547;3031852;213849;72294;194;197	01-01-18	2018	ena-EXPERIMENT-UTRECHT UNIVERSITY-09-06-2020-12:40:21:579-898	unspecified	NA	NA	NA	197
SRR24886328	NA	Dog stool	NA	NA	NA	One Health Enteric sample from Campylobacter jejuni	GenomeTrakr Project: FDA-CFSAN	PNUSAC030082	Illumina MiSeq sequencing: WGS of Campylobacter : Genome Trakr	SAMN35687487		NA	NA	USA:MN	29-07-22	NA	NA	1;131567;2;29547;3031852;213849;72294;194;197	28-07-22	29-07-22	PNUSAC030082	PNUSAC030082	NA	NA	NA	197
ERR4224579	NA	dog	NA	NA	NA	18S02414-1	Discerning Environmental Pathways of Campylobacter Transmission	18S02414-1	NextSeq 500 paired end sequencing	SAMEA6936189		NA	NA	Netherlands	31-12-18	NA	NA	1;131567;2;29547;3031852;213849;72294;194;197	01-01-18	2018	ena-EXPERIMENT-UTRECHT UNIVERSITY-09-06-2020-12:40:21:578-872	unspecified	NA	NA	NA	197
SRR6252248	canine	Canine Intestine	NA	NA	NA	Pathogen: environmental/food/other sample from Campylobacter jejuni	Campylobacter Genome sequencing and assembly	PNUSAC003097	Illumina MiSeq sequencing	SAMN07967646		NA	NA	USA:WY	28-02-09	NA	NA	1;131567;2;29547;3031852;213849;72294;194;197	01-02-09	2009-02	PNUSAC003097:wgs	NexteraXT	NA	NA	NA	197
ERR4224597	NA	dog	NA	NA	NA	18S02969-1	Discerning Environmental Pathways of Campylobacter Transmission	18S02969-1	NextSeq 500 paired end sequencing	SAMEA6936270		NA	NA	Netherlands	31-12-18	NA	NA	1;131567;2;29547;3031852;213849;72294;194;197	01-01-18	2018	ena-EXPERIMENT-UTRECHT UNIVERSITY-09-06-2020-12:40:21:579-890	unspecified	NA	NA	NA	197
SRR6902729	Canis lupus familiaris	feces	9615	NA	NA	Pathogen: environmental/food/other sample from Campylobacter sp. CFSAN078342	GenomeTrakr Project: Ohio Department of Agriculture Animal Disease Diagnostic Laboratory	SAMN08744587	Illumina MiSeq paired end sequencing: Whole genome Illumina MiSeq sequence of Campylobacter sp.	SAMN08744587		NA	CFSAN078342	USA:OH	31-12-18	NA	NA	1;131567;2;29547;3031852;213849;72294;194;2593542;2133955	01-01-18	2018	EXT00301900	Nextera XT library SEQ000071281	NA	NA	NA	2133955
SRR5935033	Canis lupus	Canine Stool	9612	NA	NA	Pathogen: clinical or host-associated sample from Campylobacter jejuni	Campylobacter Genome sequencing and assembly	PNUSAC002574	Illumina MiSeq sequencing	SAMN07504894		NA	NA	USA	31-07-17	NA	NA	1;131567;2;29547;3031852;213849;72294;194;197	30-06-17	2017-07	PNUSAC002574:wgs	NexteraXT	NA	NA	NA	197
ERR4224590	NA	dog	NA	NA	NA	18S02785-1	Discerning Environmental Pathways of Campylobacter Transmission	18S02785-1	NextSeq 500 paired end sequencing	SAMEA6936227		NA	NA	Netherlands	31-12-18	NA	NA	1;131567;2;29547;3031852;213849;72294;194;197	01-01-18	2018	ena-EXPERIMENT-UTRECHT UNIVERSITY-09-06-2020-12:40:21:579-883	unspecified	NA	NA	NA	197
SRR5579133	canine	Canine Stool	NA	NA	NA	Pathogen: environmental/food/other sample from Campylobacter jejuni	Campylobacter Genome sequencing and assembly	PNUSAC001945	Illumina MiSeq sequencing	SAMN07137788		NA	NA	USA:WY	30-04-17	NA	NA	1;131567;2;29547;3031852;213849;72294;194;197	31-03-17	2017-04	PNUSAC001945:wgs	NexteraXT	NA	NA	NA	197
SRR7660681	Canis lupus familiaris	feces	9615	NA	NA	Pathogen: environmental/food/other sample from Campylobacter jejuni	GenomeTrakr Project: Ohio Department of Agriculture Animal Disease Diagnostic Laboratory	SAMN09784513	Illumina MiSeq paired end sequencing: Whole genome Illumina MiSeq sequence of Campylobacter sp.	SAMN09784513		NA	CFSAN084763	USA:OH	31-12-18	NA	NA	1;131567;2;29547;3031852;213849;72294;194;197	01-01-18	2018	EXT00323546	Nextera XT library SEQ000079134	NA	NA	NA	197
SRR8260220	missing	Canine Feces	NA	NA	NA	Campylobacter jejuni	Campylobacter Genome sequencing and assembly	SAMN10497208	Illumina MiSeq sequencing	SAMN10497208		NA	missing	USA	19-11-18	NA	NA	1;131567;2;29547;3031852;213849;72294;194;197	19-11-18	19-11-18	PNUSAC007037:wgs	NexteraXT	NA	NA	NA	197
SRR22974871	NA	feces (Canis lupus familiaris)	NA	NA	NA	Pathogen: environmental/food/other sample from Campylobacter jejuni	Vet-LIRN Archived Isolate Sequencing Project	AG22-0126	Illumina MiSeq sequencing: WGS of a Campylobacter jejuni isolate	SAMN32579332		NA	803.04-OTH-026	USA:WI	18-11-22	NA	NA	1;131567;2;29547;3031852;213849;72294;194;197	18-11-22	18-11-22	AG22-0126	AG22-0126	NA	NA	NA	197
SRR28564534	Canis lupus familiaris	small intestine	9615	NA	NA	One Health Enteric sample from Campylobacter jejuni	Vet-LIRN-Other-OH	OTH-23-VL-OH-IN-0032	Illumina MiSeq sequencing: WGS of a Camylobacter jejuni isolate	SAMN40758964		NA	NA	USA:IN	16-06-23	NA	NA	1;131567;2;29547;3031852;213849;72294;194;197	15-06-23	16-06-23	OTH-23-VL-OH-IN-0032	OTH-23-VL-OH-IN-0032	NA	NA	NA	197
ERR4224537	NA	dog	NA	NA	NA	18S01666-1	Discerning Environmental Pathways of Campylobacter Transmission	18S01666-1	NextSeq 500 paired end sequencing	SAMEA6936073		NA	NA	Netherlands	31-12-17	NA	NA	1;131567;2;29547;3031852;213849;72294;194;197	01-01-17	2017	ena-EXPERIMENT-UTRECHT UNIVERSITY-09-06-2020-12:40:21:577-830	unspecified	NA	NA	NA	197
ERR4224320	NA	dog	NA	NA	NA	17S00495-1	Discerning Environmental Pathways of Campylobacter Transmission	17S00495-1	NextSeq 500 paired end sequencing	SAMEA6935711		NA	NA	Netherlands	31-12-16	NA	NA	1;131567;2;29547;3031852;213849;72294;194;197	01-01-16	2016	ena-EXPERIMENT-UTRECHT UNIVERSITY-09-06-2020-12:40:21:570-613	unspecified	NA	NA	NA	197
SRR6289215	Canis lupus familiaris	Canine Stool	9615	NA	NA	Pathogen: environmental/food/other sample from Campylobacter jejuni	Campylobacter Genome sequencing and assembly	PNUSAC003172	Illumina MiSeq sequencing	SAMN08016801		NA	NA	USA	31-10-17	NA	NA	1;131567;2;29547;3031852;213849;72294;194;197	30-09-17	2017-10	PNUSAC003172:wgs	NexteraXT	NA	NA	NA	197
ERR4224588	NA	dog	NA	NA	NA	18S02689-1	Discerning Environmental Pathways of Campylobacter Transmission	18S02689-1	NextSeq 500 paired end sequencing	SAMEA6936226		NA	NA	Netherlands	31-12-18	NA	NA	1;131567;2;29547;3031852;213849;72294;194;197	01-01-18	2018	ena-EXPERIMENT-UTRECHT UNIVERSITY-09-06-2020-12:40:21:578-881	unspecified	NA	NA	NA	197
SRR6813834	Canis lupus familiaris	feces	9615	NA	NA	Pathogen: environmental/food/other sample from Campylobacter sp. CFSAN076607	GenomeTrakr Project: Ohio Department of Agriculture Animal Disease Diagnostic Laboratory	SAMN08624510	Illumina MiSeq paired end sequencing: Whole genome Illumina MiSeq sequence of Campylobacter sp.	SAMN08624510		NA	CFSAN076607	USA:FL	31-12-18	NA	NA	1;131567;2;29547;3031852;213849;72294;194;2593542;2107673	01-01-18	2018	EXT00299423	Nextera XT library SEQ000070336	NA	NA	NA	2107673
ERR4224559	NA	dog	NA	NA	NA	18S02029-1	Discerning Environmental Pathways of Campylobacter Transmission	18S02029-1	NextSeq 500 paired end sequencing	SAMEA6936702		NA	NA	Netherlands	31-12-18	NA	NA	1;131567;2;29547;3031852;213849;72294;194;195	01-01-18	2018	ena-EXPERIMENT-UTRECHT UNIVERSITY-09-06-2020-12:40:21:577-852	unspecified	NA	NA	NA	195
SRR7242753	Canis lupus familiaris	intestine	9615	NA	NA	Pathogen: environmental/food/other sample from Campylobacter jejuni	GenomeTrakr Project: Ohio Department of Agriculture Animal Disease Diagnostic Laboratory	SAMN09279864	Illumina MiSeq paired end sequencing: Whole genome Illumina MiSeq sequence of Campylobacter sp.	SAMN09279864		NA	CFSAN081868	USA:OH	31-12-13	NA	NA	1;131567;2;29547;3031852;213849;72294;194;197	01-01-13	2013	EXT00314081	Nextera XT library SEQ000075320	NA	NA	NA	197
SRR6354173	NA	dog stool	NA	NA	NA	Pathogen: environmental/food/other sample from Campylobacter jejuni	GenomeTrakr Project: Washington State Department of Health	SAMN08057817	Illumina MiSeq paired end sequencing: Whole genome Illumina MiSeq sequence of Campylobacter jejuni	SAMN08057817		NA	CFSAN071995	USA:WA	30-11-17	NA	NA	1;131567;2;29547;3031852;213849;72294;194;197	01-11-17	2017-11	EXT00286956	Nextera XT library SEQ000066010	NA	NA	NA	197
ERR4224510	NA	dog	NA	NA	NA	18S01157-1	Discerning Environmental Pathways of Campylobacter Transmission	18S01157-1	NextSeq 500 paired end sequencing	SAMEA6936112		NA	NA	Netherlands	31-12-18	NA	NA	1;131567;2;29547;3031852;213849;72294;194;197	01-01-18	2018	ena-EXPERIMENT-UTRECHT UNIVERSITY-09-06-2020-12:40:21:576-803	unspecified	NA	NA	NA	197
SRR6269843	Canis lupus familiaris	puppy stool	9615	NA	NA	Pathogen: environmental/food/other sample from Campylobacter coli	GenomeTrakr Project: Ohio Department of Agriculture Animal Disease Diagnostic Laboratory	SAMN08001074	Illumina MiSeq paired end sequencing: Whole genome Illumina MiSeq sequence of Campylobacter coli	SAMN08001074		NA	CFSAN071420	USA:PA	14-09-17	NA	NA	1;131567;2;29547;3031852;213849;72294;194;195	13-09-17	14-09-17	EXT00282984	Nextera XT library SEQ000064997	NA	NA	NA	195
SRR7213803	missing	Canine Feces	NA	NA	NA	Campylobacter jejuni	Campylobacter Genome sequencing and assembly	SAMN09254308	Illumina MiSeq sequencing	SAMN09254308		NA	missing	USA	30-04-18	NA	NA	1;131567;2;29547;3031852;213849;72294;194;197	31-03-18	2018-04	PNUSAC004560:wgs	NexteraXT	NA	NA	NA	197
SRR6252251	canine	Canine Stool	NA	NA	NA	Pathogen: environmental/food/other sample from Campylobacter jejuni	Campylobacter Genome sequencing and assembly	PNUSAC003106	Illumina MiSeq sequencing	SAMN07967655		NA	NA	USA:WY	31-07-07	NA	NA	1;131567;2;29547;3031852;213849;72294;194;197	30-06-07	2007-07	PNUSAC003106:wgs	NexteraXT	NA	NA	NA	197
ERR4224548	NA	dog	NA	NA	NA	18S01743-1	Discerning Environmental Pathways of Campylobacter Transmission	18S01743-1	NextSeq 500 paired end sequencing	SAMEA6936136		NA	NA	Netherlands	31-12-18	NA	NA	1;131567;2;29547;3031852;213849;72294;194;197	01-01-18	2018	ena-EXPERIMENT-UTRECHT UNIVERSITY-09-06-2020-12:40:21:577-841	unspecified	NA	NA	NA	197
SRR6814032	Canis lupus familiaris	feces	9615	NA	NA	Pathogen: environmental/food/other sample from Campylobacter sp. CFSAN076605	GenomeTrakr Project: Ohio Department of Agriculture Animal Disease Diagnostic Laboratory	SAMN08624512	Illumina MiSeq paired end sequencing: Whole genome Illumina MiSeq sequence of Campylobacter sp.	SAMN08624512		NA	CFSAN076605	USA:FL	31-12-18	NA	NA	1;131567;2;29547;3031852;213849;72294;194;2593542;2107675	01-01-18	2018	EXT00299470	Nextera XT library SEQ000070339	NA	NA	NA	2107675
SRR6814049	Canis lupus familiaris	feces	9615	NA	NA	Pathogen: environmental/food/other sample from Campylobacter sp. CFSAN076610	GenomeTrakr Project: Ohio Department of Agriculture Animal Disease Diagnostic Laboratory	SAMN08624507	Illumina MiSeq paired end sequencing: Whole genome Illumina MiSeq sequence of Campylobacter sp.	SAMN08624507		NA	CFSAN076610	USA:FL	31-12-18	NA	NA	1;131567;2;29547;3031852;213849;72294;194;2593542;2107670	01-01-18	2018	EXT00299449	Nextera XT library SEQ000070342	NA	NA	NA	2107670
ERR4224316	NA	dog	NA	NA	NA	17S00491-1	Discerning Environmental Pathways of Campylobacter Transmission	17S00491-1	NextSeq 500 paired end sequencing	SAMEA6935643		NA	NA	Netherlands	31-12-16	NA	NA	1;131567;2;29547;3031852;213849;72294;194;197	01-01-16	2016	ena-EXPERIMENT-UTRECHT UNIVERSITY-09-06-2020-12:40:21:569-609	unspecified	NA	NA	NA	197
ERR4224511	NA	dog	NA	NA	NA	18S01215-1	Discerning Environmental Pathways of Campylobacter Transmission	18S01215-1	NextSeq 500 paired end sequencing	SAMEA6936115		NA	NA	Netherlands	31-12-18	NA	NA	1;131567;2;29547;3031852;213849;72294;194;197	01-01-18	2018	ena-EXPERIMENT-UTRECHT UNIVERSITY-09-06-2020-12:40:21:576-804	unspecified	NA	NA	NA	197
SRR11101933	NA	dog	NA	NA	NA	Pathogen: clinical or host-associated sample from Campylobacter jejuni	Transmission routes of Campylobacter in chicken	CA77	NextSeq 500 sequencing: WGS of Campylobacter_jejuni	SAMN14118171		NA	247	Sweden	NA	NA	NA	1;131567;2;29547;3031852;213849;72294;194;197	NA	not collected	CA77	CA77	NA	NA	NA	197
SRR28564535	Canis lupus familiaris	bile	9615	NA	NA	One Health Enteric sample from Campylobacter jejuni	Vet-LIRN-Other-OH	OTH-23-VL-OH-WA-0001	Illumina MiSeq sequencing: WGS of a Camylobacter jejuni isolate	SAMN40758963		NA	NA	USA:ID	31-03-23	NA	NA	1;131567;2;29547;3031852;213849;72294;194;197	30-03-23	31-03-23	OTH-23-VL-OH-WA-0001	OTH-23-VL-OH-WA-0001	NA	NA	NA	197
ERR4224533	NA	dog	NA	NA	NA	18S01647-1	Discerning Environmental Pathways of Campylobacter Transmission	18S01647-1	NextSeq 500 paired end sequencing	SAMEA6936063		NA	NA	Netherlands	31-12-17	NA	NA	1;131567;2;29547;3031852;213849;72294;194;197	01-01-17	2017	ena-EXPERIMENT-UTRECHT UNIVERSITY-09-06-2020-12:40:21:577-826	unspecified	NA	NA	NA	197
ERR4224315	NA	dog	NA	NA	NA	17S00490-1	Discerning Environmental Pathways of Campylobacter Transmission	17S00490-1	NextSeq 500 paired end sequencing	SAMEA6936570		NA	NA	Netherlands	31-12-16	NA	NA	1;131567;2;29547;3031852;213849;72294;194;195	01-01-16	2016	ena-EXPERIMENT-UTRECHT UNIVERSITY-09-06-2020-12:40:21:569-608	unspecified	NA	NA	NA	195
ERR4224532	NA	dog	NA	NA	NA	18S01642-1	Discerning Environmental Pathways of Campylobacter Transmission	18S01642-1	NextSeq 500 paired end sequencing	SAMEA6936026		NA	NA	Netherlands	31-12-17	NA	NA	1;131567;2;29547;3031852;213849;72294;194;197	01-01-17	2017	ena-EXPERIMENT-UTRECHT UNIVERSITY-09-06-2020-12:40:21:577-825	unspecified	NA	NA	NA	197
SRR7660781	Canis lupus familiaris	feces	9615	NA	NA	Pathogen: environmental/food/other sample from Campylobacter jejuni	GenomeTrakr Project: Ohio Department of Agriculture Animal Disease Diagnostic Laboratory	SAMN09784510	Illumina MiSeq paired end sequencing: Whole genome Illumina MiSeq sequence of Campylobacter sp.	SAMN09784510		NA	CFSAN084764	USA:OH	31-12-18	NA	NA	1;131567;2;29547;3031852;213849;72294;194;197	01-01-18	2018	EXT00323583	Nextera XT library SEQ000079132	NA	NA	NA	197
SRR10537320	NA	Dog faeces	NA	NA	NA	Pathogen: environmental/food/other sample from Campylobacter jejuni	Campylobacter Isolates from Dog Faeces samples collected in Australia 2017-2019	18N5253A1	NextSeq 500 sequencing: WGS of Australian Campylobacter Dog Isolate 18N5253A1	SAMN13392875		NA	18N5253A1	Australia: NSW	31-12-18	32.0 S 147.0 E	147	1;131567;2;29547;3031852;213849;72294;194;197	01-01-18	2018	18N5253A1_LIB	18N5253A1_LIB	-32	NA	32.0 S 147.0 E	197
SRR6366583	canine	feces	NA	NA	NA	Pathogen: environmental/food/other sample from Campylobacter sp. CFSAN072558	GenomeTrakr Project: Ohio Department of Agriculture Animal Disease Diagnostic Laboratory	SAMN08134947	Illumina MiSeq paired end sequencing: Whole genome Illumina MiSeq sequence of Campylobacter sp.	SAMN08134947		NA	CFSAN072558	USA:OH	31-12-17	NA	NA	1;131567;2;29547;3031852;213849;72294;194;2593542;2058363	01-01-17	2017	EXT00287481	Nextera XT library SEQ000066093	NA	NA	NA	2058363
ERR4224547	NA	dog	NA	NA	NA	18S01741-1	Discerning Environmental Pathways of Campylobacter Transmission	18S01741-1	NextSeq 500 paired end sequencing	SAMEA6936133		NA	NA	Netherlands	31-12-18	NA	NA	1;131567;2;29547;3031852;213849;72294;194;197	01-01-18	2018	ena-EXPERIMENT-UTRECHT UNIVERSITY-09-06-2020-12:40:21:577-840	unspecified	NA	NA	NA	197
ERR4224603	NA	dog	NA	NA	NA	18S03207-1	Discerning Environmental Pathways of Campylobacter Transmission	18S03207-1	NextSeq 500 paired end sequencing	SAMEA6936314		NA	NA	Netherlands	31-12-18	NA	NA	1;131567;2;29547;3031852;213849;72294;194;197	01-01-18	2018	ena-EXPERIMENT-UTRECHT UNIVERSITY-09-06-2020-12:40:21:579-896	unspecified	NA	NA	NA	197
SRR24684368	NA	PUPPY	NA	NA	NA	Campylobacter jejuni	GenomeTrakr Project: FDA-CFSAN	SAMN35303385	Illumina MiSeq sequencing	SAMN35303385		NA	missing	USA:MN	08-05-23	NA	NA	1;131567;2;29547;3031852;213849;72294;194;197	07-05-23	08-05-23	PNUSAC035597:wgs	Nextera DNA Flex	NA	NA	NA	197
SRR6171584	Canis lupus	missing	9612	NA	NA	Pathogen: clinical or host-associated sample from Campylobacter jejuni	Campylobacter Genome sequencing and assembly	PNUSAC002575	Illumina MiSeq sequencing	SAMN07504895		NA	NA	USA	NA	NA	NA	1;131567;2;29547;3031852;213849;72294;194;197	NA	missing	2017D-0138:wgs	NexteraXT	NA	NA	NA	197
SRR8112791	NA	canine feces	NA	NA	NA	Pathogen: environmental/food/other sample from Campylobacter jejuni	GenomeTrakr Project: FDA-CFSAN	SAMN10262359	Illumina MiSeq paired end sequencing: Whole genome Illumina MiSeq sequence of Campylobacter jejuni	SAMN10262359		NA	CFSAN086827	USA:MN	12-10-18	NA	NA	1;131567;2;29547;3031852;213849;72294;194;197	11-10-18	12-10-18	EXT00330507	Nextera XT library SEQ000081955	NA	NA	NA	197
ERR4224619	NA	dog	NA	NA	NA	18S03725-1	Discerning Environmental Pathways of Campylobacter Transmission	18S03725-1	NextSeq 500 paired end sequencing	SAMEA6936379		NA	NA	Netherlands	31-12-18	NA	NA	1;131567;2;29547;3031852;213849;72294;194;197	01-01-18	2018	ena-EXPERIMENT-UTRECHT UNIVERSITY-09-06-2020-12:40:21:579-912	unspecified	NA	NA	NA	197
ERR4224858	NA	goat	NA	NA	NA	Ca2348	Discerning Environmental Pathways of Campylobacter Transmission	Ca2348	NextSeq 500 paired end sequencing	SAMEA6935703		NA	NA	Netherlands	31-12-16	NA	NA	1;131567;2;29547;3031852;213849;72294;194;197	01-01-16	2016	ena-EXPERIMENT-UTRECHT UNIVERSITY-09-06-2020-12:40:21:587-1151	unspecified	NA	NA	NA	197
SRR28406675	Capra hircus	feces	9925	NA	NA	One Health Enteric sample from Campylobacter sp. 032LG02AL	CAGED: Campylobacter Genomics and Environmental Enteric Dysfunction	032LG02AL	Illumina MiSeq sequencing: WGS of Campylobacter	SAMN40454860		NA	NA	Ethiopia: Eastern Hararghe Zone	31-05-22	NA	NA	1;131567;2;29547;3031852;213849;72294;194;2593542;3133550	30-05-22	31-05-22	032LG02AL	032LG02AL	NA	NA	NA	3133550
SRR27218418	Capra hircus	feces	9925	NA	NA	One Health Enteric sample from Campylobacter sp. 031LG02BL	CAGED: Campylobacter Genomics and Environmental Enteric Dysfunction	031LG02BL	Illumina MiSeq sequencing: WGS of Campylobacter: 031LG02BL	SAMN38712326		NA	NA	Ethiopia: Eastern Hararghe Zone	19-11-21	NA	NA	1;131567;2;29547;3031852;213849;72294;194;2593542;3108285	19-11-21	19-11-21	NH031LG02BL	NH031LG02BL	NA	NA	NA	3108285
SRR27218416	Capra hircus	feces	9925	NA	NA	One Health Enteric sample from Campylobacter sp. 012LG02BH	CAGED: Campylobacter Genomics and Environmental Enteric Dysfunction	012LG02BH	Illumina MiSeq sequencing: WGS of Campylobacter: 012LG02BH	SAMN38712322		NA	NA	Ethiopia: Eastern Hararghe Zone	23-06-22	NA	NA	1;131567;2;29547;3031852;213849;72294;194;2593542;3108281	22-06-22	23-06-22	NH012LG02BH	NH012LG02BH	NA	NA	NA	3108281
ERR4224621	NA	goat	NA	NA	NA	18S04028-1	Discerning Environmental Pathways of Campylobacter Transmission	18S04028-1	NextSeq 500 paired end sequencing	SAMEA6936812		NA	NA	Netherlands	31-12-18	NA	NA	1;131567;2;29547;3031852;213849;72294;194;195	01-01-18	2018	ena-EXPERIMENT-UTRECHT UNIVERSITY-09-06-2020-12:40:21:580-914	unspecified	NA	NA	NA	195
SRR28406655	Capra hircus	feces	9925	NA	NA	One Health Enteric sample from Campylobacter sp. 123LG01AL	CAGED: Campylobacter Genomics and Environmental Enteric Dysfunction	123LG01AL	Illumina MiSeq sequencing: WGS of Campylobacter	SAMN40454884		NA	NA	Ethiopia: Eastern Hararghe Zone	10-02-22	NA	NA	1;131567;2;29547;3031852;213849;72294;194;2593542;3133573	10-02-22	10-02-22	123LG01AL	123LG01AL	NA	NA	NA	3133573
SRR11714421	NA	Animal-Goat	NA	NA	NA	Pathogen: environmental/food/other sample from Campylobacter coli	FSIS NARMS Campylobacter	FSIS12029750	Illumina MiSeq paired end sequencing: Whole genome shotgun sequencing of FSIS12029750 by Illumina MiSeq	SAMN14844678		NA	NA	USA:AR	31-12-20	NA	NA	1;131567;2;29547;3031852;213849;72294;194;195	01-01-20	2020	FSIS12029750	FSIS12029750 Nextera XT shotgun library	NA	NA	NA	195
SRR22867624	NA	stomach contents (Capra aegagrus hircus)	NA	NA	NA	Campylobacter jejuni	Vet-LIRN-Other-OH	OTH-22-VL-OH-WA-0001	Illumina MiSeq sequencing: WGS of a Campylobacter jejuni isolate	SAMN32369506		NA	NA	USA:OH	13-01-22	NA	NA	1;131567;2;29547;3031852;213849;72294;194;197	13-01-22	13-01-22	OTH-22-VL-OH-WA-0001	OTH-22-VL-OH-WA-0001	NA	NA	NA	197
ERR4224811	NA	goat	NA	NA	NA	Ca2192	Discerning Environmental Pathways of Campylobacter Transmission	Ca2192	NextSeq 500 paired end sequencing	SAMEA6935646		NA	NA	Netherlands	31-12-16	NA	NA	1;131567;2;29547;3031852;213849;72294;194;197	01-01-16	2016	ena-EXPERIMENT-UTRECHT UNIVERSITY-09-06-2020-12:40:21:586-1104	unspecified	NA	NA	NA	197
SRR27218434	Capra hircus	feces	9925	NA	NA	One Health Enteric sample from Campylobacter sp. 099LG01BH	CAGED: Campylobacter Genomics and Environmental Enteric Dysfunction	099LG01BH	Illumina MiSeq sequencing: WGS of Campylobacter: 099LG01BH	SAMN38712342		NA	NA	Ethiopia: Eastern Hararghe Zone	02-03-22	NA	NA	1;131567;2;29547;3031852;213849;72294;194;2593542;3108301	02-03-22	02-03-22	NH099LG01BH	NH099LG01BH	NA	NA	NA	3108301
SRR20114915	NA	Animal-Goat (cecal)	NA	NA	NA	Pathogen: environmental/food/other sample from Campylobacter jejuni	FSIS NARMS Campylobacter	SAMN29657321	Illumina MiSeq sequencing	SAMN29657321		NA	NA	USA:KS	31-12-22	NA	NA	1;131567;2;29547;3031852;213849;72294;194;197	01-01-22	2022	FSIS12212967	FSIS12212967 Nextera XT shotgun library	NA	NA	NA	197
SRR26678367	Capra hircus	feces	9925	NA	NA	One Health Enteric sample from Campylobacter sp. 096LG02AL	CAGED: Campylobacter Genomics and Environmental Enteric Dysfunction	096LG02AL	Illumina MiSeq sequencing: Whole genome sequencing of Campylobacter Genomics and Environmental Enteric Dysfunction	SAMN38092512		NA	NA	Ethiopia: Eastern Hararghe Zone	04-01-22	NA	NA	1;131567;2;29547;3031852;213849;72294;194;2593542;3092167	04-01-22	04-01-22	096LG02AL	096LG02AL	NA	NA	NA	3092167
SRR3210434	Capra aegagrus hircus	feces (Capra aegagrus hircus)	NA	NA	NA	Pathogen: environmental/food/other sample from Campylobacter jejuni	GenomeTrakr Project: California Department of Health - FDLB Micro	SAMN04442372	Illumina MiSeq paired end sequencing: Whole genome shotgun sequencing of Campylobacter jejuni by Illumina MiSeq	SAMN04442372		NA	CFSAN045418	USA:CA	30-06-15	NA	NA	1;131567;2;29547;3031852;213849;72294;194;197	31-05-15	2015-06	EXT00169336	Campylobacter jejuni Nextera XT shotgun	NA	NA	NA	197
SRR27218417	Capra hircus	feces	9925	NA	NA	One Health Enteric sample from Campylobacter sp. 031LG02AL	CAGED: Campylobacter Genomics and Environmental Enteric Dysfunction	031LG02AL	Illumina MiSeq sequencing: WGS of Campylobacter: 031LG02AL	SAMN38712325		NA	NA	Ethiopia: Eastern Hararghe Zone	19-11-21	NA	NA	1;131567;2;29547;3031852;213849;72294;194;2593542;3108284	19-11-21	19-11-21	NH031LG02AL	NH031LG02AL	NA	NA	NA	3108284
SRR27218419	Capra hircus	feces	9925	NA	NA	One Health Enteric sample from Campylobacter sp. 031LG02CL	CAGED: Campylobacter Genomics and Environmental Enteric Dysfunction	031LG02CL	Illumina MiSeq sequencing: WGS of Campylobacter: 031LG02CL	SAMN38712327		NA	NA	Ethiopia: Eastern Hararghe Zone	19-11-21	NA	NA	1;131567;2;29547;3031852;213849;72294;194;2593542;3108286	19-11-21	19-11-21	NH031LG02CL	NH031LG02CL	NA	NA	NA	3108286
ERR4224900	NA	goat	NA	NA	NA	Ca2535	Discerning Environmental Pathways of Campylobacter Transmission	Ca2535	NextSeq 500 paired end sequencing	SAMEA6935751		NA	NA	Netherlands	31-12-16	NA	NA	1;131567;2;29547;3031852;213849;72294;194;197	01-01-16	2016	ena-EXPERIMENT-UTRECHT UNIVERSITY-09-06-2020-12:40:21:589-1193	unspecified	NA	NA	NA	197
ERR4224867	NA	goat	NA	NA	NA	Ca2398	Discerning Environmental Pathways of Campylobacter Transmission	Ca2398	NextSeq 500 paired end sequencing	SAMEA6935708		NA	NA	Netherlands	31-12-16	NA	NA	1;131567;2;29547;3031852;213849;72294;194;197	01-01-16	2016	ena-EXPERIMENT-UTRECHT UNIVERSITY-09-06-2020-12:40:21:588-1160	unspecified	NA	NA	NA	197
ERR4224868	NA	goat	NA	NA	NA	Ca2408	Discerning Environmental Pathways of Campylobacter Transmission	Ca2408	NextSeq 500 paired end sequencing	SAMEA6935716		NA	NA	Netherlands	31-12-16	NA	NA	1;131567;2;29547;3031852;213849;72294;194;197	01-01-16	2016	ena-EXPERIMENT-UTRECHT UNIVERSITY-09-06-2020-12:40:21:588-1161	unspecified	NA	NA	NA	197
ERR4224822	NA	goat	NA	NA	NA	Ca2249	Discerning Environmental Pathways of Campylobacter Transmission	Ca2249	NextSeq 500 paired end sequencing	SAMEA6935666		NA	NA	Netherlands	31-12-16	NA	NA	1;131567;2;29547;3031852;213849;72294;194;197	01-01-16	2016	ena-EXPERIMENT-UTRECHT UNIVERSITY-09-06-2020-12:40:21:586-1115	unspecified	NA	NA	NA	197
ERR4224818	NA	goat	NA	NA	NA	Ca2229	Discerning Environmental Pathways of Campylobacter Transmission	Ca2229	NextSeq 500 paired end sequencing	SAMEA6935656		NA	NA	Netherlands	31-12-16	NA	NA	1;131567;2;29547;3031852;213849;72294;194;197	01-01-16	2016	ena-EXPERIMENT-UTRECHT UNIVERSITY-09-06-2020-12:40:21:586-1111	unspecified	NA	NA	NA	197
SRR15845037	NA	raw goat milk	NA	NA	NA	Pathogen: environmental/food/other sample from Campylobacter jejuni	GenomeTrakr Project: Texas Department of State Health Services	SAMN21391396	Illumina MiSeq sequencing	SAMN21391396		NA	TXACF2102190	missing	31-12-21	NA	NA	1;131567;2;29547;3031852;213849;72294;194;197	01-01-21	2021	TXACF2102190:wgs	Nextera DNA Flex	NA	NA	NA	197
SRR26351330	Capra hircus	feces	9925	NA	NA	One Health Enteric sample from Campylobacter sp. 001LG01AL	CAGED: Campylobacter Genomics and Environmental Enteric Dysfunction	001LG01AL	NextSeq 2000 sequencing: WGS of Campylobacter	SAMN37735400		NA	NA	Ethiopia: Eastern Hararghe Zone	26-01-21	NA	NA	1;131567;2;29547;3031852;213849;72294;194;2593542;3080585	26-01-21	26-01-21	1	1	NA	NA	NA	3080585
SRR18959245	NA	Animal-Goat (cecal)	NA	NA	NA	Pathogen: environmental/food/other sample from Campylobacter jejuni	FSIS NARMS Campylobacter	FSIS12210853	Illumina MiSeq sequencing	SAMN27923466		NA	NA	USA:NC	31-12-22	NA	NA	1;131567;2;29547;3031852;213849;72294;194;197	01-01-22	2022	FSIS12210853	FSIS12210853 Nextera XT shotgun library	NA	NA	NA	197
SRR26351314	Capra hircus	feces	9925	NA	NA	One Health Enteric sample from Campylobacter sp. 032LG01AL	CAGED: Campylobacter Genomics and Environmental Enteric Dysfunction	032LG01AL	NextSeq 2000 sequencing: WGS of Campylobacter	SAMN37735411		NA	NA	Ethiopia: Eastern Hararghe Zone	25-03-21	NA	NA	1;131567;2;29547;3031852;213849;72294;194;2593542;3080596	25-03-21	25-03-21	24	24	NA	NA	NA	3080596
SRR26351307	Capra hircus	feces	9925	NA	NA	One Health Enteric sample from Campylobacter sp. 002LG01AL	CAGED: Campylobacter Genomics and Environmental Enteric Dysfunction	002LG01AL	NextSeq 2000 sequencing: WGS of Campylobacter	SAMN37735393		NA	NA	Ethiopia: Eastern Hararghe Zone	25-12-20	NA	NA	1;131567;2;29547;3031852;213849;72294;194;2593542;3080578	25-12-20	25-12-20	4	4	NA	NA	NA	3080578
ERR4224891	NA	goat	NA	NA	NA	Ca2481	Discerning Environmental Pathways of Campylobacter Transmission	Ca2481	NextSeq 500 paired end sequencing	SAMEA6935741		NA	NA	Netherlands	31-12-16	NA	NA	1;131567;2;29547;3031852;213849;72294;194;197	01-01-16	2016	ena-EXPERIMENT-UTRECHT UNIVERSITY-09-06-2020-12:40:21:589-1184	unspecified	NA	NA	NA	197
ERR4224913	NA	goat	NA	NA	NA	Ca2618	Discerning Environmental Pathways of Campylobacter Transmission	Ca2618	NextSeq 500 paired end sequencing	SAMEA6935765		NA	NA	Netherlands	31-12-16	NA	NA	1;131567;2;29547;3031852;213849;72294;194;197	01-01-16	2016	ena-EXPERIMENT-UTRECHT UNIVERSITY-09-06-2020-12:40:21:589-1206	unspecified	NA	NA	NA	197
SRR26351296	Capra hircus	feces	9925	NA	NA	One Health Enteric sample from Campylobacter sp. 009LG01AL	CAGED: Campylobacter Genomics and Environmental Enteric Dysfunction	009LG01AL	NextSeq 2000 sequencing: WGS of Campylobacter	SAMN37735409		NA	NA	Ethiopia: Eastern Hararghe Zone	26-12-20	NA	NA	1;131567;2;29547;3031852;213849;72294;194;2593542;3080594	26-12-20	26-12-20	5	5	NA	NA	NA	3080594
SRR27218439	Capra hircus	feces	9925	NA	NA	One Health Enteric sample from Campylobacter sp. 098LG01AL	CAGED: Campylobacter Genomics and Environmental Enteric Dysfunction	098LG01AL	Illumina MiSeq sequencing: WGS of Campylobacter: 098LG01AL	SAMN38712341		NA	NA	Ethiopia: Eastern Hararghe Zone	29-04-21	NA	NA	1;131567;2;29547;3031852;213849;72294;194;2593542;3108300	28-04-21	29-04-21	NH098LG01AL	NH098LG01AL	NA	NA	NA	3108300
SRR27218409	Capra hircus	feces	9925	NA	NA	One Health Enteric sample from Campylobacter sp. 089LG01AL	CAGED: Campylobacter Genomics and Environmental Enteric Dysfunction	089LG01AL	Illumina MiSeq sequencing: WGS of Campylobacter: 089LG01AL	SAMN38842803		NA	NA	Ethiopia: Eastern Hararghe Zone	24-04-21	NA	NA	1;131567;2;29547;3031852;213849;72294;194;2593542;3108346	23-04-21	24-04-21	NH089LG01AL	NH089LG01AL	NA	NA	NA	3108346
SRR6169167	Capra hircus	Goat Fetus	9925	NA	NA	Pathogen: environmental/food/other sample from Campylobacter jejuni	Campylobacter Genome sequencing and assembly	PNUSAC002935	Illumina MiSeq sequencing	SAMN07780136		NA	NA	USA:WY	31-01-13	NA	NA	1;131567;2;29547;3031852;213849;72294;194;197	01-01-13	2013-01	PNUSAC002935:wgs	NexteraXT	NA	NA	NA	197
SRR11653840	NA	Animal-Goat	NA	NA	NA	Pathogen: environmental/food/other sample from Campylobacter coli	FSIS NARMS Campylobacter	FSIS12029095	Illumina MiSeq paired end sequencing: Whole genome shotgun sequencing of FSIS12029095 by Illumina MiSeq	SAMN14777810		NA	NA	USA:PA	31-12-20	NA	NA	1;131567;2;29547;3031852;213849;72294;194;195	01-01-20	2020	FSIS12029095	FSIS12029095 Nextera XT shotgun library	NA	NA	NA	195
SRR26770174	Capra hircus	feces	9925	NA	NA	One Health Enteric sample from Campylobacter sp. 100LG02AL	CAGED: Campylobacter Genomics and Environmental Enteric Dysfunction	100LG02AL	Illumina MiSeq sequencing: Whole genome sequencing of Campylobacter Genomics and Environmental Enteric Dysfunction	SAMN38183151		NA	NA	Ethiopia: Eastern Hararghe Zone	09-12-21	NA	NA	1;131567;2;29547;3031852;213849;72294;194;2593542;3094087	09-12-21	09-12-21	100LG02AL	100LG02AL	NA	NA	NA	3094087
SRR14882944	NA	Animal-Goat (cecal)	NA	NA	NA	Pathogen: environmental/food/other sample from Campylobacter coli	FSIS NARMS Campylobacter	SAMN19814330	Illumina MiSeq sequencing	SAMN19814330		NA	NA	USA:MD	31-12-21	NA	NA	1;131567;2;29547;3031852;213849;72294;194;195	01-01-21	2021	FSIS12140540	FSIS12140540 Nextera XT shotgun library	NA	NA	NA	195
SRR26351303	Capra hircus	feces	9925	NA	NA	One Health Enteric sample from Campylobacter sp. 049LG01AL	CAGED: Campylobacter Genomics and Environmental Enteric Dysfunction	049LG01AL	NextSeq 2000 sequencing: WGS of Campylobacter	SAMN37735405		NA	NA	Ethiopia: Eastern Hararghe Zone	19-03-21	NA	NA	1;131567;2;29547;3031852;213849;72294;194;2593542;3080590	19-03-21	19-03-21	34	34	NA	NA	NA	3080590
SRR27218404	Capra hircus	feces	9925	NA	NA	One Health Enteric sample from Campylobacter sp. 028LG02AL	CAGED: Campylobacter Genomics and Environmental Enteric Dysfunction	028LG02AL	Illumina MiSeq sequencing: WGS of Campylobacter: 028LG02AL	SAMN38842795		NA	NA	Ethiopia: Eastern Hararghe Zone	22-10-21	NA	NA	1;131567;2;29547;3031852;213849;72294;194;2593542;3108338	21-10-21	22-10-21	NH028LG02AL	NH028LG02AL	NA	NA	NA	3108338
SRR27218468	Capra hircus	feces	9925	NA	NA	One Health Enteric sample from Campylobacter sp. 053LG02BL	CAGED: Campylobacter Genomics and Environmental Enteric Dysfunction	053LG02BL	Illumina MiSeq sequencing: WGS of Campylobacter: 053LG02BL	SAMN38713231		NA	NA	Ethiopia: Eastern Hararghe Zone	30-12-21	NA	NA	1;131567;2;29547;3031852;213849;72294;194;2593542;3108314	30-12-21	30-12-21	NH053LG02BL	NH053LG02BL	NA	NA	NA	3108314
ERR4224820	NA	goat	NA	NA	NA	Ca2241	Discerning Environmental Pathways of Campylobacter Transmission	Ca2241	NextSeq 500 paired end sequencing	SAMEA6935662		NA	NA	Netherlands	31-12-16	NA	NA	1;131567;2;29547;3031852;213849;72294;194;197	01-01-16	2016	ena-EXPERIMENT-UTRECHT UNIVERSITY-09-06-2020-12:40:21:586-1113	unspecified	NA	NA	NA	197
SRR13699958	NA	Animal-Goat (cecal)	NA	NA	NA	Pathogen: environmental/food/other sample from Campylobacter coli	FSIS NARMS Campylobacter	SAMN17898460	Illumina MiSeq sequencing	SAMN17898460		NA	NA	USA:PA	31-12-20	NA	NA	1;131567;2;29547;3031852;213849;72294;194;195	01-01-20	2020	FSIS12137370	FSIS12137370 Nextera XT shotgun library	NA	NA	NA	195
SRR26351338	Capra hircus	feces	9925	NA	NA	One Health Enteric sample from Campylobacter sp. 120LG01BL	CAGED: Campylobacter Genomics and Environmental Enteric Dysfunction	120LG01BL	NextSeq 2000 sequencing: WGS of Campylobacter	SAMN37735402		NA	NA	Ethiopia: Eastern Hararghe Zone	25-09-21	NA	NA	1;131567;2;29547;3031852;213849;72294;194;2593542;3080587	24-09-21	25-09-21	64	64	NA	NA	NA	3080587
SRR27218466	Capra hircus	feces	9925	NA	NA	One Health Enteric sample from Campylobacter sp. 075LG02BL	CAGED: Campylobacter Genomics and Environmental Enteric Dysfunction	075LG02BL	Illumina MiSeq sequencing: WGS of Campylobacter: 075LG02BL	SAMN38713236		NA	NA	Ethiopia: Eastern Hararghe Zone	09-12-21	NA	NA	1;131567;2;29547;3031852;213849;72294;194;2593542;3108319	09-12-21	09-12-21	NH075LG02BL	NH075LG02BL	NA	NA	NA	3108319
SRR26351310	Capra hircus	feces	9925	NA	NA	One Health Enteric sample from Campylobacter sp. 045LG02AL	CAGED: Campylobacter Genomics and Environmental Enteric Dysfunction	045LG02AL	NextSeq 2000 sequencing: WGS of Campylobacter	SAMN37735420		NA	NA	Ethiopia: Eastern Hararghe Zone	20-01-22	NA	NA	1;131567;2;29547;3031852;213849;72294;194;2593542;3080605	20-01-22	20-01-22	28	28	NA	NA	NA	3080605
SRR19487409	NA	Animal-Goat (cecal)	NA	NA	NA	Pathogen: environmental/food/other sample from Campylobacter jejuni	FSIS NARMS Campylobacter	SAMN28794940	Illumina MiSeq sequencing	SAMN28794940		NA	NA	USA:VT	31-12-22	NA	NA	1;131567;2;29547;3031852;213849;72294;194;197	01-01-22	2022	FSIS12211846	FSIS12211846 Nextera XT shotgun library	NA	NA	NA	197
SRR27218437	Capra hircus	feces	9925	NA	NA	One Health Enteric sample from Campylobacter sp. 132LG01BH	CAGED: Campylobacter Genomics and Environmental Enteric Dysfunction	132LG01BH	Illumina MiSeq sequencing: WGS of Campylobacter: 132LG01BH	SAMN38712350		NA	NA	Ethiopia: Eastern Hararghe Zone	07-05-22	NA	NA	1;131567;2;29547;3031852;213849;72294;194;2593542;3108309	06-05-22	07-05-22	NH132LG01BH	NH132LG01BH	NA	NA	NA	3108309
ERR4224814	NA	goat	NA	NA	NA	Ca2200	Discerning Environmental Pathways of Campylobacter Transmission	Ca2200	NextSeq 500 paired end sequencing	SAMEA6935654		NA	NA	Netherlands	31-12-16	NA	NA	1;131567;2;29547;3031852;213849;72294;194;197	01-01-16	2016	ena-EXPERIMENT-UTRECHT UNIVERSITY-09-06-2020-12:40:21:586-1107	unspecified	NA	NA	NA	197
ERR4224908	NA	goat	NA	NA	NA	Ca2592	Discerning Environmental Pathways of Campylobacter Transmission	Ca2592	NextSeq 500 paired end sequencing	SAMEA6935760		NA	NA	Netherlands	31-12-16	NA	NA	1;131567;2;29547;3031852;213849;72294;194;197	01-01-16	2016	ena-EXPERIMENT-UTRECHT UNIVERSITY-09-06-2020-12:40:21:589-1201	unspecified	NA	NA	NA	197
SRR27218444	Capra hircus	feces	9925	NA	NA	One Health Enteric sample from Campylobacter sp. 007LG02AH	CAGED: Campylobacter Genomics and Environmental Enteric Dysfunction	007LG02AH	Illumina MiSeq sequencing: WGS of Campylobacter: 007LG02AH	SAMN38712319		NA	NA	Ethiopia: Eastern Hararghe Zone	08-06-22	NA	NA	1;131567;2;29547;3031852;213849;72294;194;2593542;3108278	07-06-22	08-06-22	NH007LG02AH	NH007LG02AH	NA	NA	NA	3108278
SRR3692309	missing	raw goat milk	NA	NA	NA	Pathogen: environmental/food/other sample from Campylobacter jejuni	GenomeTrakr Project: California Department of Health - FDLB Micro	SAMN05163884	Illumina MiSeq paired end sequencing: Whole genome shotgun sequencing of Campylobacter jejuni by Illumina MiSeq	SAMN05163884		NA	CFSAN051137	USA:CA	30-06-15	NA	NA	1;131567;2;29547;3031852;213849;72294;194;197	31-05-15	2015-06	EXT00192865	Campylobacter jejuni Nextera XT shotgun	NA	NA	NA	197
SRR27218435	Capra hircus	feces	9925	NA	NA	One Health Enteric sample from Campylobacter sp. 132LG01AH	CAGED: Campylobacter Genomics and Environmental Enteric Dysfunction	132LG01AH	Illumina MiSeq sequencing: WGS of Campylobacter: 132LG01AH	SAMN38712349		NA	NA	Ethiopia: Eastern Hararghe Zone	07-05-22	NA	NA	1;131567;2;29547;3031852;213849;72294;194;2593542;3108308	06-05-22	07-05-22	NH132LG01AH	NH132LG01AH	NA	NA	NA	3108308
SRR22867655	NA	lung and stomach contents (Capra aegagrus hircus)	NA	NA	NA	Campylobacter jejuni	Vet-LIRN-Other-OH	OTH-20-VL-OH-IN-0048	Illumina MiSeq sequencing: WGS of a Campylobacter jejuni isolate	SAMN32369497		NA	NA	USA:OH	01-10-21	NA	NA	1;131567;2;29547;3031852;213849;72294;194;197	30-09-21	01-10-21	OTH-20-VL-OH-IN-0048	OTH-20-VL-OH-IN-0048	NA	NA	NA	197
SRR13005034	NA	Animal-Goat	NA	NA	NA	Pathogen: environmental/food/other sample from Campylobacter coli	FSIS NARMS Campylobacter	SAMN16703322	Illumina MiSeq sequencing	SAMN16703322		NA	NA	USA:CA	31-12-20	NA	NA	1;131567;2;29547;3031852;213849;72294;194;195	01-01-20	2020	FSIS12032131	FSIS12032131 Nextera XT shotgun library	NA	NA	NA	195
SRR26351357	Capra hircus	feces	9925	NA	NA	One Health Enteric sample from Campylobacter sp. 073LG01BL	CAGED: Campylobacter Genomics and Environmental Enteric Dysfunction	073LG01BL	NextSeq 2000 sequencing: WGS of Campylobacter	SAMN37735396		NA	NA	Ethiopia: Eastern Hararghe Zone	16-07-21	NA	NA	1;131567;2;29547;3031852;213849;72294;194;2593542;3080581	15-07-21	16-07-21	47	47	NA	NA	NA	3080581
SRR27218429	Capra hircus	feces	9925	NA	NA	One Health Enteric sample from Campylobacter sp. 133LG01BH	CAGED: Campylobacter Genomics and Environmental Enteric Dysfunction	133LG01BH	Illumina MiSeq sequencing: WGS of Campylobacter: 133LG01BH	SAMN38712352		NA	NA	Ethiopia: Eastern Hararghe Zone	29-03-22	NA	NA	1;131567;2;29547;3031852;213849;72294;194;2593542;3108311	28-03-22	29-03-22	NH133LG01BH	NH133LG01BH	NA	NA	NA	3108311
SRR16085962	NA	raw goat milk	NA	NA	NA	Pathogen: environmental/food/other sample from Campylobacter jejuni	GenomeTrakr Project: Texas Department of State Health Services	SAMN21855460	Illumina MiSeq sequencing	SAMN21855460		NA	TXACF2102230	missing	31-12-21	NA	NA	1;131567;2;29547;3031852;213849;72294;194;197	01-01-21	2021	TXACF2102230:wgs	Nextera DNA Flex	NA	NA	NA	197
SRR12495807	Capra aegagrus	Salinas Valley pasture	9923	NA	NA	Pathogen: clinical or host-associated sample from Campylobacter jejuni subsp. jejuni	Campylobacter jejuni Genome sequencing and assembly	CjRM8968	Illumina MiSeq sequencing: WGS of Campylobacter jejuni subsp. jejuni strain RM8968	SAMN08235377		NA	NA	USA: California	30-04-09	36.68 N 121.67 W	-121.67	1;131567;2;29547;3031852;213849;72294;194;197;32022	31-03-09	2009-04	CjRM8968	CjRM8968	36.68	NA	36.68 N 121.67 W	32022
SRR3094462	Capra hircus	aborted uteroplancental unit	9925	NA	NA	Pathogen: clinical or host-associated sample from Campylobacter jejuni	Campylobacter jejuni Raw sequence reads	SA-63	Illumina HiSeq 2000 sequencing: WGS of Campylobacter jejuni VDL4350	SAMN04377876		NA	VDL4350	USA: Iowa	31-12-10	NA	NA	1;131567;2;29547;3031852;213849;72294;194;197	01-01-10	2010	SA-63	SA-63	NA	NA	NA	197
SRR7968358	NA	Caprine Feces	NA	NA	NA	Campylobacter coli	Campylobacter Genome sequencing and assembly	SAMN10180446	Illumina MiSeq sequencing	SAMN10180446		NA	missing	USA	30-09-18	NA	NA	1;131567;2;29547;3031852;213849;72294;194;195	31-08-18	2018-09	PNUSAC006368:wgs	NexteraXT	NA	NA	NA	195
ERR4224909	NA	goat	NA	NA	NA	Ca2594	Discerning Environmental Pathways of Campylobacter Transmission	Ca2594	NextSeq 500 paired end sequencing	SAMEA6935761		NA	NA	Netherlands	31-12-16	NA	NA	1;131567;2;29547;3031852;213849;72294;194;197	01-01-16	2016	ena-EXPERIMENT-UTRECHT UNIVERSITY-09-06-2020-12:40:21:589-1202	unspecified	NA	NA	NA	197
SRR27218442	Capra hircus	feces	9925	NA	NA	One Health Enteric sample from Campylobacter sp. 033LG02BH	CAGED: Campylobacter Genomics and Environmental Enteric Dysfunction	033LG02BH	Illumina MiSeq sequencing: WGS of Campylobacter: 033LG02BH	SAMN38712329		NA	NA	Ethiopia: Eastern Hararghe Zone	31-05-22	NA	NA	1;131567;2;29547;3031852;213849;72294;194;2593542;3108288	30-05-22	31-05-22	NH033LG02BH	NH033LG02BH	NA	NA	NA	3108288
SRR19545020	NA	Animal-Goat (cecal)	NA	NA	NA	Pathogen: environmental/food/other sample from Campylobacter coli	FSIS NARMS Campylobacter	SAMN28875005	Illumina MiSeq sequencing	SAMN28875005		NA	NA	USA:CA	31-12-22	NA	NA	1;131567;2;29547;3031852;213849;72294;194;195	01-01-22	2022	FSIS12212039	FSIS12212039 Nextera XT shotgun library	NA	NA	NA	195
ERR4224885	NA	goat	NA	NA	NA	Ca2470	Discerning Environmental Pathways of Campylobacter Transmission	Ca2470	NextSeq 500 paired end sequencing	SAMEA6935733		NA	NA	Netherlands	31-12-16	NA	NA	1;131567;2;29547;3031852;213849;72294;194;197	01-01-16	2016	ena-EXPERIMENT-UTRECHT UNIVERSITY-09-06-2020-12:40:21:588-1178	unspecified	NA	NA	NA	197
SRR26351356	Capra hircus	feces	9925	NA	NA	One Health Enteric sample from Campylobacter sp. 073LG01CL	CAGED: Campylobacter Genomics and Environmental Enteric Dysfunction	073LG01CL	NextSeq 2000 sequencing: WGS of Campylobacter	SAMN37735397		NA	NA	Ethiopia: Eastern Hararghe Zone	16-07-21	NA	NA	1;131567;2;29547;3031852;213849;72294;194;2593542;3080582	15-07-21	16-07-21	48	48	NA	NA	NA	3080582
SRR11654317	NA	Animal-Goat	NA	NA	NA	Pathogen: environmental/food/other sample from Campylobacter coli	FSIS NARMS Campylobacter	FSIS12029407	Illumina MiSeq paired end sequencing: Whole genome shotgun sequencing of FSIS12029407 by Illumina MiSeq	SAMN14779579		NA	NA	USA:NY	31-12-20	NA	NA	1;131567;2;29547;3031852;213849;72294;194;195	01-01-20	2020	FSIS12029407	FSIS12029407 Nextera XT shotgun library	NA	NA	NA	195
SRR12625731	NA	Animal-Goat	NA	NA	NA	Pathogen: environmental/food/other sample from Campylobacter coli	FSIS NARMS Campylobacter	FSIS12033159	Illumina MiSeq sequencing	SAMN16112025		NA	NA	USA:VA	31-12-20	NA	NA	1;131567;2;29547;3031852;213849;72294;194;195	01-01-20	2020	FSIS12033159	FSIS12033159 Nextera XT shotgun library	NA	NA	NA	195
SRR27218459	Capra hircus	feces	9925	NA	NA	One Health Enteric sample from Campylobacter sp. 076LG02AL	CAGED: Campylobacter Genomics and Environmental Enteric Dysfunction	076LG02AL	Illumina MiSeq sequencing: WGS of Campylobacter: 076LG02AL	SAMN38713237		NA	NA	Ethiopia: Eastern Hararghe Zone	06-01-22	NA	NA	1;131567;2;29547;3031852;213849;72294;194;2593542;3108320	06-01-22	06-01-22	NH076LG02AL	NH076LG02AL	NA	NA	NA	3108320
SRR3215289	Capra aegagrus hircus	feces (Capra aegagrus hircus)	NA	NA	NA	Pathogen: environmental/food/other sample from Campylobacter jejuni	GenomeTrakr Project: California Department of Health - FDLB Micro	SAMN04442373	Illumina MiSeq paired end sequencing: Whole genome shotgun sequencing of Campylobacter jejuni by Illumina MiSeq	SAMN04442373		NA	CFSAN045419	USA:CA	30-06-15	NA	NA	1;131567;2;29547;3031852;213849;72294;194;197	31-05-15	2015-06	EXT00170382	Campylobacter jejuni Nextera XT shotgun	NA	NA	NA	197
ERR4224831	NA	goat	NA	NA	NA	Ca2270	Discerning Environmental Pathways of Campylobacter Transmission	Ca2270	NextSeq 500 paired end sequencing	SAMEA6935673		NA	NA	Netherlands	31-12-16	NA	NA	1;131567;2;29547;3031852;213849;72294;194;197	01-01-16	2016	ena-EXPERIMENT-UTRECHT UNIVERSITY-09-06-2020-12:40:21:587-1124	unspecified	NA	NA	NA	197
SRR27218402	Capra hircus	feces	9925	NA	NA	One Health Enteric sample from Campylobacter sp. 037LG01AL	CAGED: Campylobacter Genomics and Environmental Enteric Dysfunction	037LG01AL	Illumina MiSeq sequencing: WGS of Campylobacter: 037LG01AL	SAMN38842797		NA	NA	Ethiopia: Eastern Hararghe Zone	20-03-21	NA	NA	1;131567;2;29547;3031852;213849;72294;194;2593542;3108340	20-03-21	20-03-21	NH037LG01AL	NH037LG01AL	NA	NA	NA	3108340
SRR27218453	Capra hircus	feces	9925	NA	NA	One Health Enteric sample from Campylobacter sp. 126LG02AH	CAGED: Campylobacter Genomics and Environmental Enteric Dysfunction	126LG02AH	Illumina MiSeq sequencing: WGS of Campylobacter:126LG02AH	SAMN38713249		NA	NA	Ethiopia: Eastern Hararghe Zone	24-02-22	NA	NA	1;131567;2;29547;3031852;213849;72294;194;2593542;3108332	24-02-22	24-02-22	NH126LG02AH	NH126LG02AH	NA	NA	NA	3108332
SRR18959247	NA	Animal-Goat (cecal)	NA	NA	NA	Pathogen: environmental/food/other sample from Campylobacter jejuni	FSIS NARMS Campylobacter	FSIS12211006	Illumina MiSeq sequencing	SAMN27923486		NA	NA	USA:NY	31-12-22	NA	NA	1;131567;2;29547;3031852;213849;72294;194;197	01-01-22	2022	FSIS12211006	FSIS12211006 Nextera XT shotgun library	NA	NA	NA	197
SRR3094460	Capra hircus	aborted uteroplancental unit	9925	NA	NA	Pathogen: clinical or host-associated sample from Campylobacter jejuni	Campylobacter jejuni Raw sequence reads	SA-61	Illumina HiSeq 2000 sequencing: WGS of Campylobacter jejuni VDL1625	SAMN04377874		NA	VDL1625	USA: Iowa	31-12-08	NA	NA	1;131567;2;29547;3031852;213849;72294;194;197	01-01-08	2008	SA-61	SA-61	NA	NA	NA	197
ERR4224914	NA	goat	NA	NA	NA	Ca2625	Discerning Environmental Pathways of Campylobacter Transmission	Ca2625	NextSeq 500 paired end sequencing	SAMEA6935508		NA	NA	Netherlands	31-12-16	NA	NA	1;131567;2;29547;3031852;213849;72294;194;197	01-01-16	2016	ena-EXPERIMENT-UTRECHT UNIVERSITY-09-06-2020-12:40:21:589-1207	unspecified	NA	NA	NA	197
ERR4224866	NA	goat	NA	NA	NA	Ca2392	Discerning Environmental Pathways of Campylobacter Transmission	Ca2392	NextSeq 500 paired end sequencing	SAMEA6935715		NA	NA	Netherlands	31-12-16	NA	NA	1;131567;2;29547;3031852;213849;72294;194;197	01-01-16	2016	ena-EXPERIMENT-UTRECHT UNIVERSITY-09-06-2020-12:40:21:588-1159	unspecified	NA	NA	NA	197
SRR26770208	Capra hircus	feces	9925	NA	NA	One Health Enteric sample from Campylobacter sp. 048LG02AL	CAGED: Campylobacter Genomics and Environmental Enteric Dysfunction	048LG02AL	Illumina MiSeq sequencing: Whole genome sequencing of Campylobacter Genomics and Environmental Enteric Dysfunction	SAMN38183149		NA	NA	Ethiopia: Eastern Hararghe Zone	18-01-22	NA	NA	1;131567;2;29547;3031852;213849;72294;194;2593542;3094085	18-01-22	18-01-22	048LG02AL	048LG02AL	NA	NA	NA	3094085
SRR27218440	Capra hircus	feces	9925	NA	NA	One Health Enteric sample from Campylobacter sp. 014LG01AL	CAGED: Campylobacter Genomics and Environmental Enteric Dysfunction	014LG01AL	Illumina MiSeq sequencing: WGS of Campylobacter: 014LG01AL	SAMN38712323		NA	NA	Ethiopia: Eastern Hararghe Zone	23-01-21	NA	NA	1;131567;2;29547;3031852;213849;72294;194;2593542;3108282	23-01-21	23-01-21	NH014LG01AL	NH014LG01AL	NA	NA	NA	3108282
SRR27218422	Capra hircus	feces	9925	NA	NA	One Health Enteric sample from Campylobacter sp. 084LG02AH	CAGED: Campylobacter Genomics and Environmental Enteric Dysfunction	084LG02AH	Illumina MiSeq sequencing: WGS of Campylobacter: 084LG02AH	SAMN38712338		NA	NA	Ethiopia: Eastern Hararghe Zone	26-02-22	NA	NA	1;131567;2;29547;3031852;213849;72294;194;2593542;3108297	26-02-22	26-02-22	NH084LG02AH	NH084LG02AH	NA	NA	NA	3108297
SRR27218449	Capra hircus	feces	9925	NA	NA	One Health Enteric sample from Campylobacter sp. 053LG02AL	CAGED: Campylobacter Genomics and Environmental Enteric Dysfunction	053LG02AL	Illumina MiSeq sequencing: WGS of Campylobacter: 053LG02AL	SAMN38713230		NA	NA	Ethiopia: Eastern Hararghe Zone	30-12-21	NA	NA	1;131567;2;29547;3031852;213849;72294;194;2593542;3108313	30-12-21	30-12-21	NH053LG02AL	NH053LG02AL	NA	NA	NA	3108313
ERR4224878	NA	goat	NA	NA	NA	Ca2448	Discerning Environmental Pathways of Campylobacter Transmission	Ca2448	NextSeq 500 paired end sequencing	SAMEA6935726		NA	NA	Netherlands	31-12-16	NA	NA	1;131567;2;29547;3031852;213849;72294;194;197	01-01-16	2016	ena-EXPERIMENT-UTRECHT UNIVERSITY-09-06-2020-12:40:21:588-1171	unspecified	NA	NA	NA	197
SRR26770173	Capra hircus	feces	9925	NA	NA	One Health Enteric sample from Campylobacter sp. 100LG02BL	CAGED: Campylobacter Genomics and Environmental Enteric Dysfunction	100LG02BL	Illumina MiSeq sequencing: Whole genome sequencing of Campylobacter Genomics and Environmental Enteric Dysfunction	SAMN38183152		NA	NA	Ethiopia: Eastern Hararghe Zone	09-12-21	NA	NA	1;131567;2;29547;3031852;213849;72294;194;2593542;3094088	09-12-21	09-12-21	100LG02BL	100LG02BL	NA	NA	NA	3094088
ERR4224815	NA	goat	NA	NA	NA	Ca2203	Discerning Environmental Pathways of Campylobacter Transmission	Ca2203	NextSeq 500 paired end sequencing	SAMEA6935655		NA	NA	Netherlands	31-12-16	NA	NA	1;131567;2;29547;3031852;213849;72294;194;197	01-01-16	2016	ena-EXPERIMENT-UTRECHT UNIVERSITY-09-06-2020-12:40:21:586-1108	unspecified	NA	NA	NA	197
ERR4224895	NA	goat	NA	NA	NA	Ca2513	Discerning Environmental Pathways of Campylobacter Transmission	Ca2513	NextSeq 500 paired end sequencing	SAMEA6935746		NA	NA	Netherlands	31-12-16	NA	NA	1;131567;2;29547;3031852;213849;72294;194;197	01-01-16	2016	ena-EXPERIMENT-UTRECHT UNIVERSITY-09-06-2020-12:40:21:589-1188	unspecified	NA	NA	NA	197
SRR16288478	NA	raw goat milk	NA	NA	NA	Pathogen: environmental/food/other sample from Campylobacter jejuni	GenomeTrakr Project: Texas Department of State Health Services	SAMN22211737	Illumina MiSeq sequencing	SAMN22211737		NA	TXACF2102245	missing	31-12-21	NA	NA	1;131567;2;29547;3031852;213849;72294;194;197	01-01-21	2021	TXACF2102245:wgs	Nextera DNA Flex	NA	NA	NA	197
SRR3210432	missing	raw goat milk	NA	NA	NA	Pathogen: environmental/food/other sample from Campylobacter jejuni	GenomeTrakr Project: California Department of Health - FDLB Micro	SAMN04442370	Illumina MiSeq paired end sequencing: Whole genome shotgun sequencing of Campylobacter jejuni by Illumina MiSeq	SAMN04442370		NA	CFSAN045416	USA:CA	30-06-15	NA	NA	1;131567;2;29547;3031852;213849;72294;194;197	31-05-15	2015-06	EXT00169330	Campylobacter jejuni Nextera XT shotgun	NA	NA	NA	197
SRR26770196	Capra hircus	feces	9925	NA	NA	One Health Enteric sample from Campylobacter sp. 062LG01AL	CAGED: Campylobacter Genomics and Environmental Enteric Dysfunction	062LG01AL	Illumina MiSeq sequencing: Whole genome sequencing of Campylobacter Genomics and Environmental Enteric Dysfunction	SAMN38183154		NA	NA	Ethiopia: Eastern Hararghe Zone	12-01-22	NA	NA	1;131567;2;29547;3031852;213849;72294;194;2593542;3094090	12-01-22	12-01-22	062LG01AL	062LG01AL	NA	NA	NA	3094090
SRR28214326	Capra hircus	feces	9925	NA	NA	One Health Enteric sample from Campylobacter sp. 013LG02AH	CAGED: Campylobacter Genomics and Environmental Enteric Dysfunction	013LG02AH	Illumina MiSeq sequencing: whole genome sequencing of Campylobacter spp.	SAMN40208053		NA	NA	Ethiopia: Eastern Hararghe Zone	03-06-22	NA	NA	1;131567;2;29547;3031852;213849;72294;194;2593542;3108337	02-06-22	03-06-22	013LG02AH-RI-M06531-20240227	013LG02AH-RI-M06531-20240227	NA	NA	NA	3108337
SRR12798039	NA	Animal-Goat	NA	NA	NA	Pathogen: environmental/food/other sample from Campylobacter coli	FSIS NARMS Campylobacter	SAMN16399176	Illumina MiSeq sequencing	SAMN16399176		NA	NA	USA:NJ	31-12-20	NA	NA	1;131567;2;29547;3031852;213849;72294;194;195	01-01-20	2020	FSIS12033659	FSIS12033659 Nextera XT shotgun library	NA	NA	NA	195
SRR20994500	NA	Animal-Goat (cecal)	NA	NA	NA	Pathogen: environmental/food/other sample from Campylobacter coli	FSIS NARMS Campylobacter	FSIS12213295	Illumina MiSeq sequencing	SAMN30220874		NA	NA	USA:CA	31-12-22	NA	NA	1;131567;2;29547;3031852;213849;72294;194;195	01-01-22	2022	FSIS12213295	FSIS12213295 Nextera XT shotgun library	NA	NA	NA	195
SRR6048565	Goat-Nubian	Goat Small intestine	NA	NA	NA	Pathogen: environmental/food/other sample from Campylobacter jejuni	Campylobacter Genome sequencing and assembly	PNUSAC002753	Illumina MiSeq sequencing	SAMN07655745		NA	NA	USA:WY	30-09-14	NA	NA	1;131567;2;29547;3031852;213849;72294;194;197	31-08-14	2014-09	PNUSAC002753:wgs	NexteraXT	NA	NA	NA	197
SRR11544463	NA	Animal-Goat	NA	NA	NA	Pathogen: environmental/food/other sample from Campylobacter jejuni	FSIS NARMS Campylobacter	FSIS12029734	Illumina MiSeq paired end sequencing: Whole genome shotgun sequencing of FSIS12029734 by Illumina MiSeq	SAMN14575264		NA	NA	USA:NY	31-12-20	NA	NA	1;131567;2;29547;3031852;213849;72294;194;197	01-01-20	2020	FSIS12029734	FSIS12029734 Nextera XT shotgun library	NA	NA	NA	197
SRR27218430	Capra hircus	feces	9925	NA	NA	One Health Enteric sample from Campylobacter sp. 133LG01AH	CAGED: Campylobacter Genomics and Environmental Enteric Dysfunction	133LG01AH	Illumina MiSeq sequencing: WGS of Campylobacter: 133LG01AH	SAMN38712351		NA	NA	Ethiopia: Eastern Hararghe Zone	29-03-22	NA	NA	1;131567;2;29547;3031852;213849;72294;194;2593542;3108310	28-03-22	29-03-22	NH133LG01AH	NH133LG01AH	NA	NA	NA	3108310
SRR19395871	NA	Animal-Goat (cecal)	NA	NA	NA	Pathogen: environmental/food/other sample from Campylobacter jejuni	FSIS NARMS Campylobacter	SAMN28657943	Illumina MiSeq sequencing	SAMN28657943		NA	NA	USA:NY	31-12-22	NA	NA	1;131567;2;29547;3031852;213849;72294;194;197	01-01-22	2022	FSIS12211662	FSIS12211662 Nextera XT shotgun library	NA	NA	NA	197
SRR26770179	Capra hircus	feces	9925	NA	NA	One Health Enteric sample from Campylobacter sp. 095LG01CL	CAGED: Campylobacter Genomics and Environmental Enteric Dysfunction	095LG01CL	Illumina MiSeq sequencing: Whole genome sequencing of Campylobacter Genomics and Environmental Enteric Dysfunction	SAMN38183148		NA	NA	Ethiopia: Eastern Hararghe Zone	04-01-22	NA	NA	1;131567;2;29547;3031852;213849;72294;194;2593542;3094084	04-01-22	04-01-22	095LG01CL	095LG01CL	NA	NA	NA	3094084
SRR11521728	NA	Animal-Goat	NA	NA	NA	Pathogen: environmental/food/other sample from Campylobacter jejuni	FSIS NARMS Campylobacter	FSIS12029554	Illumina MiSeq paired end sequencing: Whole genome shotgun sequencing of FSIS12029554 by Illumina MiSeq	SAMN14570266		NA	NA	USA:NC	31-12-20	NA	NA	1;131567;2;29547;3031852;213849;72294;194;197	01-01-20	2020	FSIS12029554	FSIS12029554 Nextera XT shotgun library	NA	NA	NA	197
ERR4224845	NA	goat	NA	NA	NA	Ca2316	Discerning Environmental Pathways of Campylobacter Transmission	Ca2316	NextSeq 500 paired end sequencing	SAMEA6935696		NA	NA	Netherlands	31-12-16	NA	NA	1;131567;2;29547;3031852;213849;72294;194;197	01-01-16	2016	ena-EXPERIMENT-UTRECHT UNIVERSITY-09-06-2020-12:40:21:587-1138	unspecified	NA	NA	NA	197
SRR11521726	NA	Animal-Goat	NA	NA	NA	Pathogen: environmental/food/other sample from Campylobacter jejuni	FSIS NARMS Campylobacter	FSIS12029551	Illumina MiSeq paired end sequencing: Whole genome shotgun sequencing of FSIS12029551 by Illumina MiSeq	SAMN14570264		NA	NA	USA:MA	31-12-20	NA	NA	1;131567;2;29547;3031852;213849;72294;194;197	01-01-20	2020	FSIS12029551	FSIS12029551 Nextera XT shotgun library	NA	NA	NA	197
SRR27218428	Capra hircus	feces	9925	NA	NA	One Health Enteric sample from Campylobacter sp. 129LG01BH	CAGED: Campylobacter Genomics and Environmental Enteric Dysfunction	129LG01BH	Illumina MiSeq sequencing: WGS of Campylobacter: 129LG01BH	SAMN38712348		NA	NA	Ethiopia: Eastern Hararghe Zone	02-03-22	NA	NA	1;131567;2;29547;3031852;213849;72294;194;2593542;3108307	02-03-22	02-03-22	NH129LG01BH	NH129LG01BH	NA	NA	NA	3108307
SRR28406693	Capra hircus	feces	9925	NA	NA	One Health Enteric sample from Campylobacter sp. 055LG01AL	CAGED: Campylobacter Genomics and Environmental Enteric Dysfunction	055LG01AL	Illumina MiSeq sequencing: WGS of Campylobacter	SAMN40454888		NA	NA	Ethiopia: Eastern Hararghe Zone	27-02-21	NA	NA	1;131567;2;29547;3031852;213849;72294;194;2593542;3133577	27-02-21	27-02-21	055LG01AL	055LG01AL	NA	NA	NA	3133577
SRR27218462	Capra hircus	feces	9925	NA	NA	One Health Enteric sample from Campylobacter sp. 070LG02AL	CAGED: Campylobacter Genomics and Environmental Enteric Dysfunction	070LG02AL	Illumina MiSeq sequencing: WGS of Campylobacter: 070LG02AL	SAMN38713233		NA	NA	Ethiopia: Eastern Hararghe Zone	29-12-21	NA	NA	1;131567;2;29547;3031852;213849;72294;194;2593542;3108316	29-12-21	29-12-21	NH070LG02AL	NH070LG02AL	NA	NA	NA	3108316
SRR13764597	NA	Animal-Goat (cecal)	NA	NA	NA	Pathogen: environmental/food/other sample from Campylobacter coli	FSIS NARMS Campylobacter	FSIS12137684	Illumina MiSeq sequencing	SAMN18027924		NA	NA	USA:IL	31-12-21	NA	NA	1;131567;2;29547;3031852;213849;72294;194;195	01-01-21	2021	FSIS12137684	FSIS12137684 Nextera XT shotgun library	NA	NA	NA	195
SRR28406692	Capra hircus	feces	9925	NA	NA	One Health Enteric sample from Campylobacter sp. 055LG01BL	CAGED: Campylobacter Genomics and Environmental Enteric Dysfunction	055LG01BL	Illumina MiSeq sequencing: WGS of Campylobacter	SAMN40454887		NA	NA	Ethiopia: Eastern Hararghe Zone	27-02-21	NA	NA	1;131567;2;29547;3031852;213849;72294;194;2593542;3133576	27-02-21	27-02-21	055LG01BL	055LG01BL	NA	NA	NA	3133576
SRR10056695	Homo sapiens	human	9606	NA	NA	Campylobacter jejuni 201528	Routine Sequencing of Campylobacter species	SAMN12673118	Illumina HiSeq 2500 sequencing	SAMN12673118		NA	201528	United Kingdom: United Kingdom	31-12-15	NA	NA	1;131567;2;29547;3031852;213849;72294;194;197	01-12-15	2015-12	201528	strain	NA	NA	NA	197
SRR16256362	Homo sapiens	missing	9606	NA	NA	Campylobacter_PS00358	Campylobacter spp. Genome sequencing and assembly	PS00358	Illumina MiSeq sequencing: Illumina whole-genome sequencing of Campylobacter jejuni isolate PS00358	SAMN20838454		NA	PS00358	USA: Pennsylvania	10-10-18	NA	NA	1;131567;2;29547;3031852;213849;72294;194;197	09-10-18	10-10-18	PS00358_Illumina	PS00358_Illumina	NA	NA	NA	197
SRR10859608	Homo sapiens	stool	9606	NA	NA	Pathogen: clinical or host-associated sample from Campylobacter coli	GenomeTrakr Project: FDA-CFSAN	SAMN13656967	NextSeq 500 paired end sequencing: Whole genome Illumina NextSeq sequence of Campylobacter coli	SAMN13656967		NA	32a	Chile	07-03-19	NA	NA	1;131567;2;29547;3031852;213849;72294;194;195	07-03-19	07-03-19	EXT00384173	Nextera XT library SEQ000098922	NA	NA	NA	195
SRR17929591	Homo sapiens	missing	9606	NA	NA	Microbe sample from Campylobacter jejuni	Campylobacter source attribution Genome sequencing and assembly (SACNZ)	SC0910	HiSeq X Ten sequencing: WGS of Campylobacter jejuni: SC0910	SAMN16731886		NA	NA	New Zealand	02-11-18	NA	NA	1;131567;2;29547;3031852;213849;72294;194;197	02-11-18	02-11-18	SC0910	SC0910	NA	NA	NA	197
SRR26328758	Homo sapiens	Human faeces	9606	NA	NA	CK057	HAZEL Campylobacter	CK057	HiSeq X Ten sequencing: WGS of Campylobacter jejuni: CK057	SAMN37736144		NA	CK057	Kenya: Nairobi	03-07-07	NA	NA	1;131567;2;29547;3031852;213849;72294;194;197	02-07-07	03-07-07	CK057	CK057	NA	NA	NA	197
SRR9877373	Homo sapiens	human	9606	NA	NA	Campylobacter jejuni 758755	Routine Sequencing of Campylobacter species	SAMN12417978	Illumina HiSeq 2500 sequencing	SAMN12417978		NA	758755	United Kingdom: United Kingdom	30-06-19	NA	NA	1;131567;2;29547;3031852;213849;72294;194;197	31-05-19	2019-06	758755	strain	NA	NA	NA	197
SRR10054163	Homo sapiens	human	9606	NA	NA	Campylobacter coli 223631	Routine Sequencing of Campylobacter species	SAMN12670626	Illumina HiSeq 2500 sequencing	SAMN12670626		NA	223631	United Kingdom: United Kingdom	31-01-16	NA	NA	1;131567;2;29547;3031852;213849;72294;194;195	01-01-16	2016-01	223631	strain	NA	NA	NA	195
SRR9933918	Homo sapiens	human	9606	NA	NA	Campylobacter jejuni 522066	Routine Sequencing of Campylobacter species	SAMN12538658	Illumina HiSeq 2500 sequencing	SAMN12538658		NA	522066	United Kingdom: United Kingdom	30-04-18	NA	NA	1;131567;2;29547;3031852;213849;72294;194;197	31-03-18	2018-04	522066	strain	NA	NA	NA	197
SRR9934144	Homo sapiens	human	9606	NA	NA	Campylobacter coli 527546	Routine Sequencing of Campylobacter species	SAMN12538956	Illumina HiSeq 2500 sequencing	SAMN12538956		NA	527546	United Kingdom: United Kingdom	30-04-18	NA	NA	1;131567;2;29547;3031852;213849;72294;194;195	31-03-18	2018-04	527546	strain	NA	NA	NA	195
ERR1750947	NA	Human	NA	NA	NA	H1	Long-term colonization of Campylobacter jejuni within a human host: evolution, antimicrobial resistance and clinical implications	H1	Illumina MiSeq paired end sequencing	SAMEA23795668	Evolution of Campylobacter in a long-term human host	NA	Campylobacter jejuni	New Zealand	19-12-06	NA	NA	1;131567;2;29547;3031852;213849;72294;194;197	19-12-06	19-12-06	ena-EXPERIMENT-MASSEY UNIVERSITY-07-12-2016-20:00:44:837-1	unspecified	NA	NA	NA	197
SRR5667095	Missing	stool	NA	NA	NA	Pathogen: clinical or host-associated sample from Campylobacter jejuni	Campylobacter Genome sequencing and assembly	PNUSAC002064	Illumina MiSeq sequencing	SAMN07210823		NA	NA	USA	31-05-17	NA	NA	1;131567;2;29547;3031852;213849;72294;194;197	30-04-17	2017-05	PNUSAC002064:wgs	NexteraXT	NA	NA	NA	197
SRR17964873	Homo sapiens	missing	9606	NA	NA	Microbe sample from Campylobacter jejuni	Campylobacter source attribution Genome sequencing and assembly (SACNZ)	SC1219	HiSeq X Ten sequencing: WGS of Campylobacter jejuni: SC1219	SAMN16769367		NA	NA	New Zealand	14-12-18	NA	NA	1;131567;2;29547;3031852;213849;72294;194;197	14-12-18	14-12-18	SC1219	SC1219	NA	NA	NA	197
SRR12301978	NA	human	NA	NA	NA	Pathogen: environmental/food/other sample from Campylobacter jejuni	Genome-wide insights in population structure and host specificity of Campylobacter jejuni	13-00893	Illumina HiSeq 1500 sequencing: Genome-wide insights in population structure and host specificity of Campylobacter jejuni	SAMN15617631		NA	NA	Germany	31-12-13	52.5 N 13.4 E	13.4	1;131567;2;29547;3031852;213849;72294;194;197	01-01-13	2013	13-00893	13-00893	52.5	NA	52.5 N 13.4 E	197
SRR9924020	Homo sapiens	human	9606	NA	NA	Campylobacter jejuni 561577	Routine Sequencing of Campylobacter species	SAMN12529562	Illumina HiSeq 2500 sequencing	SAMN12529562		NA	561577	United Kingdom: United Kingdom	30-06-18	NA	NA	1;131567;2;29547;3031852;213849;72294;194;197	31-05-18	2018-06	561577	strain	NA	NA	NA	197
SRR10013357	Homo sapiens	human	9606	NA	NA	Campylobacter jejuni 291666	Routine Sequencing of Campylobacter species	SAMN12621853	Illumina HiSeq 2500 sequencing	SAMN12621853		NA	291666	United Kingdom: United Kingdom	31-08-16	NA	NA	1;131567;2;29547;3031852;213849;72294;194;197	31-07-16	2016-08	291666	strain	NA	NA	NA	197
SRR9901589	Homo sapiens	human	9606	NA	NA	Campylobacter jejuni 604079	Routine Sequencing of Campylobacter species	SAMN12500033	Illumina HiSeq 2500 sequencing	SAMN12500033		NA	604079	United Kingdom: United Kingdom	31-08-18	NA	NA	1;131567;2;29547;3031852;213849;72294;194;197	31-07-18	2018-08	604079	strain	NA	NA	NA	197
SRR10006856	Homo sapiens	human	9606	NA	NA	Campylobacter jejuni 333977	Routine Sequencing of Campylobacter species	SAMN12610789	Illumina HiSeq 2500 sequencing	SAMN12610789		NA	333977	United Kingdom: United Kingdom	31-08-16	NA	NA	1;131567;2;29547;3031852;213849;72294;194;197	31-07-16	2016-08	333977	strain	NA	NA	NA	197
SRR9899111	Homo sapiens	human	9606	NA	NA	Campylobacter jejuni 605854	Routine Sequencing of Campylobacter species	SAMN12492507	Illumina HiSeq 2500 sequencing	SAMN12492507		NA	605854	United Kingdom: United Kingdom	31-08-18	NA	NA	1;131567;2;29547;3031852;213849;72294;194;197	31-07-18	2018-08	605854	strain	NA	NA	NA	197
SRR2057227	Missing	stool	NA	NA	NA	Pathogen: clinical or host-associated sample from Campylobacter jejuni	Campylobacter Genome sequencing and assembly	PNUSAC000092	Illumina MiSeq sequencing	SAMN03764531		NA	NA	USA	30-04-15	NA	NA	1;131567;2;29547;3031852;213849;72294;194;197	31-03-15	2015-04	TESTWGCAMPY0003244:wgs	NexteraXT	NA	NA	NA	197
SRR8886452	Homo sapiens	feces	9606	NA	NA	OXC2642	Sentinel surveillance of Campylobacter	OXC2642	Illumina HiSeq 4000 sequencing: WGS Campylobacter for FSA Sentinel Surveillance in UK consortium (FS101013)	SAMN11301759		NA	NA	NA	31-12-07	NA	NA	1;131567;2;29547;3031852;213849;72294;194;197	01-01-07	2007	OXC2642	OXC2642	NA	NA	NA	197
SRR12077290	Homo sapiens	stool	9606	NA	NA	Pathogen: clinical or host-associated sample from Campylobacter jejuni	Campylobacter jejuni strains associated with different diarrheal outcomes	Cj_str_RM4279	Illumina MiSeq sequencing: WGS of Campylobacter jejuni strain RM4279	SAMN15351905		NA	NA	South Africa	16-01-04	30.5595 S 22.9375 E	22.9375	1;131567;2;29547;3031852;213849;72294;194;197	16-01-04	16-01-04	Cj_str_RM4279	Cj_str_RM4279	-30.5595	NA	30.5595 S 22.9375 E	197
SRR10013461	Homo sapiens	human	9606	NA	NA	Campylobacter coli 291692	Routine Sequencing of Campylobacter species	SAMN12621915	Illumina HiSeq 2500 sequencing	SAMN12621915		NA	291692	United Kingdom: United Kingdom	31-08-16	NA	NA	1;131567;2;29547;3031852;213849;72294;194;195	31-07-16	2016-08	291692	strain	NA	NA	NA	195
SRR28623835	Homo sapiens	stool sample	9606	NA	NA	Pathogen: clinical or host-associated sample from Campylobacter jejuni	Genome of Campylobacter jejuni isolated of Spanish humans	cjeju22_8	Illumina MiSeq sequencing: WGS of C. jejuni: humans stool	SAMN40466989		NA	NA	Spain: Cadiz	31-12-21	NA	NA	1;131567;2;29547;3031852;213849;72294;194;197	01-01-21	2021	cjeju22_8	cjeju22_8	NA	NA	NA	197
SRR9929936	NA	stool	NA	NA	NA	Campylobacter coli	Campylobacter Genome sequencing and assembly	SAMN12535601	Illumina MiSeq sequencing	SAMN12535601		NA	missing	USA	22-07-19	NA	NA	1;131567;2;29547;3031852;213849;72294;194;195	21-07-19	22-07-19	PNUSAC010776:wgs	NexteraXT	NA	NA	NA	195
ERR4224083	NA	human	NA	NA	NA	1411700338	Discerning Environmental Pathways of Campylobacter Transmission	1411700338	NextSeq 500 paired end sequencing	SAMEA6936083		NA	NA	Netherlands	31-12-18	NA	NA	1;131567;2;29547;3031852;213849;72294;194;197	01-01-18	2018	ena-EXPERIMENT-UTRECHT UNIVERSITY-09-06-2020-12:40:21:561-376	unspecified	NA	NA	NA	197
SRR6202924	Missing	stool	NA	NA	NA	Pathogen: clinical or host-associated sample from Campylobacter jejuni	Campylobacter Genome sequencing and assembly	PNUSAC002911	Illumina MiSeq sequencing	SAMN07817128		NA	NA	USA	30-09-17	NA	NA	1;131567;2;29547;3031852;213849;72294;194;197	31-08-17	2017-09	PNUSAC002911:wgs	NexteraXT	NA	NA	NA	197
SRR11007823	Homo sapiens	stool	9606	NA	NA	Campylobacter jejuni	GenomeTrakr Project: Maryland Department of Health and Mental Hygiene	SAMN13977256	Illumina MiSeq sequencing	SAMN13977256		NA	MDA16073211	USA:MD	16-06-16	NA	NA	1;131567;2;29547;3031852;213849;72294;194;197	15-06-16	16-06-16	MDA16073211:wgs	NexteraXT	NA	NA	NA	197
SRR17974319	Homo sapiens	missing	9606	NA	NA	Microbe sample from Campylobacter jejuni	Campylobacter source attribution Genome sequencing and assembly (SACNZ)	SC1604	HiSeq X Ten sequencing: WGS of Campylobacter jejuni: SC1604	SAMN16769633		NA	NA	New Zealand	22-02-19	NA	NA	1;131567;2;29547;3031852;213849;72294;194;197	22-02-19	22-02-19	SC1604	SC1604	NA	NA	NA	197
SRR10738422	Homo sapiens	stool	9606	NA	NA	Campylobacter jejuni	GenomeTrakr Project: Maryland Department of Health and Mental Hygiene	SAMN13634663	Illumina MiSeq sequencing	SAMN13634663		NA	MDA16114921	USA:MD	03-10-16	NA	NA	1;131567;2;29547;3031852;213849;72294;194;197	02-10-16	03-10-16	MDA16114921:wgs	NexteraXT	NA	NA	NA	197
SRR9974474	Homo sapiens	human	9606	NA	NA	Campylobacter jejuni 381652	Routine Sequencing of Campylobacter species	SAMN12585469	Illumina HiSeq 2500 sequencing	SAMN12585469		NA	381652	United Kingdom: United Kingdom	30-06-17	NA	NA	1;131567;2;29547;3031852;213849;72294;194;197	31-05-17	2017-06	381652	strain	NA	NA	NA	197
SRR27385303	Homo sapiens	fecal stool	9606	NA	NA	LMIC human fecal stool sample CAM004943-029126, whole-genome shotgun sequencing	Epidemiology and impact of emerging Campylobacter species isolated from humans and animals in Loreto Department Peru: Genome sequencing and assembly	CAM004943-029126	Illumina MiSeq sequencing: LMIC human fecal stool sample CAM004943-029126, whole-genome shotgun sequencing	SAMN39199411		NA	NA	Peru:Loreto	23-11-22	3.8 S 73.34 W	-73.34	1;131567;2;29547;3031852;213849;72294;194;197	23-11-22	23-11-22	CAM004943-029126	CAM004943-029126	-3.8	NA	3.8 S 73.34 W	197
SRR6221087	Missing	stool	NA	NA	NA	Pathogen: clinical or host-associated sample from Campylobacter coli	Campylobacter Genome sequencing and assembly	PNUSAC002804	Illumina MiSeq sequencing	SAMN07811815		NA	NA	USA	31-08-17	NA	NA	1;131567;2;29547;3031852;213849;72294;194;195	31-07-17	2017-08	PNUSAC002804:wgs	NexteraXT	NA	NA	NA	195
SRR17925379	Homo sapiens	missing	9606	NA	NA	Microbe sample from Campylobacter jejuni	Campylobacter source attribution Genome sequencing and assembly (SACNZ)	SC0700	HiSeq X Ten sequencing: WGS of Campylobacter jejuni: SC0700	SAMN16731697		NA	NA	New Zealand	18-09-18	NA	NA	1;131567;2;29547;3031852;213849;72294;194;197	17-09-18	18-09-18	SC0700	SC0700	NA	NA	NA	197
SRR8126519	Homo sapiens	blood	9606	NA	NA	Pathogen: clinical or host-associated sample from Campylobacter jejuni	French clinical Campylobacter jejuni strains isolated between 2011 and 2016 used in a source attribution study	2014_0259	NextSeq 500 sequencing: whole-genome sequencing of French clinical strains of C. jejuni : blood isolate 2014_0259	SAMN10250843		NA	NA	France	31-12-14	NA	NA	1;131567;2;29547;3031852;213849;72294;194;197	01-01-14	2014	SRA_2014_0259	SRA_2014_0259	NA	NA	NA	197
ERR2986689	NA	stool	NA	NA	NA	Campy_Basel	Whole genome analysis of Campylobacter in Basel, Switzerland	S160104	Illumina MiSeq paired end sequencing	SAMEA5148018		NA	S160104	Switzerland	02-01-16	NA	NA	1;131567;2;29547;3031852;213849;72294;194;197	02-01-16	02-01-16	ena-EXPERIMENT-University Hospital Basel-10-12-2018-15:56:16:794-56	unspecified	NA	diseased	NA	197
SRR4000220	Missing	stool	NA	NA	NA	Pathogen: clinical or host-associated sample from Campylobacter jejuni	Campylobacter Genome sequencing and assembly	PNUSAC000657	Illumina MiSeq sequencing	SAMN05511426		NA	NA	Missing	30-06-16	NA	NA	1;131567;2;29547;3031852;213849;72294;194;197	31-05-16	2016-06	PNUSAC000657:wgs	NexteraXT	NA	NA	NA	197
SRR9942978	Homo sapiens	human	9606	NA	NA	Campylobacter jejuni 497867	Routine Sequencing of Campylobacter species	SAMN12547263	Illumina HiSeq 2500 sequencing	SAMN12547263		NA	497867	United Kingdom: United Kingdom	28-02-18	NA	NA	1;131567;2;29547;3031852;213849;72294;194;197	01-02-18	2018-02	497867	strain	NA	NA	NA	197
SRR5188912	Missing	stool	NA	NA	NA	Pathogen: clinical or host-associated sample from Campylobacter jejuni	Campylobacter Genome sequencing and assembly	PNUSAC001307	Illumina MiSeq sequencing	SAMN06237933		NA	NA	USA	31-05-14	NA	NA	1;131567;2;29547;3031852;213849;72294;194;197	30-04-14	2014-05	PNUSAC001307:wgs	NexteraXT	NA	NA	NA	197
SRR11268237	Homo sapiens	stool	9606	NA	NA	Pathogen: clinical or host-associated sample from Campylobacter jejuni	Genome sequencing and assembly of Campylobacter species	511171	Illumina HiSeq 4000 sequencing: Genome sequencing and assembly of Campylobacter species	SAMN14126149		NA	NA	India	NA	20.59 N 78.96 E	78.96	1;131567;2;29547;3031852;213849;72294;194;197	NA	missing	511171	511171	20.59	NA	20.59 N 78.96 E	197
SRR12362453	Homo sapiens	stool	9606	NA	NA	Pathogen: clinical or host-associated sample from Campylobacter jejuni	Sentinel Surveillance of humal clinical campylobacteriosis in Ireland	PHL149	Illumina MiSeq sequencing: Illumina MiSeq of Campylobacter spp.: stool samples	SAMN15516520		NA	PHL149	Ireland	31-08-19	NA	NA	1;131567;2;29547;3031852;213849;72294;194;197	30-08-19	31-08-19	PHL149	PHL149	NA	NA	NA	197
SRR25376760	Homo sapiens	feces	9606	NA	NA	Pathogen: clinical or host-associated sample from Campylobacter jejuni	Campylobacter Isolates from cases of human campylobacteriosis collected in Australia 2017-2019	18Q1177H1	NextSeq 500 sequencing: WGS of Australian human capylobacteriosis isolate 18Q1177H1	SAMN13413900		NA	NA	Australia: QLD	31-12-18	23.0 S 143.0 E	143	1;131567;2;29547;3031852;213849;72294;194;197	01-01-18	2018	18Q1177H1_LIB	18Q1177H1_LIB	-23	NA	23.0 S 143.0 E	197
SRR9942873	Homo sapiens	human	9606	NA	NA	Campylobacter jejuni 500329	Routine Sequencing of Campylobacter species	SAMN12547214	Illumina HiSeq 2500 sequencing	SAMN12547214		NA	500329	United Kingdom: United Kingdom	28-02-18	NA	NA	1;131567;2;29547;3031852;213849;72294;194;197	01-02-18	2018-02	500329	strain	NA	NA	NA	197
SRR9962473	Homo sapiens	human	9606	NA	NA	Campylobacter jejuni 444156	Routine Sequencing of Campylobacter species	SAMN12568277	Illumina HiSeq 2500 sequencing	SAMN12568277		NA	444156	United Kingdom: United Kingdom	30-11-17	NA	NA	1;131567;2;29547;3031852;213849;72294;194;197	01-11-17	2017-11	444156	strain	NA	NA	NA	197
SRR28406690	Homo sapiens	feces	9606	NA	NA	One Health Enteric sample from Campylobacter sp. 056HC13BL	CAGED: Campylobacter Genomics and Environmental Enteric Dysfunction	056HC13BL	Illumina MiSeq sequencing: WGS of Campylobacter	SAMN40454894		NA	NA	Ethiopia: Eastern Hararghe Zone	02-02-22	NA	NA	1;131567;2;29547;3031852;213849;72294;194;2593542;3133583	02-02-22	02-02-22	056HC13BL	056HC13BL	NA	NA	NA	3133583
SRR12362279	Homo sapiens	stool	9606	NA	NA	Pathogen: clinical or host-associated sample from Campylobacter jejuni	Sentinel Surveillance of humal clinical campylobacteriosis in Ireland	PHL75	Illumina MiSeq sequencing: Illumina MiSeq of Campylobacter spp.: stool samples	SAMN15516446		NA	PHL75	Ireland	22-04-19	NA	NA	1;131567;2;29547;3031852;213849;72294;194;197	21-04-19	22-04-19	PHL75	PHL75	NA	NA	NA	197
SRR9962218	Homo sapiens	human	9606	NA	NA	Campylobacter jejuni 410036	Routine Sequencing of Campylobacter species	SAMN12567902	Illumina HiSeq 2500 sequencing	SAMN12567902		NA	410036	United Kingdom: United Kingdom	31-08-17	NA	NA	1;131567;2;29547;3031852;213849;72294;194;197	31-07-17	2017-08	410036	strain	NA	NA	NA	197
ERR9766849	NA	clinical sample	NA	NA	NA	Whole genome-based characterization of Campylobacter jejuni Switzerland	Whole genome-based characterization of Campylobacter jejuni from human patients with gastroenteritis	110333	Illumina MiSeq sequencing	SAMEA14035725		NA	110333	Switzerland	31-12-14	NA	NA	1;131567;2;29547;3031852;213849;72294;194;197	01-01-14	2014	ena-EXPERIMENT-TAB-24-05-2022-09:37:33:552-40198	unspecified	NA	NA	NA	197
SRR9993653	Homo sapiens	human	9606	NA	NA	Campylobacter coli 336931	Routine Sequencing of Campylobacter species	SAMN12597727	Illumina HiSeq 2500 sequencing	SAMN12597727		NA	336931	United Kingdom: United Kingdom	31-12-16	NA	NA	1;131567;2;29547;3031852;213849;72294;194;195	01-12-16	2016-12	336931	strain	NA	NA	NA	195
ERR4224188	NA	human	NA	NA	NA	1411800579	Discerning Environmental Pathways of Campylobacter Transmission	1411800579	NextSeq 500 paired end sequencing	SAMEA6936257		NA	NA	Netherlands	31-12-18	NA	NA	1;131567;2;29547;3031852;213849;72294;194;197	01-01-18	2018	ena-EXPERIMENT-UTRECHT UNIVERSITY-09-06-2020-12:40:21:565-481	unspecified	NA	NA	NA	197
SRR5209619	Homo sapiens	Human stool	9606	NA	NA	Pathogen: clinical or host-associated sample from Campylobacter jejuni	A Genome-Wide Association Study to Identify Diagnostic Markers for Human Pathogenic Campylobacter jejuni Strains	C3GFDB009514	Illumina HiSeq 2000 sequencing: DNA seq of Campylobacter jejuni: Homo sapiens faeces	SAMN06270746		NA	07_2680	Canada: Waterloo, Ontario	30-05-07	43.4642 N 80.5204 W	-80.5204	1;131567;2;29547;3031852;213849;72294;194;197	29-05-07	30-05-07	C3GFDB009514	C3GFDB009514	43.4642	NA	43.4642 N 80.5204 W	197
SRR9968987	Homo sapiens	human	9606	NA	NA	Campylobacter jejuni 405970	Routine Sequencing of Campylobacter species	SAMN12573987	Illumina HiSeq 2500 sequencing	SAMN12573987		NA	405970	United Kingdom: United Kingdom	31-07-17	NA	NA	1;131567;2;29547;3031852;213849;72294;194;197	30-06-17	2017-07	405970	strain	NA	NA	NA	197
ERR2986658	NA	stool	NA	NA	NA	Campy_Basel	Whole genome analysis of Campylobacter in Basel, Switzerland	S150808	Illumina MiSeq paired end sequencing	SAMEA5148099		NA	S150808	Switzerland	27-08-15	NA	NA	1;131567;2;29547;3031852;213849;72294;194;197	26-08-15	27-08-15	ena-EXPERIMENT-University Hospital Basel-10-12-2018-15:56:16:792-25	unspecified	NA	diseased	NA	197
SRR12769653	Homo sapiens	human	9606	NA	NA	Campylobacter jejuni 212929	Routine Sequencing of Campylobacter species	SAMN16363674	Illumina HiSeq 2500 sequencing	SAMN16363674		NA	212929	United Kingdom: United Kingdom	30-11-15	NA	NA	1;131567;2;29547;3031852;213849;72294;194;197	01-11-15	2015-11	212929	strain	NA	NA	NA	197
SRR9974241	Homo sapiens	human	9606	NA	NA	Campylobacter jejuni 378740	Routine Sequencing of Campylobacter species	SAMN12585300	Illumina HiSeq 2500 sequencing	SAMN12585300		NA	378740	United Kingdom: United Kingdom	31-05-17	NA	NA	1;131567;2;29547;3031852;213849;72294;194;197	30-04-17	2017-05	378740	strain	NA	NA	NA	197
SRR1768072	Missing	blood	NA	NA	NA	Pathogen: clinical or host-associated sample from Campylobacter jejuni	Campylobacter Genome sequencing and assembly	PNUSAC000050	Illumina MiSeq paired end sequencing: Whole genome shotgun sequencing of Campylobacter jejuni by Illumina MiSeq	SAMN03288038		NA	NA	USA	30-04-14	NA	NA	1;131567;2;29547;3031852;213849;72294;194;197	31-03-14	2014-04	PNUSAC000050	Campylobacter jejuni Nextera XT shotgun library	NA	NA	NA	197
SRR10490230	Homo sapiens	human	9606	NA	NA	Campylobacter jejuni 201496	Routine Sequencing of Campylobacter species	SAMN13326907	Illumina HiSeq 2500 sequencing	SAMN13326907		NA	201496	United Kingdom: United Kingdom	31-12-15	NA	NA	1;131567;2;29547;3031852;213849;72294;194;197	01-12-15	2015-12	201496	strain	NA	NA	NA	197
SRR12062933	Homo sapiens	feces	9606	NA	NA	Pathogen: clinical or host-associated sample from Campylobacter jejuni	ESR Campylobacter sequencing	16CC0581	Illumina MiSeq sequencing: C. jejuni sample 16CC0581	SAMN15317740		NA	16CC0581	New Zealand	31-12-16	40.9006 S 174.886 E	174.886	1;131567;2;29547;3031852;213849;72294;194;197	01-01-16	2016	16CC0581	16CC0581	-40.9006	NA	40.9006 S 174.886 E	197
SRR10011173	Homo sapiens	human	9606	NA	NA	Campylobacter jejuni 327985	Routine Sequencing of Campylobacter species	SAMN12617609	Illumina HiSeq 2500 sequencing	SAMN12617609		NA	327985	United Kingdom: United Kingdom	31-08-16	NA	NA	1;131567;2;29547;3031852;213849;72294;194;197	31-07-16	2016-08	327985	strain	NA	NA	NA	197
SRR10026154	Homo sapiens	human	9606	NA	NA	Campylobacter jejuni 277673	Routine Sequencing of Campylobacter species	SAMN12643212	Illumina HiSeq 2500 sequencing	SAMN12643212		NA	277673	United Kingdom: United Kingdom	31-05-16	NA	NA	1;131567;2;29547;3031852;213849;72294;194;197	30-04-16	2016-05	277673	strain	NA	NA	NA	197
SRR25377045	Homo sapiens	feces	9606	NA	NA	Pathogen: clinical or host-associated sample from Campylobacter jejuni	Campylobacter Isolates from cases of human campylobacteriosis collected in Australia 2017-2019	18N1019H1	NextSeq 500 sequencing: WGS of Australian human capylobacteriosis isolate 18N1019H1	SAMN13413635		NA	NA	Australia: NSW	31-12-18	32.0 S 147.0 E	147	1;131567;2;29547;3031852;213849;72294;194;197	01-01-18	2018	18N1019H1_LIB	18N1019H1_LIB	-32	NA	32.0 S 147.0 E	197
SRR10056842	Homo sapiens	human	9606	NA	NA	Campylobacter jejuni 189930	Routine Sequencing of Campylobacter species	SAMN12673253	Illumina HiSeq 2500 sequencing	SAMN12673253		NA	189930	United Kingdom: United Kingdom	30-11-15	NA	NA	1;131567;2;29547;3031852;213849;72294;194;197	01-11-15	2015-11	189930	strain	NA	NA	NA	197
SRR9948460	Homo sapiens	human	9606	NA	NA	Campylobacter jejuni 440779	Routine Sequencing of Campylobacter species	SAMN12558405	Illumina HiSeq 2500 sequencing	SAMN12558405		NA	440779	United Kingdom: United Kingdom	31-10-17	NA	NA	1;131567;2;29547;3031852;213849;72294;194;197	30-09-17	2017-10	440779	strain	NA	NA	NA	197
SRR20336840	Homo sapiens	stool	9606	NA	NA	Pathogen: clinical or host-associated sample from Campylobacter jejuni	Campylobacter jejuni GBS	6059-2020	Illumina MiSeq sequencing: DNA-Seq of Campylobacter jejuni: Human	SAMN29855686		NA	Human	Peru:Lima	31-12-20	12.04 S 77.02 W	-77.02	1;131567;2;29547;3031852;213849;72294;194;197	01-01-20	2020	6059-2020	6059-2020	-12.04	NA	12.04 S 77.02 W	197
SRR10001221	Homo sapiens	human	9606	NA	NA	Campylobacter jejuni 335282	Routine Sequencing of Campylobacter species	SAMN12603983	Illumina HiSeq 2500 sequencing	SAMN12603983		NA	335282	United Kingdom: United Kingdom	31-12-16	NA	NA	1;131567;2;29547;3031852;213849;72294;194;197	01-12-16	2016-12	335282	strain	NA	NA	NA	197
SRR9877471	Homo sapiens	human	9606	NA	NA	Campylobacter jejuni 758756	Routine Sequencing of Campylobacter species	SAMN12418102	Illumina HiSeq 2500 sequencing	SAMN12418102		NA	758756	United Kingdom: United Kingdom	30-06-19	NA	NA	1;131567;2;29547;3031852;213849;72294;194;197	31-05-19	2019-06	758756	strain	NA	NA	NA	197
SRR7761286	missing	stool	NA	NA	NA	Campylobacter jejuni	Campylobacter Genome sequencing and assembly	SAMN09927898	Illumina MiSeq sequencing	SAMN09927898		NA	missing	USA	31-08-18	NA	NA	1;131567;2;29547;3031852;213849;72294;194;197	31-07-18	2018-08	PNUSAC005867:wgs	NexteraXT	NA	NA	NA	197
SRR8554697	missing	stool	NA	NA	NA	Campylobacter jejuni	Campylobacter Genome sequencing and assembly	SAMN10908157	Illumina MiSeq sequencing	SAMN10908157		NA	missing	USA	31-03-18	NA	NA	1;131567;2;29547;3031852;213849;72294;194;197	01-03-18	2018-03	PNUSAC007506:wgs	NexteraXT	NA	NA	NA	197
SRR9974246	Homo sapiens	human	9606	NA	NA	Campylobacter jejuni 390092	Routine Sequencing of Campylobacter species	SAMN12585292	Illumina HiSeq 2500 sequencing	SAMN12585292		NA	390092	United Kingdom: United Kingdom	30-06-17	NA	NA	1;131567;2;29547;3031852;213849;72294;194;197	31-05-17	2017-06	390092	strain	NA	NA	NA	197
SRR7280455	Homo sapiens	blood	9606	NA	NA	Pathogen: clinical or host-associated sample from Campylobacter jejuni	Invasive human Campylobacter jejuni isolates	H1662	Illumina MiSeq sequencing: Whole-genome sequencing of Campylobacter jejuni	SAMN09382286		NA	NA	New Zealand: Wellington	25-01-11	41.31 S 174.78 E	174.78	1;131567;2;29547;3031852;213849;72294;194;197	25-01-11	25-01-11	H1662	H1662	-41.31	NA	41.31 S 174.78 E	197
SRR10062883	Homo sapiens	human	9606	NA	NA	Campylobacter jejuni 183739	Routine Sequencing of Campylobacter species	SAMN12686752	Illumina HiSeq 2500 sequencing	SAMN12686752		NA	183739	United Kingdom: United Kingdom	30-11-15	NA	NA	1;131567;2;29547;3031852;213849;72294;194;197	01-11-15	2015-11	183739	strain	NA	NA	NA	197
SRR5581844	Missing	stool	NA	NA	NA	Pathogen: clinical or host-associated sample from Campylobacter jejuni	Campylobacter Genome sequencing and assembly	PNUSAC001900	Illumina MiSeq sequencing	SAMN07135011		NA	NA	USA	30-04-17	NA	NA	1;131567;2;29547;3031852;213849;72294;194;197	31-03-17	2017-04	PNUSAC001900:wgs	NexteraXT	NA	NA	NA	197
SRR13001597	Homo sapiens	stool	9606	NA	NA	Pathogen: clinical or host-associated sample from Campylobacter jejuni	Genenome wide association study of PI-IBS and non-PI-IBS clinical isolates of Campylobacter from patients.	Clinical Isolate 91	Illumina HiSeq 3000 sequencing: Genome of Clinical Isolate of Campylobacter jejuni	SAMN16689724		NA	91	USA: Minnesota	NA	NA	NA	1;131567;2;29547;3031852;213849;72294;194;197	NA	missing	Clinical Isolate 91	Clinical Isolate 91	NA	NA	NA	197
SRR6929968	missing	stool	NA	NA	NA	Campylobacter jejuni	Campylobacter Genome sequencing and assembly	SAMN08849565	Illumina MiSeq sequencing	SAMN08849565		NA	missing	USA	31-03-18	NA	NA	1;131567;2;29547;3031852;213849;72294;194;197	01-03-18	2018-03	PNUSAC004012:wgs	NexteraXT	NA	NA	NA	197
SRR7851637	missing	stool	NA	NA	NA	Campylobacter jejuni	Campylobacter Genome sequencing and assembly	SAMN10077554	Illumina MiSeq sequencing	SAMN10077554		NA	missing	USA	31-08-18	NA	NA	1;131567;2;29547;3031852;213849;72294;194;197	31-07-18	2018-08	PNUSAC006023:wgs	NexteraXT	NA	NA	NA	197
SRR5097312	Missing	stool	NA	NA	NA	Pathogen: clinical or host-associated sample from Campylobacter jejuni	Campylobacter Genome sequencing and assembly	PNUSAC001170	Illumina MiSeq sequencing	SAMN06077072		NA	NA	USA	30-11-16	NA	NA	1;131567;2;29547;3031852;213849;72294;194;197	01-11-16	2016-11	PNUSAC001170:wgs	NexteraXT	NA	NA	NA	197
SRR9900234	Homo sapiens	human	9606	NA	NA	Campylobacter jejuni 586051	Routine Sequencing of Campylobacter species	SAMN12495503	Illumina HiSeq 2500 sequencing	SAMN12495503		NA	586051	United Kingdom: United Kingdom	31-08-18	NA	NA	1;131567;2;29547;3031852;213849;72294;194;197	31-07-18	2018-08	586051	strain	NA	NA	NA	197
ERR083975	Homo sapiens	faeces	9606	NA	NA	Campylobacter jejuni Campylobacter jejuni	The Genomics of Speciation in Campylobacter	CJ6359-sc-2011-09-14T12:37:06Z-1278652	Illumina HiSeq 2000 paired end sequencing	SAMEA1010401		NA	NA	United Kingdom	31-12-11	NA	NA	1;131567;2;29547;3031852;213849;72294;194;197	01-01-11	2011	SC_EXP_7065_7#13	3827959	NA	not known	NA	197
SRR20075845	Homo sapiens	NA	9606	NA	NA	Pathogen: clinical or host-associated sample from Campylobacter coli	OHEJP CARE PT strains	CARE060	NextSeq 500 sequencing: OHEJP CARE PT strain	SAMN29629581		NA	CARE060	Denmark	31-12-22	NA	NA	1;131567;2;29547;3031852;213849;72294;194;195	01-01-22	2022	CARE060	CARE060	NA	NA	NA	195
ERR9766650	NA	clinical sample	NA	NA	NA	Whole genome-based characterization of Campylobacter jejuni Switzerland	Whole genome-based characterization of Campylobacter jejuni from human patients with gastroenteritis	109017	Illumina NovaSeq 6000 sequencing	SAMEA14035526		NA	109017	Switzerland	31-12-06	NA	NA	1;131567;2;29547;3031852;213849;72294;194;197	01-01-06	2006	ena-EXPERIMENT-TAB-24-05-2022-09:37:33:481-39800	unspecified	NA	NA	NA	197
SRR7851632	missing	stool	NA	NA	NA	Campylobacter jejuni	Campylobacter Genome sequencing and assembly	SAMN10077558	Illumina MiSeq sequencing	SAMN10077558		NA	missing	USA	31-08-18	NA	NA	1;131567;2;29547;3031852;213849;72294;194;197	31-07-18	2018-08	PNUSAC006019:wgs	NexteraXT	NA	NA	NA	197
SRR10018227	Homo sapiens	human	9606	NA	NA	Campylobacter jejuni 291684	Routine Sequencing of Campylobacter species	SAMN12629006	Illumina HiSeq 2500 sequencing	SAMN12629006		NA	291684	United Kingdom: United Kingdom	31-08-16	NA	NA	1;131567;2;29547;3031852;213849;72294;194;197	31-07-16	2016-08	291684	strain	NA	NA	NA	197
SRR9924040	Homo sapiens	human	9606	NA	NA	Campylobacter jejuni 541325	Routine Sequencing of Campylobacter species	SAMN12529515	Illumina HiSeq 2500 sequencing	SAMN12529515		NA	541325	United Kingdom: United Kingdom	31-05-18	NA	NA	1;131567;2;29547;3031852;213849;72294;194;197	30-04-18	2018-05	541325	strain	NA	NA	NA	197
SRR7637763	missing	stool	NA	NA	NA	Campylobacter jejuni	Campylobacter Genome sequencing and assembly	SAMN09760205	Illumina MiSeq sequencing	SAMN09760205		NA	missing	USA	31-07-18	NA	NA	1;131567;2;29547;3031852;213849;72294;194;197	30-06-18	2018-07	PNUSAC005327:wgs	NexteraXT	NA	NA	NA	197
SRR7764604	missing	stool	NA	NA	NA	Campylobacter jejuni	Campylobacter Genome sequencing and assembly	SAMN09930831	Illumina MiSeq sequencing	SAMN09930831		NA	missing	USA	31-08-18	NA	NA	1;131567;2;29547;3031852;213849;72294;194;197	31-07-18	2018-08	PNUSAC005886:wgs	NexteraXT	NA	NA	NA	197
SRR10031344	Homo sapiens	human	9606	NA	NA	Campylobacter jejuni 265369	Routine Sequencing of Campylobacter species	SAMN12648363	Illumina HiSeq 2500 sequencing	SAMN12648363		NA	265369	United Kingdom: United Kingdom	31-05-16	NA	NA	1;131567;2;29547;3031852;213849;72294;194;197	30-04-16	2016-05	265369	strain	NA	NA	NA	197
SRR8815897	NA	stool	NA	NA	NA	Campylobacter jejuni	Campylobacter Genome sequencing and assembly	SAMN11288747	Illumina MiSeq sequencing	SAMN11288747		NA	missing	USA	15-03-19	NA	NA	1;131567;2;29547;3031852;213849;72294;194;197	15-03-19	15-03-19	PNUSAC008972:wgs	NexteraXT	NA	NA	NA	197
SRR5230144	Missing	stool	NA	NA	NA	Pathogen: clinical or host-associated sample from Campylobacter jejuni	Campylobacter Genome sequencing and assembly	PNUSAC001473	Illumina MiSeq sequencing	SAMN06285352		NA	NA	USA	31-12-16	NA	NA	1;131567;2;29547;3031852;213849;72294;194;197	01-12-16	2016-12	PNUSAC001473:wgs	NexteraXT	NA	NA	NA	197
SRR6322607	Missing	stool	NA	NA	NA	Pathogen: clinical or host-associated sample from Campylobacter jejuni	Campylobacter Genome sequencing and assembly	PNUSAC003263	Illumina MiSeq sequencing	SAMN08057555		NA	NA	USA:WY	30-04-14	NA	NA	1;131567;2;29547;3031852;213849;72294;194;197	31-03-14	2014-04	PNUSAC003263:wgs	NexteraXT	NA	NA	NA	197
SRR9898983	Homo sapiens	human	9606	NA	NA	Campylobacter jejuni 613677	Routine Sequencing of Campylobacter species	SAMN12492380	Illumina HiSeq 2500 sequencing	SAMN12492380		NA	613677	United Kingdom: United Kingdom	30-09-18	NA	NA	1;131567;2;29547;3031852;213849;72294;194;197	31-08-18	2018-09	613677	strain	NA	NA	NA	197
SRR7968374	missing	stool	NA	NA	NA	Campylobacter jejuni	Campylobacter Genome sequencing and assembly	SAMN10180460	Illumina MiSeq sequencing	SAMN10180460		NA	missing	USA	30-09-18	NA	NA	1;131567;2;29547;3031852;213849;72294;194;197	31-08-18	2018-09	PNUSAC006369:wgs	NexteraXT	NA	NA	NA	197
SRR12362332	Homo sapiens	stool	9606	NA	NA	Pathogen: clinical or host-associated sample from Campylobacter jejuni	Sentinel Surveillance of humal clinical campylobacteriosis in Ireland	PHL27	Illumina MiSeq sequencing: Illumina MiSeq of Campylobacter spp.: stool samples	SAMN15516398		NA	PHL27	Ireland	11-03-19	NA	NA	1;131567;2;29547;3031852;213849;72294;194;197	11-03-19	11-03-19	PHL27	PHL27	NA	NA	NA	197
SRR7157741	missing	stool	NA	NA	NA	Campylobacter coli	Campylobacter Genome sequencing and assembly	SAMN09203632	Illumina MiSeq sequencing	SAMN09203632		NA	missing	USA	30-04-18	NA	NA	1;131567;2;29547;3031852;213849;72294;194;195	31-03-18	2018-04	PNUSAC004365:wgs	NexteraXT	NA	NA	NA	195
ERR9766817	NA	clinical sample	NA	NA	NA	Whole genome-based characterization of Campylobacter jejuni Switzerland	Whole genome-based characterization of Campylobacter jejuni from human patients with gastroenteritis	110300	Illumina MiniSeq sequencing	SAMEA14035693		NA	110300	Switzerland	31-12-11	NA	NA	1;131567;2;29547;3031852;213849;72294;194;197	01-01-11	2011	ena-EXPERIMENT-TAB-24-05-2022-09:37:33:543-40134	unspecified	NA	NA	NA	197
SRR27376378	Homo sapiens	fecal stool	9606	NA	NA	LMIC human fecal stool sample CAM002685-014986, whole-genome shotgun sequencing	Epidemiology and impact of emerging Campylobacter species isolated from humans and animals in Loreto Department Peru: Genome sequencing and assembly	CAM002685-014986	Illumina MiSeq sequencing: LMIC human fecal stool sample CAM002685-014986, whole-genome shotgun sequencing	SAMN39182608		NA	NA	Peru:Loreto	01-07-22	3.8 S 73.34 W	-73.34	1;131567;2;29547;3031852;213849;72294;194;197	30-06-22	01-07-22	CAM002685-014986	CAM002685-014986	-3.8	NA	3.8 S 73.34 W	197
SRR10001393	Homo sapiens	human	9606	NA	NA	Campylobacter jejuni 329277	Routine Sequencing of Campylobacter species	SAMN12603907	Illumina HiSeq 2500 sequencing	SAMN12603907		NA	329277	United Kingdom: United Kingdom	31-10-11	NA	NA	1;131567;2;29547;3031852;213849;72294;194;197	30-09-11	2011-10	329277	strain	NA	NA	NA	197
SRR17925158	Homo sapiens	missing	9606	NA	NA	Microbe sample from Campylobacter jejuni	Campylobacter source attribution Genome sequencing and assembly (SACNZ)	SC0532	HiSeq X Ten sequencing: WGS of Campylobacter jejuni: SC0532	SAMN16731530		NA	NA	New Zealand	10-08-18	NA	NA	1;131567;2;29547;3031852;213849;72294;194;197	09-08-18	10-08-18	SC0532	SC0532	NA	NA	NA	197
SRR17929568	Homo sapiens	missing	9606	NA	NA	Microbe sample from Campylobacter jejuni	Campylobacter source attribution Genome sequencing and assembly (SACNZ)	SC0928	HiSeq X Ten sequencing: WGS of Campylobacter jejuni: SC0928	SAMN16731895		NA	NA	New Zealand	02-11-18	NA	NA	1;131567;2;29547;3031852;213849;72294;194;197	02-11-18	02-11-18	SC0928	SC0928	NA	NA	NA	197
SRR6048548	missing	stool	NA	NA	NA	Pathogen: clinical or host-associated sample from Campylobacter jejuni	Campylobacter Genome sequencing and assembly	PNUSAC002528	Illumina MiSeq sequencing	SAMN07502666		NA	NA	USA:WY	31-10-14	NA	NA	1;131567;2;29547;3031852;213849;72294;194;197	30-09-14	2014-10	PNUSAC002528:wgs	NexteraXT	NA	NA	NA	197
SRR19905474	Homo sapiens	Stool Specimen	9606	NA	NA	Whole genome sequence of Campylobacter jejuni BD34 isolated from patient with GBS in icddr,b, Dhaka, Bangladesh	Campylobacter jejuni Genome sequencing and assembly	Campylobacter jejuni BD34	NextSeq 500 sequencing: Whole genome sequence of Campylobacter jejuni BD34 isolated from patient with GBS in icddr,b, Dhaka, Bangladesh	SAMN29243881		NA	NA	Bangladesh: Dhaka	31-12-06	23.8103 N 90.4125 E	90.4125	1;131567;2;29547;3031852;213849;72294;194;197	01-01-06	2006	BD34	BD34	23.8103	NA	23.8103 N 90.4125 E	197
SRR10019155	Homo sapiens	human	9606	NA	NA	Campylobacter jejuni 285750	Routine Sequencing of Campylobacter species	SAMN12631020	Illumina HiSeq 2500 sequencing	SAMN12631020		NA	285750	United Kingdom: United Kingdom	31-07-16	NA	NA	1;131567;2;29547;3031852;213849;72294;194;197	30-06-16	2016-07	285750	strain	NA	NA	NA	197
SRR27474201	Macaca mulatta	rectal swab	9544	NA	NA	110-21-168	Campylobacter coli and Campylobacter jejuni Genome sequencing and assembly	ME2L-23-284	Illumina MiSeq sequencing: WGS of Campylobacter from macaques	SAMN38910034		NA	110	USA:Texas	31-12-22	NA	NA	1;131567;2;29547;3031852;213849;72294;194;195	01-01-22	2022	ME2L-23-284	ME2L-23-284	NA	NA	NA	195
SRR12488519	Cavia porcellus	missing	10141	NA	NA	Pathogen: Guinea pig-associated sample of Campylobacter jejuni GP012	Campylobacter jejuni GP012 Genome sequencing and assembly	GP012	Illumina MiSeq sequencing: WGS of Campylobacter jejuni GP012	SAMN15860573		NA	NA	Peru:Loreto, Peruvian Amazon, Santo Tomas	31-10-19	3.8 S 73.34 W	-73.34	1;131567;2;29547;3031852;213849;72294;194;197	30-09-19	2019-10	CjGP012	CjGP012	-3.8	NA	3.8 S 73.34 W	197
SRR3094502	Guinea pig	aborted uteroplacental unit	NA	NA	NA	Pathogen: clinical or host-associated sample from Campylobacter jejuni	Campylobacter jejuni Raw sequence reads	36P-3	Illumina MiSeq sequencing: WGS of Campylobacter jejuni 36P-3	SAMN04381863		NA	36P-3	NA	31-12-13	NA	NA	1;131567;2;29547;3031852;213849;72294;194;197	01-01-13	2013	36P-3	36P-3	NA	NA	NA	197
SRR27474105	Macaca mulatta	feces	9544	NA	NA	88-20-095N	Campylobacter coli and Campylobacter jejuni Genome sequencing and assembly	ME2L-23-263	Illumina MiSeq sequencing: WGS of Campylobacter from macaques	SAMN38910013		NA	88	USA:Texas	31-12-22	NA	NA	1;131567;2;29547;3031852;213849;72294;194;195	01-01-22	2022	ME2L-23-263	ME2L-23-263	NA	NA	NA	195
SRR1635242	NA	Grey seal pup live wild	NA	NA	NA	Microbe sample from Campylobacter jejuni	Genome sequencing of Campylobacter isolates: Campylobacter jejuni, Campylobacter coli and Campylobacter lari Genome sequencing	JB138	Illumina MiSeq sequencing: Population genomics of Campylobacter sp. from grey seals (Halichoerus grypus) from Baily et al. 2014 (Molecular Ecology)"	SAMN03121783		NA	NA	United Kingdom: Isle of May, Scotland	31-12-11	NA	NA	1;131567;2;29547;3031852;213849;72294;194;197	01-01-11	2011	Genome sequencing of Campylobacter JB138	NA	NA	NA	NA	197
SRR12686270	Non-human primate	feces	NA	NA	NA	Pathogen: environmental/food/other sample from Campylobacter coli	Campylobacter sp. Genome sequencing	CCAMP 165	NextSeq 500 sequencing: WGS of Campylobacter coli: Non-human primate feces	SAMN16129273		NA	CCAMP 165	Brazil:Rio de Janeiro	31-12-03	NA	NA	1;131567;2;29547;3031852;213849;72294;194;195	01-01-03	2003	CaColi-165	CaColi-165	NA	NA	NA	195
SRR27474148	Macaca mulatta	rectal swab	9544	NA	NA	32-18-011	Campylobacter coli and Campylobacter jejuni Genome sequencing and assembly	ME2L-23-208	Illumina MiSeq sequencing: WGS of Campylobacter from macaques	SAMN38909958		NA	32	USA:Texas	31-12-22	NA	NA	1;131567;2;29547;3031852;213849;72294;194;195	01-01-22	2022	ME2L-23-208	ME2L-23-208	NA	NA	NA	195
SRR12686252	Non-human primate	feces	NA	NA	NA	Pathogen: environmental/food/other sample from Campylobacter coli	Campylobacter sp. Genome sequencing	CCAMP 1010	NextSeq 500 sequencing: WGS of Campylobacter coli: Non-human primate feces	SAMN16129288		NA	CCAMP 1010	Brazil:Rio de Janeiro	31-12-07	NA	NA	1;131567;2;29547;3031852;213849;72294;194;195	01-01-07	2007	CaColi-1010	CaColi-1010	NA	NA	NA	195
SRR29262348	Vicugna pacos	feces	30538	NA	NA	Microbe sample from Campylobacter coli	Thermophilic Campylobacter species in New World Camelids from Germany	Campylobacter coli_IHIT51973	NextSeq 2000 sequencing: Campylobacter coli	SAMN41652110		NA	NA	Germany	18-09-22	NA	NA	1;131567;2;29547;3031852;213849;72294;194;195	17-09-22	18-09-22	IHIT51973	IHIT51973	NA	NA	NA	195
SRR27474206	Macaca mulatta	rectal swab	9544	NA	NA	105-21-004D	Campylobacter coli and Campylobacter jejuni Genome sequencing and assembly	ME2L-23-279	Illumina MiSeq sequencing: WGS of Campylobacter from macaques	SAMN38910029		NA	105	USA:Texas	31-12-22	NA	NA	1;131567;2;29547;3031852;213849;72294;194;195	01-01-22	2022	ME2L-23-279	ME2L-23-279	NA	NA	NA	195
SRR27474135	Macaca mulatta	rectal swab	9544	NA	NA	65-19-070	Campylobacter coli and Campylobacter jejuni Genome sequencing and assembly	ME2L-23-240	Illumina MiSeq sequencing: WGS of Campylobacter from macaques	SAMN38909990		NA	65	USA:Texas	31-12-22	NA	NA	1;131567;2;29547;3031852;213849;72294;194;195	01-01-22	2022	ME2L-23-240	ME2L-23-240	NA	NA	NA	195
SRR29262334	Vicugna pacos	feces	30538	NA	NA	Microbe sample from Campylobacter jejuni	Thermophilic Campylobacter species in New World Camelids from Germany	Campylobacter jejuni_IHIT51966	NextSeq 2000 sequencing: Campylobacter jejuni	SAMN41652103		NA	NA	Germany	09-08-21	NA	NA	1;131567;2;29547;3031852;213849;72294;194;197	08-08-21	09-08-21	IHIT51966	IHIT51966	NA	NA	NA	197
SRR6314321	Macaca mulatta	feces	9544	NA	NA	Pathogen: environmental/food/other sample from Campylobacter jejuni subsp. jejuni	GenomeTrakr Project: FDA-CFSAN	SAMN08055004	NextSeq 500 paired end sequencing: Whole genome Illumina NextSeq sequence of Campylobacter jejuni subsp. jejuni	SAMN08055004		NA	CCAMP-991	Brazil	31-12-99	NA	NA	1;131567;2;29547;3031852;213849;72294;194;197;32022	01-01-99	1999	EXT00285225	Nextera XT library SEQ000063217	NA	NA	NA	32022
SRR1635222	NA	Grey seal pup live wild	NA	NA	NA	Microbe sample from Campylobacter coli	Genome sequencing of Campylobacter isolates: Campylobacter jejuni, Campylobacter coli and Campylobacter lari Genome sequencing	JB120	Illumina MiSeq sequencing: Population genomics of Campylobacter sp. from grey seals (Halichoerus grypus) from Baily et al. 2014 (Molecular Ecology)"	SAMN03121773		NA	NA	United Kingdom: Isle of May, Scotland	31-12-11	NA	NA	1;131567;2;29547;3031852;213849;72294;194;195	01-01-11	2011	Genome sequencing of Campylobacter JB120	NA	NA	NA	NA	195
SRR1635160	NA	Grey seal pup live wild	NA	NA	NA	Microbe sample from Campylobacter jejuni	Genome sequencing of Campylobacter isolates: Campylobacter jejuni, Campylobacter coli and Campylobacter lari Genome sequencing	JB85	Illumina MiSeq sequencing: Population genomics of Campylobacter sp. from grey seals (Halichoerus grypus) from Baily et al. 2014 (Molecular Ecology)"	SAMN03121753		NA	NA	United Kingdom: Isle of May, Scotland	31-12-11	NA	NA	1;131567;2;29547;3031852;213849;72294;194;197	01-01-11	2011	Genome sequencing of Campylobacter JB85	NA	NA	NA	NA	197
SRR27474144	Macaca mulatta	rectal swab	9544	NA	NA	57-19-044	Campylobacter coli and Campylobacter jejuni Genome sequencing and assembly	ME2L-23-232	Illumina MiSeq sequencing: WGS of Campylobacter from macaques	SAMN38909982		NA	57	USA:Texas	31-12-22	NA	NA	1;131567;2;29547;3031852;213849;72294;194;195	01-01-22	2022	ME2L-23-232	ME2L-23-232	NA	NA	NA	195
SRR1635043	NA	Grey seal pup live rehab, Middlebank Wildife Centre	NA	NA	NA	Microbe sample from Campylobacter jejuni	Genome sequencing of Campylobacter isolates: Campylobacter jejuni, Campylobacter coli and Campylobacter lari Genome sequencing	JB2	Illumina MiSeq sequencing: Population genomics of Campylobacter sp. from grey seals (Halichoerus grypus) from Baily et al. 2014 (Molecular Ecology)"	SAMN03121716		NA	NA	United Kingdom: Fife, Scotland	31-12-11	NA	NA	1;131567;2;29547;3031852;213849;72294;194;197	01-01-11	2011	Sequencing of Campylobacter JB2	NA	NA	NA	NA	197
SRR1635167	NA	Grey seal pup live wild	NA	NA	NA	Microbe sample from Campylobacter jejuni	Genome sequencing of Campylobacter isolates: Campylobacter jejuni, Campylobacter coli and Campylobacter lari Genome sequencing	JB97	Illumina MiSeq sequencing: Population genomics of Campylobacter sp. from grey seals (Halichoerus grypus) from Baily et al. 2014 (Molecular Ecology)"	SAMN03121760		NA	NA	United Kingdom: Isle of May, Scotland	31-12-11	NA	NA	1;131567;2;29547;3031852;213849;72294;194;197	01-01-11	2011	Genome sequencing of Campylobacter JB97	NA	NA	NA	NA	197
SRR12686263	Non-human primate	feces	NA	NA	NA	Pathogen: environmental/food/other sample from Campylobacter coli	Campylobacter sp. Genome sequencing	CCAMP 446	NextSeq 500 sequencing: WGS of Campylobacter coli: Non-human primate feces	SAMN16129278		NA	CCAMP 446	Brazil:Rio de Janeiro	31-12-04	NA	NA	1;131567;2;29547;3031852;213849;72294;194;195	01-01-04	2004	CaColi-446	CaColi-446	NA	NA	NA	195
SRR27474188	Macaca mulatta	rectal swab	9544	NA	NA	3-8-122	Campylobacter coli and Campylobacter jejuni Genome sequencing and assembly	ME2L-23-179	Illumina MiSeq sequencing: WGS of Campylobacter from macaques	SAMN38909929		NA	3	USA:Texas	31-12-22	NA	NA	1;131567;2;29547;3031852;213849;72294;194;195	01-01-22	2022	ME2L-23-179	ME2L-23-179	NA	NA	NA	195
SRR3094503	Guinea pig	aborted uteroplacental unit	NA	NA	NA	Pathogen: clinical or host-associated sample from Campylobacter jejuni	Campylobacter jejuni Raw sequence reads	37U-2	Illumina MiSeq sequencing: WGS of Campylobacter jejuni 37U-2	SAMN04381864		NA	37U-2	NA	31-12-13	NA	NA	1;131567;2;29547;3031852;213849;72294;194;197	01-01-13	2013	37U-2	37U-2	NA	NA	NA	197
SRR11101879	NA	Wild boar	NA	NA	NA	Pathogen: clinical or host-associated sample from Campylobacter coli	Transmission routes of Campylobacter in chicken	CA567	NextSeq 500 sequencing: WGS of Campylobacter_coli	SAMN14118220		NA	296	Sweden	NA	NA	NA	1;131567;2;29547;3031852;213849;72294;194;195	NA	not collected	CA567	CA567	NA	NA	NA	195
SRR3094501	Guinea pig	aborted uteroplacental unit	NA	NA	NA	Pathogen: clinical or host-associated sample from Campylobacter jejuni	Campylobacter jejuni Raw sequence reads	36P-2	Illumina MiSeq sequencing: WGS of Campylobacter jejuni 36P-2	SAMN04381862		NA	36P-2	NA	31-12-13	NA	NA	1;131567;2;29547;3031852;213849;72294;194;197	01-01-13	2013	36P-2	36P-2	NA	NA	NA	197
SRR1816196	Primate	feces	NA	NA	NA	Microbe sample from Campylobacter jejuni	Major food bacterial pathogens in the united states and around the world, including Salmonella enterica, E. coli, Shigella, Listeria monocytogenes, Campylobacter Jejuni, and Vibrio parahaemolyticus genome sequencing	BCW_4456	Illumina HiSeq 2500 sequencing: 100k Pathogen Genomes Submission: Sample BCW_4456	SAMN03358123		NA	NA	missing	NA	NA	NA	1;131567;2;29547;3031852;213849;72294;194;197	NA	not collected	BCW_4456	BCW_4456	NA	NA	NA	197
SRR6314874	Macaca mulatta	feces	9544	NA	NA	Pathogen: environmental/food/other sample from Campylobacter jejuni subsp. jejuni	GenomeTrakr Project: FDA-CFSAN	SAMN08053348	NextSeq 500 paired end sequencing: Whole genome Illumina NextSeq sequence of Campylobacter jejuni subsp. jejuni	SAMN08053348		NA	CCAMP-1466	Brazil	31-12-09	NA	NA	1;131567;2;29547;3031852;213849;72294;194;197;32022	01-01-09	2009	EXT00285036	Nextera XT library SEQ000063249	NA	NA	NA	32022
SRR3619988	Primate	feces	NA	NA	NA	Microbe sample from Campylobacter coli	Major food bacterial pathogens in the united states and around the world, including Salmonella enterica, E. coli, Shigella, Listeria monocytogenes, Campylobacter Jejuni, and Vibrio parahaemolyticus genome sequencing	BCW_7435	Illumina HiSeq 3000 sequencing: Campylobacter Genomics	SAMN04532440		NA	NA	missing	NA	NA	NA	1;131567;2;29547;3031852;213849;72294;194;195	NA	not collected	BCW_7435	BCW_7435	NA	NA	NA	195
SRR1635153	NA	Grey seal pup live wild	NA	NA	NA	Microbe sample from Campylobacter jejuni	Genome sequencing of Campylobacter isolates: Campylobacter jejuni, Campylobacter coli and Campylobacter lari Genome sequencing	JB73	Illumina MiSeq sequencing: Population genomics of Campylobacter sp. from grey seals (Halichoerus grypus) from Baily et al. 2014 (Molecular Ecology)"	SAMN03121747		NA	NA	United Kingdom: Isle of May, Scotland	31-12-11	NA	NA	1;131567;2;29547;3031852;213849;72294;194;197	01-01-11	2011	Genome sequencing of Campylobacter JB73	NA	NA	NA	NA	197
SRR1635168	NA	Grey seal pup live wild	NA	NA	NA	Microbe sample from Campylobacter jejuni	Genome sequencing of Campylobacter isolates: Campylobacter jejuni, Campylobacter coli and Campylobacter lari Genome sequencing	JB98	Illumina MiSeq sequencing: Population genomics of Campylobacter sp. from grey seals (Halichoerus grypus) from Baily et al. 2014 (Molecular Ecology)"	SAMN03121761		NA	NA	United Kingdom: Isle of May, Scotland	31-12-11	NA	NA	1;131567;2;29547;3031852;213849;72294;194;197	01-01-11	2011	Genome sequencing of Campylobacter JB98	NA	NA	NA	NA	197
SRR12686293	Non-human primate	feces	NA	NA	NA	Pathogen: environmental/food/other sample from Campylobacter coli	Campylobacter sp. Genome sequencing	CCAMP 625	NextSeq 500 sequencing: WGS of Campylobacter coli: Non-human primate feces	SAMN16129252		NA	CCAMP 625	Brazil:Rio de Janeiro	31-12-96	NA	NA	1;131567;2;29547;3031852;213849;72294;194;195	01-01-96	1996	CaColi-625-1	CaColi-625-1	NA	NA	NA	195
SRR12686280	Non-human primate	feces	NA	NA	NA	Pathogen: environmental/food/other sample from Campylobacter coli	Campylobacter sp. Genome sequencing	CCAMP 726	NextSeq 500 sequencing: WGS of Campylobacter coli: Non-human primate feces	SAMN16129264		NA	CCAMP 726	Brazil:Rio de Janeiro	31-12-00	NA	NA	1;131567;2;29547;3031852;213849;72294;194;195	01-01-00	2000	CaColi-726	CaColi-726	NA	NA	NA	195
SRR27474180	Macaca mulatta	rectal swab	9544	NA	NA	4-9-122	Campylobacter coli and Campylobacter jejuni Genome sequencing and assembly	ME2L-23-180	Illumina MiSeq sequencing: WGS of Campylobacter from macaques	SAMN38909930		NA	4	USA:Texas	31-12-22	NA	NA	1;131567;2;29547;3031852;213849;72294;194;195	01-01-22	2022	ME2L-23-180	ME2L-23-180	NA	NA	NA	195
SRR1635134	NA	Grey seal pup dead wild	NA	NA	NA	Microbe sample from Campylobacter jejuni	Genome sequencing of Campylobacter isolates: Campylobacter jejuni, Campylobacter coli and Campylobacter lari Genome sequencing	JB56	Illumina MiSeq sequencing: Population genomics of Campylobacter sp. from grey seals (Halichoerus grypus) from Baily et al. 2014 (Molecular Ecology)"	SAMN03121740		NA	NA	United Kingdom: Isle of May, Scotland	31-12-11	NA	NA	1;131567;2;29547;3031852;213849;72294;194;197	01-01-11	2011	Genome sequencing of Campylobacter JB56	NA	NA	NA	NA	197
SRR1816194	Primate	feces	NA	NA	NA	Microbe sample from Campylobacter coli	Major food bacterial pathogens in the united states and around the world, including Salmonella enterica, E. coli, Shigella, Listeria monocytogenes, Campylobacter Jejuni, and Vibrio parahaemolyticus genome sequencing	BCW_4454	Illumina HiSeq 2500 sequencing: 100k Pathogen Genomes Submission: Sample BCW_4454	SAMN03358121		NA	NA	missing	NA	NA	NA	1;131567;2;29547;3031852;213849;72294;194;195	NA	not collected	BCW_4454	BCW_4454	NA	NA	NA	195
SRR27474153	Macaca mulatta	rectal swab	9544	NA	NA	37-18-084	Campylobacter coli and Campylobacter jejuni Genome sequencing and assembly	ME2L-23-213	Illumina MiSeq sequencing: WGS of Campylobacter from macaques	SAMN38909963		NA	37	USA:Texas	31-12-22	NA	NA	1;131567;2;29547;3031852;213849;72294;194;195	01-01-22	2022	ME2L-23-213	ME2L-23-213	NA	NA	NA	195
SRR27474102	Macaca mulatta	rectal swab	9544	NA	NA	91-20-148	Campylobacter coli and Campylobacter jejuni Genome sequencing and assembly	ME2L-23-266	Illumina MiSeq sequencing: WGS of Campylobacter from macaques	SAMN38910016		NA	91	USA:Texas	31-12-22	NA	NA	1;131567;2;29547;3031852;213849;72294;194;195	01-01-22	2022	ME2L-23-266	ME2L-23-266	NA	NA	NA	195
SRR12686282	Non-human primate	feces	NA	NA	NA	Pathogen: environmental/food/other sample from Campylobacter coli	Campylobacter sp. Genome sequencing	CCAMP 975	NextSeq 500 sequencing: WGS of Campylobacter coli: Non-human primate feces	SAMN16129262		NA	CCAMP 975	Brazil:Rio de Janeiro	31-12-99	NA	NA	1;131567;2;29547;3031852;213849;72294;194;195	01-01-99	1999	CaColi-975	CaColi-975	NA	NA	NA	195
SRR1635212	NA	Grey seal pup live wild	NA	NA	NA	Microbe sample from Campylobacter jejuni	Genome sequencing of Campylobacter isolates: Campylobacter jejuni, Campylobacter coli and Campylobacter lari Genome sequencing	JB113	Illumina MiSeq sequencing: Population genomics of Campylobacter sp. from grey seals (Halichoerus grypus) from Baily et al. 2014 (Molecular Ecology)"	SAMN03121769		NA	NA	United Kingdom: Isle of May, Scotland	31-12-11	NA	NA	1;131567;2;29547;3031852;213849;72294;194;197	01-01-11	2011	Genome sequencing of Campylobacter JB113	NA	NA	NA	NA	197
SRR27474192	Macaca mulatta	rectal swab	9544	NA	NA	17-17-007	Campylobacter coli and Campylobacter jejuni Genome sequencing and assembly	ME2L-23-193	Illumina MiSeq sequencing: WGS of Campylobacter from macaques	SAMN38909943		NA	17	USA:Texas	31-12-22	NA	NA	1;131567;2;29547;3031852;213849;72294;194;195	01-01-22	2022	ME2L-23-193	ME2L-23-193	NA	NA	NA	195
SRR29262329	Vicugna pacos	feces	30538	NA	NA	Microbe sample from Campylobacter coli	Thermophilic Campylobacter species in New World Camelids from Germany	Campylobacter coli_IHIT51971	NextSeq 2000 sequencing: Campylobacter coli	SAMN41652108		NA	NA	Germany	14-03-22	NA	NA	1;131567;2;29547;3031852;213849;72294;194;195	14-03-22	14-03-22	IHIT51971	IHIT51971	NA	NA	NA	195
SRR1635284	NA	Grey seal pup live wild, Middlebank Wildlife Centre	NA	NA	NA	Microbe sample from Campylobacter jejuni	Genome sequencing of Campylobacter isolates: Campylobacter jejuni, Campylobacter coli and Campylobacter lari Genome sequencing	JB186	Illumina MiSeq sequencing: Population genomics of Campylobacter sp. from grey seals (Halichoerus grypus) from Baily et al. 2014 (Molecular Ecology)"	SAMN03121801		NA	NA	United Kingdom: Fife, Scotland	31-12-11	NA	NA	1;131567;2;29547;3031852;213849;72294;194;197	01-01-11	2011	Genome sequencing of Campylobacter JB186	NA	NA	NA	NA	197
SRR3619982	Primate	feces	NA	NA	NA	Microbe sample from Campylobacter coli	Major food bacterial pathogens in the united states and around the world, including Salmonella enterica, E. coli, Shigella, Listeria monocytogenes, Campylobacter Jejuni, and Vibrio parahaemolyticus genome sequencing	BCW_6958	Illumina HiSeq 3000 sequencing: Campylobacter Genomics	SAMN04532435		NA	NA	missing	NA	NA	NA	1;131567;2;29547;3031852;213849;72294;194;195	NA	not collected	BCW_6958	BCW_6958	NA	NA	NA	195
SRR12686295	Non-human primate	feces	NA	NA	NA	Pathogen: environmental/food/other sample from Campylobacter coli	Campylobacter sp. Genome sequencing	CCAMP 825	NextSeq 500 sequencing: WGS of Campylobacter coli: Non-human primate feces	SAMN16129250		NA	CCAMP 825	Brazil:Rio de Janeiro	31-12-96	NA	NA	1;131567;2;29547;3031852;213849;72294;194;195	01-01-96	1996	CaColi-825	CaColi-825	NA	NA	NA	195
SRR3619972	Primate	feces	NA	NA	NA	Microbe sample from Campylobacter coli	Major food bacterial pathogens in the united states and around the world, including Salmonella enterica, E. coli, Shigella, Listeria monocytogenes, Campylobacter Jejuni, and Vibrio parahaemolyticus genome sequencing	BCW_5818	Illumina HiSeq 3000 sequencing: Campylobacter Genomics	SAMN04532340		NA	NA	missing	NA	NA	NA	1;131567;2;29547;3031852;213849;72294;194;195	NA	not collected	BCW_5818	BCW_5818	NA	NA	NA	195
SRR11101917	NA	Wild boar	NA	NA	NA	Pathogen: clinical or host-associated sample from Campylobacter coli	Transmission routes of Campylobacter in chicken	CA285	NextSeq 500 sequencing: WGS of Campylobacter_coli	SAMN14118185		NA	261	Sweden	NA	NA	NA	1;131567;2;29547;3031852;213849;72294;194;195	NA	not collected	CA285	CA285	NA	NA	NA	195
SRR1635047	NA	Grey seal pup dead wild	NA	NA	NA	Microbe sample from Campylobacter jejuni	Genome sequencing of Campylobacter isolates: Campylobacter jejuni, Campylobacter coli and Campylobacter lari Genome sequencing	JB9	Illumina MiSeq sequencing: Population genomics of Campylobacter sp. from grey seals (Halichoerus grypus) from Baily et al. 2014 (Molecular Ecology)"	SAMN03121719		NA	NA	United Kingdom: Isle of May, Scotland	31-12-11	NA	NA	1;131567;2;29547;3031852;213849;72294;194;197	01-01-11	2011	Genome sequencing of Campylobacter JB9	NA	NA	NA	NA	197
SRR27474114	Macaca mulatta	rectal swab	9544	NA	NA	78-19-227	Campylobacter coli and Campylobacter jejuni Genome sequencing and assembly	ME2L-23-253	Illumina MiSeq sequencing: WGS of Campylobacter from macaques	SAMN38910003		NA	78	USA:Texas	31-12-22	NA	NA	1;131567;2;29547;3031852;213849;72294;194;195	01-01-22	2022	ME2L-23-253	ME2L-23-253	NA	NA	NA	195
SRR27474182	Macaca mulatta	rectal swab	9544	NA	NA	35-18-064	Campylobacter coli and Campylobacter jejuni Genome sequencing and assembly	ME2L-23-211	Illumina MiSeq sequencing: WGS of Campylobacter from macaques	SAMN38909961		NA	35	USA:Texas	31-12-22	NA	NA	1;131567;2;29547;3031852;213849;72294;194;195	01-01-22	2022	ME2L-23-211	ME2L-23-211	NA	NA	NA	195
SRR1816195	Primate	feces	NA	NA	NA	Microbe sample from Campylobacter coli	Major food bacterial pathogens in the united states and around the world, including Salmonella enterica, E. coli, Shigella, Listeria monocytogenes, Campylobacter Jejuni, and Vibrio parahaemolyticus genome sequencing	BCW_4455	Illumina HiSeq 2500 sequencing: 100k Pathogen Genomes Submission: Sample BCW_4455	SAMN03358122		NA	NA	missing	NA	NA	NA	1;131567;2;29547;3031852;213849;72294;194;195	NA	not collected	BCW_4455	BCW_4455	NA	NA	NA	195
SRR1635062	NA	Grey seal pup dead wild	NA	NA	NA	Microbe sample from Campylobacter jejuni	Genome sequencing of Campylobacter isolates: Campylobacter jejuni, Campylobacter coli and Campylobacter lari Genome sequencing	JB34	Illumina MiSeq sequencing: Population genomics of Campylobacter sp. from grey seals (Halichoerus grypus) from Baily et al. 2014 (Molecular Ecology)"	SAMN03121730		NA	NA	United Kingdom: Isle of May, Scotland	31-12-11	NA	NA	1;131567;2;29547;3031852;213849;72294;194;197	01-01-11	2011	Genome sequencing of Campylobacter JB34	NA	NA	NA	NA	197
SRR1635166	NA	Grey seal pup live wild	NA	NA	NA	Microbe sample from Campylobacter jejuni	Genome sequencing of Campylobacter isolates: Campylobacter jejuni, Campylobacter coli and Campylobacter lari Genome sequencing	JB95	Illumina MiSeq sequencing: Population genomics of Campylobacter sp. from grey seals (Halichoerus grypus) from Baily et al. 2014 (Molecular Ecology)"	SAMN03121759		NA	NA	United Kingdom: Isle of May, Scotland	31-12-11	NA	NA	1;131567;2;29547;3031852;213849;72294;194;197	01-01-11	2011	Genome sequencing of Campylobacter JB95	NA	NA	NA	NA	197
SRR12686254	Non-human primate	feces	NA	NA	NA	Pathogen: environmental/food/other sample from Campylobacter coli	Campylobacter sp. Genome sequencing	CCAMP 392	NextSeq 500 sequencing: WGS of Campylobacter coli: Non-human primate feces	SAMN16129287		NA	CCAMP 392	Brazil:Rio de Janeiro	31-12-07	NA	NA	1;131567;2;29547;3031852;213849;72294;194;195	01-01-07	2007	CaColi-392	CaColi-392	NA	NA	NA	195
SRR1814942	Primate	feces	NA	NA	NA	Microbe sample from Campylobacter coli	Major food bacterial pathogens in the united states and around the world, including Salmonella enterica, E. coli, Shigella, Listeria monocytogenes, Campylobacter Jejuni, and Vibrio parahaemolyticus genome sequencing	BCW_5916	Illumina HiSeq 2500 sequencing: 100k Pathogen Genomes Submission: Sample BCW_5916	SAMN03359755		NA	NA	missing	NA	NA	NA	1;131567;2;29547;3031852;213849;72294;194;195	NA	not collected	BCW_5916	BCW_5916	NA	NA	NA	195
SRR27474160	Macaca mulatta	rectal swab	9544	NA	NA	47-19-010	Campylobacter coli and Campylobacter jejuni Genome sequencing and assembly	ME2L-23-222	Illumina MiSeq sequencing: WGS of Campylobacter from macaques	SAMN38909972		NA	47	USA:Texas	31-12-22	NA	NA	1;131567;2;29547;3031852;213849;72294;194;195	01-01-22	2022	ME2L-23-222	ME2L-23-222	NA	NA	NA	195
SRR27474145	Macaca mulatta	rectal swab	9544	NA	NA	56-19-040	Campylobacter coli and Campylobacter jejuni Genome sequencing and assembly	ME2L-23-231	Illumina MiSeq sequencing: WGS of Campylobacter from macaques	SAMN38909981		NA	56	USA:Texas	31-12-22	NA	NA	1;131567;2;29547;3031852;213849;72294;194;197	01-01-22	2022	ME2L-23-231	ME2L-23-231	NA	NA	NA	197
SRR1635147	NA	Grey seal pup dead wild	NA	NA	NA	Microbe sample from Campylobacter coli	Genome sequencing of Campylobacter isolates: Campylobacter jejuni, Campylobacter coli and Campylobacter lari Genome sequencing	JB66	Illumina MiSeq sequencing: Population genomics of Campylobacter sp. from grey seals (Halichoerus grypus) from Baily et al. 2014 (Molecular Ecology)"	SAMN03121744		NA	NA	United Kingdom: Isle of May, Scotland	31-12-11	NA	NA	1;131567;2;29547;3031852;213849;72294;194;195	01-01-11	2011	Genome sequencing of Campylobacter JB66	NA	NA	NA	NA	195
SRR12686266	Non-human primate	feces	NA	NA	NA	Pathogen: environmental/food/other sample from Campylobacter coli	Campylobacter sp. Genome sequencing	CCAMP 73	NextSeq 500 sequencing: WGS of Campylobacter coli: Non-human primate feces	SAMN16129276		NA	CCAMP 73	Brazil:Rio de Janeiro	31-12-03	NA	NA	1;131567;2;29547;3031852;213849;72294;194;195	01-01-03	2003	CaColi-73	CaColi-73	NA	NA	NA	195
SRR27474110	Macaca mulatta	rectal swab	9544	NA	NA	68-19-102	Campylobacter coli and Campylobacter jejuni Genome sequencing and assembly	ME2L-23-243	Illumina MiSeq sequencing: WGS of Campylobacter from macaques	SAMN38909993		NA	68	USA:Texas	31-12-22	NA	NA	1;131567;2;29547;3031852;213849;72294;194;195	01-01-22	2022	ME2L-23-243	ME2L-23-243	NA	NA	NA	195
SRR5209462	Procyon lotor	Raccoon faeces	9654	NA	NA	Pathogen: environmental/food/other sample from Campylobacter jejuni	A Genome-Wide Association Study to Identify Diagnostic Markers for Human Pathogenic Campylobacter jejuni Strains	C3GFDB018644	Illumina HiSeq 2000 sequencing: DNA seq of Campylobacter jejuni: Procyon lotor faeces	SAMN06270903		NA	CI_4835	Canada: Guelph, Ontario	04-10-11	43.5448 N 80.2481 W	-80.2481	1;131567;2;29547;3031852;213849;72294;194;197	03-10-11	04-10-11	C3GFDB018644	C3GFDB018644	43.5448	NA	43.5448 N 80.2481 W	197
SRR27474107	Macaca mulatta	rectal swab	9544	NA	NA	86-20-070	Campylobacter coli and Campylobacter jejuni Genome sequencing and assembly	ME2L-23-261	Illumina MiSeq sequencing: WGS of Campylobacter from macaques	SAMN38910011		NA	86	USA:Texas	31-12-22	NA	NA	1;131567;2;29547;3031852;213849;72294;194;195	01-01-22	2022	ME2L-23-261	ME2L-23-261	NA	NA	NA	195
SRR1635234	NA	Grey seal pup live wild	NA	NA	NA	Microbe sample from Campylobacter jejuni	Genome sequencing of Campylobacter isolates: Campylobacter jejuni, Campylobacter coli and Campylobacter lari Genome sequencing	JB126	Illumina MiSeq sequencing: Population genomics of Campylobacter sp. from grey seals (Halichoerus grypus) from Baily et al. 2014 (Molecular Ecology)"	SAMN03121777		NA	NA	United Kingdom: Isle of May, Scotland	31-12-11	NA	NA	1;131567;2;29547;3031852;213849;72294;194;197	01-01-11	2011	Genome sequencing of Campylobacter JB126	NA	NA	NA	NA	197
SRR5209460	Procyon lotor	Raccoon faeces	9654	NA	NA	Pathogen: environmental/food/other sample from Campylobacter jejuni	A Genome-Wide Association Study to Identify Diagnostic Markers for Human Pathogenic Campylobacter jejuni Strains	C3GFDB018718	Illumina HiSeq 2000 sequencing: DNA seq of Campylobacter jejuni: Procyon lotor faeces	SAMN06270905		NA	CI_4909	Canada: Guelph, Ontario	04-10-11	43.5448 N 80.2481 W	-80.2481	1;131567;2;29547;3031852;213849;72294;194;197	03-10-11	04-10-11	C3GFDB018718	C3GFDB018718	43.5448	NA	43.5448 N 80.2481 W	197
SRR1635161	NA	Grey seal pup live wild	NA	NA	NA	Microbe sample from Campylobacter jejuni	Genome sequencing of Campylobacter isolates: Campylobacter jejuni, Campylobacter coli and Campylobacter lari Genome sequencing	JB87	Illumina MiSeq sequencing: Population genomics of Campylobacter sp. from grey seals (Halichoerus grypus) from Baily et al. 2014 (Molecular Ecology)"	SAMN03121754		NA	NA	United Kingdom: Isle of May, Scotland	31-12-11	NA	NA	1;131567;2;29547;3031852;213849;72294;194;197	01-01-11	2011	Genome sequencing of Campylobacter JB87	NA	NA	NA	NA	197
SRR29262342	Vicugna pacos	feces	30538	NA	NA	Microbe sample from Campylobacter jejuni	Thermophilic Campylobacter species in New World Camelids from Germany	Campylobacter jejuni_IHIT51979	NextSeq 2000 sequencing: Campylobacter jejuni	SAMN41652116		NA	NA	Germany	18-09-22	NA	NA	1;131567;2;29547;3031852;213849;72294;194;197	17-09-22	18-09-22	IHIT51979	IHIT51979	NA	NA	NA	197
SRR1635151	NA	Grey seal pup live wild	NA	NA	NA	Microbe sample from Campylobacter jejuni	Genome sequencing of Campylobacter isolates: Campylobacter jejuni, Campylobacter coli and Campylobacter lari Genome sequencing	JB72	Illumina MiSeq sequencing: Population genomics of Campylobacter sp. from grey seals (Halichoerus grypus) from Baily et al. 2014 (Molecular Ecology)"	SAMN03121746		NA	NA	United Kingdom: Isle of May, Scotland	31-12-11	NA	NA	1;131567;2;29547;3031852;213849;72294;194;197	01-01-11	2011	Genome sequencing of Campylobacter JB72	NA	NA	NA	NA	197
SRR29262332	Vicugna pacos	feces	30538	NA	NA	Microbe sample from Campylobacter jejuni	Thermophilic Campylobacter species in New World Camelids from Germany	Campylobacter jejuni_IHIT51968	NextSeq 2000 sequencing: Campylobacter jejuni	SAMN41652105		NA	NA	Germany	04-04-22	NA	NA	1;131567;2;29547;3031852;213849;72294;194;197	03-04-22	04-04-22	IHIT51968	IHIT51968	NA	NA	NA	197
SRR3619973	Primate	feces	NA	NA	NA	Microbe sample from Campylobacter coli	Major food bacterial pathogens in the united states and around the world, including Salmonella enterica, E. coli, Shigella, Listeria monocytogenes, Campylobacter Jejuni, and Vibrio parahaemolyticus genome sequencing	BCW_6949	Illumina HiSeq 3000 sequencing: Campylobacter Genomics	SAMN04532426		NA	NA	missing	NA	NA	NA	1;131567;2;29547;3031852;213849;72294;194;195	NA	not collected	BCW_6949	BCW_6949	NA	NA	NA	195
SRR1816201	Primate	feces	NA	NA	NA	Microbe sample from Campylobacter jejuni	Major food bacterial pathogens in the united states and around the world, including Salmonella enterica, E. coli, Shigella, Listeria monocytogenes, Campylobacter Jejuni, and Vibrio parahaemolyticus genome sequencing	BCW_4461	Illumina HiSeq 2500 sequencing: 100k Pathogen Genomes Submission: Sample BCW_4461	SAMN03358128		NA	NA	missing	NA	NA	NA	1;131567;2;29547;3031852;213849;72294;194;197	NA	not collected	BCW_4461	BCW_4461	NA	NA	NA	197
SRR1635210	NA	Grey seal pup live wild	NA	NA	NA	Microbe sample from Campylobacter coli	Genome sequencing of Campylobacter isolates: Campylobacter jejuni, Campylobacter coli and Campylobacter lari Genome sequencing	JB110	Illumina MiSeq sequencing: Population genomics of Campylobacter sp. from grey seals (Halichoerus grypus) from Baily et al. 2014 (Molecular Ecology)"	SAMN03121768		NA	NA	United Kingdom: Isle of May, Scotland	31-12-11	NA	NA	1;131567;2;29547;3031852;213849;72294;194;195	01-01-11	2011	Genome sequencing of Campylobacter JB110	NA	NA	NA	NA	195
SRR1635129	NA	Grey seal pup dead wild	NA	NA	NA	Microbe sample from Campylobacter jejuni	Genome sequencing of Campylobacter isolates: Campylobacter jejuni, Campylobacter coli and Campylobacter lari Genome sequencing	JB48	Illumina MiSeq sequencing: Population genomics of Campylobacter sp. from grey seals (Halichoerus grypus) from Baily et al. 2014 (Molecular Ecology)"	SAMN03121737		NA	NA	United Kingdom: Isle of May, Scotland	31-12-11	NA	NA	1;131567;2;29547;3031852;213849;72294;194;197	01-01-11	2011	Genome sequencing of Campylobacter JB48	NA	NA	NA	NA	197
SRR27474163	Macaca mulatta	rectal swab	9544	NA	NA	26-17-052	Campylobacter coli and Campylobacter jejuni Genome sequencing and assembly	ME2L-23-202	Illumina MiSeq sequencing: WGS of Campylobacter from macaques	SAMN38909952		NA	26	USA:Texas	31-12-22	NA	NA	1;131567;2;29547;3031852;213849;72294;194;195	01-01-22	2022	ME2L-23-202	ME2L-23-202	NA	NA	NA	195
SRR27474129	Macaca mulatta	rectal swab	9544	NA	NA	53-19-029	Campylobacter coli and Campylobacter jejuni Genome sequencing and assembly	ME2L-23-228	Illumina MiSeq sequencing: WGS of Campylobacter from macaques	SAMN38909978		NA	53	USA:Texas	31-12-22	NA	NA	1;131567;2;29547;3031852;213849;72294;194;195	01-01-22	2022	ME2L-23-228	ME2L-23-228	NA	NA	NA	195
SRR1635241	NA	Grey seal pup live wild	NA	NA	NA	Microbe sample from Campylobacter jejuni	Genome sequencing of Campylobacter isolates: Campylobacter jejuni, Campylobacter coli and Campylobacter lari Genome sequencing	JB135	Illumina MiSeq sequencing: Population genomics of Campylobacter sp. from grey seals (Halichoerus grypus) from Baily et al. 2014 (Molecular Ecology)"	SAMN03121782		NA	NA	United Kingdom: Isle of May, Scotland	31-12-11	NA	NA	1;131567;2;29547;3031852;213849;72294;194;197	01-01-11	2011	Genome sequencing of Campylobacter JB135	NA	NA	NA	NA	197
SRR6169171	Missing	Mule Deer Small intestine	NA	NA	NA	Pathogen: environmental/food/other sample from Campylobacter jejuni	Campylobacter Genome sequencing and assembly	PNUSAC002943	Illumina MiSeq sequencing	SAMN07780144		NA	NA	USA:WY	30-09-17	NA	NA	1;131567;2;29547;3031852;213849;72294;194;197	31-08-17	2017-09	PNUSAC002943:wgs	NexteraXT	NA	NA	NA	197
SRR27474111	Macaca mulatta	rectal swab	9544	NA	NA	67-19-086	Campylobacter coli and Campylobacter jejuni Genome sequencing and assembly	ME2L-23-242	Illumina MiSeq sequencing: WGS of Campylobacter from macaques	SAMN38909992		NA	67	USA:Texas	31-12-22	NA	NA	1;131567;2;29547;3031852;213849;72294;194;195	01-01-22	2022	ME2L-23-242	ME2L-23-242	NA	NA	NA	195
SRR1635246	NA	Grey seal pup live wild	NA	NA	NA	Microbe sample from Campylobacter jejuni	Genome sequencing of Campylobacter isolates: Campylobacter jejuni, Campylobacter coli and Campylobacter lari Genome sequencing	JB142	Illumina MiSeq sequencing: Population genomics of Campylobacter sp. from grey seals (Halichoerus grypus) from Baily et al. 2014 (Molecular Ecology)"	SAMN03121785		NA	NA	United Kingdom: Isle of May, Scotland	31-12-11	NA	NA	1;131567;2;29547;3031852;213849;72294;194;197	01-01-11	2011	Genome sequencing of Campylobacter JB142	NA	NA	NA	NA	197
SRR12686250	Non-human primate	feces	NA	NA	NA	Pathogen: environmental/food/other sample from Campylobacter coli	Campylobacter sp. Genome sequencing	CCAMP 1117	NextSeq 500 sequencing: WGS of Campylobacter coli: Non-human primate feces	SAMN16129290		NA	CCAMP 1117	Brazil:Rio de Janeiro	31-12-09	NA	NA	1;131567;2;29547;3031852;213849;72294;194;195	01-01-09	2009	CaColi-1117	CaColi-1117	NA	NA	NA	195
SRR3094508	Guinea pig	aborted uteroplacental unit	NA	NA	NA	Pathogen: clinical or host-associated sample from Campylobacter jejuni	Campylobacter jejuni Raw sequence reads	40U-4	Illumina MiSeq sequencing: WGS of Campylobacter jejuni 40U-4	SAMN04381869		NA	40U-4	NA	31-12-13	NA	NA	1;131567;2;29547;3031852;213849;72294;194;197	01-01-13	2013	40U-4	40U-4	NA	NA	NA	197
SRR3094510	Guinea pig	aborted uteroplacental unit	NA	NA	NA	Pathogen: clinical or host-associated sample from Campylobacter jejuni	Campylobacter jejuni Raw sequence reads	40P-3	Illumina MiSeq sequencing: WGS of Campylobacter jejuni 40P-3	SAMN04381871		NA	40P-3	NA	31-12-13	NA	NA	1;131567;2;29547;3031852;213849;72294;194;197	01-01-13	2013	40P-3	40P-3	NA	NA	NA	197
SRR1635275	NA	Grey seal pup live wild	NA	NA	NA	Microbe sample from Campylobacter jejuni	Genome sequencing of Campylobacter isolates: Campylobacter jejuni, Campylobacter coli and Campylobacter lari Genome sequencing	JB161	Illumina MiSeq sequencing: Population genomics of Campylobacter sp. from grey seals (Halichoerus grypus) from Baily et al. 2014 (Molecular Ecology)"	SAMN03121792		NA	NA	United Kingdom: Isle of May, Scotland	31-12-11	NA	NA	1;131567;2;29547;3031852;213849;72294;194;197	01-01-11	2011	Genome sequencing of Campylobacter JB161	NA	NA	NA	NA	197
SRR6315299	Macaca mulatta	feces	9544	NA	NA	Pathogen: environmental/food/other sample from Campylobacter jejuni subsp. jejuni	GenomeTrakr Project: FDA-CFSAN	SAMN08054605	NextSeq 500 paired end sequencing: Whole genome Illumina NextSeq sequence of Campylobacter jejuni subsp. jejuni	SAMN08054605		NA	CCAMP-162	Brazil	31-12-03	NA	NA	1;131567;2;29547;3031852;213849;72294;194;197;32022	01-01-03	2003	EXT00285318	Nextera XT library SEQ000061107	NA	NA	NA	32022
SRR5054226	Odocoileus hemionus	Mule Deer Small intestine	9872	NA	NA	Pathogen: environmental/food/other sample from Campylobacter jejuni	Campylobacter Genome sequencing and assembly	PNUSAC001084	Illumina MiSeq sequencing	SAMN06036238		NA	NA	USA:WY	30-04-16	NA	NA	1;131567;2;29547;3031852;213849;72294;194;197	31-03-16	2016-04	PNUSAC001084:wgs	NexteraXT	NA	NA	NA	197
SRR27474167	Macaca mulatta	feces	9544	NA	NA	84-20-034	Campylobacter coli and Campylobacter jejuni Genome sequencing and assembly	ME2L-23-259	Illumina MiSeq sequencing: WGS of Campylobacter from macaques	SAMN38910009		NA	84	USA:Texas	31-12-22	NA	NA	1;131567;2;29547;3031852;213849;72294;194;195	01-01-22	2022	ME2L-23-259	ME2L-23-259	NA	NA	NA	195
SRR6314857	Macaca mulatta	feces	9544	NA	NA	Pathogen: environmental/food/other sample from Campylobacter jejuni subsp. jejuni	GenomeTrakr Project: FDA-CFSAN	SAMN08053153	NextSeq 500 paired end sequencing: Whole genome Illumina NextSeq sequence of Campylobacter jejuni subsp. jejuni	SAMN08053153		NA	CCAMP-730	Brazil	31-12-00	NA	NA	1;131567;2;29547;3031852;213849;72294;194;197;32022	01-01-00	2000	EXT00285273	Nextera XT library SEQ000063209	NA	NA	NA	32022
SRR4069394	NA	Primate	NA	NA	NA	Microbe sample from Campylobacter coli	Major food bacterial pathogens in the united states and around the world, including Salmonella enterica, E. coli, Shigella, Listeria monocytogenes, Campylobacter Jejuni, and Vibrio parahaemolyticus genome sequencing	BCW_5817	Illumina HiSeq 3000 sequencing: Campylobacter Genomics	SAMN04532339		NA	BCW_5817	missing	NA	NA	NA	1;131567;2;29547;3031852;213849;72294;194;195	NA	not collected	BCW_5817	BCW_5817	NA	NA	NA	195
SRR6314323	Macaca mulatta	feces	9544	NA	NA	Pathogen: environmental/food/other sample from Campylobacter jejuni subsp. jejuni	GenomeTrakr Project: FDA-CFSAN	SAMN08055003	NextSeq 500 paired end sequencing: Whole genome Illumina NextSeq sequence of Campylobacter jejuni subsp. jejuni	SAMN08055003		NA	CCAMP-980	Brazil	31-12-99	NA	NA	1;131567;2;29547;3031852;213849;72294;194;197;32022	01-01-99	1999	EXT00285228	Nextera XT library SEQ000063216	NA	NA	NA	32022
SRR5209461	Procyon lotor	Raccoon faeces	9654	NA	NA	Pathogen: environmental/food/other sample from Campylobacter jejuni	A Genome-Wide Association Study to Identify Diagnostic Markers for Human Pathogenic Campylobacter jejuni Strains	C3GFDB018673	Illumina HiSeq 2000 sequencing: DNA seq of Campylobacter jejuni: Procyon lotor faeces	SAMN06270904		NA	CI_4864	Canada: Guelph, Ontario	05-10-11	43.5448 N 80.2481 W	-80.2481	1;131567;2;29547;3031852;213849;72294;194;197	04-10-11	05-10-11	C3GFDB018673	C3GFDB018673	43.5448	NA	43.5448 N 80.2481 W	197
SRR1635276	NA	Grey seal pup live wild	NA	NA	NA	Microbe sample from Campylobacter jejuni	Genome sequencing of Campylobacter isolates: Campylobacter jejuni, Campylobacter coli and Campylobacter lari Genome sequencing	JB162	Illumina MiSeq sequencing: Population genomics of Campylobacter sp. from grey seals (Halichoerus grypus) from Baily et al. 2014 (Molecular Ecology)"	SAMN03121793		NA	NA	United Kingdom: Isle of May, Scotland	31-12-11	NA	NA	1;131567;2;29547;3031852;213849;72294;194;197	01-01-11	2011	Genome sequencing of Campylobacter JB162	NA	NA	NA	NA	197
SRR1635258	NA	Grey seal pup live wild	NA	NA	NA	Microbe sample from Campylobacter jejuni	Genome sequencing of Campylobacter isolates: Campylobacter jejuni, Campylobacter coli and Campylobacter lari Genome sequencing	JB151	Illumina MiSeq sequencing: Population genomics of Campylobacter sp. from grey seals (Halichoerus grypus) from Baily et al. 2014 (Molecular Ecology)"	SAMN03121789		NA	NA	United Kingdom: Isle of May, Scotland	31-12-11	NA	NA	1;131567;2;29547;3031852;213849;72294;194;197	01-01-11	2011	Genome sequencing of Campylobacter JB151	NA	NA	NA	NA	197
SRR3619993	Primate	feces	NA	NA	NA	Microbe sample from Campylobacter sp. BCW_7460	Major food bacterial pathogens in the united states and around the world, including Salmonella enterica, E. coli, Shigella, Listeria monocytogenes, Campylobacter Jejuni, and Vibrio parahaemolyticus genome sequencing	BCW_7460	Illumina HiSeq 3000 sequencing: Campylobacter Genomics	SAMN04532445		NA	NA	missing	NA	NA	NA	1;131567;2;29547;3031852;213849;72294;194;2593542;1904032	NA	not collected	BCW_7460	BCW_7460	NA	NA	NA	1904032
SRR1816192	Primate	feces	NA	NA	NA	Microbe sample from Campylobacter jejuni	Major food bacterial pathogens in the united states and around the world, including Salmonella enterica, E. coli, Shigella, Listeria monocytogenes, Campylobacter Jejuni, and Vibrio parahaemolyticus genome sequencing	BCW_4452	Illumina HiSeq 2500 sequencing: 100k Pathogen Genomes Submission: Sample BCW_4452	SAMN03358119		NA	NA	missing	NA	NA	NA	1;131567;2;29547;3031852;213849;72294;194;197	NA	not collected	BCW_4452	BCW_4452	NA	NA	NA	197
SRR1635090	NA	Grey seal pup dead wild	NA	NA	NA	Microbe sample from Campylobacter jejuni	Genome sequencing of Campylobacter isolates: Campylobacter jejuni, Campylobacter coli and Campylobacter lari Genome sequencing	JB46	Illumina MiSeq sequencing: Population genomics of Campylobacter sp. from grey seals (Halichoerus grypus) from Baily et al. 2014 (Molecular Ecology)"	SAMN03121736		NA	NA	United Kingdom: Isle of May, Scotland	31-12-11	NA	NA	1;131567;2;29547;3031852;213849;72294;194;197	01-01-11	2011	SAMN031217366	NA	NA	NA	NA	197
SRR1635156	NA	Grey seal pup live wild	NA	NA	NA	Microbe sample from Campylobacter jejuni	Genome sequencing of Campylobacter isolates: Campylobacter jejuni, Campylobacter coli and Campylobacter lari Genome sequencing	JB79	Illumina MiSeq sequencing: Population genomics of Campylobacter sp. from grey seals (Halichoerus grypus) from Baily et al. 2014 (Molecular Ecology)"	SAMN03121750		NA	NA	United Kingdom: Isle of May, Scotland	31-12-11	NA	NA	1;131567;2;29547;3031852;213849;72294;194;197	01-01-11	2011	Genome sequencing of Campylobacter JB79	NA	NA	NA	NA	197
SRR27474113	Macaca mulatta	rectal swab	9544	NA	NA	79-19-228	Campylobacter coli and Campylobacter jejuni Genome sequencing and assembly	ME2L-23-254	Illumina MiSeq sequencing: WGS of Campylobacter from macaques	SAMN38910004		NA	79	USA:Texas	31-12-22	NA	NA	1;131567;2;29547;3031852;213849;72294;194;195	01-01-22	2022	ME2L-23-254	ME2L-23-254	NA	NA	NA	195
SRR27474152	Macaca mulatta	rectal swab	9544	NA	NA	49-19-012	Campylobacter coli and Campylobacter jejuni Genome sequencing and assembly	ME2L-23-224	Illumina MiSeq sequencing: WGS of Campylobacter from macaques	SAMN38909974		NA	49	USA:Texas	31-12-22	NA	NA	1;131567;2;29547;3031852;213849;72294;194;195	01-01-22	2022	ME2L-23-224	ME2L-23-224	NA	NA	NA	195
SRR1635049	NA	Grey seal pup dead wild	NA	NA	NA	Microbe sample from Campylobacter jejuni	Genome sequencing of Campylobacter isolates: Campylobacter jejuni, Campylobacter coli and Campylobacter lari Genome sequencing	JB14	Illumina MiSeq sequencing: Population genomics of Campylobacter sp. from grey seals (Halichoerus grypus) from Baily et al. 2014 (Molecular Ecology)"	SAMN03121721		NA	NA	United Kingdom: Isle of May, Scotland	31-12-11	NA	NA	1;131567;2;29547;3031852;213849;72294;194;197	01-01-11	2011	Genome sequencing of Campylobacter JB14	NA	NA	NA	NA	197
SRR3094499	Guinea pig	aborted uteroplacental unit	NA	NA	NA	Pathogen: clinical or host-associated sample from Campylobacter jejuni	Campylobacter jejuni Raw sequence reads	36U-4	Illumina MiSeq sequencing: WGS of Campylobacter jejuni 36U-4	SAMN04381860		NA	36U-4	NA	31-12-13	NA	NA	1;131567;2;29547;3031852;213849;72294;194;197	01-01-13	2013	36U-4	36U-4	NA	NA	NA	197
SRR27474149	Macaca mulatta	rectal swab	9544	NA	NA	33-18-014	Campylobacter coli and Campylobacter jejuni Genome sequencing and assembly	ME2L-23-209	Illumina MiSeq sequencing: WGS of Campylobacter from macaques	SAMN38909959		NA	33	USA:Texas	31-12-22	NA	NA	1;131567;2;29547;3031852;213849;72294;194;195	01-01-22	2022	ME2L-23-209	ME2L-23-209	NA	NA	NA	195
SRR1635207	NA	Grey seal pup live wild	NA	NA	NA	Microbe sample from Campylobacter jejuni	Genome sequencing of Campylobacter isolates: Campylobacter jejuni, Campylobacter coli and Campylobacter lari Genome sequencing	JB107	Illumina MiSeq sequencing: Population genomics of Campylobacter sp. from grey seals (Halichoerus grypus) from Baily et al. 2014 (Molecular Ecology)"	SAMN03121766		NA	NA	United Kingdom: Isle of May, Scotland	31-12-11	NA	NA	1;131567;2;29547;3031852;213849;72294;194;197	01-01-11	2011	Genome sequencing of Campylobacter JB107	NA	NA	NA	NA	197
SRR1635219	NA	Grey seal pup live wild	NA	NA	NA	Microbe sample from Campylobacter jejuni	Genome sequencing of Campylobacter isolates: Campylobacter jejuni, Campylobacter coli and Campylobacter lari Genome sequencing	JB118	Illumina MiSeq sequencing: Population genomics of Campylobacter sp. from grey seals (Halichoerus grypus) from Baily et al. 2014 (Molecular Ecology)"	SAMN03121772		NA	NA	United Kingdom: Isle of May, Scotland	31-12-11	NA	NA	1;131567;2;29547;3031852;213849;72294;194;197	01-01-11	2011	Genome sequencing of Campylobacter JB118	NA	NA	NA	NA	197
SRR1635233	NA	Grey seal pup live wild	NA	NA	NA	Microbe sample from Campylobacter jejuni	Genome sequencing of Campylobacter isolates: Campylobacter jejuni, Campylobacter coli and Campylobacter lari Genome sequencing	JB124	Illumina MiSeq sequencing: Population genomics of Campylobacter sp. from grey seals (Halichoerus grypus) from Baily et al. 2014 (Molecular Ecology)"	SAMN03121776		NA	NA	United Kingdom: Isle of May, Scotland	31-12-11	NA	NA	1;131567;2;29547;3031852;213849;72294;194;197	01-01-11	2011	Genome sequencing of Campylobacter JB124	NA	NA	NA	NA	197
SRR12625727	NA	animal-swine-market swine	NA	NA	NA	Pathogen: environmental/food/other sample from Campylobacter coli	FSIS NARMS Campylobacter	FSIS12033152	Illumina MiSeq sequencing	SAMN16112018		NA	NA	USA:PA	31-12-20	NA	NA	1;131567;2;29547;3031852;213849;72294;194;195	01-01-20	2020	FSIS12033152	FSIS12033152 Nextera XT shotgun library	NA	NA	NA	195
SRR6856173	NA	feces pig	NA	NA	NA	Pathogen: environmental/food/other sample from Campylobacter coli	GenomeTrakr Project: Thakur Molecular Epidemiology Laboratory, NC State University	SAMN07809567	Illumina MiSeq paired end sequencing: Whole genome Illumina MiSeq sequence of Campylobacter coli	SAMN07809567		NA	CFSAN070705	USA:NC	05-03-10	NA	NA	1;131567;2;29547;3031852;213849;72294;194;195	05-03-10	05-03-10	EXT00300801	Nextera XT library SEQ000070914	NA	NA	NA	195
SRR6659229	NA	animal-swine-market swine	NA	NA	NA	Pathogen: environmental/food/other sample from Campylobacter jejuni	FSIS NARMS Campylobacter	FSIS11807037	Illumina MiSeq paired end sequencing: Whole genome shotgun sequencing of FSIS11807037 by Illumina MiSeq	SAMN08447599		NA	NA	USA:OR	31-12-17	NA	NA	1;131567;2;29547;3031852;213849;72294;194;197	01-01-17	2017	FSIS11807037	FSIS11807037 Nextera XT shotgun library	NA	NA	NA	197
SRR8951824	NA	animal-swine-market swine	NA	NA	NA	Pathogen: environmental/food/other sample from Campylobacter coli	FSIS NARMS Campylobacter	FSIS11920191	Illumina MiSeq paired end sequencing: Whole genome shotgun sequencing of FSIS11920191 by Illumina MiSeq	SAMN11491694		NA	NA	USA:MT	31-12-19	NA	NA	1;131567;2;29547;3031852;213849;72294;194;195	01-01-19	2019	FSIS11920191	FSIS11920191 Nextera XT shotgun library	NA	NA	NA	195
SRR3215130	NA	animal-swine-sow	NA	NA	NA	Pathogen: environmental/food/other sample from Campylobacter coli	FSIS NARMS Campylobacter	FSIS1605990	Illumina MiSeq paired end sequencing: Whole genome shotgun sequencing of FSIS1605990 by Illumina MiSeq	SAMN04543692		NA	NA	USA:NE	31-12-16	NA	NA	1;131567;2;29547;3031852;213849;72294;194;195	01-01-16	2016	FSIS1605990	FSIS1605990 Nextera XT shotgun library	NA	NA	NA	195
SRR6376259	NA	feces pig	NA	NA	NA	Pathogen: environmental/food/other sample from Campylobacter coli	GenomeTrakr Project: Thakur Molecular Epidemiology Laboratory, NC State University	SAMN07610875	Illumina MiSeq paired end sequencing: Whole genome Illumina MiSeq sequence of Campylobacter coli	SAMN07610875		NA	CFSAN068576	USA:NC	21-08-09	NA	NA	1;131567;2;29547;3031852;213849;72294;194;195	20-08-09	21-08-09	EXT00288188	Nextera XT library SEQ000066252	NA	NA	NA	195
SRR7496959	NA	feces pig	NA	NA	NA	Pathogen: environmental/food/other sample from Campylobacter coli	GenomeTrakr Project: Thakur Molecular Epidemiology Laboratory, NC State University	SAMN08169104	Illumina MiSeq paired end sequencing: Whole genome Illumina MiSeq sequence of Campylobacter coli	SAMN08169104		NA	CFSAN073439	USA:NC	15-02-10	NA	NA	1;131567;2;29547;3031852;213849;72294;194;195	15-02-10	15-02-10	EXT00317764	Nextera XT library SEQ000076634	NA	NA	NA	195
ERR4224796	NA	swine	NA	NA	NA	Ca18-07	Discerning Environmental Pathways of Campylobacter Transmission	Ca18-07	NextSeq 500 paired end sequencing	SAMEA6935512		NA	NA	Netherlands	31-12-04	NA	NA	1;131567;2;29547;3031852;213849;72294;194;197	01-01-04	2004	ena-EXPERIMENT-UTRECHT UNIVERSITY-09-06-2020-12:40:21:585-1089	unspecified	NA	NA	NA	197
SRR10768360	NA	feces pig	NA	NA	NA	Pathogen: environmental/food/other sample from Campylobacter coli	GenomeTrakr Project: Thakur Molecular Epidemiology Laboratory, NC State University	SAMN13682804	Illumina MiSeq paired end sequencing: Whole genome Illumina MiSeq sequence of Campylobacter coli	SAMN13682804		NA	CFSAN103292	USA:NC	31-12-09	NA	NA	1;131567;2;29547;3031852;213849;72294;194;195	01-01-09	2009	EXT00382444	Nextera XT library SEQ000102692	NA	NA	NA	195
SRR6998296	NA	feces pig	NA	NA	NA	Pathogen: environmental/food/other sample from Campylobacter coli	GenomeTrakr Project: Thakur Molecular Epidemiology Laboratory, NC State University	SAMN08168982	Illumina MiSeq paired end sequencing: Whole genome Illumina MiSeq sequence of Campylobacter coli	SAMN08168982		NA	CFSAN073256	USA:NC	15-12-09	NA	NA	1;131567;2;29547;3031852;213849;72294;194;195	15-12-09	15-12-09	EXT00305558	Nextera XT library SEQ000072297	NA	NA	NA	195
SRR7367176	NA	animal-swine-sow	NA	NA	NA	Pathogen: environmental/food/other sample from Campylobacter coli	FSIS NARMS Campylobacter	FSIS11810562	Illumina MiSeq paired end sequencing: Whole genome shotgun sequencing of FSIS11810562 by Illumina MiSeq	SAMN09456128		NA	NA	USA:IL	31-12-18	NA	NA	1;131567;2;29547;3031852;213849;72294;194;195	01-01-18	2018	FSIS11810562	FSIS11810562 Nextera XT shotgun library	NA	NA	NA	195
SRR7543323	NA	animal-swine-market swine	NA	NA	NA	Pathogen: environmental/food/other sample from Campylobacter coli	FSIS NARMS Campylobacter	FSIS11811876	Illumina MiSeq paired end sequencing: Whole genome shotgun sequencing of FSIS11811876 by Illumina MiSeq	SAMN09693174		NA	NA	USA:PA	31-12-18	NA	NA	1;131567;2;29547;3031852;213849;72294;194;195	01-01-18	2018	FSIS11811876	FSIS11811876 Nextera XT shotgun library	NA	NA	NA	195
SRR5876891	missing	feces pig	NA	NA	NA	Pathogen: environmental/food/other sample from Campylobacter coli	GenomeTrakr Project: Thakur Molecular Epidemiology Laboratory, NC State University	SAMN07343096	Illumina MiSeq paired end sequencing: Whole genome shotgun sequencing of Campylobacter coli by Illumina MiSeq	SAMN07343096		NA	CFSAN065680	USA:NC	09-04-10	NA	NA	1;131567;2;29547;3031852;213849;72294;194;195	08-04-10	09-04-10	EXT00270233	Campylobacter coli Nextera XT shotgun	NA	NA	NA	195
SRR7500598	NA	feces pig	NA	NA	NA	Pathogen: environmental/food/other sample from Campylobacter coli	GenomeTrakr Project: Thakur Molecular Epidemiology Laboratory, NC State University	SAMN08169194	Illumina MiSeq paired end sequencing: Whole genome Illumina MiSeq sequence of Campylobacter coli	SAMN08169194		NA	CFSAN073417	USA:NC	18-01-10	NA	NA	1;131567;2;29547;3031852;213849;72294;194;195	18-01-10	18-01-10	EXT00319368	Nextera XT library SEQ000076703	NA	NA	NA	195
SRR5427952	NA	animal-swine-sow	NA	NA	NA	Pathogen: environmental/food/other sample from Campylobacter coli	FSIS NARMS Campylobacter	FSIS1700152	Illumina MiSeq paired end sequencing: Whole genome shotgun sequencing of FSIS1700152 by Illumina MiSeq	SAMN06677842		NA	NA	USA:PA	31-12-17	NA	NA	1;131567;2;29547;3031852;213849;72294;194;195	01-01-17	2017	FSIS1700152	FSIS1700152 Nextera XT shotgun library	NA	NA	NA	195
SRR6398669	NA	feces pig	NA	NA	NA	Pathogen: environmental/food/other sample from Campylobacter coli	GenomeTrakr Project: Thakur Molecular Epidemiology Laboratory, NC State University	SAMN08217218	Illumina MiSeq paired end sequencing: Whole genome Illumina MiSeq sequence of Campylobacter coli	SAMN08217218		NA	CFSAN068932	USA:NC	15-06-09	NA	NA	1;131567;2;29547;3031852;213849;72294;194;195	14-06-09	15-06-09	EXT00289179	Nextera XT library SEQ000066376	NA	NA	NA	195
SRR17152128	NA	swine feces	NA	NA	NA	Pathogen: environmental/food/other sample from Campylobacter coli	Campylobacter coli from swine feces	SNUVET_SCJG09	NextSeq 500 sequencing: WGS of Campylobacter coli: swine feces	SAMN23711199		NA	Pigs	South Korea	31-12-19	NA	NA	1;131567;2;29547;3031852;213849;72294;194;195	01-01-19	2019	SCJG09	SCJG09	NA	NA	NA	195
SRR10768380	NA	feces pig	NA	NA	NA	Pathogen: environmental/food/other sample from Campylobacter coli	GenomeTrakr Project: Thakur Molecular Epidemiology Laboratory, NC State University	SAMN13682833	Illumina MiSeq paired end sequencing: Whole genome Illumina MiSeq sequence of Campylobacter coli	SAMN13682833		NA	CFSAN103281	USA:NC	31-12-09	NA	NA	1;131567;2;29547;3031852;213849;72294;194;195	01-01-09	2009	EXT00382504	Nextera XT library SEQ000102703	NA	NA	NA	195
SRR8696153	NA	animal-swine-sow	NA	NA	NA	Pathogen: environmental/food/other sample from Campylobacter coli	FSIS NARMS Campylobacter	FSIS11917922	Illumina MiSeq paired end sequencing: Whole genome shotgun sequencing of FSIS11917922 by Illumina MiSeq	SAMN11082342		NA	NA	USA:MI	31-12-19	NA	NA	1;131567;2;29547;3031852;213849;72294;194;195	01-01-19	2019	FSIS11917922	FSIS11917922 Nextera XT shotgun library	NA	NA	NA	195
SRR5865333	missing	feces pig	NA	NA	NA	Pathogen: environmental/food/other sample from Campylobacter coli	GenomeTrakr Project: Thakur Molecular Epidemiology Laboratory, NC State University	SAMN06921999	Illumina MiSeq paired end sequencing: Whole genome shotgun sequencing of Campylobacter coli by Illumina MiSeq	SAMN06921999		NA	CFSAN063912	USA:NC	30-07-10	NA	NA	1;131567;2;29547;3031852;213849;72294;194;195	29-07-10	30-07-10	EXT00269683	Campylobacter coli Nextera XT shotgun	NA	NA	NA	195
SRR9289356	NA	animal-swine-market swine	NA	NA	NA	Pathogen: environmental/food/other sample from Campylobacter jejuni	FSIS NARMS Campylobacter	FSIS11921479	Illumina MiSeq paired end sequencing: Whole genome shotgun sequencing of FSIS11921479 by Illumina MiSeq	SAMN12040843		NA	NA	USA:IA	31-12-19	NA	NA	1;131567;2;29547;3031852;213849;72294;194;197	01-01-19	2019	FSIS11921479	FSIS11921479 Nextera XT shotgun library	NA	NA	NA	197
SRR6904941	NA	animal-swine-market swine	NA	NA	NA	Pathogen: environmental/food/other sample from Campylobacter coli	FSIS NARMS Campylobacter	FSIS11808453	Illumina MiSeq paired end sequencing: Whole genome shotgun sequencing of FSIS11808453 by Illumina MiSeq	SAMN08801805		NA	NA	USA:IA	31-12-18	NA	NA	1;131567;2;29547;3031852;213849;72294;194;195	01-01-18	2018	FSIS11808453	FSIS11808453 Nextera XT shotgun library	NA	NA	NA	195
SRR7127921	NA	feces pig	NA	NA	NA	Pathogen: environmental/food/other sample from Campylobacter coli	GenomeTrakr Project: Thakur Molecular Epidemiology Laboratory, NC State University	SAMN09071609	Illumina MiSeq paired end sequencing: Whole genome Illumina MiSeq sequence of Campylobacter coli	SAMN09071609		NA	CFSAN069498	USA:NC	01-12-09	NA	NA	1;131567;2;29547;3031852;213849;72294;194;195	01-12-09	01-12-09	EXT00310768	Nextera XT library SEQ000073549	NA	NA	NA	195
SRR9010153	NA	animal-swine-sow	NA	NA	NA	Pathogen: environmental/food/other sample from Campylobacter coli	FSIS NARMS Campylobacter	FSIS11920684	Illumina MiSeq paired end sequencing: Whole genome shotgun sequencing of FSIS11920684 by Illumina MiSeq	SAMN11571904		NA	NA	USA:OH	31-12-19	NA	NA	1;131567;2;29547;3031852;213849;72294;194;195	01-01-19	2019	FSIS11920684	FSIS11920684 Nextera XT shotgun library	NA	NA	NA	195
SRR3297736	NA	animal-swine-market swine	NA	NA	NA	Pathogen: environmental/food/other sample from Campylobacter coli	FSIS NARMS Campylobacter	FSIS1606092	Illumina MiSeq paired end sequencing: Whole genome shotgun sequencing of FSIS1606092 by Illumina MiSeq	SAMN04580863		NA	NA	USA:OR	31-12-16	NA	NA	1;131567;2;29547;3031852;213849;72294;194;195	01-01-16	2016	FSIS1606092	FSIS1606092 Nextera XT shotgun library	NA	NA	NA	195
SRR7624020	NA	animal-swine-market swine	NA	NA	NA	Pathogen: environmental/food/other sample from Campylobacter coli	FSIS NARMS Campylobacter	FSIS11811568	Illumina MiSeq paired end sequencing: Whole genome shotgun sequencing of FSIS11811568 by Illumina MiSeq	SAMN09741881		NA	NA	USA:NC	31-12-18	NA	NA	1;131567;2;29547;3031852;213849;72294;194;195	01-01-18	2018	FSIS11811568	FSIS11811568 Nextera XT shotgun library	NA	NA	NA	195
SRR11654067	NA	animal-swine-sow	NA	NA	NA	Pathogen: environmental/food/other sample from Campylobacter coli	FSIS NARMS Campylobacter	FSIS12027891	Illumina MiSeq paired end sequencing: Whole genome shotgun sequencing of FSIS12027891 by Illumina MiSeq	SAMN14777833		NA	NA	USA:TN	31-12-19	NA	NA	1;131567;2;29547;3031852;213849;72294;194;195	01-01-19	2019	FSIS12027891	FSIS12027891 Nextera XT shotgun library	NA	NA	NA	195
SRR9879527	NA	swine feces	NA	NA	NA	Pathogen: environmental/food/other sample from Campylobacter coli	GenomeTrakr Project: Texas Department of State Health Services	SAMN12421828	Illumina MiSeq paired end sequencing: Whole genome Illumina MiSeq sequence of Campylobacter coli	SAMN12421828		NA	CFSAN096210	USA:TX	31-12-18	NA	NA	1;131567;2;29547;3031852;213849;72294;194;195	01-01-18	2018	EXT00365226	Nextera XT library SEQ000095360	NA	NA	NA	195
SRR5865320	missing	feces pig	NA	NA	NA	Pathogen: environmental/food/other sample from Campylobacter coli	GenomeTrakr Project: Thakur Molecular Epidemiology Laboratory, NC State University	SAMN06922000	Illumina MiSeq paired end sequencing: Whole genome shotgun sequencing of Campylobacter coli by Illumina MiSeq	SAMN06922000		NA	CFSAN063911	USA:NC	30-07-10	NA	NA	1;131567;2;29547;3031852;213849;72294;194;195	29-07-10	30-07-10	EXT00269686	Campylobacter coli Nextera XT shotgun	NA	NA	NA	195
SRR10045171	NA	animal-swine-market swine	NA	NA	NA	Pathogen: environmental/food/other sample from Campylobacter coli	FSIS NARMS Campylobacter	FSIS11923448	Illumina MiSeq paired end sequencing: Whole genome shotgun sequencing of FSIS11923448 by Illumina MiSeq	SAMN12638021		NA	NA	USA:IA	31-12-19	NA	NA	1;131567;2;29547;3031852;213849;72294;194;195	01-01-19	2019	FSIS11923448	FSIS11923448 Nextera DNA Flex shotgun library	NA	NA	NA	195
SRR3583308	NA	animal-swine-sow	NA	NA	NA	Pathogen: environmental/food/other sample from Campylobacter coli	FSIS NARMS Campylobacter	FSIS1606646	Illumina MiSeq paired end sequencing: Whole genome shotgun sequencing of FSIS1606646 by Illumina MiSeq	SAMN05171391		NA	NA	USA:CA	31-12-16	NA	NA	1;131567;2;29547;3031852;213849;72294;194;195	01-01-16	2016	FSIS1606646	FSIS1606646 Nextera XT shotgun library	NA	NA	NA	195
SRR5645350	missing	feces pig	NA	NA	NA	Pathogen: environmental/food/other sample from Campylobacter coli	GenomeTrakr Project: Thakur Molecular Epidemiology Laboratory, NC State University	SAMN06921927	Illumina MiSeq paired end sequencing: Whole genome shotgun sequencing of Campylobacter coli by Illumina MiSeq	SAMN06921927		NA	CFSAN063837	USA:NC	05-02-10	NA	NA	1;131567;2;29547;3031852;213849;72294;194;195	05-02-10	05-02-10	EXT00262499	Campylobacter coli Nextera XT shotgun	NA	NA	NA	195
SRR11544808	NA	animal-swine-market swine	NA	NA	NA	Pathogen: environmental/food/other sample from Campylobacter coli	FSIS NARMS Campylobacter	FSIS12028400	Illumina MiSeq paired end sequencing: Whole genome shotgun sequencing of FSIS12028400 by Illumina MiSeq	SAMN14596732		NA	NA	USA:MD	31-12-20	NA	NA	1;131567;2;29547;3031852;213849;72294;194;195	01-01-20	2020	FSIS12028400	FSIS12028400 Nextera XT shotgun library	NA	NA	NA	195
SRR6666794	NA	feces pig	NA	NA	NA	Pathogen: environmental/food/other sample from Campylobacter coli	GenomeTrakr Project: Thakur Molecular Epidemiology Laboratory, NC State University	SAMN08457480	Illumina MiSeq paired end sequencing: Whole genome Illumina MiSeq sequence of Campylobacter coli	SAMN08457480		NA	CFSAN070949	USA:NC	16-07-09	NA	NA	1;131567;2;29547;3031852;213849;72294;194;195	15-07-09	16-07-09	EXT00294866	Nextera XT library SEQ000068709	NA	NA	NA	195
ERR4223951	NA	swine	NA	NA	NA	103292-005-031	Discerning Environmental Pathways of Campylobacter Transmission	103292-005-031	NextSeq 500 paired end sequencing	SAMEA6936593		NA	NA	Netherlands	31-12-17	NA	NA	1;131567;2;29547;3031852;213849;72294;194;195	01-01-17	2017	ena-EXPERIMENT-UTRECHT UNIVERSITY-09-06-2020-12:40:21:557-244	unspecified	NA	NA	NA	195
ERR1163653	NA	pig	NA	NA	NA	Campylobacter coli UNLLIII	Genomics of Campylobacter coli	LDI6773	Illumina HiSeq 2500 paired end sequencing	SAMEA3683268		NA	UNLLIII	United Kingdom	31-12-08	NA	NA	1;131567;2;29547;3031852;213849;72294;194;195	01-01-08	2008	ena-EXPERIMENT-INSTITUTE OF FOOD RESEARCH-05-12-2015-03:02:25:052-269	unspecified	NA	NA	NA	195
SRR8609085	NA	animal-swine-sow	NA	NA	NA	Pathogen: environmental/food/other sample from Campylobacter coli	FSIS NARMS Campylobacter	FSIS11917486	Illumina MiSeq paired end sequencing: Whole genome shotgun sequencing of FSIS11917486 by Illumina MiSeq	SAMN10988632		NA	NA	USA:NC	31-12-19	NA	NA	1;131567;2;29547;3031852;213849;72294;194;195	01-01-19	2019	FSIS11917486	FSIS11917486 Nextera XT shotgun library	NA	NA	NA	195
SRR3583313	NA	animal-swine-market swine	NA	NA	NA	Pathogen: environmental/food/other sample from Campylobacter coli	FSIS NARMS Campylobacter	FSIS1606670	Illumina MiSeq paired end sequencing: Whole genome shotgun sequencing of FSIS1606670 by Illumina MiSeq	SAMN05171415		NA	NA	USA:NY	31-12-16	NA	NA	1;131567;2;29547;3031852;213849;72294;194;195	01-01-16	2016	FSIS1606670	FSIS1606670 Nextera XT shotgun library	NA	NA	NA	195
SRR6764260	NA	animal-swine-market swine	NA	NA	NA	Pathogen: environmental/food/other sample from Campylobacter coli	FSIS NARMS Campylobacter	FSIS11807656	Illumina MiSeq paired end sequencing: Whole genome shotgun sequencing of FSIS11807656 by Illumina MiSeq	SAMN08581783		NA	NA	USA:IA	31-12-18	NA	NA	1;131567;2;29547;3031852;213849;72294;194;195	01-01-18	2018	FSIS11807656	FSIS11807656 Nextera XT shotgun library	NA	NA	NA	195
SRR17412822	NA	Animal-Swine-Market Swine (cecal)	NA	NA	NA	Pathogen: environmental/food/other sample from Campylobacter coli	FSIS NARMS Campylobacter	SAMN24588437	Illumina MiSeq sequencing	SAMN24588437		NA	NA	USA:MN	31-12-21	NA	NA	1;131567;2;29547;3031852;213849;72294;194;195	01-01-21	2021	FSIS12107974	FSIS12107974 Nextera XT shotgun library	NA	NA	NA	195
SRR5760705	missing	feces pig	NA	NA	NA	Pathogen: environmental/food/other sample from Campylobacter coli	GenomeTrakr Project: Thakur Molecular Epidemiology Laboratory, NC State University	SAMN06921944	Illumina MiSeq paired end sequencing: Whole genome shotgun sequencing of Campylobacter coli by Illumina MiSeq	SAMN06921944		NA	CFSAN063895	USA:NC	04-06-10	NA	NA	1;131567;2;29547;3031852;213849;72294;194;195	03-06-10	04-06-10	EXT00266606	Campylobacter coli Nextera XT shotgun	NA	NA	NA	195
SRR12070098	Sus scrofa domesticus	missing	9825	NA	NA	Pathogen: clinical or host-associated sample from Campylobacter coli	Campylobacter coli Raw sequence reads	2016.TE.22348.1.35	NextSeq 500 sequencing: WGS study of Campylobacter coli in pigs and wild boar in Italy	SAMN15221417		NA	7	Italy	25-07-16	NA	NA	1;131567;2;29547;3031852;213849;72294;194;195	24-07-16	25-07-16	2016.TE.22348.1.35	2016.TE.22348.1.35	NA	NA	NA	195
SRR6666474	NA	feces pig	NA	NA	NA	Pathogen: environmental/food/other sample from Campylobacter coli	GenomeTrakr Project: Thakur Molecular Epidemiology Laboratory, NC State University	SAMN08457467	Illumina MiSeq paired end sequencing: Whole genome Illumina MiSeq sequence of Campylobacter coli	SAMN08457467		NA	CFSAN070957	USA:NC	16-07-09	NA	NA	1;131567;2;29547;3031852;213849;72294;194;195	15-07-09	16-07-09	EXT00294838	Nextera XT library SEQ000068710	NA	NA	NA	195
SRR12680074	NA	animal-swine-sow	NA	NA	NA	Pathogen: environmental/food/other sample from Campylobacter coli	FSIS NARMS Campylobacter	SAMN16229196	Illumina MiSeq sequencing	SAMN16229196		NA	NA	USA:WI	31-12-20	NA	NA	1;131567;2;29547;3031852;213849;72294;194;195	01-01-20	2020	FSIS12033390	FSIS12033390 Nextera XT shotgun library	NA	NA	NA	195
SRR11654077	NA	animal-swine-sow	NA	NA	NA	Pathogen: environmental/food/other sample from Campylobacter coli	FSIS NARMS Campylobacter	FSIS12028554	Illumina MiSeq paired end sequencing: Whole genome shotgun sequencing of FSIS12028554 by Illumina MiSeq	SAMN14777876		NA	NA	USA:TN	31-12-20	NA	NA	1;131567;2;29547;3031852;213849;72294;194;195	01-01-20	2020	FSIS12028554	FSIS12028554 Nextera XT shotgun library	NA	NA	NA	195
SRR3113830	NA	animal-swine-market swine	NA	NA	NA	Pathogen: environmental/food/other sample from Campylobacter coli	FSIS NARMS Campylobacter	FSIS1503856	Illumina MiSeq paired end sequencing: Whole genome shotgun sequencing of FSIS1503856 by Illumina MiSeq	SAMN04435379		NA	NA	USA:CA	31-12-15	NA	NA	1;131567;2;29547;3031852;213849;72294;194;195	01-01-15	2015	FSIS1503856	FSIS1503856 Nextera XT shotgun library	NA	NA	NA	195
SRR20710162	NA	Animal-Swine-Market Swine (cecal)	NA	NA	NA	Pathogen: environmental/food/other sample from Campylobacter coli	FSIS NARMS Campylobacter	SAMN30050880	Illumina MiSeq sequencing	SAMN30050880		NA	NA	USA:NC	31-12-22	NA	NA	1;131567;2;29547;3031852;213849;72294;194;195	01-01-22	2022	FSIS12213307	FSIS12213307 Nextera XT shotgun library	NA	NA	NA	195
SRR5861818	missing	feces pig	NA	NA	NA	Pathogen: environmental/food/other sample from Campylobacter coli	GenomeTrakr Project: Thakur Molecular Epidemiology Laboratory, NC State University	SAMN07343110	Illumina MiSeq paired end sequencing: Whole genome shotgun sequencing of Campylobacter coli by Illumina MiSeq	SAMN07343110		NA	CFSAN065731	USA:NC	17-06-10	NA	NA	1;131567;2;29547;3031852;213849;72294;194;195	16-06-10	17-06-10	EXT00269488	Campylobacter coli Nextera XT shotgun	NA	NA	NA	195
ERR10497186	NA	Pigs	NA	NA	NA	CAMPY_52	Campylobacter genomes deposited by VISAVET-UCM (Madrid, Spain) within the One Health European Joint Programme (OHEJP) DISCoVeR-project	ena-SAMPLE-TAB-17-11-2022-16:11:31:103-893	Illumina MiSeq sequencing	SAMEA112143406		NA	ZTA17-02214	Spain	31-12-17	NA	NA	1;131567;2;29547;3031852;213849;72294;194;195	01-01-17	2017	ena-EXPERIMENT-TAB-17-11-2022-22:54:32:551-1110	VISAVET-UCM_DISCoVeR	NA	healthy	NA	195
SRR6659230	NA	animal-swine-market swine	NA	NA	NA	Pathogen: environmental/food/other sample from Campylobacter coli	FSIS NARMS Campylobacter	FSIS11807061	Illumina MiSeq paired end sequencing: Whole genome shotgun sequencing of FSIS11807061 by Illumina MiSeq	SAMN08447619		NA	NA	USA:VA	31-12-17	NA	NA	1;131567;2;29547;3031852;213849;72294;194;195	01-01-17	2017	FSIS11807061	FSIS11807061 Nextera XT shotgun library	NA	NA	NA	195
SRR17066970	NA	Animal-Swine-Sow (cecal)	NA	NA	NA	Pathogen: environmental/food/other sample from Campylobacter coli	FSIS NARMS Campylobacter	SAMN23492975	Illumina MiSeq sequencing	SAMN23492975		NA	NA	USA:NC	31-12-21	NA	NA	1;131567;2;29547;3031852;213849;72294;194;195	01-01-21	2021	FSIS12106704	FSIS12106704 Nextera XT shotgun library	NA	NA	NA	195
SRR11600456	NA	animal-swine-market swine	NA	NA	NA	Pathogen: environmental/food/other sample from Campylobacter coli	FSIS NARMS Campylobacter	FSIS11927088	Illumina MiSeq paired end sequencing: Whole genome shotgun sequencing of FSIS11927088 by Illumina MiSeq	SAMN14680986		NA	NA	USA:OH	31-12-19	NA	NA	1;131567;2;29547;3031852;213849;72294;194;195	01-01-19	2019	FSIS11927088	FSIS11927088 Nextera XT shotgun library	NA	NA	NA	195
SRR5815736	NA	animal-swine-market swine	NA	NA	NA	Pathogen: environmental/food/other sample from Campylobacter coli	FSIS NARMS Campylobacter	FSIS1702547	Illumina MiSeq paired end sequencing: Whole genome shotgun sequencing of FSIS1702547 by Illumina MiSeq	SAMN07339692		NA	NA	USA:IA	31-12-17	NA	NA	1;131567;2;29547;3031852;213849;72294;194;195	01-01-17	2017	FSIS1702547	FSIS1702547 Nextera XT shotgun library	NA	NA	NA	195
SRR6664291	NA	feces pig	NA	NA	NA	Pathogen: environmental/food/other sample from Campylobacter coli	GenomeTrakr Project: Thakur Molecular Epidemiology Laboratory, NC State University	SAMN08169011	Illumina MiSeq paired end sequencing: Whole genome Illumina MiSeq sequence of Campylobacter coli	SAMN08169011		NA	CFSAN073183	USA:NC	09-07-09	NA	NA	1;131567;2;29547;3031852;213849;72294;194;195	08-07-09	09-07-09	EXT00294668	Nextera XT library SEQ000068673	NA	NA	NA	195
SRR9856028	NA	animal-swine-market swine	NA	NA	NA	Pathogen: environmental/food/other sample from Campylobacter coli	FSIS NARMS Campylobacter	FSIS11923236	Illumina MiSeq paired end sequencing: Whole genome shotgun sequencing of FSIS11923236 by Illumina MiSeq	SAMN12391560		NA	NA	USA:NY	31-12-19	NA	NA	1;131567;2;29547;3031852;213849;72294;194;195	01-01-19	2019	FSIS11923236	FSIS11923236 Nextera DNA Flex shotgun library	NA	NA	NA	195
SRR7439653	NA	feces pig	NA	NA	NA	Pathogen: environmental/food/other sample from Campylobacter coli	GenomeTrakr Project: Thakur Molecular Epidemiology Laboratory, NC State University	SAMN08169192	Illumina MiSeq paired end sequencing: Whole genome Illumina MiSeq sequence of Campylobacter coli	SAMN08169192		NA	CFSAN073419	USA:NC	18-01-10	NA	NA	1;131567;2;29547;3031852;213849;72294;194;195	18-01-10	18-01-10	EXT00317684	Nextera XT library SEQ000076701	NA	NA	NA	195
SRR12782933	NA	animal-swine-market swine	NA	NA	NA	Pathogen: environmental/food/other sample from Campylobacter coli	FSIS NARMS Campylobacter	SAMN16383944	Illumina MiSeq sequencing	SAMN16383944		NA	NA	USA:NC	31-12-20	NA	NA	1;131567;2;29547;3031852;213849;72294;194;195	01-01-20	2020	FSIS12033965	FSIS12033965 Nextera XT shotgun library	NA	NA	NA	195
SRR2889269	NA	animal-swine-market swine	NA	NA	NA	Pathogen: environmental/food/other sample from Campylobacter coli	FSIS NARMS Campylobacter	FSIS1504856	Illumina MiSeq paired end sequencing: Whole genome shotgun sequencing of FSIS1504856 by Illumina MiSeq	SAMN04229852		NA	NA	USA:CA	31-12-15	NA	NA	1;131567;2;29547;3031852;213849;72294;194;195	01-01-15	2015	FSIS1504856	FSIS1504856 Nextera XT shotgun library	NA	NA	NA	195
SRR8635363	NA	animal-swine-market swine	NA	NA	NA	Pathogen: environmental/food/other sample from Campylobacter coli	FSIS NARMS Campylobacter	FSIS11917495	Illumina MiSeq paired end sequencing: Whole genome shotgun sequencing of FSIS11917495 by Illumina MiSeq	SAMN11024143		NA	NA	USA:MO	31-12-19	NA	NA	1;131567;2;29547;3031852;213849;72294;194;195	01-01-19	2019	FSIS11917495	FSIS11917495 Nextera XT shotgun library	NA	NA	NA	195
SRR6212386	NA	feces pig	NA	NA	NA	Pathogen: environmental/food/other sample from Campylobacter coli	GenomeTrakr Project: Thakur Molecular Epidemiology Laboratory, NC State University	SAMN07509168	Illumina MiSeq paired end sequencing: Whole genome Illumina MiSeq sequence of Campylobacter coli	SAMN07509168		NA	CFSAN067571	USA:NC	30-04-10	NA	NA	1;131567;2;29547;3031852;213849;72294;194;195	29-04-10	30-04-10	EXT00280770	Nextera XT library SEQ000064297	NA	NA	NA	195
SRR5605553	NA	animal-swine-sow	NA	NA	NA	Pathogen: environmental/food/other sample from Campylobacter coli	FSIS NARMS Campylobacter	FSIS1701663	Illumina MiSeq paired end sequencing: Whole genome shotgun sequencing of FSIS1701663 by Illumina MiSeq	SAMN07168574		NA	NA	USA:NC	31-12-17	NA	NA	1;131567;2;29547;3031852;213849;72294;194;195	01-01-17	2017	FSIS1701663	FSIS1701663 Nextera XT shotgun library	NA	NA	NA	195
SRR6289028	NA	feces pig	NA	NA	NA	Pathogen: environmental/food/other sample from Campylobacter coli	GenomeTrakr Project: Thakur Molecular Epidemiology Laboratory, NC State University	SAMN07767645	Illumina MiSeq paired end sequencing: Whole genome Illumina MiSeq sequence of Campylobacter coli	SAMN07767645		NA	CFSAN070352	USA:NC	09-07-09	NA	NA	1;131567;2;29547;3031852;213849;72294;194;195	08-07-09	09-07-09	EXT00283553	Nextera XT library SEQ000065097	NA	NA	NA	195
SRR18426075	NA	Animal-Swine-Market Swine (cecal)	NA	NA	NA	Pathogen: environmental/food/other sample from Campylobacter coli	FSIS NARMS Campylobacter	SAMN26857436	Illumina MiSeq sequencing	SAMN26857436		NA	NA	USA:NC	31-12-22	NA	NA	1;131567;2;29547;3031852;213849;72294;194;195	01-01-22	2022	FSIS12210046	FSIS12210046 Nextera XT shotgun library	NA	NA	NA	195
SRR5195803	NA	animal-swine-market swine	NA	NA	NA	Pathogen: environmental/food/other sample from Campylobacter coli	FSIS NARMS Campylobacter	FSIS1710038	Illumina MiSeq paired end sequencing: Whole genome shotgun sequencing of FSIS1710038 by Illumina MiSeq	SAMN06250921		NA	NA	USA:MO	31-12-16	NA	NA	1;131567;2;29547;3031852;213849;72294;194;195	01-01-16	2016	FSIS1710038	FSIS1710038 Nextera XT shotgun library	NA	NA	NA	195
SRR9007403	NA	animal-swine-market swine	NA	NA	NA	Pathogen: environmental/food/other sample from Campylobacter coli	FSIS NARMS Campylobacter	FSIS11920459	Illumina MiSeq paired end sequencing: Whole genome shotgun sequencing of FSIS11920459 by Illumina MiSeq	SAMN11569722		NA	NA	USA:MI	31-12-19	NA	NA	1;131567;2;29547;3031852;213849;72294;194;195	01-01-19	2019	FSIS11920459	FSIS11920459 Nextera XT shotgun library	NA	NA	NA	195
SRR12070221	Sus scrofa domesticus	missing	9825	NA	NA	Pathogen: clinical or host-associated sample from Campylobacter coli	Campylobacter coli Raw sequence reads	2018.TE.16069.1.75	NextSeq 500 sequencing: WGS study of Campylobacter coli in pigs and wild boar in Italy	SAMN15221566		NA	159	Italy	14-02-13	NA	NA	1;131567;2;29547;3031852;213849;72294;194;195	14-02-13	14-02-13	2018.TE.16069.1.75	2018.TE.16069.1.75	NA	NA	NA	195
SRR8754469	NA	animal-swine-sow	NA	NA	NA	Pathogen: environmental/food/other sample from Campylobacter coli	FSIS NARMS Campylobacter	FSIS11918204	Illumina MiSeq paired end sequencing: Whole genome shotgun sequencing of FSIS11918204 by Illumina MiSeq	SAMN11173141		NA	NA	USA:TN	31-12-19	NA	NA	1;131567;2;29547;3031852;213849;72294;194;195	01-01-19	2019	FSIS11918204	FSIS11918204 Nextera XT shotgun library	NA	NA	NA	195
SRR6443378	NA	feces pig	NA	NA	NA	Pathogen: environmental/food/other sample from Campylobacter coli	GenomeTrakr Project: Thakur Molecular Epidemiology Laboratory, NC State University	SAMN07767547	Illumina MiSeq paired end sequencing: Whole genome Illumina MiSeq sequence of Campylobacter coli	SAMN07767547		NA	CFSAN070416	USA:NC	22-10-09	NA	NA	1;131567;2;29547;3031852;213849;72294;194;195	21-10-09	22-10-09	EXT00291174	Nextera XT library SEQ000067504	NA	NA	NA	195
SRR6261965	NA	feces pig	NA	NA	NA	Pathogen: environmental/food/other sample from Campylobacter coli	GenomeTrakr Project: Thakur Molecular Epidemiology Laboratory, NC State University	SAMN07532293	Illumina MiSeq paired end sequencing: Whole genome Illumina MiSeq sequence of Campylobacter coli	SAMN07532293		NA	CFSAN067963	USA:NC	19-02-10	NA	NA	1;131567;2;29547;3031852;213849;72294;194;195	19-02-10	19-02-10	EXT00282863	Nextera XT library SEQ000064788	NA	NA	NA	195
SRR13921952	NA	pig carcass swab	NA	NA	NA	Pathogen: environmental/food/other sample from Campylobacter coli	GenomeTrakr Project: Thakur Molecular Epidemiology Laboratory, NC State University	SAMN18238177	Illumina MiSeq paired end sequencing: Whole genome Illumina MiSeq sequence of Campylobacter coli	SAMN18238177		NA	CFSAN068969	USA:NC	11-09-09	NA	NA	1;131567;2;29547;3031852;213849;72294;194;195	10-09-09	11-09-09	EXT00411615	Nextera XT library SEQ000111949	NA	NA	NA	195
SRR23513629	NA	Animal-Swine-Market Swine (cecal)	NA	NA	NA	Pathogen: environmental/food/other sample from Campylobacter coli	FSIS NARMS Campylobacter	SAMN33342930	Illumina MiSeq sequencing	SAMN33342930		NA	NA	USA:NC	31-12-23	NA	NA	1;131567;2;29547;3031852;213849;72294;194;195	01-01-23	2023	FSIS12319777	FSIS12319777 Nextera XT shotgun library	NA	NA	NA	195
SRR3185261	NA	animal-swine-market swine	NA	NA	NA	Pathogen: environmental/food/other sample from Campylobacter coli	FSIS NARMS Campylobacter	FSIS1605716	Illumina MiSeq paired end sequencing: Whole genome shotgun sequencing of FSIS1605716 by Illumina MiSeq	SAMN04514642		NA	NA	USA:TN	31-12-16	NA	NA	1;131567;2;29547;3031852;213849;72294;194;195	01-01-16	2016	FSIS1605716	FSIS1605716 Nextera XT shotgun library	NA	NA	NA	195
SRR12070156	Sus scrofa	missing	9823	NA	NA	Pathogen: clinical or host-associated sample from Campylobacter coli	Campylobacter coli Raw sequence reads	2019.TE.25696.1.30	NextSeq 500 sequencing: WGS study of Campylobacter coli in pigs and wild boar in Italy	SAMN15221624		NA	218	Italy	28-11-18	NA	NA	1;131567;2;29547;3031852;213849;72294;194;195	28-11-18	28-11-18	2019.TE.25696.1.30	2019.TE.25696.1.30	NA	NA	NA	195
SRR6793679	NA	animal-swine-market swine	NA	NA	NA	Pathogen: environmental/food/other sample from Campylobacter coli	FSIS NARMS Campylobacter	FSIS11807847	Illumina MiSeq paired end sequencing: Whole genome shotgun sequencing of FSIS11807847 by Illumina MiSeq	SAMN08624206		NA	NA	USA:NC	31-12-18	NA	NA	1;131567;2;29547;3031852;213849;72294;194;195	01-01-18	2018	FSIS11807847	FSIS11807847 Nextera XT shotgun library	NA	NA	NA	195
SRR2727701	NA	animal-swine-sow	NA	NA	NA	Pathogen: environmental/food/other sample from Campylobacter coli	FSIS NARMS Campylobacter	FSIS1504650	Illumina MiSeq paired end sequencing: Whole genome shotgun sequencing of FSIS1504650 by Illumina MiSeq	SAMN04195079		NA	NA	USA:TN	31-12-15	NA	NA	1;131567;2;29547;3031852;213849;72294;194;195	01-01-15	2015	FSIS1504650	FSIS1504650 Nextera XT shotgun library	NA	NA	NA	195
SRR17656269	NA	Animal-Swine-Market Swine (cecal)	NA	NA	NA	Pathogen: environmental/food/other sample from Campylobacter coli	FSIS NARMS Campylobacter	SAMN25076273	Illumina MiSeq sequencing	SAMN25076273		NA	NA	USA:IA	31-12-21	NA	NA	1;131567;2;29547;3031852;213849;72294;194;195	01-01-21	2021	FSIS12208428	FSIS12208428 Nextera XT shotgun library	NA	NA	NA	195
SRR13921953	NA	pig carcass swab	NA	NA	NA	Pathogen: environmental/food/other sample from Campylobacter coli	GenomeTrakr Project: Thakur Molecular Epidemiology Laboratory, NC State University	SAMN18238185	Illumina MiSeq paired end sequencing: Whole genome Illumina MiSeq sequence of Campylobacter coli	SAMN18238185		NA	CFSAN068957	USA:NC	17-10-09	NA	NA	1;131567;2;29547;3031852;213849;72294;194;195	16-10-09	17-10-09	EXT00411705	Nextera XT library SEQ000111965	NA	NA	NA	195
SRR5963909	missing	feces pig	NA	NA	NA	Pathogen: environmental/food/other sample from Campylobacter coli	GenomeTrakr Project: Thakur Molecular Epidemiology Laboratory, NC State University	SAMN07469561	Illumina MiSeq paired end sequencing: Whole genome Illumina MiSeq sequence of Campylobacter coli	SAMN07469561		NA	CFSAN067335	USA:NC	10-09-10	NA	NA	1;131567;2;29547;3031852;213849;72294;194;195	09-09-10	10-09-10	EXT00273733	Nextera XT library SEQ000061902	NA	NA	NA	195
SRR7500639	NA	feces pig	NA	NA	NA	Pathogen: environmental/food/other sample from Campylobacter coli	GenomeTrakr Project: Thakur Molecular Epidemiology Laboratory, NC State University	SAMN08169203	Illumina MiSeq paired end sequencing: Whole genome Illumina MiSeq sequence of Campylobacter coli	SAMN08169203		NA	CFSAN073434	USA:NC	15-02-10	NA	NA	1;131567;2;29547;3031852;213849;72294;194;195	15-02-10	15-02-10	EXT00319372	Nextera XT library SEQ000076664	NA	NA	NA	195
SRR5427944	NA	animal-swine-market swine	NA	NA	NA	Pathogen: environmental/food/other sample from Campylobacter coli	FSIS NARMS Campylobacter	FSIS1700143	Illumina MiSeq paired end sequencing: Whole genome shotgun sequencing of FSIS1700143 by Illumina MiSeq	SAMN06660823		NA	NA	USA:NC	31-12-17	NA	NA	1;131567;2;29547;3031852;213849;72294;194;195	01-01-17	2017	FSIS1700143	FSIS1700143 Nextera XT shotgun library	NA	NA	NA	195
SRR6860706	NA	feces pig	NA	NA	NA	Pathogen: environmental/food/other sample from Campylobacter coli	GenomeTrakr Project: Thakur Molecular Epidemiology Laboratory, NC State University	SAMN07809616	Illumina MiSeq paired end sequencing: Whole genome Illumina MiSeq sequence of Campylobacter coli	SAMN07809616		NA	CFSAN070699	USA:NC	12-02-10	NA	NA	1;131567;2;29547;3031852;213849;72294;194;195	12-02-10	12-02-10	EXT00300865	Nextera XT library SEQ000070898	NA	NA	NA	195
SRR4301153	NA	animal-swine-market swine	NA	NA	NA	Pathogen: environmental/food/other sample from Campylobacter coli	FSIS NARMS Campylobacter	FSIS1607753	Illumina MiSeq paired end sequencing: Whole genome shotgun sequencing of FSIS1607753 by Illumina MiSeq	SAMN05833060		NA	NA	USA:AR	31-12-16	NA	NA	1;131567;2;29547;3031852;213849;72294;194;195	01-01-16	2016	FSIS1607753	FSIS1607753 Nextera XT shotgun library	NA	NA	NA	195
SRR6930614	NA	pig carcass swab	NA	NA	NA	Pathogen: environmental/food/other sample from Campylobacter coli	GenomeTrakr Project: Thakur Molecular Epidemiology Laboratory, NC State University	SAMN08849769	Illumina MiSeq paired end sequencing: Whole genome Illumina MiSeq sequence of Campylobacter coli	SAMN08849769		NA	CFSAN070986	USA:NC	03-10-09	NA	NA	1;131567;2;29547;3031852;213849;72294;194;195	02-10-09	03-10-09	EXT00303244	Nextera XT library SEQ000071769	NA	NA	NA	195
SRR13921946	NA	pig carcass swab	NA	NA	NA	Pathogen: environmental/food/other sample from Campylobacter coli	GenomeTrakr Project: Thakur Molecular Epidemiology Laboratory, NC State University	SAMN18238163	Illumina MiSeq paired end sequencing: Whole genome Illumina MiSeq sequence of Campylobacter coli	SAMN18238163		NA	CFSAN068955	USA:NC	17-10-09	NA	NA	1;131567;2;29547;3031852;213849;72294;194;195	16-10-09	17-10-09	EXT00411639	Nextera XT library SEQ000111954	NA	NA	NA	195
SRR13276339	swine	missing	NA	NA	NA	Pathogen: environmental/food/other sample from Campylobacter coli	Genome sequencing of environmental Campylobacter spp.	2018MI29	Illumina MiSeq sequencing: WGS of environmental Campylobacter spp.	SAMN17120229		NA	NA	USA:Lubbock	31-12-18	33.57 N 101.85 W	-101.85	1;131567;2;29547;3031852;213849;72294;194;195	01-01-18	2018	2018MI29	2018MI29	33.57	NA	33.57 N 101.85 W	195
SRR10823769	NA	feces pig	NA	NA	NA	Pathogen: environmental/food/other sample from Campylobacter coli	GenomeTrakr Project: Thakur Molecular Epidemiology Laboratory, NC State University	SAMN13719097	Illumina MiSeq paired end sequencing: Whole genome Illumina MiSeq sequence of Campylobacter coli	SAMN13719097		NA	CFSAN103284	USA:NC	31-12-09	NA	NA	1;131567;2;29547;3031852;213849;72294;194;195	01-01-09	2009	EXT00382537	Nextera XT library SEQ000102700	NA	NA	NA	195
SRR7014281	NA	feces pig	NA	NA	NA	Pathogen: environmental/food/other sample from Campylobacter coli	GenomeTrakr Project: Thakur Molecular Epidemiology Laboratory, NC State University	SAMN08942366	Illumina MiSeq paired end sequencing: Whole genome Illumina MiSeq sequence of Campylobacter coli	SAMN08942366		NA	CFSAN071003	USA:NC	26-03-09	NA	NA	1;131567;2;29547;3031852;213849;72294;194;195	26-03-09	26-03-09	EXT00306488	Nextera XT library SEQ000072399	NA	NA	NA	195
SRR6745536	NA	feces pig	NA	NA	NA	Pathogen: environmental/food/other sample from Campylobacter coli	GenomeTrakr Project: Thakur Molecular Epidemiology Laboratory, NC State University	SAMN08169017	Illumina MiSeq paired end sequencing: Whole genome Illumina MiSeq sequence of Campylobacter coli	SAMN08169017		NA	CFSAN073217	USA:NC	06-08-09	NA	NA	1;131567;2;29547;3031852;213849;72294;194;195	05-08-09	06-08-09	EXT00296847	Nextera XT library SEQ000069419	NA	NA	NA	195
SRR5815730	NA	animal-swine-market swine	NA	NA	NA	Pathogen: environmental/food/other sample from Campylobacter coli	FSIS NARMS Campylobacter	FSIS1702403	Illumina MiSeq paired end sequencing: Whole genome shotgun sequencing of FSIS1702403 by Illumina MiSeq	SAMN07339686		NA	NA	USA:IN	31-12-17	NA	NA	1;131567;2;29547;3031852;213849;72294;194;195	01-01-17	2017	FSIS1702403	FSIS1702403 Nextera XT shotgun library	NA	NA	NA	195
SRR8420065	NA	animal-swine-market swine	NA	NA	NA	Pathogen: environmental/food/other sample from Campylobacter coli	FSIS NARMS Campylobacter	FSIS11816479	Illumina MiSeq paired end sequencing: Whole genome shotgun sequencing of FSIS11816479 by Illumina MiSeq	SAMN10715419		NA	NA	USA:IN	31-12-18	NA	NA	1;131567;2;29547;3031852;213849;72294;194;195	01-01-18	2018	FSIS11816479	FSIS11816479 Nextera XT shotgun library	NA	NA	NA	195
SRR6973039	NA	feces pig	NA	NA	NA	Pathogen: environmental/food/other sample from Campylobacter coli	GenomeTrakr Project: Thakur Molecular Epidemiology Laboratory, NC State University	SAMN07809573	Illumina MiSeq paired end sequencing: Whole genome Illumina MiSeq sequence of Campylobacter coli	SAMN07809573		NA	CFSAN070724	USA:NC	22-03-10	NA	NA	1;131567;2;29547;3031852;213849;72294;194;195	22-03-10	22-03-10	EXT00304456	Nextera XT library SEQ000072060	NA	NA	NA	195
SRR6213864	NA	feces pig	NA	NA	NA	Pathogen: environmental/food/other sample from Campylobacter coli	GenomeTrakr Project: Thakur Molecular Epidemiology Laboratory, NC State University	SAMN07509147	Illumina MiSeq paired end sequencing: Whole genome Illumina MiSeq sequence of Campylobacter coli	SAMN07509147		NA	CFSAN067556	USA:NC	30-04-10	NA	NA	1;131567;2;29547;3031852;213849;72294;194;195	29-04-10	30-04-10	EXT00280820	Nextera XT library SEQ000064165	NA	NA	NA	195
SRR6793437	NA	animal-swine-sow	NA	NA	NA	Pathogen: environmental/food/other sample from Campylobacter coli	FSIS NARMS Campylobacter	FSIS11807825	Illumina MiSeq paired end sequencing: Whole genome shotgun sequencing of FSIS11807825 by Illumina MiSeq	SAMN08624119		NA	NA	USA:PA	31-12-18	NA	NA	1;131567;2;29547;3031852;213849;72294;194;195	01-01-18	2018	FSIS11807825	FSIS11807825 Nextera XT shotgun library	NA	NA	NA	195
SRR3350820	NA	animal-swine-sow	NA	NA	NA	Pathogen: environmental/food/other sample from Campylobacter coli	FSIS NARMS Campylobacter	FSIS1606168	Illumina MiSeq paired end sequencing: Whole genome shotgun sequencing of FSIS1606168 by Illumina MiSeq	SAMN04625656		NA	NA	USA:VT	31-12-16	NA	NA	1;131567;2;29547;3031852;213849;72294;194;195	01-01-16	2016	FSIS1606168	FSIS1606168 Nextera XT shotgun library	NA	NA	NA	195
SRR23979057	NA	Animal-Swine-Sow (cecal)	NA	NA	NA	Pathogen: environmental/food/other sample from Campylobacter coli	FSIS NARMS Campylobacter	SAMN33927552	Illumina MiSeq sequencing	SAMN33927552		NA	NA	USA:WI	31-12-23	NA	NA	1;131567;2;29547;3031852;213849;72294;194;195	01-01-23	2023	FSIS12320527	FSIS12320527 Nextera XT shotgun library	NA	NA	NA	195
SRR5876880	missing	feces pig	NA	NA	NA	Pathogen: environmental/food/other sample from Campylobacter coli	GenomeTrakr Project: Thakur Molecular Epidemiology Laboratory, NC State University	SAMN07343091	Illumina MiSeq paired end sequencing: Whole genome shotgun sequencing of Campylobacter coli by Illumina MiSeq	SAMN07343091		NA	CFSAN065684	USA:NC	09-04-10	NA	NA	1;131567;2;29547;3031852;213849;72294;194;195	08-04-10	09-04-10	EXT00270221	Campylobacter coli Nextera XT shotgun	NA	NA	NA	195
SRR6236257	NA	feces pig	NA	NA	NA	Pathogen: environmental/food/other sample from Campylobacter coli	GenomeTrakr Project: Thakur Molecular Epidemiology Laboratory, NC State University	SAMN07509157	Illumina MiSeq paired end sequencing: Whole genome Illumina MiSeq sequence of Campylobacter coli	SAMN07509157		NA	CFSAN067585	USA:NC	12-07-10	NA	NA	1;131567;2;29547;3031852;213849;72294;194;195	11-07-10	12-07-10	EXT00281952	Nextera XT library SEQ000064495	NA	NA	NA	195
ERR4223940	NA	swine	NA	NA	NA	103292-005-020	Discerning Environmental Pathways of Campylobacter Transmission	103292-005-020	NextSeq 500 paired end sequencing	SAMEA6936580		NA	NA	Netherlands	31-12-17	NA	NA	1;131567;2;29547;3031852;213849;72294;194;195	01-01-17	2017	ena-EXPERIMENT-UTRECHT UNIVERSITY-09-06-2020-12:40:21:557-233	unspecified	NA	NA	NA	195
SRR12070099	Sus scrofa domesticus	missing	9825	NA	NA	Pathogen: clinical or host-associated sample from Campylobacter coli	Campylobacter coli Raw sequence reads	2018.TE.13970.1.55	NextSeq 500 sequencing: WGS study of Campylobacter coli in pigs and wild boar in Italy	SAMN15221470		NA	61	Italy	06-10-13	NA	NA	1;131567;2;29547;3031852;213849;72294;194;195	05-10-13	06-10-13	2018.TE.13970.1.55	2018.TE.13970.1.55	NA	NA	NA	195
SRR12301966	NA	pig	NA	NA	NA	Pathogen: environmental/food/other sample from Campylobacter jejuni	Genome-wide insights in population structure and host specificity of Campylobacter jejuni	BfRCA13729	Illumina HiSeq 1500 sequencing: Genome-wide insights in population structure and host specificity of Campylobacter jejuni	SAMN15617875		NA	NA	Germany	31-12-15	52.5 N 13.4 E	13.4	1;131567;2;29547;3031852;213849;72294;194;197	01-01-15	2015	BfRCA13729	BfRCA13729	52.5	NA	52.5 N 13.4 E	197
SRR17900535	Ovis aries	missing	9940	NA	NA	Microbe sample from Campylobacter jejuni	Campylobacter source attribution Genome sequencing and assembly (SACNZ)	SC0252	HiSeq X Ten sequencing: WGS of Campylobacter jejuni: SC0252	SAMN16731252		NA	NA	New Zealand	25-05-18	NA	NA	1;131567;2;29547;3031852;213849;72294;194;197	24-05-18	25-05-18	SC0252	SC0252	NA	NA	NA	197
SRR26678371	Ovis aries	feces	9940	NA	NA	One Health Enteric sample from Campylobacter sp. 009LO01AL	CAGED: Campylobacter Genomics and Environmental Enteric Dysfunction	009LO01AL	Illumina MiSeq sequencing: Whole genome sequencing of Campylobacter Genomics and Environmental Enteric Dysfunction	SAMN38092502		NA	NA	Ethiopia: Eastern Hararghe Zone	26-12-20	NA	NA	1;131567;2;29547;3031852;213849;72294;194;2593542;3092157	26-12-20	26-12-20	009LO01AL	009LO01AL	NA	NA	NA	3092157
SRR3094483	Ovis aries	aborted uteroplancental unit	9940	NA	NA	Pathogen: clinical or host-associated sample from Campylobacter jejuni	Campylobacter jejuni Raw sequence reads	SA-84	Illumina HiSeq 2000 sequencing: WGS of Campylobacter jejuni UK40	SAMN04377897		NA	UK40	United Kingdom: Great Britain	31-12-08	NA	NA	1;131567;2;29547;3031852;213849;72294;194;197	01-01-08	2008	SA-84	SA-84	NA	NA	NA	197
SRR28199248	NA	Animal-Sheep-Lamb (cecal)	NA	NA	NA	Pathogen: environmental/food/other sample from Campylobacter coli	FSIS NARMS Campylobacter	SAMN40218291	Illumina MiSeq sequencing	SAMN40218291		NA	NA	USA:CA	31-12-24	NA	NA	1;131567;2;29547;3031852;213849;72294;194;195	01-01-24	2024	FSIS12428519	FSIS12428519 Nextera XT shotgun library	NA	NA	NA	195
SRR3094464	Ovis aries	feces	9940	NA	NA	Pathogen: environmental/food/other sample from Campylobacter jejuni	Campylobacter jejuni Raw sequence reads	SA-65	Illumina HiSeq 2000 sequencing: WGS of Campylobacter jejuni 1L1F1a	SAMN04377878		NA	1L1F1a	USA: Iowa	31-12-08	NA	NA	1;131567;2;29547;3031852;213849;72294;194;197	01-01-08	2008	SA-65	SA-65	NA	NA	NA	197
SRR3094423	Ovis aries	aborted uteroplancental unit	9940	NA	NA	Pathogen: clinical or host-associated sample from Campylobacter jejuni	Campylobacter jejuni Raw sequence reads	SA-24	Illumina HiSeq 2000 sequencing: WGS of Campylobacter jejuni SD3831	SAMN04377837		NA	SD3831	USA:South Dakota	31-12-05	NA	NA	1;131567;2;29547;3031852;213849;72294;194;197	01-01-05	2005	SA-24	SA-24	NA	NA	NA	197
ERR4224567	NA	sheep	NA	NA	NA	18S02104-1	Discerning Environmental Pathways of Campylobacter Transmission	18S02104-1	NextSeq 500 paired end sequencing	SAMEA6936163		NA	NA	Netherlands	31-12-18	NA	NA	1;131567;2;29547;3031852;213849;72294;194;197	01-01-18	2018	ena-EXPERIMENT-UTRECHT UNIVERSITY-09-06-2020-12:40:21:578-860	unspecified	NA	NA	NA	197
SRR10218167	NA	sheep	NA	NA	NA	Pathogen: environmental/food/other sample from Campylobacter jejuni	Cattle adaptation of Campylobacter jejuni	SKS_3017	Illumina MiSeq sequencing: Campylobacter WGS	SAMN12898207		NA	S03/204 #78	United Kingdom	31-12-14	51.3631 N 3.5849 W	-3.5849	1;131567;2;29547;3031852;213849;72294;194;197	01-01-14	2014	11792_8#90	11792_8#90	51.3631	NA	51.3631 N 3.5849 W	197
SRR17925224	Ovis aries	missing	9940	NA	NA	Microbe sample from Campylobacter jejuni	Campylobacter source attribution Genome sequencing and assembly (SACNZ)	SC0854	HiSeq X Ten sequencing: WGS of Campylobacter jejuni: SC0854	SAMN16731836		NA	NA	New Zealand	19-10-18	NA	NA	1;131567;2;29547;3031852;213849;72294;194;197	18-10-18	19-10-18	SC0854	SC0854	NA	NA	NA	197
SRR28440137	NA	Animal-Sheep-Mature Sheep (cecal)	NA	NA	NA	Pathogen: environmental/food/other sample from Campylobacter coli	FSIS NARMS Campylobacter	SAMN40603281	Illumina MiSeq sequencing	SAMN40603281		NA	NA	USA:CA	31-12-24	NA	NA	1;131567;2;29547;3031852;213849;72294;194;195	01-01-24	2024	FSIS12428657	FSIS12428657 Nextera XT shotgun library	NA	NA	NA	195
SRR14228718	NA	Animal-Sheep-Mature Sheep (cecal)	NA	NA	NA	Pathogen: environmental/food/other sample from Campylobacter jejuni	FSIS NARMS Campylobacter	FSIS12139069	Illumina MiSeq sequencing	SAMN18733916		NA	NA	USA:CO	31-12-21	NA	NA	1;131567;2;29547;3031852;213849;72294;194;197	01-01-21	2021	FSIS12139069	FSIS12139069 Nextera XT shotgun library	NA	NA	NA	197
SRR3094452	Ovis aries	aborted uteroplancental unit	9940	NA	NA	Pathogen: clinical or host-associated sample from Campylobacter jejuni	Campylobacter jejuni Raw sequence reads	SA-53	Illumina HiSeq 2000 sequencing: WGS of Campylobacter jejuni VDL2945	SAMN04377866		NA	VDL2945	USA: Iowa	31-12-09	NA	NA	1;131567;2;29547;3031852;213849;72294;194;197	01-01-09	2009	SA-53	SA-53	NA	NA	NA	197
ERR4224309	NA	sheep	NA	NA	NA	16S06363-5	Discerning Environmental Pathways of Campylobacter Transmission	16S06363-5	NextSeq 500 paired end sequencing	SAMEA6936572		NA	NA	Netherlands	31-12-16	NA	NA	1;131567;2;29547;3031852;213849;72294;194;195	01-01-16	2016	ena-EXPERIMENT-UTRECHT UNIVERSITY-09-06-2020-12:40:21:569-602	unspecified	NA	NA	NA	195
SRR12063032	Ovis aries	feces	9940	NA	NA	Pathogen: clinical or host-associated sample from Campylobacter jejuni	ESR Campylobacter sequencing	CMB161097-A	Illumina MiSeq sequencing: C. jejuni sample CMB161097-A	SAMN15317811		NA	CMB161097-A	New Zealand	31-12-16	40.9006 S 174.886 E	174.886	1;131567;2;29547;3031852;213849;72294;194;197	01-01-16	2016	CMB161097-A	CMB161097-A	-40.9006	NA	40.9006 S 174.886 E	197
SRR28440155	NA	Animal-Sheep-Lamb (cecal)	NA	NA	NA	Pathogen: environmental/food/other sample from Campylobacter jejuni	FSIS NARMS Campylobacter	SAMN40603369	Illumina MiSeq sequencing	SAMN40603369		NA	NA	USA:TX	31-12-24	NA	NA	1;131567;2;29547;3031852;213849;72294;194;197	01-01-24	2024	FSIS12428720	FSIS12428720 Nextera XT shotgun library	NA	NA	NA	197
SRR11654312	NA	Animal-Sheep-Lamb	NA	NA	NA	Pathogen: environmental/food/other sample from Campylobacter coli	FSIS NARMS Campylobacter	FSIS12029262	Illumina MiSeq paired end sequencing: Whole genome shotgun sequencing of FSIS12029262 by Illumina MiSeq	SAMN14779565		NA	NA	USA:WV	31-12-20	NA	NA	1;131567;2;29547;3031852;213849;72294;194;195	01-01-20	2020	FSIS12029262	FSIS12029262 Nextera XT shotgun library	NA	NA	NA	195
SRR29740313	NA	Animal-Sheep-Mature Sheep (cecal)	NA	NA	NA	Pathogen: environmental/food/other sample from Campylobacter coli	FSIS NARMS Campylobacter	SAMN42375262	Illumina MiSeq sequencing	SAMN42375262		NA	NA	USA:CA	31-12-24	NA	NA	1;131567;2;29547;3031852;213849;72294;194;195	01-01-24	2024	FSIS12429953	FSIS12429953 Nextera XT shotgun library	NA	NA	NA	195
SRR12063017	Ovis aries	feces	9940	NA	NA	Pathogen: clinical or host-associated sample from Campylobacter jejuni	ESR Campylobacter sequencing	CMB161092-A	Illumina MiSeq sequencing: C. jejuni sample CMB161092-A	SAMN15317825		NA	CMB161092-A	New Zealand	31-12-16	40.9006 S 174.886 E	174.886	1;131567;2;29547;3031852;213849;72294;194;197	01-01-16	2016	CMB161092-A	CMB161092-A	-40.9006	NA	40.9006 S 174.886 E	197
SRR17925216	Ovis aries	missing	9940	NA	NA	Microbe sample from Campylobacter coli	Campylobacter source attribution Genome sequencing and assembly (SACNZ)	SC0861	HiSeq X Ten sequencing: WGS of Campylobacter coli: SC0861	SAMN16731843		NA	NA	New Zealand	19-10-18	NA	NA	1;131567;2;29547;3031852;213849;72294;194;195	18-10-18	19-10-18	SC0861	SC0861	NA	NA	NA	195
SRR29740293	NA	Animal-Sheep-Lamb (cecal)	NA	NA	NA	Pathogen: environmental/food/other sample from Campylobacter jejuni	FSIS NARMS Campylobacter	SAMN42375236	Illumina MiSeq sequencing	SAMN42375236		NA	NA	USA:WV	31-12-24	NA	NA	1;131567;2;29547;3031852;213849;72294;194;197	01-01-24	2024	FSIS12429701	FSIS12429701 Nextera XT shotgun library	NA	NA	NA	197
SRR12347652	Ovis aries	Carcass	9940	NA	NA	Pathogen: clinical or host-associated sample from Campylobacter coli	ESR Campylobacter sequencing	17PH0758-007	NextSeq 550 sequencing: WGS of ovine campylobacter isolates. Sample 17PH0758-007	SAMN15675370		NA	17PH0758-007	New Zealand	31-12-17	40.9006 S 174.886 E	174.886	1;131567;2;29547;3031852;213849;72294;194;195	01-01-17	2017	17PH0758-007	17PH0758-007	-40.9006	NA	40.9006 S 174.886 E	195
SRR13699956	NA	Animal-Sheep-Lamb (cecal)	NA	NA	NA	Pathogen: environmental/food/other sample from Campylobacter jejuni	FSIS NARMS Campylobacter	SAMN17898449	Illumina MiSeq sequencing	SAMN17898449		NA	NA	USA:NM	31-12-20	NA	NA	1;131567;2;29547;3031852;213849;72294;194;197	01-01-20	2020	FSIS12137361	FSIS12137361 Nextera XT shotgun library	NA	NA	NA	197
SRR13362775	Ovis aries	rectal faeces	9940	NA	NA	Pathogen: clinical or host-associated sample from Campylobacter jejuni	WGS of Campylobacter jejuni and Campylobacter coli isolates from healthy domestic ruminants in Northern Spain	C0577 (0.15.01059)	Illumina NovaSeq 6000 sequencing: WGS of Campylobacter jejuni and Campylobacter coli isolates from healthy domestic ruminants in Northern Spain	SAMN17214779		NA	C0577	Spain: Basque Country	04-03-15	NA	NA	1;131567;2;29547;3031852;213849;72294;194;197	04-03-15	04-03-15	C0577 (0.15.01059)	C0577 (0.15.01059)	NA	NA	NA	197
SRR12347669	Ovis aries	Carcass	9940	NA	NA	Pathogen: clinical or host-associated sample from Campylobacter jejuni	ESR Campylobacter sequencing	17PH0359-003A.1	NextSeq 550 sequencing: WGS of ovine campylobacter isolates. Sample 17PH0359-003A.1	SAMN15675355		NA	17PH0359-003A.1	New Zealand	31-12-17	40.9006 S 174.886 E	174.886	1;131567;2;29547;3031852;213849;72294;194;197	01-01-17	2017	17PH0359-003A.1	17PH0359-003A.1	-40.9006	NA	40.9006 S 174.886 E	197
SRR13362783	Ovis aries	rectal faeces	9940	NA	NA	Pathogen: clinical or host-associated sample from Campylobacter coli	WGS of Campylobacter jejuni and Campylobacter coli isolates from healthy domestic ruminants in Northern Spain	C0562 (0.16.02432)	Illumina NovaSeq 6000 sequencing: WGS of Campylobacter jejuni and Campylobacter coli isolates from healthy domestic ruminants in Northern Spain	SAMN17214772		NA	C0562	Spain: Basque Country	31-05-16	NA	NA	1;131567;2;29547;3031852;213849;72294;194;195	30-05-16	31-05-16	C0562 (0.16.02432)	C0562 (0.16.02432)	NA	NA	NA	195
SRR17929619	Ovis aries	missing	9940	NA	NA	Microbe sample from Campylobacter jejuni	Campylobacter source attribution Genome sequencing and assembly (SACNZ)	SC1062	HiSeq X Ten sequencing: WGS of Campylobacter jejuni: SC1062	SAMN16731988		NA	NA	New Zealand	21-11-18	NA	NA	1;131567;2;29547;3031852;213849;72294;194;197	21-11-18	21-11-18	SC1062	SC1062	NA	NA	NA	197
SRR12347663	Ovis aries	Carcass	9940	NA	NA	Pathogen: clinical or host-associated sample from Campylobacter jejuni	ESR Campylobacter sequencing	17PH0359-006A	NextSeq 550 sequencing: WGS of ovine campylobacter isolates. Sample 17PH0359-006A	SAMN15675360		NA	17PH0359-006A	New Zealand	31-12-17	40.9006 S 174.886 E	174.886	1;131567;2;29547;3031852;213849;72294;194;197	01-01-17	2017	17PH0359-006A	17PH0359-006A	-40.9006	NA	40.9006 S 174.886 E	197
SRR27218469	Ovis aries	feces	9940	NA	NA	One Health Enteric sample from Campylobacter sp. 122LO02AH	CAGED: Campylobacter Genomics and Environmental Enteric Dysfunction	122LO02AH	Illumina MiSeq sequencing: WGS of Campylobacter: 122LO02AH	SAMN38713247		NA	NA	Ethiopia: Eastern Hararghe Zone	12-02-22	NA	NA	1;131567;2;29547;3031852;213849;72294;194;2593542;3108330	12-02-22	12-02-22	NH122LO02AH	NH122LO02AH	NA	NA	NA	3108330
SRR17925366	Ovis aries	missing	9940	NA	NA	Microbe sample from Campylobacter coli	Campylobacter source attribution Genome sequencing and assembly (SACNZ)	SC0712	HiSeq X Ten sequencing: WGS of Campylobacter coli: SC0712	SAMN16731708		NA	NA	New Zealand	21-09-18	NA	NA	1;131567;2;29547;3031852;213849;72294;194;195	20-09-18	21-09-18	SC0712	SC0712	NA	NA	NA	195
SRR17974198	Ovis aries	missing	9940	NA	NA	Microbe sample from Campylobacter jejuni	Campylobacter source attribution Genome sequencing and assembly (SACNZ)	SC1448	HiSeq X Ten sequencing: WGS of Campylobacter jejuni: SC1448	SAMN16769527		NA	NA	New Zealand	18-01-19	NA	NA	1;131567;2;29547;3031852;213849;72294;194;197	18-01-19	18-01-19	SC1448	SC1448	NA	NA	NA	197
SRR17898865	Ovis aries	missing	9940	NA	NA	Microbe sample from Campylobacter coli	Campylobacter source attribution Genome sequencing and assembly (SACNZ)	SC0001	Illumina MiSeq sequencing: WGS of Campylobacter coli: SC0001	SAMN16731004		NA	NA	New Zealand	16-03-18	NA	NA	1;131567;2;29547;3031852;213849;72294;194;195	16-03-18	16-03-18	SC0001	SC0001	NA	NA	NA	195
SRR26351318	Ovis aries	feces	9940	NA	NA	One Health Enteric sample from Campylobacter sp. 001LO02DL	CAGED: Campylobacter Genomics and Environmental Enteric Dysfunction	001LO02DL	NextSeq 2000 sequencing: WGS of Campylobacter	SAMN37735414		NA	NA	Ethiopia: Eastern Hararghe Zone	09-06-22	NA	NA	1;131567;2;29547;3031852;213849;72294;194;2593542;3080599	08-06-22	09-06-22	3	3	NA	NA	NA	3080599
SRR12625725	NA	Animal-Sheep-Lamb	NA	NA	NA	Pathogen: environmental/food/other sample from Campylobacter coli	FSIS NARMS Campylobacter	FSIS12033151	Illumina MiSeq sequencing	SAMN16112017		NA	NA	USA:IN	31-12-20	NA	NA	1;131567;2;29547;3031852;213849;72294;194;195	01-01-20	2020	FSIS12033151	FSIS12033151 Nextera XT shotgun library	NA	NA	NA	195
SRR17900361	Ovis aries	missing	9940	NA	NA	Microbe sample from Campylobacter coli	Campylobacter source attribution Genome sequencing and assembly (SACNZ)	SC0388	HiSeq X Ten sequencing: WGS of Campylobacter coli: SC0388	SAMN16731388		NA	NA	New Zealand	22-06-18	NA	NA	1;131567;2;29547;3031852;213849;72294;194;195	21-06-18	22-06-18	SC0388	SC0388	NA	NA	NA	195
SRR17900429	Ovis aries	missing	9940	NA	NA	Microbe sample from Campylobacter coli	Campylobacter source attribution Genome sequencing and assembly (SACNZ)	SC0384	HiSeq X Ten sequencing: WGS of Campylobacter coli: SC0384	SAMN16731384		NA	NA	New Zealand	22-06-18	NA	NA	1;131567;2;29547;3031852;213849;72294;194;195	21-06-18	22-06-18	SC0384	SC0384	NA	NA	NA	195
SRR12625708	NA	Animal-Sheep-Lamb	NA	NA	NA	Pathogen: environmental/food/other sample from Campylobacter jejuni	FSIS NARMS Campylobacter	FSIS12033136	Illumina MiSeq sequencing	SAMN16112003		NA	NA	USA:IN	31-12-20	NA	NA	1;131567;2;29547;3031852;213849;72294;194;197	01-01-20	2020	FSIS12033136	FSIS12033136 Nextera XT shotgun library	NA	NA	NA	197
SRR17899234	Ovis aries	missing	9940	NA	NA	Microbe sample from Campylobacter jejuni	Campylobacter source attribution Genome sequencing and assembly (SACNZ)	SC0121	Illumina MiSeq sequencing: WGS of Campylobacter jejuni: SC0121	SAMN16731123		NA	NA	New Zealand	20-04-18	NA	NA	1;131567;2;29547;3031852;213849;72294;194;197	19-04-18	20-04-18	SC0121	SC0121	NA	NA	NA	197
SRR12063018	Ovis aries	feces	9940	NA	NA	Pathogen: clinical or host-associated sample from Campylobacter jejuni	ESR Campylobacter sequencing	CMB161091-A	Illumina MiSeq sequencing: C. jejuni sample CMB161091-A	SAMN15317824		NA	CMB161091-A	New Zealand	31-12-16	40.9006 S 174.886 E	174.886	1;131567;2;29547;3031852;213849;72294;194;197	01-01-16	2016	CMB161091-A	CMB161091-A	-40.9006	NA	40.9006 S 174.886 E	197
SRR17900362	Ovis aries	missing	9940	NA	NA	Microbe sample from Campylobacter coli	Campylobacter source attribution Genome sequencing and assembly (SACNZ)	SC0387	HiSeq X Ten sequencing: WGS of Campylobacter coli: SC0387	SAMN16731387		NA	NA	New Zealand	22-06-18	NA	NA	1;131567;2;29547;3031852;213849;72294;194;195	21-06-18	22-06-18	SC0387	SC0387	NA	NA	NA	195
SRR13238488	NA	Animal-Sheep-Mature Sheep (cecal)	NA	NA	NA	Pathogen: environmental/food/other sample from Campylobacter jejuni	FSIS NARMS Campylobacter	FSIS12036031	Illumina MiSeq sequencing	SAMN17052385		NA	NA	USA:NJ	31-12-20	NA	NA	1;131567;2;29547;3031852;213849;72294;194;197	01-01-20	2020	FSIS12036031	FSIS12036031 Nextera XT shotgun library	NA	NA	NA	197
SRR14882958	NA	Animal-Sheep-Lamb (cecal)	NA	NA	NA	Pathogen: environmental/food/other sample from Campylobacter jejuni	FSIS NARMS Campylobacter	SAMN19814331	Illumina MiSeq sequencing	SAMN19814331		NA	NA	USA:MO	31-12-21	NA	NA	1;131567;2;29547;3031852;213849;72294;194;197	01-01-21	2021	FSIS12140539	FSIS12140539 Nextera XT shotgun library	NA	NA	NA	197
SRR18678775	NA	Animal-Sheep-Lamb (cecal)	NA	NA	NA	Pathogen: environmental/food/other sample from Campylobacter coli	FSIS NARMS Campylobacter	SAMN27406571	Illumina MiSeq sequencing	SAMN27406571		NA	NA	USA:NY	31-12-22	NA	NA	1;131567;2;29547;3031852;213849;72294;194;195	01-01-22	2022	FSIS12210422	FSIS12210422 Nextera XT shotgun library	NA	NA	NA	195
SRR19486036	NA	Animal-Sheep-Mature Sheep (cecal)	NA	NA	NA	Pathogen: environmental/food/other sample from Campylobacter jejuni	FSIS NARMS Campylobacter	SAMN28794718	Illumina MiSeq sequencing	SAMN28794718		NA	NA	USA:KY	31-12-22	NA	NA	1;131567;2;29547;3031852;213849;72294;194;197	01-01-22	2022	FSIS12211669	FSIS12211669 Nextera XT shotgun library	NA	NA	NA	197
SRR27218413	Ovis aries	feces	9940	NA	NA	One Health Enteric sample from Campylobacter sp. 001LO02AH	CAGED: Campylobacter Genomics and Environmental Enteric Dysfunction	001LO02AH	Illumina MiSeq sequencing: WGS of Campylobacter: 001LO02AH	SAMN38842791		NA	NA	Ethiopia: Eastern Hararghe Zone	09-06-22	NA	NA	1;131567;2;29547;3031852;213849;72294;194;2593542;3108334	08-06-22	09-06-22	NH001LO02AH	NH001LO02AH	NA	NA	NA	3108334
SRR11544459	NA	Animal-Sheep-Lamb	NA	NA	NA	Pathogen: environmental/food/other sample from Campylobacter coli	FSIS NARMS Campylobacter	FSIS12029730	Illumina MiSeq paired end sequencing: Whole genome shotgun sequencing of FSIS12029730 by Illumina MiSeq	SAMN14575260		NA	NA	USA:CT	31-12-20	NA	NA	1;131567;2;29547;3031852;213849;72294;194;195	01-01-20	2020	FSIS12029730	FSIS12029730 Nextera XT shotgun library	NA	NA	NA	195
SRR12347670	Ovis aries	Carcass	9940	NA	NA	Pathogen: clinical or host-associated sample from Campylobacter jejuni	ESR Campylobacter sequencing	17PH0335-005A	NextSeq 550 sequencing: WGS of ovine campylobacter isolates. Sample 17PH0335-005A	SAMN15675354		NA	17PH0335-005A	New Zealand	31-12-17	40.9006 S 174.886 E	174.886	1;131567;2;29547;3031852;213849;72294;194;197	01-01-17	2017	17PH0335-005A	17PH0335-005A	-40.9006	NA	40.9006 S 174.886 E	197
SRR5397411	ovine	Ovine Liver	NA	NA	NA	Pathogen: environmental/food/other sample from Campylobacter jejuni	Campylobacter Genome sequencing and assembly	PNUSAC001733	Illumina MiSeq sequencing	SAMN06661615		NA	NA	USA:WY	31-12-09	NA	NA	1;131567;2;29547;3031852;213849;72294;194;197	01-01-09	2009	PNUSAC001733:wgs	NexteraXT	NA	NA	NA	197
SRR22956824	Ovis aries	intestine	9940	NA	NA	Pathogen: environmental/food/other sample from Campylobacter coli	Vet-LIRN-Other-GU	OTH-22-VL-ON-ON-0012	Illumina MiSeq sequencing: WGS of Campylobacter coli isolate	SAMN32543249		NA	NA	Canada: Ontario	09-02-22	NA	NA	1;131567;2;29547;3031852;213849;72294;194;195	09-02-22	09-02-22	OTH-22-VL-ON-ON-0012	OTH-22-VL-ON-ON-0012	NA	NA	NA	195
SRR3094432	Ovis aries	aborted uteroplancental unit	9940	NA	NA	Pathogen: clinical or host-associated sample from Campylobacter jejuni	Campylobacter jejuni Raw sequence reads	SA-33	Illumina HiSeq 2000 sequencing: WGS of Campylobacter jejuni VDL35044	SAMN04377846		NA	VDL35044	USA: Iowa	31-12-09	NA	NA	1;131567;2;29547;3031852;213849;72294;194;197	01-01-09	2009	SA-33	SA-33	NA	NA	NA	197
ERR4224861	NA	sheep	NA	NA	NA	Ca2355	Discerning Environmental Pathways of Campylobacter Transmission	Ca2355	NextSeq 500 paired end sequencing	SAMEA6935706		NA	NA	Netherlands	31-12-16	NA	NA	1;131567;2;29547;3031852;213849;72294;194;197	01-01-16	2016	ena-EXPERIMENT-UTRECHT UNIVERSITY-09-06-2020-12:40:21:588-1154	unspecified	NA	NA	NA	197
SRR22956826	Ovis aries	placenta	9940	NA	NA	Pathogen: environmental/food/other sample from Campylobacter jejuni	Vet-LIRN-Other-GU	OTH-22-VL-ON-ON-0006	Illumina MiSeq sequencing: WGS of Campylobacter jejuni isolate	SAMN32543247		NA	NA	Canada: Ontario	18-01-22	NA	NA	1;131567;2;29547;3031852;213849;72294;194;197	18-01-22	18-01-22	OTH-22-VL-ON-ON-0006	OTH-22-VL-ON-ON-0006	NA	NA	NA	197
SRR28764814	NA	Animal-Sheep-Lamb (cecal)	NA	NA	NA	Pathogen: environmental/food/other sample from Campylobacter coli	FSIS NARMS Campylobacter	SAMN41042988	Illumina MiSeq sequencing	SAMN41042988		NA	NA	USA:CA	31-12-24	NA	NA	1;131567;2;29547;3031852;213849;72294;194;195	01-01-24	2024	FSIS12429075	FSIS12429075 Nextera XT shotgun library	NA	NA	NA	195
SRR28886138	NA	Animal-Sheep-Lamb (cecal)	NA	NA	NA	Pathogen: environmental/food/other sample from Campylobacter coli	FSIS NARMS Campylobacter	SAMN41188859	Illumina MiSeq sequencing	SAMN41188859		NA	NA	USA:PA	31-12-24	NA	NA	1;131567;2;29547;3031852;213849;72294;194;195	01-01-24	2024	FSIS12429248	FSIS12429248 Nextera XT shotgun library	NA	NA	NA	195
SRR5230112	ovine	Ovine Abomasum	NA	NA	NA	Pathogen: environmental/food/other sample from Campylobacter jejuni	Campylobacter Genome sequencing and assembly	PNUSAC001497	Illumina MiSeq sequencing	SAMN06290218		NA	NA	missing	31-07-05	NA	NA	1;131567;2;29547;3031852;213849;72294;194;197	01-07-05	1905-07	PNUSAC001497:wgs	NexteraXT	NA	NA	NA	197
SRR3094486	Ovis aries	aborted uteroplancental unit	9940	NA	NA	Pathogen: clinical or host-associated sample from Campylobacter jejuni	Campylobacter jejuni Raw sequence reads	SA-87	Illumina HiSeq 2000 sequencing: WGS of Campylobacter jejuni UK24	SAMN04377900		NA	UK24	United Kingdom: Great Britain	31-12-05	NA	NA	1;131567;2;29547;3031852;213849;72294;194;197	01-01-05	2005	SA-87	SA-87	NA	NA	NA	197
SRR29205960	NA	Animal-Sheep-Mature Sheep (cecal)	NA	NA	NA	Pathogen: environmental/food/other sample from Campylobacter jejuni	FSIS NARMS Campylobacter	SAMN41571437	Illumina MiSeq sequencing	SAMN41571437		NA	NA	USA:OR	31-12-24	NA	NA	1;131567;2;29547;3031852;213849;72294;194;197	01-01-24	2024	FSIS12429466	FSIS12429466 Nextera XT shotgun library	NA	NA	NA	197
SRR3094446	Ovis aries	aborted uteroplancental unit	9940	NA	NA	Pathogen: clinical or host-associated sample from Campylobacter jejuni	Campylobacter jejuni Raw sequence reads	SA-47	Illumina HiSeq 2000 sequencing: WGS of Campylobacter jejuni VDL2401	SAMN04377860		NA	VDL2401	USA: Iowa	31-12-07	NA	NA	1;131567;2;29547;3031852;213849;72294;194;197	01-01-07	2007	SA-47	SA-47	NA	NA	NA	197
SRR3619966	Ovine	feces	NA	NA	NA	Microbe sample from Campylobacter jejuni	Major food bacterial pathogens in the united states and around the world, including Salmonella enterica, E. coli, Shigella, Listeria monocytogenes, Campylobacter Jejuni, and Vibrio parahaemolyticus genome sequencing	BCW_6927	Illumina HiSeq 3000 sequencing: Campylobacter Genomics	SAMN04532420		NA	NA	missing	NA	NA	NA	1;131567;2;29547;3031852;213849;72294;194;197	NA	not collected	BCW_6927	BCW_6927	NA	NA	NA	197
SRR26678370	Ovis aries	feces	9940	NA	NA	One Health Enteric sample from Campylobacter sp. 009LO01BL	CAGED: Campylobacter Genomics and Environmental Enteric Dysfunction	009LO01BL	Illumina MiSeq sequencing: Whole genome sequencing of Campylobacter Genomics and Environmental Enteric Dysfunction	SAMN38092503		NA	NA	Ethiopia: Eastern Hararghe Zone	26-12-20	NA	NA	1;131567;2;29547;3031852;213849;72294;194;2593542;3092158	26-12-20	26-12-20	009LO01BL	009LO01BL	NA	NA	NA	3092158
SRR17900439	Ovis aries	missing	9940	NA	NA	Microbe sample from Campylobacter jejuni	Campylobacter source attribution Genome sequencing and assembly (SACNZ)	SC0375	HiSeq X Ten sequencing: WGS of Campylobacter jejuni: SC0375	SAMN16731375		NA	NA	New Zealand	22-06-18	NA	NA	1;131567;2;29547;3031852;213849;72294;194;197	21-06-18	22-06-18	SC0375	SC0375	NA	NA	NA	197
SRR3094408	Ovis aries	aborted uteroplancental unit	9940	NA	NA	Pathogen: clinical or host-associated sample from Campylobacter jejuni	Campylobacter jejuni Raw sequence reads	SA-9	Illumina HiSeq 2000 sequencing: WGS of Campylobacter jejuni ID34	SAMN04377822		NA	ID34	USA:Idaho	31-12-93	NA	NA	1;131567;2;29547;3031852;213849;72294;194;197	01-01-93	1993	SA-9	SA-9	NA	NA	NA	197
SRR17898893	Ovis aries	missing	9940	NA	NA	Microbe sample from Campylobacter jejuni	Campylobacter source attribution Genome sequencing and assembly (SACNZ)	SC0013	Illumina MiSeq sequencing: WGS of Campylobacter jejuni: SC0013	SAMN16731016		NA	NA	New Zealand	16-03-18	NA	NA	1;131567;2;29547;3031852;213849;72294;194;197	16-03-18	16-03-18	SC0013	SC0013	NA	NA	NA	197
SRR12625734	NA	Animal-Sheep-Mature Sheep	NA	NA	NA	Pathogen: environmental/food/other sample from Campylobacter jejuni	FSIS NARMS Campylobacter	FSIS12033155	Illumina MiSeq sequencing	SAMN16112021		NA	NA	USA:IN	31-12-20	NA	NA	1;131567;2;29547;3031852;213849;72294;194;197	01-01-20	2020	FSIS12033155	FSIS12033155 Nextera XT shotgun library	NA	NA	NA	197
ERR4224617	NA	sheep	NA	NA	NA	18S03662-1	Discerning Environmental Pathways of Campylobacter Transmission	18S03662-1	NextSeq 500 paired end sequencing	SAMEA6936789		NA	NA	Netherlands	31-12-18	NA	NA	1;131567;2;29547;3031852;213849;72294;194;195	01-01-18	2018	ena-EXPERIMENT-UTRECHT UNIVERSITY-09-06-2020-12:40:21:579-910	unspecified	NA	NA	NA	195
SRR19139531	NA	Animal-Sheep-Mature Sheep (cecal)	NA	NA	NA	Pathogen: environmental/food/other sample from Campylobacter coli	FSIS NARMS Campylobacter	SAMN28156629	Illumina MiSeq sequencing	SAMN28156629		NA	NA	USA:NJ	31-12-22	NA	NA	1;131567;2;29547;3031852;213849;72294;194;195	01-01-22	2022	FSIS12211336	FSIS12211336 Nextera XT shotgun library	NA	NA	NA	195
SRR12063034	Ovis aries	feces	9940	NA	NA	Pathogen: clinical or host-associated sample from Campylobacter jejuni	ESR Campylobacter sequencing	CMB161101-A	Illumina MiSeq sequencing: C. jejuni sample CMB161101-A	SAMN15317809		NA	CMB161101-A	New Zealand	31-12-16	40.9006 S 174.886 E	174.886	1;131567;2;29547;3031852;213849;72294;194;197	01-01-16	2016	CMB161101-A	CMB161101-A	-40.9006	NA	40.9006 S 174.886 E	197
SRR13350071	NA	Animal-Sheep-Mature Sheep (cecal)	NA	NA	NA	Pathogen: environmental/food/other sample from Campylobacter jejuni	FSIS NARMS Campylobacter	FSIS12036711	Illumina MiSeq sequencing	SAMN17212300		NA	NA	USA:IN	31-12-20	NA	NA	1;131567;2;29547;3031852;213849;72294;194;197	01-01-20	2020	FSIS12036711	FSIS12036711 Nextera XT shotgun library	NA	NA	NA	197
SRR17900545	Ovis aries	missing	9940	NA	NA	Microbe sample from Campylobacter jejuni	Campylobacter source attribution Genome sequencing and assembly (SACNZ)	SC0242	HiSeq X Ten sequencing: WGS of Campylobacter jejuni: SC0242	SAMN16731243		NA	NA	New Zealand	18-05-18	NA	NA	1;131567;2;29547;3031852;213849;72294;194;197	17-05-18	18-05-18	SC0242	SC0242	NA	NA	NA	197
SRR17925265	Ovis aries	missing	9940	NA	NA	Microbe sample from Campylobacter coli	Campylobacter source attribution Genome sequencing and assembly (SACNZ)	SC0716	HiSeq X Ten sequencing: WGS of Campylobacter coli: SC0716	SAMN16731712		NA	NA	New Zealand	21-09-18	NA	NA	1;131567;2;29547;3031852;213849;72294;194;195	20-09-18	21-09-18	SC0716	SC0716	NA	NA	NA	195
SRR5209489	Ovis aries	Sheep faeces	9940	NA	NA	Pathogen: environmental/food/other sample from Campylobacter jejuni	A Genome-Wide Association Study to Identify Diagnostic Markers for Human Pathogenic Campylobacter jejuni Strains	C3GFDB014772	Illumina HiSeq 2000 sequencing: DNA seq of Campylobacter jejuni: Ovis aries faeces	SAMN06270876		NA	CI_1117	Canada: Lethbridge, Alberta	10-08-05	49.6934 N 112.8418 W	-112.8418	1;131567;2;29547;3031852;213849;72294;194;197	09-08-05	10-08-05	C3GFDB014772	C3GFDB014772	49.6934	NA	49.6934 N 112.8418 W	197
SRR27218412	Ovis aries	feces	9940	NA	NA	One Health Enteric sample from Campylobacter sp. 001LO02BL	CAGED: Campylobacter Genomics and Environmental Enteric Dysfunction	001LO02BL	Illumina MiSeq sequencing: WGS of Campylobacter: 001LO02BL	SAMN38842792		NA	NA	Ethiopia: Eastern Hararghe Zone	09-06-22	NA	NA	1;131567;2;29547;3031852;213849;72294;194;2593542;3108335	08-06-22	09-06-22	NH001LO02BL	NH001LO02BL	NA	NA	NA	3108335
SRR3094413	Ovis aries	aborted uteroplancental unit	9940	NA	NA	Pathogen: clinical or host-associated sample from Campylobacter jejuni	Campylobacter jejuni Raw sequence reads	SA-14	Illumina HiSeq 2000 sequencing: WGS of Campylobacter jejuni VLD698	SAMN04377827		NA	VLD698	USA: Iowa	31-12-03	NA	NA	1;131567;2;29547;3031852;213849;72294;194;197	01-01-03	2003	SA-14	SA-14	NA	NA	NA	197
SRR17925218	Ovis aries	missing	9940	NA	NA	Microbe sample from Campylobacter coli	Campylobacter source attribution Genome sequencing and assembly (SACNZ)	SC0859	HiSeq X Ten sequencing: WGS of Campylobacter coli: SC0859	SAMN16731841		NA	NA	New Zealand	19-10-18	NA	NA	1;131567;2;29547;3031852;213849;72294;194;195	18-10-18	19-10-18	SC0859	SC0859	NA	NA	NA	195
SRR13362754	Ovis aries	rectal faeces	9940	NA	NA	Pathogen: clinical or host-associated sample from Campylobacter jejuni	WGS of Campylobacter jejuni and Campylobacter coli isolates from healthy domestic ruminants in Northern Spain	C0644 (0.14.03074)	Illumina NovaSeq 6000 sequencing: WGS of Campylobacter jejuni and Campylobacter coli isolates from healthy domestic ruminants in Northern Spain	SAMN17214798		NA	C0644	Spain: Basque Country	02-07-14	NA	NA	1;131567;2;29547;3031852;213849;72294;194;197	01-07-14	02-07-14	C0644 (0.14.03074)	C0644 (0.14.03074)	NA	NA	NA	197
SRR10218159	NA	sheep	NA	NA	NA	Pathogen: environmental/food/other sample from Campylobacter jejuni	Cattle adaptation of Campylobacter jejuni	SKS_3024	Illumina MiSeq sequencing: Campylobacter WGS	SAMN12898214		NA	S03/64	United Kingdom	31-12-14	51.3631 N 3.5849 W	-3.5849	1;131567;2;29547;3031852;213849;72294;194;197	01-01-14	2014	11822_8#64	11822_8#64	51.3631	NA	51.3631 N 3.5849 W	197
SRR20307428	NA	Animal-Sheep-Mature Sheep (cecal)	NA	NA	NA	Pathogen: environmental/food/other sample from Campylobacter jejuni	FSIS NARMS Campylobacter	SAMN29826444	Illumina MiSeq sequencing	SAMN29826444		NA	NA	USA:OR	31-12-22	NA	NA	1;131567;2;29547;3031852;213849;72294;194;197	01-01-22	2022	FSIS12213083	FSIS12213083 Nextera XT shotgun library	NA	NA	NA	197
SRR17900435	Ovis aries	missing	9940	NA	NA	Microbe sample from Campylobacter jejuni	Campylobacter source attribution Genome sequencing and assembly (SACNZ)	SC0379	HiSeq X Ten sequencing: WGS of Campylobacter jejuni: SC0379	SAMN16731379		NA	NA	New Zealand	22-06-18	NA	NA	1;131567;2;29547;3031852;213849;72294;194;197	21-06-18	22-06-18	SC0379	SC0379	NA	NA	NA	197
SRR17964877	Ovis aries	missing	9940	NA	NA	Microbe sample from Campylobacter jejuni	Campylobacter source attribution Genome sequencing and assembly (SACNZ)	SC1212	HiSeq X Ten sequencing: WGS of Campylobacter jejuni: SC1212	SAMN16769363		NA	NA	New Zealand	14-12-18	NA	NA	1;131567;2;29547;3031852;213849;72294;194;197	14-12-18	14-12-18	SC1212	SC1212	NA	NA	NA	197
SRR29740282	NA	Animal-Sheep-Lamb (cecal)	NA	NA	NA	Pathogen: environmental/food/other sample from Campylobacter coli	FSIS NARMS Campylobacter	SAMN42375231	Illumina MiSeq sequencing	SAMN42375231		NA	NA	USA:MI	31-12-24	NA	NA	1;131567;2;29547;3031852;213849;72294;194;195	01-01-24	2024	FSIS12429589	FSIS12429589 Nextera XT shotgun library	NA	NA	NA	195
SRR17898864	Ovis aries	missing	9940	NA	NA	Microbe sample from Campylobacter coli	Campylobacter source attribution Genome sequencing and assembly (SACNZ)	SC0002	Illumina MiSeq sequencing: WGS of Campylobacter coli: SC0002	SAMN16731005		NA	NA	New Zealand	16-03-18	NA	NA	1;131567;2;29547;3031852;213849;72294;194;195	16-03-18	16-03-18	SC0002	SC0002	NA	NA	NA	195
SRR20124469	NA	Animal-Sheep-Mature Sheep (cecal)	NA	NA	NA	Pathogen: environmental/food/other sample from Campylobacter coli	FSIS NARMS Campylobacter	SAMN29656405	Illumina MiSeq sequencing	SAMN29656405		NA	NA	USA:PA	31-12-22	NA	NA	1;131567;2;29547;3031852;213849;72294;194;195	01-01-22	2022	FSIS12212739	FSIS12212739 Nextera XT shotgun library	NA	NA	NA	195
SRR3094482	Ovis aries	aborted uteroplancental unit	9940	NA	NA	Pathogen: clinical or host-associated sample from Campylobacter jejuni	Campylobacter jejuni Raw sequence reads	SA-83	Illumina HiSeq 2000 sequencing: WGS of Campylobacter jejuni VDL6794	SAMN04377896		NA	VDL6794	USA: Iowa	31-12-13	NA	NA	1;131567;2;29547;3031852;213849;72294;194;197	01-01-13	2013	SA-83	SA-83	NA	NA	NA	197
SRR13362760	Ovis aries	rectal faeces	9940	NA	NA	Pathogen: clinical or host-associated sample from Campylobacter coli	WGS of Campylobacter jejuni and Campylobacter coli isolates from healthy domestic ruminants in Northern Spain	C0428 (0.14.01194)	Illumina NovaSeq 6000 sequencing: WGS of Campylobacter jejuni and Campylobacter coli isolates from healthy domestic ruminants in Northern Spain	SAMN17214748		NA	C0428	Spain: Basque Country	12-03-14	NA	NA	1;131567;2;29547;3031852;213849;72294;194;195	12-03-14	12-03-14	C0428 (0.14.01194)	C0428 (0.14.01194)	NA	NA	NA	195
SRR18959246	NA	Animal-Sheep-Lamb (cecal)	NA	NA	NA	Pathogen: environmental/food/other sample from Campylobacter coli	FSIS NARMS Campylobacter	FSIS12210870	Illumina MiSeq sequencing	SAMN27923475		NA	NA	USA:NJ	31-12-22	NA	NA	1;131567;2;29547;3031852;213849;72294;194;195	01-01-22	2022	FSIS12210870	FSIS12210870 Nextera XT shotgun library	NA	NA	NA	195
SRR5397416	ovine	Ovine Fetal lung	NA	NA	NA	Pathogen: environmental/food/other sample from Campylobacter jejuni	Campylobacter Genome sequencing and assembly	PNUSAC001731	Illumina MiSeq sequencing	SAMN06661613		NA	NA	USA:WY	31-12-09	NA	NA	1;131567;2;29547;3031852;213849;72294;194;197	01-01-09	2009	PNUSAC001731:wgs	NexteraXT	NA	NA	NA	197
SRR17974194	Ovis aries	missing	9940	NA	NA	Microbe sample from Campylobacter jejuni	Campylobacter source attribution Genome sequencing and assembly (SACNZ)	SC1452	HiSeq X Ten sequencing: WGS of Campylobacter jejuni: SC1452	SAMN16769530		NA	NA	New Zealand	18-01-19	NA	NA	1;131567;2;29547;3031852;213849;72294;194;197	18-01-19	18-01-19	SC1452	SC1452	NA	NA	NA	197
SRR3094418	Ovis aries	aborted uteroplancental unit	9940	NA	NA	Pathogen: clinical or host-associated sample from Campylobacter jejuni	Campylobacter jejuni Raw sequence reads	SA-19	Illumina HiSeq 2000 sequencing: WGS of Campylobacter jejuni VDL3842	SAMN04377832		NA	VDL3842	USA: Iowa	31-12-04	NA	NA	1;131567;2;29547;3031852;213849;72294;194;197	01-01-04	2004	SA-19	SA-19	NA	NA	NA	197
SRR29740290	NA	Animal-Sheep-Lamb (cecal)	NA	NA	NA	Pathogen: environmental/food/other sample from Campylobacter coli	FSIS NARMS Campylobacter	SAMN42375234	Illumina MiSeq sequencing	SAMN42375234		NA	NA	USA:IL	31-12-24	NA	NA	1;131567;2;29547;3031852;213849;72294;194;195	01-01-24	2024	FSIS12429700	FSIS12429700 Nextera XT shotgun library	NA	NA	NA	195
SRR18982390	NA	Animal-Sheep-Mature Sheep (cecal)	NA	NA	NA	Pathogen: environmental/food/other sample from Campylobacter coli	FSIS NARMS Campylobacter	FSIS12211170	Illumina MiSeq sequencing	SAMN27994774		NA	NA	USA:MI	31-12-22	NA	NA	1;131567;2;29547;3031852;213849;72294;194;195	01-01-22	2022	FSIS12211170	FSIS12211170 Nextera XT shotgun library	NA	NA	NA	195
SRR17964955	Ovis aries	missing	9940	NA	NA	Microbe sample from Campylobacter jejuni	Campylobacter source attribution Genome sequencing and assembly (SACNZ)	SC1369	HiSeq X Ten sequencing: WGS of Campylobacter jejuni: SC1369	SAMN16769468		NA	NA	New Zealand	04-01-19	NA	NA	1;131567;2;29547;3031852;213849;72294;194;197	04-01-19	04-01-19	SC1369	SC1369	NA	NA	NA	197
SRR12347676	Ovis aries	Carcass	9940	NA	NA	Pathogen: clinical or host-associated sample from Campylobacter jejuni	ESR Campylobacter sequencing	17PH0359-001A	NextSeq 550 sequencing: WGS of ovine campylobacter isolates. Sample 17PH0359-001A	SAMN15675340		NA	17PH0359-001A	New Zealand	31-12-17	40.9006 S 174.886 E	174.886	1;131567;2;29547;3031852;213849;72294;194;197	01-01-17	2017	17PH0359-001A	17PH0359-001A	-40.9006	NA	40.9006 S 174.886 E	197
SRR17900532	Ovis aries	missing	9940	NA	NA	Microbe sample from Campylobacter jejuni	Campylobacter source attribution Genome sequencing and assembly (SACNZ)	SC0255	HiSeq X Ten sequencing: WGS of Campylobacter jejuni: SC0255	SAMN16731255		NA	NA	New Zealand	25-05-18	NA	NA	1;131567;2;29547;3031852;213849;72294;194;197	24-05-18	25-05-18	SC0255	SC0255	NA	NA	NA	197
SRR28886116	NA	Animal-Sheep-Mature Sheep (cecal)	NA	NA	NA	Pathogen: environmental/food/other sample from Campylobacter coli	FSIS NARMS Campylobacter	SAMN41188572	Illumina MiSeq sequencing	SAMN41188572		NA	NA	USA:PA	31-12-24	NA	NA	1;131567;2;29547;3031852;213849;72294;194;195	01-01-24	2024	FSIS12429147	FSIS12429147 Nextera XT shotgun library	NA	NA	NA	195
SRR17974188	Ovis aries	missing	9940	NA	NA	Microbe sample from Campylobacter jejuni	Campylobacter source attribution Genome sequencing and assembly (SACNZ)	SC1500	HiSeq X Ten sequencing: WGS of Campylobacter jejuni: SC1500	SAMN16769565		NA	NA	New Zealand	25-01-19	NA	NA	1;131567;2;29547;3031852;213849;72294;194;197	25-01-19	25-01-19	SC1500	SC1500	NA	NA	NA	197
SRR11459577	NA	Animal-Sheep-Mature Sheep	NA	NA	NA	Pathogen: environmental/food/other sample from Campylobacter coli	FSIS NARMS Campylobacter	FSIS12028940	Illumina MiSeq paired end sequencing: Whole genome shotgun sequencing of FSIS12028940 by Illumina MiSeq	SAMN14503108		NA	NA	USA:NJ	31-12-20	NA	NA	1;131567;2;29547;3031852;213849;72294;194;195	01-01-20	2020	FSIS12028940	FSIS12028940 Nextera XT shotgun library	NA	NA	NA	195
SRR5366142	ovine	Ovine aborted fetus	NA	NA	NA	Pathogen: environmental/food/other sample from Campylobacter jejuni	Campylobacter Genome sequencing and assembly	PNUSAC001666	Illumina MiSeq sequencing	SAMN06611253		NA	NA	USA:WY	31-03-17	NA	NA	1;131567;2;29547;3031852;213849;72294;194;197	01-03-17	2017-03	PNUSAC001666:wgs	NexteraXT	NA	NA	NA	197
SRR17925217	Ovis aries	missing	9940	NA	NA	Microbe sample from Campylobacter jejuni	Campylobacter source attribution Genome sequencing and assembly (SACNZ)	SC0860	HiSeq X Ten sequencing: WGS of Campylobacter jejuni: SC0860	SAMN16731842		NA	NA	New Zealand	19-10-18	NA	NA	1;131567;2;29547;3031852;213849;72294;194;197	18-10-18	19-10-18	SC0860	SC0860	NA	NA	NA	197
SRR12063030	Ovis aries	feces	9940	NA	NA	Pathogen: clinical or host-associated sample from Campylobacter jejuni	ESR Campylobacter sequencing	CMB161100-B	Illumina MiSeq sequencing: C. jejuni sample CMB161100-B	SAMN15317813		NA	CMB161100-B	New Zealand	31-12-16	40.9006 S 174.886 E	174.886	1;131567;2;29547;3031852;213849;72294;194;197	01-01-16	2016	CMB161100-B	CMB161100-B	-40.9006	NA	40.9006 S 174.886 E	197
SRR29740291	NA	Animal-Sheep-Lamb (cecal)	NA	NA	NA	Pathogen: environmental/food/other sample from Campylobacter jejuni	FSIS NARMS Campylobacter	SAMN42375238	Illumina MiSeq sequencing	SAMN42375238		NA	NA	USA:MI	31-12-24	NA	NA	1;131567;2;29547;3031852;213849;72294;194;197	01-01-24	2024	FSIS12429702	FSIS12429702 Nextera XT shotgun library	NA	NA	NA	197
SRR12347634	Ovis aries	Carcass	9940	NA	NA	Pathogen: clinical or host-associated sample from Campylobacter jejuni	ESR Campylobacter sequencing	17PH0367-005A	NextSeq 550 sequencing: WGS of ovine campylobacter isolates. Sample 17PH0367-005A	SAMN15675348		NA	17PH0367-005A	New Zealand	31-12-17	40.9006 S 174.886 E	174.886	1;131567;2;29547;3031852;213849;72294;194;197	01-01-17	2017	17PH0367-005A	17PH0367-005A	-40.9006	NA	40.9006 S 174.886 E	197
SRR6410196	NA	Comminuted Turkey	NA	NA	NA	Pathogen: environmental/food/other sample from Campylobacter coli	USDA-FSIS: Isolated strains of Campylobacter spp. genome sequencing	FSIS11705393	Illumina MiSeq paired end sequencing: Whole genome shotgun sequencing of FSIS11705393 by Illumina MiSeq	SAMN08224457		NA	NA	USA:NC	31-12-16	NA	NA	1;131567;2;29547;3031852;213849;72294;194;195	01-01-16	2016	FSIS11705393	FSIS11705393 Nextera XT shotgun library	NA	NA	NA	195
SRR5754139	NA	Animal-Turkey-Young Turkey	NA	NA	NA	Pathogen: environmental/food/other sample from Campylobacter coli	FSIS NARMS Campylobacter	FSIS1702272	Illumina MiSeq paired end sequencing: Whole genome shotgun sequencing of FSIS1702272 by Illumina MiSeq	SAMN07276193		NA	NA	USA:NC	31-12-17	NA	NA	1;131567;2;29547;3031852;213849;72294;194;195	01-01-17	2017	FSIS1702272	FSIS1702272 Nextera XT shotgun library	NA	NA	NA	195
SRR17260636	NA	Animal-Turkey-Young Turkey (cecal)	NA	NA	NA	Pathogen: environmental/food/other sample from Campylobacter coli	FSIS NARMS Campylobacter	SAMN24169580	Illumina MiSeq sequencing	SAMN24169580		NA	NA	USA:IA	31-12-21	NA	NA	1;131567;2;29547;3031852;213849;72294;194;195	01-01-21	2021	FSIS12107701	FSIS12107701 Nextera XT shotgun library	NA	NA	NA	195
SRR8208263	NA	Animal-Turkey-Young Turkey	NA	NA	NA	Pathogen: environmental/food/other sample from Campylobacter coli	FSIS NARMS Campylobacter	FSIS11815685	Illumina MiSeq paired end sequencing: Whole genome shotgun sequencing of FSIS11815685 by Illumina MiSeq	SAMN10441558		NA	NA	USA:IA	31-12-18	NA	NA	1;131567;2;29547;3031852;213849;72294;194;195	01-01-18	2018	FSIS11815685	FSIS11815685 Nextera XT shotgun library	NA	NA	NA	195
SRR8663531	NA	ground turkey	NA	NA	NA	Pathogen: environmental/food/other sample from Campylobacter jejuni	CVM NARMS Campylobacter	CVM N18C002	Illumina MiSeq sequencing: WGS of Campylobacter jejuni: 2018 NARMS Ground turkey N18C002	SAMN11047550		NA	NA	USA:CA	31-12-18	NA	NA	1;131567;2;29547;3031852;213849;72294;194;197	01-01-18	2018	CVM N18C002	CVM N18C002	NA	NA	NA	197
SRR10218502	NA	Animal-Turkey-Young Turkey	NA	NA	NA	Pathogen: environmental/food/other sample from Campylobacter coli	FSIS NARMS Campylobacter	FSIS11924593	Illumina MiSeq paired end sequencing: Whole genome shotgun sequencing of FSIS11924593 by Illumina MiSeq	SAMN12898046		NA	NA	USA:NC	31-12-19	NA	NA	1;131567;2;29547;3031852;213849;72294;194;195	01-01-19	2019	FSIS11924593	FSIS11924593 Nextera XT shotgun library	NA	NA	NA	195
SRR16089306	NA	Animal-Turkey-Young Turkey (cecal)	NA	NA	NA	Pathogen: environmental/food/other sample from Campylobacter coli	FSIS NARMS Campylobacter	SAMN21856713	Illumina MiSeq sequencing	SAMN21856713		NA	NA	USA:MO	31-12-21	NA	NA	1;131567;2;29547;3031852;213849;72294;194;195	01-01-21	2021	FSIS12142835	FSIS12142835 Nextera XT shotgun library	NA	NA	NA	195
SRR22629699	NA	Animal-Turkey-Young Turkey (cecal)	NA	NA	NA	Pathogen: environmental/food/other sample from Campylobacter coli	FSIS NARMS Campylobacter	SAMN32131593	Illumina MiSeq sequencing	SAMN32131593		NA	NA	USA:NC	31-12-22	NA	NA	1;131567;2;29547;3031852;213849;72294;194;195	01-01-22	2022	FSIS12217999	FSIS12217999 Nextera XT shotgun library	NA	NA	NA	195
SRR12472207	NA	Animal-Turkey-Young Turkey	NA	NA	NA	Pathogen: environmental/food/other sample from Campylobacter coli	FSIS NARMS Campylobacter	SAMN15850787	Illumina MiSeq sequencing	SAMN15850787		NA	NA	USA:MO	31-12-20	NA	NA	1;131567;2;29547;3031852;213849;72294;194;195	01-01-20	2020	FSIS12032308	FSIS12032308 Nextera XT shotgun library	NA	NA	NA	195
SRR21909378	NA	Animal-Turkey-Young Turkey (cecal)	NA	NA	NA	Pathogen: environmental/food/other sample from Campylobacter coli	FSIS NARMS Campylobacter	SAMN31288862	Illumina MiSeq sequencing	SAMN31288862		NA	NA	USA:NC	31-12-22	NA	NA	1;131567;2;29547;3031852;213849;72294;194;195	01-01-22	2022	FSIS12216220	FSIS12216220 Nextera XT shotgun library	NA	NA	NA	195
SRR13436893	NA	Animal-Turkey-Young Turkey (cecal)	NA	NA	NA	Pathogen: environmental/food/other sample from Campylobacter coli	FSIS NARMS Campylobacter	FSIS11922798	Illumina MiSeq sequencing	SAMN17315746		NA	NA	USA:NC	31-12-19	NA	NA	1;131567;2;29547;3031852;213849;72294;194;195	01-01-19	2019	FSIS11922798	FSIS11922798 Nextera XT shotgun library	NA	NA	NA	195
SRR8075036	NA	Animal-Turkey-Turkey Carcass Sponge	NA	NA	NA	Pathogen: environmental/food/other sample from Campylobacter coli	USDA-FSIS: Isolated strains of Campylobacter spp. genome sequencing	FSIS21822358	Illumina MiSeq paired end sequencing: Whole genome shotgun sequencing of FSIS21822358 by Illumina MiSeq	SAMN10256458		NA	NA	USA:MN	31-12-18	NA	NA	1;131567;2;29547;3031852;213849;72294;194;195	01-01-18	2018	FSIS21822358	FSIS21822358 Nextera XT shotgun library	NA	NA	NA	195
ERR4224737	NA	turkey	NA	NA	NA	Ca1164	Discerning Environmental Pathways of Campylobacter Transmission	Ca1164	NextSeq 500 paired end sequencing	SAMEA6935563		NA	NA	Netherlands	31-12-14	NA	NA	1;131567;2;29547;3031852;213849;72294;194;197	01-01-14	2014	ena-EXPERIMENT-UTRECHT UNIVERSITY-09-06-2020-12:40:21:583-1030	unspecified	NA	NA	NA	197
SRR26628477	NA	Animal-Turkey-Young Turkey (cecal)	NA	NA	NA	Pathogen: environmental/food/other sample from Campylobacter coli	FSIS NARMS Campylobacter	SAMN38061742	Illumina MiSeq sequencing	SAMN38061742		NA	NA	USA:NC	31-12-23	NA	NA	1;131567;2;29547;3031852;213849;72294;194;195	01-01-23	2023	FSIS12326007	FSIS12326007 Nextera XT shotgun library	NA	NA	NA	195
SRR20994490	NA	Animal-Turkey-Young Turkey (cecal)	NA	NA	NA	Pathogen: environmental/food/other sample from Campylobacter coli	FSIS NARMS Campylobacter	FSIS12213098	Illumina MiSeq sequencing	SAMN30220869		NA	NA	USA:MN	31-12-22	NA	NA	1;131567;2;29547;3031852;213849;72294;194;195	01-01-22	2022	FSIS12213098	FSIS12213098 Nextera XT shotgun library	NA	NA	NA	195
SRR11521765	NA	Animal-Turkey-Young Turkey	NA	NA	NA	Pathogen: environmental/food/other sample from Campylobacter coli	FSIS NARMS Campylobacter	FSIS12029565	Illumina MiSeq paired end sequencing: Whole genome shotgun sequencing of FSIS12029565 by Illumina MiSeq	SAMN14570277		NA	NA	USA:AR	31-12-20	NA	NA	1;131567;2;29547;3031852;213849;72294;194;195	01-01-20	2020	FSIS12029565	FSIS12029565 Nextera XT shotgun library	NA	NA	NA	195
SRR19847146	NA	Animal-Turkey-Young Turkey (cecal)	NA	NA	NA	Pathogen: environmental/food/other sample from Campylobacter coli	FSIS NARMS Campylobacter	SAMN29335088	Illumina MiSeq sequencing	SAMN29335088		NA	NA	USA:CA	31-12-22	NA	NA	1;131567;2;29547;3031852;213849;72294;194;195	01-01-22	2022	FSIS12211833	FSIS12211833 Nextera XT shotgun library	NA	NA	NA	195
SRR14619693	NA	Animal-Turkey-Young Turkey (cecal)	NA	NA	NA	Pathogen: environmental/food/other sample from Campylobacter coli	FSIS NARMS Campylobacter	SAMN19302371	Illumina MiSeq sequencing	SAMN19302371		NA	NA	USA:OH	31-12-21	NA	NA	1;131567;2;29547;3031852;213849;72294;194;195	01-01-21	2021	FSIS12139726	FSIS12139726 Nextera XT shotgun library	NA	NA	NA	195
SRR27503896	NA	Animal-Turkey-Young Turkey (cecal)	NA	NA	NA	Pathogen: environmental/food/other sample from Campylobacter coli	FSIS NARMS Campylobacter	SAMN39418152	Illumina MiSeq sequencing	SAMN39418152		NA	NA	USA:VA	31-12-23	NA	NA	1;131567;2;29547;3031852;213849;72294;194;195	01-01-23	2023	FSIS12427652	FSIS12427652 Nextera XT shotgun library	NA	NA	NA	195
SRR7084862	NA	Animal-Turkey-Young Turkey	NA	NA	NA	Pathogen: environmental/food/other sample from Campylobacter coli	FSIS NARMS Campylobacter	FSIS11809316	Illumina MiSeq paired end sequencing: Whole genome shotgun sequencing of FSIS11809316 by Illumina MiSeq	SAMN09004625		NA	NA	USA:AR	31-12-18	NA	NA	1;131567;2;29547;3031852;213849;72294;194;195	01-01-18	2018	FSIS11809316	FSIS11809316 Nextera XT shotgun library	NA	NA	NA	195
SRR7367187	NA	Comminuted Turkey	NA	NA	NA	Pathogen: environmental/food/other sample from Campylobacter jejuni	USDA-FSIS: Isolated strains of Campylobacter spp. genome sequencing	FSIS11810166	Illumina MiSeq paired end sequencing: Whole genome shotgun sequencing of FSIS11810166 by Illumina MiSeq	SAMN09456086		NA	NA	USA:AR	31-12-18	NA	NA	1;131567;2;29547;3031852;213849;72294;194;197	01-01-18	2018	FSIS11810166	FSIS11810166 Nextera XT shotgun library	NA	NA	NA	197
SRR16764948	NA	Animal-Turkey-Young Turkey (cecal)	NA	NA	NA	Pathogen: environmental/food/other sample from Campylobacter coli	FSIS NARMS Campylobacter	SAMN22867738	Illumina MiSeq sequencing	SAMN22867738		NA	NA	USA:MN	31-12-21	NA	NA	1;131567;2;29547;3031852;213849;72294;194;195	01-01-21	2021	FSIS12106517	FSIS12106517 Nextera XT shotgun library	NA	NA	NA	195
SRR8099154	NA	Animal-Turkey-Young Turkey	NA	NA	NA	Pathogen: environmental/food/other sample from Campylobacter coli	FSIS NARMS Campylobacter	FSIS11814997	Illumina MiSeq paired end sequencing: Whole genome shotgun sequencing of FSIS11814997 by Illumina MiSeq	SAMN10282297		NA	NA	USA:TX	31-12-18	NA	NA	1;131567;2;29547;3031852;213849;72294;194;195	01-01-18	2018	FSIS11814997	FSIS11814997 Nextera XT shotgun library	NA	NA	NA	195
SRR13797356	NA	Animal-Turkey-Young Turkey (cecal)	NA	NA	NA	Pathogen: environmental/food/other sample from Campylobacter coli	FSIS NARMS Campylobacter	FSIS12138045	Illumina MiSeq sequencing	SAMN18077813		NA	NA	USA:GA	31-12-21	NA	NA	1;131567;2;29547;3031852;213849;72294;194;195	01-01-21	2021	FSIS12138045	FSIS12138045 Nextera XT shotgun library	NA	NA	NA	195
SRR3140161	NA	Animal-Turkey-Young Turkey	NA	NA	NA	Pathogen: environmental/food/other sample from Campylobacter coli	FSIS NARMS Campylobacter	FSIS1504991	Illumina MiSeq paired end sequencing: Whole genome shotgun sequencing of FSIS1504991 by Illumina MiSeq	SAMN04453081		NA	NA	USA:AR	31-12-15	NA	NA	1;131567;2;29547;3031852;213849;72294;194;195	01-01-15	2015	FSIS1504991	FSIS1504991 Nextera XT shotgun library	NA	NA	NA	195
SRR8592659	NA	Animal-Turkey-Young Turkey	NA	NA	NA	Pathogen: environmental/food/other sample from Campylobacter coli	FSIS NARMS Campylobacter	FSIS11917171	Illumina MiSeq paired end sequencing: Whole genome shotgun sequencing of FSIS11917171 by Illumina MiSeq	SAMN10968433		NA	NA	USA:IN	31-12-18	NA	NA	1;131567;2;29547;3031852;213849;72294;194;195	01-01-18	2018	FSIS11917171	FSIS11917171 Nextera XT shotgun library	NA	NA	NA	195
SRR7904252	NA	Animal-Turkey-Young Turkey	NA	NA	NA	Pathogen: environmental/food/other sample from Campylobacter coli	FSIS NARMS Campylobacter	FSIS11814017	Illumina MiSeq paired end sequencing: Whole genome shotgun sequencing of FSIS11814017 by Illumina MiSeq	SAMN10129872		NA	NA	USA:AR	31-12-18	NA	NA	1;131567;2;29547;3031852;213849;72294;194;195	01-01-18	2018	FSIS11814017	FSIS11814017 Nextera XT shotgun library	NA	NA	NA	195
SRR26959982	NA	Animal-Turkey-Young Turkey (cecal)	NA	NA	NA	Pathogen: environmental/food/other sample from Campylobacter coli	FSIS NARMS Campylobacter	FSIS12326631	Illumina MiSeq sequencing	SAMN38453090		NA	NA	USA:MN	31-12-23	NA	NA	1;131567;2;29547;3031852;213849;72294;194;195	01-01-23	2023	FSIS12326631	FSIS12326631 Nextera XT shotgun library	NA	NA	NA	195
SRR7138685	NA	Animal-Turkey-Young Turkey	NA	NA	NA	Pathogen: environmental/food/other sample from Campylobacter coli	FSIS NARMS Campylobacter	FSIS11809640	Illumina MiSeq paired end sequencing: Whole genome shotgun sequencing of FSIS11809640 by Illumina MiSeq	SAMN09098808		NA	NA	USA:TX	31-12-18	NA	NA	1;131567;2;29547;3031852;213849;72294;194;195	01-01-18	2018	FSIS11809640	FSIS11809640 Nextera XT shotgun library	NA	NA	NA	195
SRR10834037	NA	Comminuted Turkey	NA	NA	NA	Pathogen: environmental/food/other sample from Campylobacter coli	USDA-FSIS: Isolated strains of Campylobacter spp. genome sequencing	FSIS31903100	Illumina MiSeq paired end sequencing: Whole genome shotgun sequencing of FSIS31903100 by Illumina MiSeq	SAMN13739873		NA	NA	USA:MO	31-12-19	NA	NA	1;131567;2;29547;3031852;213849;72294;194;195	01-01-19	2019	FSIS31903100	FSIS31903100 Nextera XT shotgun library	NA	NA	NA	195
SRR5683997	NA	Animal-Turkey-Turkey Carcass Sponge	NA	NA	NA	Pathogen: environmental/food/other sample from Campylobacter coli	USDA-FSIS: Isolated strains of Campylobacter spp. genome sequencing	FSIS1701068	Illumina MiSeq paired end sequencing: Whole genome shotgun sequencing of FSIS1701068 by Illumina MiSeq	SAMN07237679		NA	NA	USA:PA	31-12-17	NA	NA	1;131567;2;29547;3031852;213849;72294;194;195	01-01-17	2017	FSIS1701068	FSIS1701068 Nextera XT shotgun library	NA	NA	NA	195
SRR20994523	NA	Animal-Turkey-Young Turkey (cecal)	NA	NA	NA	Pathogen: environmental/food/other sample from Campylobacter coli	FSIS NARMS Campylobacter	FSIS12213592	Illumina MiSeq sequencing	SAMN30220883		NA	NA	USA:PA	31-12-22	NA	NA	1;131567;2;29547;3031852;213849;72294;194;195	01-01-22	2022	FSIS12213592	FSIS12213592 Nextera XT shotgun library	NA	NA	NA	195
SRR6108541	NA	ground turkey	NA	NA	NA	Pathogen: environmental/food/other sample from Campylobacter coli	CVM NARMS Campylobacter	CVM N16C518	Illumina MiSeq sequencing: WGS of Campylobacter coli: 2016 NARMS Ground Turkey: Sample CVM N16C518	SAMN07633823		NA	NA	USA:PA	31-12-16	NA	NA	1;131567;2;29547;3031852;213849;72294;194;195	01-01-16	2016	CVM N16C518	CVM N16C518	NA	NA	NA	195
SRR12515354	NA	Animal-Turkey-Young Turkey	NA	NA	NA	Pathogen: environmental/food/other sample from Campylobacter coli	FSIS NARMS Campylobacter	FSIS12032700	Illumina MiSeq sequencing	SAMN15901771		NA	NA	USA:IA	31-12-20	NA	NA	1;131567;2;29547;3031852;213849;72294;194;195	01-01-20	2020	FSIS12032700	FSIS12032700 Nextera XT shotgun library	NA	NA	NA	195
SRR8538386	NA	Comminuted Turkey	NA	NA	NA	Pathogen: environmental/food/other sample from Campylobacter coli	USDA-FSIS: Isolated strains of Campylobacter spp. genome sequencing	FSIS21923367	Illumina MiSeq paired end sequencing: Whole genome shotgun sequencing of FSIS21923367 by Illumina MiSeq	SAMN10880125		NA	NA	USA:WI	31-12-19	NA	NA	1;131567;2;29547;3031852;213849;72294;194;195	01-01-19	2019	FSIS21923367	FSIS21923367 Nextera XT shotgun library	NA	NA	NA	195
SRR13176900	NA	ground turkey	NA	NA	NA	Campylobacter jejuni	CVM NARMS Campylobacter	SAMN16970578	Illumina MiSeq sequencing	SAMN16970578		NA	missing	USA:MO	31-12-20	NA	NA	1;131567;2;29547;3031852;213849;72294;194;197	01-01-20	2020	20MO11GT08-C1:wgs	Nextera DNA Flex	NA	NA	NA	197
SRR19242167	NA	Animal-Turkey-Young Turkey (cecal)	NA	NA	NA	Pathogen: environmental/food/other sample from Campylobacter coli	FSIS NARMS Campylobacter	SAMN28488441	Illumina MiSeq sequencing	SAMN28488441		NA	NA	USA:IN	31-12-22	NA	NA	1;131567;2;29547;3031852;213849;72294;194;195	01-01-22	2022	FSIS12211530	FSIS12211530 Nextera XT shotgun library	NA	NA	NA	195
SRR10097033	NA	Animal-Turkey-Young Turkey	NA	NA	NA	Pathogen: environmental/food/other sample from Campylobacter coli	FSIS NARMS Campylobacter	FSIS11924070	Illumina MiSeq paired end sequencing: Whole genome shotgun sequencing of FSIS11924070 by Illumina MiSeq	SAMN12725514		NA	NA	USA:IA	31-12-19	NA	NA	1;131567;2;29547;3031852;213849;72294;194;195	01-01-19	2019	FSIS11924070	FSIS11924070 Nextera DNA Flex shotgun library	NA	NA	NA	195
SRR26806889	NA	Animal-Turkey-Young Turkey (cecal)	NA	NA	NA	Pathogen: environmental/food/other sample from Campylobacter coli	FSIS NARMS Campylobacter	SAMN38227748	Illumina MiSeq sequencing	SAMN38227748		NA	NA	USA:AR	31-12-23	NA	NA	1;131567;2;29547;3031852;213849;72294;194;195	01-01-23	2023	FSIS12326338	FSIS12326338 Nextera XT shotgun library	NA	NA	NA	195
SRR15323874	NA	Comminuted Turkey	NA	NA	NA	Pathogen: environmental/food/other sample from Campylobacter coli	USDA-FSIS: Isolated strains of Campylobacter spp. genome sequencing	SAMN20554728	Illumina MiSeq sequencing	SAMN20554728		NA	NA	USA:WI	31-12-21	NA	NA	1;131567;2;29547;3031852;213849;72294;194;195	01-01-21	2021	FSIS12141529	FSIS12141529 Nextera XT shotgun library	NA	NA	NA	195
SRR13245107	NA	Animal-Turkey-Young Turkey (cecal)	NA	NA	NA	Pathogen: environmental/food/other sample from Campylobacter coli	FSIS NARMS Campylobacter	SAMN17079653	Illumina MiSeq sequencing	SAMN17079653		NA	NA	USA:AR	31-12-20	NA	NA	1;131567;2;29547;3031852;213849;72294;194;195	01-01-20	2020	FSIS12035894	FSIS12035894 Nextera XT shotgun library	NA	NA	NA	195
SRR8838819	NA	Animal-Turkey-Young Turkey	NA	NA	NA	Pathogen: environmental/food/other sample from Campylobacter jejuni	FSIS NARMS Campylobacter	FSIS11919138	Illumina MiSeq paired end sequencing: Whole genome shotgun sequencing of FSIS11919138 by Illumina MiSeq	SAMN11318641		NA	NA	USA:IN	31-12-19	NA	NA	1;131567;2;29547;3031852;213849;72294;194;197	01-01-19	2019	FSIS11919138	FSIS11919138 Nextera XT shotgun library	NA	NA	NA	197
SRR17915050	NA	Animal-Turkey-Young Turkey (cecal)	NA	NA	NA	Pathogen: environmental/food/other sample from Campylobacter coli	FSIS NARMS Campylobacter	SAMN25705159	Illumina MiSeq sequencing	SAMN25705159		NA	NA	USA:NC	31-12-21	NA	NA	1;131567;2;29547;3031852;213849;72294;194;195	01-01-21	2021	FSIS12106151	FSIS12106151 Nextera XT shotgun library	NA	NA	NA	195
SRR27040758	NA	Animal-Turkey-Young Turkey (cecal)	NA	NA	NA	Pathogen: environmental/food/other sample from Campylobacter coli	FSIS NARMS Campylobacter	SAMN38638914	Illumina MiSeq sequencing	SAMN38638914		NA	NA	USA:MN	31-12-23	NA	NA	1;131567;2;29547;3031852;213849;72294;194;195	01-01-23	2023	FSIS12326831	FSIS12326831 Nextera XT shotgun library	NA	NA	NA	195
SRR12112583	NA	Animal-Turkey-Turkey Carcass Sponge	NA	NA	NA	Pathogen: environmental/food/other sample from Campylobacter jejuni	USDA-FSIS: Isolated strains of Campylobacter spp. genome sequencing	FSIS12031565	Illumina MiSeq paired end sequencing: Whole genome shotgun sequencing of FSIS12031565 by Illumina MiSeq	SAMN15400886		NA	NA	USA:NY	31-12-20	NA	NA	1;131567;2;29547;3031852;213849;72294;194;197	01-01-20	2020	FSIS12031565	FSIS12031565 Nextera XT shotgun library	NA	NA	NA	197
ERR4224893	NA	turkey	NA	NA	NA	Ca2505	Discerning Environmental Pathways of Campylobacter Transmission	Ca2505	NextSeq 500 paired end sequencing	SAMEA6935744		NA	NA	Netherlands	31-12-16	NA	NA	1;131567;2;29547;3031852;213849;72294;194;197	01-01-16	2016	ena-EXPERIMENT-UTRECHT UNIVERSITY-09-06-2020-12:40:21:589-1186	unspecified	NA	NA	NA	197
SRR26969078	NA	turkey	NA	NA	NA	Campylobacter coli	CVM NARMS Campylobacter	23NM10GT05-C1	Illumina MiSeq sequencing	SAMN38471372		NA	PNUSAC041311	USA:NM	20-10-23	NA	NA	1;131567;2;29547;3031852;213849;72294;194;195	19-10-23	20-10-23	23NM10GT05-C1:wgs	Nextera DNA Flex	NA	NA	NA	195
SRR7084888	NA	Comminuted Turkey	NA	NA	NA	Pathogen: environmental/food/other sample from Campylobacter coli	USDA-FSIS: Isolated strains of Campylobacter spp. genome sequencing	FSIS11808905	Illumina MiSeq paired end sequencing: Whole genome shotgun sequencing of FSIS11808905 by Illumina MiSeq	SAMN09004616		NA	NA	USA:NC	31-12-18	NA	NA	1;131567;2;29547;3031852;213849;72294;194;195	01-01-18	2018	FSIS11808905	FSIS11808905 Nextera XT shotgun library	NA	NA	NA	195
SRR10246444	NA	Animal-Turkey-Young Turkey	NA	NA	NA	Pathogen: environmental/food/other sample from Campylobacter jejuni	FSIS NARMS Campylobacter	FSIS11925159	Illumina MiSeq paired end sequencing: Whole genome shotgun sequencing of FSIS11925159 by Illumina MiSeq	SAMN12993585		NA	NA	USA:NJ	31-12-19	NA	NA	1;131567;2;29547;3031852;213849;72294;194;197	01-01-19	2019	FSIS11925159	FSIS11925159 Nextera XT shotgun library	NA	NA	NA	197
SRR8839759	NA	Animal-Turkey-Young Turkey	NA	NA	NA	Pathogen: environmental/food/other sample from Campylobacter coli	FSIS NARMS Campylobacter	FSIS11918813	Illumina MiSeq paired end sequencing: Whole genome shotgun sequencing of FSIS11918813 by Illumina MiSeq	SAMN11320711		NA	NA	USA:PA	31-12-19	NA	NA	1;131567;2;29547;3031852;213849;72294;194;195	01-01-19	2019	FSIS11918813	FSIS11918813 Nextera XT shotgun library	NA	NA	NA	195
SRR9668773	NA	Animal-Turkey-Young Turkey	NA	NA	NA	Pathogen: environmental/food/other sample from Campylobacter jejuni	FSIS NARMS Campylobacter	FSIS11922590	Illumina MiSeq paired end sequencing: Whole genome shotgun sequencing of FSIS11922590 by Illumina MiSeq	SAMN12251390		NA	NA	USA:MO	31-12-19	NA	NA	1;131567;2;29547;3031852;213849;72294;194;197	01-01-19	2019	FSIS11922590	FSIS11922590 Nextera XT shotgun library	NA	NA	NA	197
SRR8942624	NA	Animal-Turkey-Young Turkey	NA	NA	NA	Pathogen: environmental/food/other sample from Campylobacter coli	FSIS NARMS Campylobacter	FSIS11919988	Illumina MiSeq paired end sequencing: Whole genome shotgun sequencing of FSIS11919988 by Illumina MiSeq	SAMN11477071		NA	NA	USA:UT	31-12-19	NA	NA	1;131567;2;29547;3031852;213849;72294;194;195	01-01-19	2019	FSIS11919988	FSIS11919988 Nextera XT shotgun library	NA	NA	NA	195
SRR19139537	NA	Animal-Turkey-Young Turkey (cecal)	NA	NA	NA	Pathogen: environmental/food/other sample from Campylobacter coli	FSIS NARMS Campylobacter	SAMN28156616	Illumina MiSeq sequencing	SAMN28156616		NA	NA	USA:WI	31-12-22	NA	NA	1;131567;2;29547;3031852;213849;72294;194;195	01-01-22	2022	FSIS12211327	FSIS12211327 Nextera XT shotgun library	NA	NA	NA	195
SRR9010123	NA	Animal-Turkey-Young Turkey	NA	NA	NA	Pathogen: environmental/food/other sample from Campylobacter coli	FSIS NARMS Campylobacter	FSIS11920678	Illumina MiSeq paired end sequencing: Whole genome shotgun sequencing of FSIS11920678 by Illumina MiSeq	SAMN11571898		NA	NA	USA:IN	31-12-19	NA	NA	1;131567;2;29547;3031852;213849;72294;194;195	01-01-19	2019	FSIS11920678	FSIS11920678 Nextera XT shotgun library	NA	NA	NA	195
SRR7543322	NA	Animal-Turkey-Young Turkey	NA	NA	NA	Pathogen: environmental/food/other sample from Campylobacter coli	FSIS NARMS Campylobacter	FSIS11811874	Illumina MiSeq paired end sequencing: Whole genome shotgun sequencing of FSIS11811874 by Illumina MiSeq	SAMN09693172		NA	NA	USA:IN	31-12-18	NA	NA	1;131567;2;29547;3031852;213849;72294;194;195	01-01-18	2018	FSIS11811874	FSIS11811874 Nextera XT shotgun library	NA	NA	NA	195
SRR10698082	NA	turkey meat	NA	NA	NA	Pathogen: environmental/food/other sample from Campylobacter coli	<i>C. coli</i>/<i>C. jejuni</i> hybrids - extended natural interspecies transformation	BfR-CA-15281	Illumina MiSeq sequencing: WGS of Campylobacter coli with introgression of C. jejuni	SAMN13577905		NA	NA	Germany	28-08-17	NA	NA	1;131567;2;29547;3031852;213849;72294;194;195	27-08-17	28-08-17	xy30	xy30	NA	NA	NA	195
SRR27844354	NA	Animal-Turkey-Young Turkey (cecal)	NA	NA	NA	Pathogen: environmental/food/other sample from Campylobacter coli	FSIS NARMS Campylobacter	SAMN39746917	Illumina MiSeq sequencing	SAMN39746917		NA	NA	USA:MN	31-12-24	NA	NA	1;131567;2;29547;3031852;213849;72294;194;195	01-01-24	2024	FSIS12428097	FSIS12428097 Nextera XT shotgun library	NA	NA	NA	195
SRR17067005	NA	Animal-Turkey-Young Turkey (cecal)	NA	NA	NA	Pathogen: environmental/food/other sample from Campylobacter coli	FSIS NARMS Campylobacter	SAMN23493043	Illumina MiSeq sequencing	SAMN23493043		NA	NA	USA:IN	31-12-21	NA	NA	1;131567;2;29547;3031852;213849;72294;194;195	01-01-21	2021	FSIS12106874	FSIS12106874 Nextera XT shotgun library	NA	NA	NA	195
SRR17657446	NA	Animal-Turkey-Young Turkey (cecal)	NA	NA	NA	Pathogen: environmental/food/other sample from Campylobacter coli	FSIS NARMS Campylobacter	SAMN25076911	Illumina MiSeq sequencing	SAMN25076911		NA	NA	USA:NC	31-12-21	NA	NA	1;131567;2;29547;3031852;213849;72294;194;195	01-01-21	2021	FSIS12142864	FSIS12142864 Nextera XT shotgun library	NA	NA	NA	195
SRR8375510	NA	Animal-Turkey-Young Turkey	NA	NA	NA	Pathogen: environmental/food/other sample from Campylobacter coli	FSIS NARMS Campylobacter	FSIS11816679	Illumina MiSeq paired end sequencing: Whole genome shotgun sequencing of FSIS11816679 by Illumina MiSeq	SAMN10656527		NA	NA	USA:MN	31-12-18	NA	NA	1;131567;2;29547;3031852;213849;72294;194;195	01-01-18	2018	FSIS11816679	FSIS11816679 Nextera XT shotgun library	NA	NA	NA	195
SRR26304285	NA	Animal-Turkey-Young Turkey (cecal)	NA	NA	NA	Pathogen: environmental/food/other sample from Campylobacter coli	FSIS NARMS Campylobacter	SAMN37707087	Illumina MiSeq sequencing	SAMN37707087		NA	NA	USA:MN	31-12-23	NA	NA	1;131567;2;29547;3031852;213849;72294;194;195	01-01-23	2023	FSIS12325345	FSIS12325345 Nextera XT shotgun library	NA	NA	NA	195
SRR15321209	NA	Animal-Turkey-Young Turkey (cecal)	NA	NA	NA	Pathogen: environmental/food/other sample from Campylobacter coli	FSIS NARMS Campylobacter	SAMN20518097	Illumina MiSeq sequencing	SAMN20518097		NA	NA	USA:MO	31-12-21	NA	NA	1;131567;2;29547;3031852;213849;72294;194;195	01-01-21	2021	FSIS12141384	FSIS12141384 Nextera XT shotgun library	NA	NA	NA	195
SRR24660421	NA	Animal-Turkey-Young Turkey (cecal)	NA	NA	NA	Pathogen: environmental/food/other sample from Campylobacter coli	FSIS NARMS Campylobacter	SAMN35217531	Illumina MiSeq sequencing	SAMN35217531		NA	NA	USA:AR	31-12-23	NA	NA	1;131567;2;29547;3031852;213849;72294;194;195	01-01-23	2023	FSIS12321867	FSIS12321867 Nextera XT shotgun library	NA	NA	NA	195
SRR7708075	NA	Animal-Turkey-Young Turkey	NA	NA	NA	Pathogen: environmental/food/other sample from Campylobacter coli	FSIS NARMS Campylobacter	FSIS11812952	Illumina MiSeq paired end sequencing: Whole genome shotgun sequencing of FSIS11812952 by Illumina MiSeq	SAMN09849935		NA	NA	USA:MO	31-12-18	NA	NA	1;131567;2;29547;3031852;213849;72294;194;195	01-01-18	2018	FSIS11812952	FSIS11812952 Nextera XT shotgun library	NA	NA	NA	195
SRR11236364	NA	Animal-Turkey-Young Turkey	NA	NA	NA	Pathogen: environmental/food/other sample from Campylobacter coli	FSIS NARMS Campylobacter	FSIS11927590	Illumina MiSeq paired end sequencing: Whole genome shotgun sequencing of FSIS11927590 by Illumina MiSeq	SAMN14291209		NA	NA	USA:IA	31-12-19	NA	NA	1;131567;2;29547;3031852;213849;72294;194;195	01-01-19	2019	FSIS11927590	FSIS11927590 Nextera XT shotgun library	NA	NA	NA	195
SRR10574919	NA	Animal-Turkey-Young Turkey	NA	NA	NA	Pathogen: environmental/food/other sample from Campylobacter coli	FSIS NARMS Campylobacter	FSIS11926432	Illumina MiSeq paired end sequencing: Whole genome shotgun sequencing of FSIS11926432 by Illumina MiSeq	SAMN13447807		NA	NA	USA:NJ	31-12-19	NA	NA	1;131567;2;29547;3031852;213849;72294;194;195	01-01-19	2019	FSIS11926432	FSIS11926432 Nextera XT shotgun library	NA	NA	NA	195
SRR10447229	NA	Comminuted Turkey	NA	NA	NA	Pathogen: environmental/food/other sample from Campylobacter coli	USDA-FSIS: Isolated strains of Campylobacter spp. genome sequencing	FSIS11926028	Illumina MiSeq paired end sequencing: Whole genome shotgun sequencing of FSIS11926028 by Illumina MiSeq	SAMN13287125		NA	NA	USA:PA	31-12-19	NA	NA	1;131567;2;29547;3031852;213849;72294;194;195	01-01-19	2019	FSIS11926028	FSIS11926028 Nextera XT shotgun library	NA	NA	NA	195
SRR13059399	NA	Comminuted Turkey	NA	NA	NA	Pathogen: environmental/food/other sample from Campylobacter coli	USDA-FSIS: Isolated strains of Campylobacter spp. genome sequencing	SAMN16794613	Illumina MiSeq sequencing	SAMN16794613		NA	NA	USA:AR	31-12-20	NA	NA	1;131567;2;29547;3031852;213849;72294;194;195	01-01-20	2020	FSIS22029627	FSIS22029627 Nextera XT shotgun library	NA	NA	NA	195
SRR3113823	NA	Animal-Turkey-Young Turkey	NA	NA	NA	Pathogen: environmental/food/other sample from Campylobacter coli	FSIS NARMS Campylobacter	FSIS1501829	Illumina MiSeq paired end sequencing: Whole genome shotgun sequencing of FSIS1501829 by Illumina MiSeq	SAMN04435360		NA	NA	USA:CA	31-12-15	NA	NA	1;131567;2;29547;3031852;213849;72294;194;195	01-01-15	2015	FSIS1501829	FSIS1501829 Nextera XT shotgun library	NA	NA	NA	195
SRR8136319	NA	Comminuted Turkey	NA	NA	NA	Pathogen: environmental/food/other sample from Campylobacter jejuni	USDA-FSIS: Isolated strains of Campylobacter spp. genome sequencing	FSIS11815229	Illumina MiSeq paired end sequencing: Whole genome shotgun sequencing of FSIS11815229 by Illumina MiSeq	SAMN10346717		NA	NA	USA:AR	31-12-18	NA	NA	1;131567;2;29547;3031852;213849;72294;194;197	01-01-18	2018	FSIS11815229	FSIS11815229 Nextera XT shotgun library	NA	NA	NA	197
SRR8252758	NA	Animal-Turkey-Young Turkey	NA	NA	NA	Pathogen: environmental/food/other sample from Campylobacter coli	FSIS NARMS Campylobacter	FSIS11815876	Illumina MiSeq paired end sequencing: Whole genome shotgun sequencing of FSIS11815876 by Illumina MiSeq	SAMN10489490		NA	NA	USA:MO	31-12-18	NA	NA	1;131567;2;29547;3031852;213849;72294;194;195	01-01-18	2018	FSIS11815876	FSIS11815876 Nextera XT shotgun library	NA	NA	NA	195
SRR9643036	NA	Animal-Turkey-Young Turkey	NA	NA	NA	Pathogen: environmental/food/other sample from Campylobacter jejuni	FSIS NARMS Campylobacter	FSIS11922353	Illumina MiSeq paired end sequencing: Whole genome shotgun sequencing of FSIS11922353 by Illumina MiSeq	SAMN12212497		NA	NA	USA:IL	31-12-19	NA	NA	1;131567;2;29547;3031852;213849;72294;194;197	01-01-19	2019	FSIS11922353	FSIS11922353 Nextera XT shotgun library	NA	NA	NA	197
SRR20994461	NA	Animal-Turkey-Young Turkey (cecal)	NA	NA	NA	Pathogen: environmental/food/other sample from Campylobacter coli	FSIS NARMS Campylobacter	FSIS12213301	Illumina MiSeq sequencing	SAMN30220859		NA	NA	USA:MN	31-12-22	NA	NA	1;131567;2;29547;3031852;213849;72294;194;195	01-01-22	2022	FSIS12213301	FSIS12213301 Nextera XT shotgun library	NA	NA	NA	195
SRR8839808	NA	Animal-Turkey-Young Turkey	NA	NA	NA	Pathogen: environmental/food/other sample from Campylobacter coli	FSIS NARMS Campylobacter	FSIS11919347	Illumina MiSeq paired end sequencing: Whole genome shotgun sequencing of FSIS11919347 by Illumina MiSeq	SAMN11320775		NA	NA	USA:MO	31-12-19	NA	NA	1;131567;2;29547;3031852;213849;72294;194;195	01-01-19	2019	FSIS11919347	FSIS11919347 Nextera XT shotgun library	NA	NA	NA	195
SRR24324263	NA	Animal-Turkey-Turkey Carcass Sponge	NA	NA	NA	Pathogen: environmental/food/other sample from Campylobacter coli	USDA-FSIS: Isolated strains of Campylobacter spp. genome sequencing	SAMN34404446	Illumina MiSeq sequencing	SAMN34404446		NA	NA	USA:MN	31-12-23	NA	NA	1;131567;2;29547;3031852;213849;72294;194;195	01-01-23	2023	FSIS12321385	FSIS12321385 Nextera XT shotgun library	NA	NA	NA	195
ERR4224927	NA	turkey	NA	NA	NA	Ca2734	Discerning Environmental Pathways of Campylobacter Transmission	Ca2734	NextSeq 500 paired end sequencing	SAMEA6935862		NA	NA	Netherlands	31-12-17	NA	NA	1;131567;2;29547;3031852;213849;72294;194;197	01-01-17	2017	ena-EXPERIMENT-UTRECHT UNIVERSITY-09-06-2020-12:40:21:590-1220	unspecified	NA	NA	NA	197
SRR28901624	Ground Turkey	Poultry	NA	NA	NA	Pathogen: environmental/food/other sample from Campylobacter coli	CVM NARMS Campylobacter	23PR08GT04-C1	Illumina MiSeq sequencing: Whole genome Illumina MiSeq sequencing of Escherichia coli	SAMN41218539		NA	NA	USA:PR	31-08-23	NA	NA	1;131567;2;29547;3031852;213849;72294;194;195	31-07-23	2023-08	23PR08GT04-C1	23PR08GT04-C1	NA	NA	NA	195
SRR18982367	NA	Animal-Turkey-Young Turkey (cecal)	NA	NA	NA	Pathogen: environmental/food/other sample from Campylobacter coli	FSIS NARMS Campylobacter	FSIS12211167	Illumina MiSeq sequencing	SAMN27994492		NA	NA	USA:IN	31-12-22	NA	NA	1;131567;2;29547;3031852;213849;72294;194;195	01-01-22	2022	FSIS12211167	FSIS12211167 Nextera XT shotgun library	NA	NA	NA	195
SRR10831345	NA	Comminuted Turkey	NA	NA	NA	Pathogen: environmental/food/other sample from Campylobacter jejuni	USDA-FSIS: Isolated strains of Campylobacter spp. genome sequencing	FSIS21926549	Illumina MiSeq paired end sequencing: Whole genome shotgun sequencing of FSIS21926549 by Illumina MiSeq	SAMN13738907		NA	NA	USA:CA	31-12-19	NA	NA	1;131567;2;29547;3031852;213849;72294;194;197	01-01-19	2019	FSIS21926549	FSIS21926549 Nextera XT shotgun library	NA	NA	NA	197
SRR12680060	NA	Animal-Turkey-Young Turkey	NA	NA	NA	Pathogen: environmental/food/other sample from Campylobacter jejuni	FSIS NARMS Campylobacter	SAMN16229181	Illumina MiSeq sequencing	SAMN16229181		NA	NA	USA:VA	31-12-20	NA	NA	1;131567;2;29547;3031852;213849;72294;194;197	01-01-20	2020	FSIS12033383	FSIS12033383 Nextera XT shotgun library	NA	NA	NA	197
SRR25915113	NA	Animal-Turkey-Young Turkey (cecal)	NA	NA	NA	Pathogen: environmental/food/other sample from Campylobacter coli	FSIS NARMS Campylobacter	SAMN37283204	Illumina MiSeq sequencing	SAMN37283204		NA	NA	USA:NY	31-12-23	NA	NA	1;131567;2;29547;3031852;213849;72294;194;195	01-01-23	2023	FSIS12324680	FSIS12324680 Nextera XT shotgun library	NA	NA	NA	195
SRR13045497	NA	Animal-Turkey-Young Turkey	NA	NA	NA	Pathogen: environmental/food/other sample from Campylobacter coli	FSIS NARMS Campylobacter	FSIS12035453	Illumina MiSeq sequencing	SAMN16784408		NA	NA	USA:MN	31-12-20	NA	NA	1;131567;2;29547;3031852;213849;72294;194;195	01-01-20	2020	FSIS12035453	FSIS12035453 Nextera XT shotgun library	NA	NA	NA	195
SRR25523927	NA	Animal-Turkey-Young Turkey (cecal)	NA	NA	NA	Pathogen: environmental/food/other sample from Campylobacter coli	FSIS NARMS Campylobacter	SAMN36841994	Illumina MiSeq sequencing	SAMN36841994		NA	NA	USA:IA	31-12-23	NA	NA	1;131567;2;29547;3031852;213849;72294;194;195	01-01-23	2023	FSIS12323852	FSIS12323852 Nextera XT shotgun library	NA	NA	NA	195
SRR8698547	NA	Comminuted Turkey	NA	NA	NA	Pathogen: environmental/food/other sample from Campylobacter coli	USDA-FSIS: Isolated strains of Campylobacter spp. genome sequencing	FSIS31901641	Illumina MiSeq paired end sequencing: Whole genome shotgun sequencing of FSIS31901641 by Illumina MiSeq	SAMN11086814		NA	NA	USA:MN	31-12-19	NA	NA	1;131567;2;29547;3031852;213849;72294;194;195	01-01-19	2019	FSIS31901641	FSIS31901641 Nextera XT shotgun library	NA	NA	NA	195
SRR16764944	NA	Animal-Turkey-Young Turkey (cecal)	NA	NA	NA	Pathogen: environmental/food/other sample from Campylobacter coli	FSIS NARMS Campylobacter	SAMN22867737	Illumina MiSeq sequencing	SAMN22867737		NA	NA	USA:MN	31-12-21	NA	NA	1;131567;2;29547;3031852;213849;72294;194;195	01-01-21	2021	FSIS12106516	FSIS12106516 Nextera XT shotgun library	NA	NA	NA	195
SRR24529378	NA	Animal-Turkey-Turkey Carcass Sponge	NA	NA	NA	Pathogen: environmental/food/other sample from Campylobacter coli	USDA-FSIS: Isolated strains of Campylobacter spp. genome sequencing	SAMN35064541	Illumina MiSeq sequencing	SAMN35064541		NA	NA	USA:PA	31-12-23	NA	NA	1;131567;2;29547;3031852;213849;72294;194;195	01-01-23	2023	FSIS12321923	FSIS12321923 Nextera XT shotgun library	NA	NA	NA	195
SRR10698086	NA	turkey skin	NA	NA	NA	Pathogen: environmental/food/other sample from Campylobacter coli	<i>C. coli</i>/<i>C. jejuni</i> hybrids - extended natural interspecies transformation	BfR-CA-15005	Illumina MiSeq sequencing: WGS of Campylobacter coli with introgression of C. jejuni	SAMN13577901		NA	NA	Germany	06-10-16	NA	NA	1;131567;2;29547;3031852;213849;72294;194;195	05-10-16	06-10-16	xy26	xy26	NA	NA	NA	195
SRR27038776	NA	Animal-Turkey-Young Turkey (cecal)	NA	NA	NA	Pathogen: environmental/food/other sample from Campylobacter coli	FSIS NARMS Campylobacter	SAMN38638896	Illumina MiSeq sequencing	SAMN38638896		NA	NA	USA:NC	31-12-23	NA	NA	1;131567;2;29547;3031852;213849;72294;194;195	01-01-23	2023	FSIS12326819	FSIS12326819 Nextera XT shotgun library	NA	NA	NA	195
SRR22884909	NA	Animal-Turkey-Young Turkey (cecal)	NA	NA	NA	Pathogen: environmental/food/other sample from Campylobacter coli	FSIS NARMS Campylobacter	SAMN32389840	Illumina MiSeq sequencing	SAMN32389840		NA	NA	USA:UT	31-12-22	NA	NA	1;131567;2;29547;3031852;213849;72294;194;195	01-01-22	2022	FSIS12218341	FSIS12218341 Nextera XT shotgun library	NA	NA	NA	195
SRR9609600	NA	Comminuted Turkey	NA	NA	NA	Pathogen: environmental/food/other sample from Campylobacter coli	USDA-FSIS: Isolated strains of Campylobacter spp. genome sequencing	FSIS21924653	Illumina MiSeq paired end sequencing: Whole genome shotgun sequencing of FSIS21924653 by Illumina MiSeq	SAMN12151518		NA	NA	USA:AR	31-12-19	NA	NA	1;131567;2;29547;3031852;213849;72294;194;195	01-01-19	2019	FSIS21924653	FSIS21924653 Nextera XT shotgun library	NA	NA	NA	195
ERR10497218	NA	Turkeys	NA	NA	NA	CAMPY_84	Campylobacter genomes deposited by VISAVET-UCM (Madrid, Spain) within the One Health European Joint Programme (OHEJP) DISCoVeR-project	ena-SAMPLE-TAB-17-11-2022-16:11:31:105-925	Illumina MiSeq sequencing	SAMEA112143438		NA	ZTA18-02246CP	Spain	31-12-18	NA	NA	1;131567;2;29547;3031852;213849;72294;194;195	01-01-18	2018	ena-EXPERIMENT-TAB-17-11-2022-22:54:32:561-1174	VISAVET-UCM_DISCoVeR	NA	healthy	NA	195
SRR13842615	NA	Comminuted Turkey	NA	NA	NA	Pathogen: environmental/food/other sample from Campylobacter jejuni	USDA-FSIS: Isolated strains of Campylobacter spp. genome sequencing	FSIS12138150	Illumina MiSeq sequencing	SAMN18106686		NA	NA	USA:VA	31-12-21	NA	NA	1;131567;2;29547;3031852;213849;72294;194;197	01-01-21	2021	FSIS12138150	FSIS12138150 Nextera XT shotgun library	NA	NA	NA	197
SRR5080903	NA	Animal-Turkey-Young Turkey	NA	NA	NA	Pathogen: environmental/food/other sample from Campylobacter coli	FSIS NARMS Campylobacter	FSIS1609029	Illumina MiSeq paired end sequencing: Whole genome shotgun sequencing of FSIS1609029 by Illumina MiSeq	SAMN06111800		NA	NA	USA:MO	31-12-16	NA	NA	1;131567;2;29547;3031852;213849;72294;194;195	01-01-16	2016	FSIS1609029	FSIS1609029 Nextera XT shotgun library	NA	NA	NA	195
SRR8252775	NA	Animal-Turkey-Young Turkey	NA	NA	NA	Pathogen: environmental/food/other sample from Campylobacter coli	FSIS NARMS Campylobacter	FSIS11815872	Illumina MiSeq paired end sequencing: Whole genome shotgun sequencing of FSIS11815872 by Illumina MiSeq	SAMN10489686		NA	NA	USA:IA	31-12-18	NA	NA	1;131567;2;29547;3031852;213849;72294;194;195	01-01-18	2018	FSIS11815872	FSIS11815872 Nextera XT shotgun library	NA	NA	NA	195
SRR23525304	NA	Comminuted Turkey	NA	NA	NA	Pathogen: environmental/food/other sample from Campylobacter coli	USDA-FSIS: Isolated strains of Campylobacter spp. genome sequencing	SAMN33356324	Illumina MiSeq sequencing	SAMN33356324		NA	NA	USA:NY	31-12-23	NA	NA	1;131567;2;29547;3031852;213849;72294;194;195	01-01-23	2023	FSIS22312022	FSIS22312022 Nextera XT shotgun library	NA	NA	NA	195
SRR7739737	NA	Animal-Turkey-Young Turkey	NA	NA	NA	Pathogen: environmental/food/other sample from Campylobacter jejuni	FSIS NARMS Campylobacter	FSIS11813150	Illumina MiSeq paired end sequencing: Whole genome shotgun sequencing of FSIS11813150 by Illumina MiSeq	SAMN09880377		NA	NA	USA:OH	31-12-18	NA	NA	1;131567;2;29547;3031852;213849;72294;194;197	01-01-18	2018	FSIS11813150	FSIS11813150 Nextera XT shotgun library	NA	NA	NA	197
SRR8753356	NA	Comminuted Turkey	NA	NA	NA	Pathogen: environmental/food/other sample from Campylobacter coli	USDA-FSIS: Isolated strains of Campylobacter spp. genome sequencing	FSIS31901682	Illumina MiSeq paired end sequencing: Whole genome shotgun sequencing of FSIS31901682 by Illumina MiSeq	SAMN11168299		NA	NA	USA:FL	31-12-19	NA	NA	1;131567;2;29547;3031852;213849;72294;194;195	01-01-19	2019	FSIS31901682	FSIS31901682 Nextera XT shotgun library	NA	NA	NA	195
SRR17621928	NA	Animal-Turkey-Young Turkey (cecal)	NA	NA	NA	Pathogen: environmental/food/other sample from Campylobacter coli	FSIS NARMS Campylobacter	SAMN25003818	Illumina MiSeq sequencing	SAMN25003818		NA	NA	USA:AR	31-12-21	NA	NA	1;131567;2;29547;3031852;213849;72294;194;195	01-01-21	2021	FSIS12107745	FSIS12107745 Nextera XT shotgun library	NA	NA	NA	195
SRR14478907	NA	Comminuted Turkey	NA	NA	NA	Pathogen: environmental/food/other sample from Campylobacter coli	USDA-FSIS: Isolated strains of Campylobacter spp. genome sequencing	SAMN19092027	Illumina MiSeq sequencing	SAMN19092027		NA	NA	USA:VA	31-12-21	NA	NA	1;131567;2;29547;3031852;213849;72294;194;195	01-01-21	2021	FSIS32105101	FSIS32105101 Nextera XT shotgun library	NA	NA	NA	195
SRR11272909	NA	Comminuted Turkey	NA	NA	NA	Pathogen: environmental/food/other sample from Campylobacter coli	USDA-FSIS: Isolated strains of Campylobacter spp. genome sequencing	FSIS22027312	Illumina MiSeq paired end sequencing: Whole genome shotgun sequencing of FSIS22027312 by Illumina MiSeq	SAMN14337275		NA	NA	USA:CA	31-12-20	NA	NA	1;131567;2;29547;3031852;213849;72294;194;195	01-01-20	2020	FSIS22027312	FSIS22027312 Nextera XT shotgun library	NA	NA	NA	195
ERR4224419	NA	wastewater	NA	NA	NA	18-286-1	Discerning Environmental Pathways of Campylobacter Transmission	18-286-1	NextSeq 500 paired end sequencing	SAMEA6936784		NA	NA	Netherlands	31-12-18	NA	NA	1;131567;2;29547;3031852;213849;72294;194;195	01-01-18	2018	ena-EXPERIMENT-UTRECHT UNIVERSITY-09-06-2020-12:40:21:573-712	unspecified	NA	NA	NA	195
ERR4224394	NA	wastewater	NA	NA	NA	18-189-1	Discerning Environmental Pathways of Campylobacter Transmission	18-189-1	NextSeq 500 paired end sequencing	SAMEA6936755		NA	NA	Netherlands	31-12-18	NA	NA	1;131567;2;29547;3031852;213849;72294;194;195	01-01-18	2018	ena-EXPERIMENT-UTRECHT UNIVERSITY-09-06-2020-12:40:21:572-687	unspecified	NA	NA	NA	195
ERR4224662	NA	agricultural_water	NA	NA	NA	19-036-1	Discerning Environmental Pathways of Campylobacter Transmission	19-036-1	NextSeq 500 paired end sequencing	SAMEA6936498		NA	NA	Netherlands	31-12-19	NA	NA	1;131567;2;29547;3031852;213849;72294;194;197	01-01-19	2019	ena-EXPERIMENT-UTRECHT UNIVERSITY-09-06-2020-12:40:21:581-955	unspecified	NA	NA	NA	197
SRR21995108	NA	water	NA	NA	NA	Microbe sample from Campylobacter coli	Campylobacter Genome sequencing and assembly	W8W4	Illumina HiSeq 2000 sequencing: WGS of Campylobacter	SAMN28017090		NA	NA	China: Jiangsu	31-12-16	NA	NA	1;131567;2;29547;3031852;213849;72294;194;195	01-01-16	2016	W8W4	W8W4	NA	NA	NA	195
ERR1025588	NA	Madrid	NA	NA	NA	Campylobacter Isolate	Prevalence of Type VI Secretion System in Spanish Campylobacter jejuni Isolates	65_S63	Illumina MiSeq paired end sequencing	SAMEA3556567		NA	WATER	Spain	31-12-10	40.43 N 3.7 W	-3.7	1;131567;2;29547;3031852;213849;72294;194;197	01-01-10	2010	ena-EXPERIMENT-LSHTM-23-09-2015-15:46:34:901-62	MU1	40.43	NA	40.43 N 3.7 W	197
ERR4224335	NA	agricultural_water	NA	NA	NA	18-078-1	Discerning Environmental Pathways of Campylobacter Transmission	18-078-1	NextSeq 500 paired end sequencing	SAMEA6936155		NA	NA	Netherlands	31-12-18	NA	NA	1;131567;2;29547;3031852;213849;72294;194;197	01-01-18	2018	ena-EXPERIMENT-UTRECHT UNIVERSITY-09-06-2020-12:40:21:570-628	unspecified	NA	NA	NA	197
SRR7010530	NA	water	NA	NA	NA	Pathogen: environmental/food/other sample from Campylobacter coli	GenomeTrakr Project: Thakur Molecular Epidemiology Laboratory, NC State University	SAMN08204852	Illumina MiSeq paired end sequencing: Whole genome Illumina MiSeq sequence of Campylobacter coli	SAMN08204852		NA	CFSAN073678	USA:NC	16-07-10	NA	NA	1;131567;2;29547;3031852;213849;72294;194;195	15-07-10	16-07-10	EXT00306253	Nextera XT library SEQ000072397	NA	NA	NA	195
SRR9030813	NA	Troups Creek Wetland	NA	NA	NA	Pathogen: environmental/food/other sample from Campylobacter coli	Understanding the sources and risks of Campylobacter to stormwater constructed wetlands	MON336	NextSeq 500 sequencing: WGS of Campylobacter coli from Troups Creek Wetland	SAMN11605023		NA	NA	Australia	07-10-15	NA	NA	1;131567;2;29547;3031852;213849;72294;194;195	06-10-15	07-10-15	WGS_MON336	WGS_MON336	NA	NA	NA	195
ERR4224356	NA	recreational_water	NA	NA	NA	18-127-1	Discerning Environmental Pathways of Campylobacter Transmission	18-127-1	NextSeq 500 paired end sequencing	SAMEA6936730		NA	NA	Netherlands	31-12-18	NA	NA	1;131567;2;29547;3031852;213849;72294;194;195	01-01-18	2018	ena-EXPERIMENT-UTRECHT UNIVERSITY-09-06-2020-12:40:21:571-649	unspecified	NA	NA	NA	195
ERR4224476	NA	recreational_water	NA	NA	NA	18-572-2	Discerning Environmental Pathways of Campylobacter Transmission	18-572-2	NextSeq 500 paired end sequencing	SAMEA6936447		NA	NA	Netherlands	31-12-18	NA	NA	1;131567;2;29547;3031852;213849;72294;194;197	01-01-18	2018	ena-EXPERIMENT-UTRECHT UNIVERSITY-09-06-2020-12:40:21:575-769	unspecified	NA	NA	NA	197
SRR5209551	NA	Oldman River Watershed	NA	NA	NA	Pathogen: environmental/food/other sample from Campylobacter jejuni	A Genome-Wide Association Study to Identify Diagnostic Markers for Human Pathogenic Campylobacter jejuni Strains	C3GFDB015846	Illumina HiSeq 2000 sequencing: DNA seq of Campylobacter jejuni: Environmental water faeces	SAMN06270814		NA	CI_2536	Canada: Lethbridge, Alberta	06-11-06	49.6934 N 112.8418 W	-112.8418	1;131567;2;29547;3031852;213849;72294;194;197	06-11-06	06-11-06	C3GFDB015846	C3GFDB015846	49.6934	NA	49.6934 N 112.8418 W	197
ERR9129992	NA	Fresh water	NA	NA	NA	Val_Cl005	Validation of PCR methods for confirmation and species identification of thermotolerant Campylobacter as part of EN ISO 10272 - Microbiology of the food chain - Horizontal method for detection and enumeration of Campylobacter spp.	Val_Cl005	Illumina MiSeq sequencing	SAMEA13301223		NA	NA	Sweden	31-12-14	NA	NA	1;131567;2;29547;3031852;213849;72294;194;201	01-01-14	2014	ena-EXPERIMENT-TAB-09-03-2022-08:45:17:064-141464	Val_Cl005	NA	NA	NA	201
ERR4224375	NA	wastewater	NA	NA	NA	18-157-2	Discerning Environmental Pathways of Campylobacter Transmission	18-157-2	NextSeq 500 paired end sequencing	SAMEA6936742		NA	NA	Netherlands	31-12-18	NA	NA	1;131567;2;29547;3031852;213849;72294;194;195	01-01-18	2018	ena-EXPERIMENT-UTRECHT UNIVERSITY-09-06-2020-12:40:21:571-668	unspecified	NA	NA	NA	195
SRR3210426	NA	water	NA	NA	NA	Pathogen: environmental/food/other sample from Campylobacter jejuni	GenomeTrakr Project: California Department of Health - FDLB Micro	SAMN04442364	Illumina MiSeq paired end sequencing: Whole genome shotgun sequencing of Campylobacter jejuni by Illumina MiSeq	SAMN04442364		NA	CFSAN045410	USA:CA	31-05-12	NA	NA	1;131567;2;29547;3031852;213849;72294;194;197	30-04-12	2012-05	EXT00169312	Campylobacter jejuni Nextera XT shotgun	NA	NA	NA	197
SRR6261994	NA	water	NA	NA	NA	Pathogen: environmental/food/other sample from Campylobacter coli	GenomeTrakr Project: Thakur Molecular Epidemiology Laboratory, NC State University	SAMN07532318	Illumina MiSeq paired end sequencing: Whole genome Illumina MiSeq sequence of Campylobacter coli	SAMN07532318		NA	CFSAN067971	USA:NC	19-02-10	NA	NA	1;131567;2;29547;3031852;213849;72294;194;195	19-02-10	19-02-10	EXT00282887	Nextera XT library SEQ000064780	NA	NA	NA	195
SRR9030826	NA	Troups Creek Wetland	NA	NA	NA	Pathogen: environmental/food/other sample from Campylobacter coli	Understanding the sources and risks of Campylobacter to stormwater constructed wetlands	MON354	NextSeq 500 sequencing: WGS of Campylobacter coli from Troups Creek Wetland	SAMN11605035		NA	NA	Australia	13-05-15	NA	NA	1;131567;2;29547;3031852;213849;72294;194;195	12-05-15	13-05-15	WGS_MON354	WGS_MON354	NA	NA	NA	195
SRR21995107	NA	water	NA	NA	NA	Microbe sample from Campylobacter coli	Campylobacter Genome sequencing and assembly	W8W6	Illumina HiSeq 2000 sequencing: WGS of Campylobacter	SAMN28017091		NA	NA	China: Jiangsu	31-12-16	NA	NA	1;131567;2;29547;3031852;213849;72294;194;195	01-01-16	2016	W8W6	W8W6	NA	NA	NA	195
ERR4224507	NA	wastewater	NA	NA	NA	18-633-1	Discerning Environmental Pathways of Campylobacter Transmission	18-633-1	NextSeq 500 paired end sequencing	SAMEA6936462		NA	NA	Netherlands	31-12-18	NA	NA	1;131567;2;29547;3031852;213849;72294;194;197	01-01-18	2018	ena-EXPERIMENT-UTRECHT UNIVERSITY-09-06-2020-12:40:21:576-800	unspecified	NA	NA	NA	197
ERR4224408	NA	wastewater	NA	NA	NA	18-237-2	Discerning Environmental Pathways of Campylobacter Transmission	18-237-2	NextSeq 500 paired end sequencing	SAMEA6936774		NA	NA	Netherlands	31-12-18	NA	NA	1;131567;2;29547;3031852;213849;72294;194;195	01-01-18	2018	ena-EXPERIMENT-UTRECHT UNIVERSITY-09-06-2020-12:40:21:572-701	unspecified	NA	NA	NA	195
ERR4224686	NA	water_agricultural	NA	NA	NA	19-068-2	Discerning Environmental Pathways of Campylobacter Transmission	19-068-2	NextSeq 500 paired end sequencing	SAMEA6936897		NA	NA	Netherlands	31-12-19	NA	NA	1;131567;2;29547;3031852;213849;72294;194;195	01-01-19	2019	ena-EXPERIMENT-UTRECHT UNIVERSITY-09-06-2020-12:40:21:582-979	unspecified	NA	NA	NA	195
ERR4224333	NA	wastewater	NA	NA	NA	18-071-2	Discerning Environmental Pathways of Campylobacter Transmission	18-071-2	NextSeq 500 paired end sequencing	SAMEA6936703		NA	NA	Netherlands	31-12-18	NA	NA	1;131567;2;29547;3031852;213849;72294;194;195	01-01-18	2018	ena-EXPERIMENT-UTRECHT UNIVERSITY-09-06-2020-12:40:21:570-626	unspecified	NA	NA	NA	195
ERR4224651	NA	agricultural_water	NA	NA	NA	19-021-1	Discerning Environmental Pathways of Campylobacter Transmission	19-021-1	NextSeq 500 paired end sequencing	SAMEA6936489		NA	NA	Netherlands	31-12-19	NA	NA	1;131567;2;29547;3031852;213849;72294;194;197	01-01-19	2019	ena-EXPERIMENT-UTRECHT UNIVERSITY-09-06-2020-12:40:21:581-944	unspecified	NA	NA	NA	197
ERR321059	NA	NA	NA	NA	NA	Comparative genomics of Campylobacter jejuni outbreak strains	Waterborne C.jejuni Outbreak	C.jejuni 4031	Illumina HiSeq 2000 paired end sequencing	SAMEA2163883	Waterborne C.jejuni Outbreak	NA	NA	NA	NA	NA	NA	1;131567;2;29547;3031852;213849;72294;194;197	NA	NA	ena-EXPERIMENT-UH-02-08-2013-19:38:12:572-1	unspecified	NA	NA	NA	197
ERR4224675	NA	water_agricultural	NA	NA	NA	19-054-2	Discerning Environmental Pathways of Campylobacter Transmission	19-054-2	NextSeq 500 paired end sequencing	SAMEA6936889		NA	NA	Netherlands	31-12-19	NA	NA	1;131567;2;29547;3031852;213849;72294;194;195	01-01-19	2019	ena-EXPERIMENT-UTRECHT UNIVERSITY-09-06-2020-12:40:21:581-968	unspecified	NA	NA	NA	195
SRR12634069	NA	Running water (Holston River)	NA	NA	NA	HR1	Campylobacter jejuni Genome sequencing and assembly	Water-1	NextSeq 500 sequencing: WGS of Campylobacter jejuni:Freshwater	SAMN16122331		NA	Fresh water	USA:Tennessee	07-12-16	36.016759 N 83.83207 W	-83.83207	1;131567;2;29547;3031852;213849;72294;194;197	07-12-16	07-12-16	HR1-Water-1	HR1-Water-1	36.016759	NA	36.016759 N 83.83207 W	197
SRR5209565	NA	Oldman River Watershed	NA	NA	NA	Pathogen: environmental/food/other sample from Campylobacter jejuni	A Genome-Wide Association Study to Identify Diagnostic Markers for Human Pathogenic Campylobacter jejuni Strains	C3GFDB015571	Illumina HiSeq 2000 sequencing: DNA seq of Campylobacter jejuni: Environmental water faeces	SAMN06270800		NA	CI_0532	Canada: Oldman River, Alberta	01-09-04	49.8236 N 113.1587 W	-113.1587	1;131567;2;29547;3031852;213849;72294;194;197	31-08-04	01-09-04	C3GFDB015571	C3GFDB015571	49.8236	NA	49.8236 N 113.1587 W	197
SRR7121406	NA	water	NA	NA	NA	Pathogen: environmental/food/other sample from Campylobacter coli	GenomeTrakr Project: Thakur Molecular Epidemiology Laboratory, NC State University	SAMN08995113	Illumina MiSeq paired end sequencing: Whole genome Illumina MiSeq sequence of Campylobacter coli	SAMN08995113		NA	CFSAN069581	USA:NC	17-05-10	NA	NA	1;131567;2;29547;3031852;213849;72294;194;195	16-05-10	17-05-10	EXT00310409	Nextera XT library SEQ000073478	NA	NA	NA	195
SRR8280097	NA	water	NA	NA	NA	Pathogen: environmental/food/other sample from Campylobacter coli	GenomeTrakr Project: Thakur Molecular Epidemiology Laboratory, NC State University	SAMN08169257	Illumina MiSeq paired end sequencing: Whole genome Illumina MiSeq sequence of Campylobacter coli	SAMN08169257		NA	CFSAN073335	USA:NC	21-05-10	NA	NA	1;131567;2;29547;3031852;213849;72294;194;195	20-05-10	21-05-10	EXT00336241	Nextera XT library SEQ000083705	NA	NA	NA	195
SRR6398697	NA	water	NA	NA	NA	Pathogen: environmental/food/other sample from Campylobacter coli	GenomeTrakr Project: Thakur Molecular Epidemiology Laboratory, NC State University	SAMN08217221	Illumina MiSeq paired end sequencing: Whole genome Illumina MiSeq sequence of Campylobacter coli	SAMN08217221		NA	CFSAN068927	USA:NC	08-05-09	NA	NA	1;131567;2;29547;3031852;213849;72294;194;195	07-05-09	08-05-09	EXT00289173	Nextera XT library SEQ000066374	NA	NA	NA	195
SRR6398728	NA	water	NA	NA	NA	Pathogen: environmental/food/other sample from Campylobacter coli	GenomeTrakr Project: Thakur Molecular Epidemiology Laboratory, NC State University	SAMN07767596	Illumina MiSeq paired end sequencing: Whole genome Illumina MiSeq sequence of Campylobacter coli	SAMN07767596		NA	CFSAN070386	USA:NC	06-08-09	NA	NA	1;131567;2;29547;3031852;213849;72294;194;195	05-08-09	06-08-09	EXT00289208	Nextera XT library SEQ000066635	NA	NA	NA	195
SRR14190372	NA	Wetland Water	NA	NA	NA	Water Isolate	Campylobacter from wetland polluted by crows	SW8-4-10416	NextSeq 550 sequencing: WGS of C.jejuni water isolate	SAMN18676033		NA	NA	USA:Washington	04-10-16	NA	NA	1;131567;2;29547;3031852;213849;72294;194;197	03-10-16	04-10-16	MIGS-5	MIGS-5	NA	NA	NA	197
SRR6260848	NA	water	NA	NA	NA	Pathogen: environmental/food/other sample from Campylobacter coli	GenomeTrakr Project: Thakur Molecular Epidemiology Laboratory, NC State University	SAMN07981696	Illumina MiSeq paired end sequencing: Whole genome Illumina MiSeq sequence of Campylobacter coli	SAMN07981696		NA	CFSAN067919	USA:NC	13-11-09	NA	NA	1;131567;2;29547;3031852;213849;72294;194;195	13-11-09	13-11-09	EXT00282636	Nextera XT library SEQ000064832	NA	NA	NA	195
ERR4224700	NA	water_agricultural	NA	NA	NA	19-084-1	Discerning Environmental Pathways of Campylobacter Transmission	19-084-1	NextSeq 500 paired end sequencing	SAMEA6936910		NA	NA	Netherlands	31-12-19	NA	NA	1;131567;2;29547;3031852;213849;72294;194;195	01-01-19	2019	ena-EXPERIMENT-UTRECHT UNIVERSITY-09-06-2020-12:40:21:582-993	unspecified	NA	NA	NA	195
ERR4224464	NA	water_recreational	NA	NA	NA	18-553-2	Discerning Environmental Pathways of Campylobacter Transmission	18-553-2	NextSeq 500 paired end sequencing	SAMEA6936831		NA	NA	Netherlands	31-12-18	NA	NA	1;131567;2;29547;3031852;213849;72294;194;195	01-01-18	2018	ena-EXPERIMENT-UTRECHT UNIVERSITY-09-06-2020-12:40:21:574-757	unspecified	NA	NA	NA	195
ERR4224388	NA	agricultural_water	NA	NA	NA	18-181-2	Discerning Environmental Pathways of Campylobacter Transmission	18-181-2	NextSeq 500 paired end sequencing	SAMEA6936760		NA	NA	Netherlands	31-12-18	NA	NA	1;131567;2;29547;3031852;213849;72294;194;195	01-01-18	2018	ena-EXPERIMENT-UTRECHT UNIVERSITY-09-06-2020-12:40:21:572-681	unspecified	NA	NA	NA	195
SRR5209458	NA	South Nation Watershed	NA	NA	NA	Pathogen: environmental/food/other sample from Campylobacter jejuni	A Genome-Wide Association Study to Identify Diagnostic Markers for Human Pathogenic Campylobacter jejuni Strains	C3GFDB020936	Illumina HiSeq 2000 sequencing: DNA seq of Campylobacter jejuni: Environmental water faeces	SAMN06270907		NA	CI_5198	Canada: South Nation Watershed, Ontario	21-11-11	44.9683 N 75.4738 W	-75.4738	1;131567;2;29547;3031852;213849;72294;194;197	21-11-11	21-11-11	C3GFDB020936	C3GFDB020936	44.9683	NA	44.9683 N 75.4738 W	197
ERR4224423	NA	agricultural_water	NA	NA	NA	18-296-2	Discerning Environmental Pathways of Campylobacter Transmission	18-296-2	NextSeq 500 paired end sequencing	SAMEA6936377		NA	NA	Netherlands	31-12-18	NA	NA	1;131567;2;29547;3031852;213849;72294;194;197	01-01-18	2018	ena-EXPERIMENT-UTRECHT UNIVERSITY-09-06-2020-12:40:21:573-716	unspecified	NA	NA	NA	197
SRR6398641	NA	water	NA	NA	NA	Pathogen: environmental/food/other sample from Campylobacter coli	GenomeTrakr Project: Thakur Molecular Epidemiology Laboratory, NC State University	SAMN08217106	Illumina MiSeq paired end sequencing: Whole genome Illumina MiSeq sequence of Campylobacter coli	SAMN08217106		NA	CFSAN068923	USA:NC	08-05-09	NA	NA	1;131567;2;29547;3031852;213849;72294;194;195	07-05-09	08-05-09	EXT00289158	Nextera XT library SEQ000066372	NA	NA	NA	195
SRR7128223	NA	water	NA	NA	NA	Pathogen: environmental/food/other sample from Campylobacter coli	GenomeTrakr Project: Thakur Molecular Epidemiology Laboratory, NC State University	SAMN08995141	Illumina MiSeq paired end sequencing: Whole genome Illumina MiSeq sequence of Campylobacter coli	SAMN08995141		NA	CFSAN069561	USA:NC	01-03-10	NA	NA	1;131567;2;29547;3031852;213849;72294;194;195	01-03-10	01-03-10	EXT00310744	Nextera XT library SEQ000073486	NA	NA	NA	195
ERR4224642	NA	wastewater	NA	NA	NA	19-013-2	Discerning Environmental Pathways of Campylobacter Transmission	19-013-2	NextSeq 500 paired end sequencing	SAMEA6936484		NA	NA	Netherlands	31-12-19	NA	NA	1;131567;2;29547;3031852;213849;72294;194;197	01-01-19	2019	ena-EXPERIMENT-UTRECHT UNIVERSITY-09-06-2020-12:40:21:580-935	unspecified	NA	NA	NA	197
ERR4224460	NA	wastewater	NA	NA	NA	18-460-1	Discerning Environmental Pathways of Campylobacter Transmission	18-460-1	NextSeq 500 paired end sequencing	SAMEA6936438		NA	NA	Netherlands	31-12-18	NA	NA	1;131567;2;29547;3031852;213849;72294;194;197	01-01-18	2018	ena-EXPERIMENT-UTRECHT UNIVERSITY-09-06-2020-12:40:21:574-753	unspecified	NA	NA	NA	197
ERR4224337	NA	agricultural_water	NA	NA	NA	18-079-2	Discerning Environmental Pathways of Campylobacter Transmission	18-079-2	NextSeq 500 paired end sequencing	SAMEA6936156		NA	NA	Netherlands	31-12-18	NA	NA	1;131567;2;29547;3031852;213849;72294;194;197	01-01-18	2018	ena-EXPERIMENT-UTRECHT UNIVERSITY-09-06-2020-12:40:21:570-630	unspecified	NA	NA	NA	197
ERR4224474	NA	water_waste	NA	NA	NA	18-564-1	Discerning Environmental Pathways of Campylobacter Transmission	18-564-1	NextSeq 500 paired end sequencing	SAMEA6936835		NA	NA	Netherlands	31-12-18	NA	NA	1;131567;2;29547;3031852;213849;72294;194;195	01-01-18	2018	ena-EXPERIMENT-UTRECHT UNIVERSITY-09-06-2020-12:40:21:575-767	unspecified	NA	NA	NA	195
ERR4224506	NA	wastewater	NA	NA	NA	18-632-2	Discerning Environmental Pathways of Campylobacter Transmission	18-632-2	NextSeq 500 paired end sequencing	SAMEA6936859		NA	NA	Netherlands	31-12-18	NA	NA	1;131567;2;29547;3031852;213849;72294;194;195	01-01-18	2018	ena-EXPERIMENT-UTRECHT UNIVERSITY-09-06-2020-12:40:21:576-799	unspecified	NA	NA	NA	195
ERR4224444	NA	agricultural_water	NA	NA	NA	18-442-1	Discerning Environmental Pathways of Campylobacter Transmission	18-442-1	NextSeq 500 paired end sequencing	SAMEA6936814		NA	NA	Netherlands	31-12-18	NA	NA	1;131567;2;29547;3031852;213849;72294;194;195	01-01-18	2018	ena-EXPERIMENT-UTRECHT UNIVERSITY-09-06-2020-12:40:21:574-737	unspecified	NA	NA	NA	195
SRR8434632	NA	water	NA	NA	NA	Pathogen: environmental/food/other sample from Campylobacter coli	GenomeTrakr Project: Thakur Molecular Epidemiology Laboratory, NC State University	SAMN08204910	Illumina MiSeq paired end sequencing: Whole genome Illumina MiSeq sequence of Campylobacter coli	SAMN08204910		NA	CFSAN073659	USA:NC	17-06-10	NA	NA	1;131567;2;29547;3031852;213849;72294;194;195	16-06-10	17-06-10	EXT00341749	Nextera XT library SEQ000085965	NA	NA	NA	195
ERR4224390	NA	agricultural_water	NA	NA	NA	18-184-1	Discerning Environmental Pathways of Campylobacter Transmission	18-184-1	NextSeq 500 paired end sequencing	SAMEA6936239		NA	NA	Netherlands	31-12-18	NA	NA	1;131567;2;29547;3031852;213849;72294;194;197	01-01-18	2018	ena-EXPERIMENT-UTRECHT UNIVERSITY-09-06-2020-12:40:21:572-683	unspecified	NA	NA	NA	197
ERR4224349	NA	agricultural_water	NA	NA	NA	18-093-2	Discerning Environmental Pathways of Campylobacter Transmission	18-093-2	NextSeq 500 paired end sequencing	SAMEA6936724		NA	NA	Netherlands	31-12-18	NA	NA	1;131567;2;29547;3031852;213849;72294;194;195	01-01-18	2018	ena-EXPERIMENT-UTRECHT UNIVERSITY-09-06-2020-12:40:21:571-642	unspecified	NA	NA	NA	195
SRR6314031	NA	water	NA	NA	NA	Pathogen: environmental/food/other sample from Campylobacter coli	GenomeTrakr Project: Thakur Molecular Epidemiology Laboratory, NC State University	SAMN07611418	Illumina MiSeq paired end sequencing: Whole genome Illumina MiSeq sequence of Campylobacter coli	SAMN07611418		NA	CFSAN068540	USA:NC	19-03-09	NA	NA	1;131567;2;29547;3031852;213849;72294;194;195	19-03-09	19-03-09	EXT00284918	Nextera XT library SEQ000065527	NA	NA	NA	195
ERR4224430	NA	wastewater	NA	NA	NA	18-319-1	Discerning Environmental Pathways of Campylobacter Transmission	18-319-1	NextSeq 500 paired end sequencing	SAMEA6936803		NA	NA	Netherlands	31-12-18	NA	NA	1;131567;2;29547;3031852;213849;72294;194;195	01-01-18	2018	ena-EXPERIMENT-UTRECHT UNIVERSITY-09-06-2020-12:40:21:573-723	unspecified	NA	NA	NA	195
ERR4224412	NA	agricultural_water	NA	NA	NA	18-278-1	Discerning Environmental Pathways of Campylobacter Transmission	18-278-1	NextSeq 500 paired end sequencing	SAMEA6936778		NA	NA	Netherlands	31-12-18	NA	NA	1;131567;2;29547;3031852;213849;72294;194;195	01-01-18	2018	ena-EXPERIMENT-UTRECHT UNIVERSITY-09-06-2020-12:40:21:573-705	unspecified	NA	NA	NA	195
SRR9030821	NA	Troups Creek Wetland	NA	NA	NA	Pathogen: environmental/food/other sample from Campylobacter coli	Understanding the sources and risks of Campylobacter to stormwater constructed wetlands	MON334	NextSeq 500 sequencing: WGS of Campylobacter coli from Troups Creek Wetland	SAMN11605022		NA	NA	Australia	25-08-15	NA	NA	1;131567;2;29547;3031852;213849;72294;194;195	24-08-15	25-08-15	WGS_MON334	WGS_MON334	NA	NA	NA	195
SRR9030830	NA	Troups Creek Wetland	NA	NA	NA	Pathogen: environmental/food/other sample from Campylobacter coli	Understanding the sources and risks of Campylobacter to stormwater constructed wetlands	MON358	NextSeq 500 sequencing: WGS of Campylobacter coli from Troups Creek Wetland	SAMN11605039		NA	NA	Australia	18-05-15	NA	NA	1;131567;2;29547;3031852;213849;72294;194;195	17-05-15	18-05-15	WGS_MON358	WGS_MON358	NA	NA	NA	195
ERR4224491	NA	wastewater	NA	NA	NA	18-615-1	Discerning Environmental Pathways of Campylobacter Transmission	18-615-1	NextSeq 500 paired end sequencing	SAMEA6936847		NA	NA	Netherlands	31-12-18	NA	NA	1;131567;2;29547;3031852;213849;72294;194;195	01-01-18	2018	ena-EXPERIMENT-UTRECHT UNIVERSITY-09-06-2020-12:40:21:575-784	unspecified	NA	NA	NA	195
SRR5209487	NA	South Nation Watershed	NA	NA	NA	Pathogen: environmental/food/other sample from Campylobacter jejuni	A Genome-Wide Association Study to Identify Diagnostic Markers for Human Pathogenic Campylobacter jejuni Strains	C3GFDB019677	Illumina HiSeq 2000 sequencing: DNA seq of Campylobacter jejuni: Environmental water faeces	SAMN06270878		NA	CI_1845	Canada: South Nation Watershed, Ontario	15-05-06	44.9683 N 75.4738 W	-75.4738	1;131567;2;29547;3031852;213849;72294;194;197	14-05-06	15-05-06	C3GFDB019677	C3GFDB019677	44.9683	NA	44.9683 N 75.4738 W	197
SRR6261989	NA	water	NA	NA	NA	Pathogen: environmental/food/other sample from Campylobacter coli	GenomeTrakr Project: Thakur Molecular Epidemiology Laboratory, NC State University	SAMN07982571	Illumina MiSeq paired end sequencing: Whole genome Illumina MiSeq sequence of Campylobacter coli	SAMN07982571		NA	CFSAN067955	USA:NC	22-01-10	NA	NA	1;131567;2;29547;3031852;213849;72294;194;195	22-01-10	22-01-10	EXT00282838	Nextera XT library SEQ000064796	NA	NA	NA	195
SRR6261893	NA	water	NA	NA	NA	Pathogen: environmental/food/other sample from Campylobacter coli	GenomeTrakr Project: Thakur Molecular Epidemiology Laboratory, NC State University	SAMN07982510	Illumina MiSeq paired end sequencing: Whole genome Illumina MiSeq sequence of Campylobacter coli	SAMN07982510		NA	CFSAN067954	USA:NC	22-01-10	NA	NA	1;131567;2;29547;3031852;213849;72294;194;195	22-01-10	22-01-10	EXT00282815	Nextera XT library SEQ000064797	NA	NA	NA	195
SRR5209546	NA	Oldman River Watershed	NA	NA	NA	Pathogen: environmental/food/other sample from Campylobacter jejuni	A Genome-Wide Association Study to Identify Diagnostic Markers for Human Pathogenic Campylobacter jejuni Strains	C3GFDB015958	Illumina HiSeq 2000 sequencing: DNA seq of Campylobacter jejuni: Environmental water faeces	SAMN06270819		NA	CI_2950	Canada: Lethbridge, Alberta	17-09-07	49.6934 N 112.8418 W	-112.8418	1;131567;2;29547;3031852;213849;72294;194;197	16-09-07	17-09-07	C3GFDB015958	C3GFDB015958	49.6934	NA	49.6934 N 112.8418 W	197
ERR4224647	NA	recreational_water	NA	NA	NA	19-018-1	Discerning Environmental Pathways of Campylobacter Transmission	19-018-1	NextSeq 500 paired end sequencing	SAMEA6936873		NA	NA	Netherlands	31-12-19	NA	NA	1;131567;2;29547;3031852;213849;72294;194;195	01-01-19	2019	ena-EXPERIMENT-UTRECHT UNIVERSITY-09-06-2020-12:40:21:580-940	unspecified	NA	NA	NA	195
ERR4224500	NA	agricultural_water	NA	NA	NA	18-626-1	Discerning Environmental Pathways of Campylobacter Transmission	18-626-1	NextSeq 500 paired end sequencing	SAMEA6936857		NA	NA	Netherlands	31-12-18	NA	NA	1;131567;2;29547;3031852;213849;72294;194;195	01-01-18	2018	ena-EXPERIMENT-UTRECHT UNIVERSITY-09-06-2020-12:40:21:576-793	unspecified	NA	NA	NA	195
SRR7012236	NA	water	NA	NA	NA	Pathogen: environmental/food/other sample from Campylobacter coli	GenomeTrakr Project: Thakur Molecular Epidemiology Laboratory, NC State University	SAMN08204920	Illumina MiSeq paired end sequencing: Whole genome Illumina MiSeq sequence of Campylobacter coli	SAMN08204920		NA	CFSAN073658	USA:NC	17-06-10	NA	NA	1;131567;2;29547;3031852;213849;72294;194;195	16-06-10	17-06-10	EXT00306269	Nextera XT library SEQ000072394	NA	NA	NA	195
ERR4224395	NA	agricultural_water	NA	NA	NA	18-217-1	Discerning Environmental Pathways of Campylobacter Transmission	18-217-1	NextSeq 500 paired end sequencing	SAMEA6936283		NA	NA	Netherlands	31-12-18	NA	NA	1;131567;2;29547;3031852;213849;72294;194;197	01-01-18	2018	ena-EXPERIMENT-UTRECHT UNIVERSITY-09-06-2020-12:40:21:572-688	unspecified	NA	NA	NA	197
SRR6261842	NA	water	NA	NA	NA	Pathogen: environmental/food/other sample from Campylobacter coli	GenomeTrakr Project: Thakur Molecular Epidemiology Laboratory, NC State University	SAMN07982453	Illumina MiSeq paired end sequencing: Whole genome Illumina MiSeq sequence of Campylobacter coli	SAMN07982453		NA	CFSAN067951	USA:NC	22-01-10	NA	NA	1;131567;2;29547;3031852;213849;72294;194;195	22-01-10	22-01-10	EXT00282718	Nextera XT library SEQ000064800	NA	NA	NA	195
SRR6314326	NA	sewage	NA	NA	NA	Pathogen: environmental/food/other sample from Campylobacter jejuni subsp. jejuni	GenomeTrakr Project: FDA-CFSAN	SAMN08055029	NextSeq 500 paired end sequencing: Whole genome Illumina NextSeq sequence of Campylobacter jejuni subsp. jejuni	SAMN08055029		NA	CCAMP-764	Brazil	31-12-96	NA	NA	1;131567;2;29547;3031852;213849;72294;194;197;32022	01-01-96	1996	EXT00285216	Nextera XT library SEQ000063210	NA	NA	NA	32022
ERR4224438	NA	agricultural_water	NA	NA	NA	18-345-1	Discerning Environmental Pathways of Campylobacter Transmission	18-345-1	NextSeq 500 paired end sequencing	SAMEA6936809		NA	NA	Netherlands	31-12-18	NA	NA	1;131567;2;29547;3031852;213849;72294;194;195	01-01-18	2018	ena-EXPERIMENT-UTRECHT UNIVERSITY-09-06-2020-12:40:21:573-731	unspecified	NA	NA	NA	195
ERR4224496	NA	recreational_water	NA	NA	NA	18-620-1	Discerning Environmental Pathways of Campylobacter Transmission	18-620-1	NextSeq 500 paired end sequencing	SAMEA6936853		NA	NA	Netherlands	31-12-18	NA	NA	1;131567;2;29547;3031852;213849;72294;194;195	01-01-18	2018	ena-EXPERIMENT-UTRECHT UNIVERSITY-09-06-2020-12:40:21:575-789	unspecified	NA	NA	NA	195
ERR4224690	NA	water_waste	NA	NA	NA	19-072-2	Discerning Environmental Pathways of Campylobacter Transmission	19-072-2	NextSeq 500 paired end sequencing	SAMEA6936515		NA	NA	Netherlands	31-12-19	NA	NA	1;131567;2;29547;3031852;213849;72294;194;197	01-01-19	2019	ena-EXPERIMENT-UTRECHT UNIVERSITY-09-06-2020-12:40:21:582-983	unspecified	NA	NA	NA	197
SRR14190376	NA	Wetland Water	NA	Wetland	Water	Water Isolate	Campylobacter from wetland polluted by crows	NC6-9514	NextSeq 550 sequencing: WGS of C.jejuni water isolate	SAMN18676029		Dry day	NA	USA:Washington	05-09-14	NA	NA	1;131567;2;29547;3031852;213849;72294;194;197	04-09-14	05-09-14	MIGS-1	MIGS-1	NA	NA	NA	197
ERR4224345	NA	agricultural_water	NA	NA	NA	18-090-2	Discerning Environmental Pathways of Campylobacter Transmission	18-090-2	NextSeq 500 paired end sequencing	SAMEA6936721		NA	NA	Netherlands	31-12-18	NA	NA	1;131567;2;29547;3031852;213849;72294;194;195	01-01-18	2018	ena-EXPERIMENT-UTRECHT UNIVERSITY-09-06-2020-12:40:21:570-638	unspecified	NA	NA	NA	195
ERR4224671	NA	water_recreational	NA	NA	NA	19-049-2	Discerning Environmental Pathways of Campylobacter Transmission	19-049-2	NextSeq 500 paired end sequencing	SAMEA6936506		NA	NA	Netherlands	31-12-19	NA	NA	1;131567;2;29547;3031852;213849;72294;194;197	01-01-19	2019	ena-EXPERIMENT-UTRECHT UNIVERSITY-09-06-2020-12:40:21:581-964	unspecified	NA	NA	NA	197
SRR16091611	NA	Sewage drain	NA	NA	NA	Campylobacter jejuni	Campylobacter Genome sequencing and assembly	SAMN21873173	Illumina MiSeq sequencing	SAMN21873173		NA	missing	USA	NA	NA	NA	1;131567;2;29547;3031852;213849;72294;194;197	NA	missing	2010D-8237:wgs	NexteraXT	NA	NA	NA	197
ERR321060	NA	NA	NA	NA	NA	Comparative genomics of Campylobacter jejuni outbreak strains	Waterborne C.jejuni Outbreak	C.jejuni IHV116260	Illumina HiSeq 2000 paired end sequencing	SAMEA2163884	Waterborne C.jejuni Outbreak	NA	NA	NA	NA	NA	NA	1;131567;2;29547;3031852;213849;72294;194;197	NA	NA	ena-EXPERIMENT-UH-02-08-2013-19:38:12:572-2	unspecified	NA	NA	NA	197
SRR12686264	NA	Sewage	NA	NA	NA	Pathogen: environmental/food/other sample from Campylobacter coli	Campylobacter sp. Genome sequencing	CCAMP 773	NextSeq 500 sequencing: WGS of Campylobacter coli: Sewage	SAMN16129242		NA	CCAMP 773	Brazil:Rio de Janeiro	31-12-95	NA	NA	1;131567;2;29547;3031852;213849;72294;194;195	01-01-95	1995	CaColi-773	CaColi-773	NA	NA	NA	195
ERR4224397	NA	wastewater	NA	NA	NA	18-221-2	Discerning Environmental Pathways of Campylobacter Transmission	18-221-2	NextSeq 500 paired end sequencing	SAMEA6936284		NA	NA	Netherlands	31-12-18	NA	NA	1;131567;2;29547;3031852;213849;72294;194;197	01-01-18	2018	ena-EXPERIMENT-UTRECHT UNIVERSITY-09-06-2020-12:40:21:572-690	unspecified	NA	NA	NA	197
ERR4224470	NA	agricultural_water	NA	NA	NA	18-560-1	Discerning Environmental Pathways of Campylobacter Transmission	18-560-1	NextSeq 500 paired end sequencing	SAMEA6936829		NA	NA	Netherlands	31-12-18	NA	NA	1;131567;2;29547;3031852;213849;72294;194;195	01-01-18	2018	ena-EXPERIMENT-UTRECHT UNIVERSITY-09-06-2020-12:40:21:575-763	unspecified	NA	NA	NA	195
SRR1635285	NA	sediment	NA	NA	NA	Microbe sample from Campylobacter jejuni	Genome sequencing of Campylobacter isolates: Campylobacter jejuni, Campylobacter coli and Campylobacter lari Genome sequencing	JB187	Illumina MiSeq sequencing: Population genomics of Campylobacter sp. from grey seals (Halichoerus grypus) from Baily et al. 2014 (Molecular Ecology)"	SAMN03121802		NA	NA	United Kingdom: Isle of May, Scotland	31-12-11	NA	NA	1;131567;2;29547;3031852;213849;72294;194;197	01-01-11	2011	Genome sequencing of Campylobacter JB187	NA	NA	NA	NA	197
SRR8434292	NA	water	NA	NA	NA	Pathogen: environmental/food/other sample from Campylobacter coli	GenomeTrakr Project: Thakur Molecular Epidemiology Laboratory, NC State University	SAMN08204919	Illumina MiSeq paired end sequencing: Whole genome Illumina MiSeq sequence of Campylobacter coli	SAMN08204919		NA	CFSAN073655	USA:NC	17-06-10	NA	NA	1;131567;2;29547;3031852;213849;72294;194;195	16-06-10	17-06-10	EXT00341665	Nextera XT library SEQ000085974	NA	NA	NA	195
SRR9030874	NA	Troups Creek Wetland	NA	NA	NA	Pathogen: environmental/food/other sample from Campylobacter coli	Understanding the sources and risks of Campylobacter to stormwater constructed wetlands	MON298	NextSeq 500 sequencing: WGS of Campylobacter coli from Troups Creek Wetland	SAMN11605006		NA	NA	Australia	01-07-14	NA	NA	1;131567;2;29547;3031852;213849;72294;194;195	30-06-14	01-07-14	WGS_MON298	WGS_MON298	NA	NA	NA	195
SRR8434366	NA	water	NA	NA	NA	Pathogen: environmental/food/other sample from Campylobacter coli	GenomeTrakr Project: Thakur Molecular Epidemiology Laboratory, NC State University	SAMN08169242	Illumina MiSeq paired end sequencing: Whole genome Illumina MiSeq sequence of Campylobacter coli	SAMN08169242		NA	CFSAN073295	USA:NC	15-01-10	NA	NA	1;131567;2;29547;3031852;213849;72294;194;195	15-01-10	15-01-10	EXT00341689	Nextera XT library SEQ000085946	NA	NA	NA	195
SRR9030829	NA	Troups Creek Wetland	NA	NA	NA	Pathogen: environmental/food/other sample from Campylobacter coli	Understanding the sources and risks of Campylobacter to stormwater constructed wetlands	MON360	NextSeq 500 sequencing: WGS of Campylobacter coli from Troups Creek Wetland	SAMN11605040		NA	NA	Australia	20-05-15	NA	NA	1;131567;2;29547;3031852;213849;72294;194;195	19-05-15	20-05-15	WGS_MON360	WGS_MON360	NA	NA	NA	195
SRR9879555	NA	water	NA	NA	NA	Pathogen: environmental/food/other sample from Campylobacter lari	GenomeTrakr Project: Texas Department of State Health Services	SAMN12421848	Illumina MiSeq paired end sequencing: Whole genome Illumina MiSeq sequence of Campylobacter lari	SAMN12421848		NA	CFSAN096205	Canada	31-12-15	NA	NA	1;131567;2;29547;3031852;213849;72294;194;201	01-01-15	2015	EXT00365198	Nextera XT library SEQ000095357	NA	NA	NA	201
SRR9030879	NA	Troups Creek Wetland	NA	NA	NA	Pathogen: environmental/food/other sample from Campylobacter coli	Understanding the sources and risks of Campylobacter to stormwater constructed wetlands	MON302	NextSeq 500 sequencing: WGS of Campylobacter coli from Troups Creek Wetland	SAMN11605009		NA	NA	Australia	01-07-14	NA	NA	1;131567;2;29547;3031852;213849;72294;194;195	30-06-14	01-07-14	WGS_MON302	WGS_MON302	NA	NA	NA	195
SRR7345807	NA	water	NA	NA	NA	Pathogen: environmental/food/other sample from Campylobacter coli	GenomeTrakr Project: Thakur Molecular Epidemiology Laboratory, NC State University	SAMN08169246	Illumina MiSeq paired end sequencing: Whole genome Illumina MiSeq sequence of Campylobacter coli	SAMN08169246		NA	CFSAN073296	USA:NC	15-01-10	NA	NA	1;131567;2;29547;3031852;213849;72294;194;195	15-01-10	15-01-10	EXT00315624	Nextera XT library SEQ000075988	NA	NA	NA	195
SRR6367412	NA	water	NA	NA	NA	Pathogen: environmental/food/other sample from Campylobacter coli	GenomeTrakr Project: Thakur Molecular Epidemiology Laboratory, NC State University	SAMN07611399	Illumina MiSeq paired end sequencing: Whole genome Illumina MiSeq sequence of Campylobacter coli	SAMN07611399		NA	CFSAN068555	USA:NC	15-05-09	NA	NA	1;131567;2;29547;3031852;213849;72294;194;195	14-05-09	15-05-09	EXT00287423	Nextera XT library SEQ000066077	NA	NA	NA	195
SRR12686236	NA	Sewage	NA	NA	NA	Pathogen: environmental/food/other sample from Campylobacter coli	Campylobacter sp. Genome sequencing	CCAMP 767	NextSeq 500 sequencing: WGS of Campylobacter coli: Sewage	SAMN16129246		NA	CCAMP 767	Brazil:Rio de Janeiro	31-12-96	NA	NA	1;131567;2;29547;3031852;213849;72294;194;195	01-01-96	1996	CaColi-767	CaColi-767	NA	NA	NA	195
SRR6311922	NA	water	NA	NA	NA	Pathogen: environmental/food/other sample from Campylobacter coli	GenomeTrakr Project: Thakur Molecular Epidemiology Laboratory, NC State University	SAMN07611432	Illumina MiSeq paired end sequencing: Whole genome Illumina MiSeq sequence of Campylobacter coli	SAMN07611432		NA	CFSAN068528	USA:NC	12-02-09	NA	NA	1;131567;2;29547;3031852;213849;72294;194;195	12-02-09	12-02-09	EXT00284652	Nextera XT library SEQ000064848	NA	NA	NA	195
ERR4224391	NA	wastewater	NA	NA	NA	18-185-1	Discerning Environmental Pathways of Campylobacter Transmission	18-185-1	NextSeq 500 paired end sequencing	SAMEA6936240		NA	NA	Netherlands	31-12-18	NA	NA	1;131567;2;29547;3031852;213849;72294;194;197	01-01-18	2018	ena-EXPERIMENT-UTRECHT UNIVERSITY-09-06-2020-12:40:21:572-684	unspecified	NA	NA	NA	197
SRR7904961	NA	water	NA	NA	NA	Pathogen: environmental/food/other sample from Campylobacter coli	GenomeTrakr Project: Thakur Molecular Epidemiology Laboratory, NC State University	SAMN08169257	Illumina MiSeq paired end sequencing: Whole genome Illumina MiSeq sequence of Campylobacter coli	SAMN08169257		NA	CFSAN073335	USA:NC	21-05-10	NA	NA	1;131567;2;29547;3031852;213849;72294;194;195	20-05-10	21-05-10	EXT00328468	Nextera XT library SEQ000080749	NA	NA	NA	195
ERR4224688	NA	water_agricultural	NA	NA	NA	19-070-1	Discerning Environmental Pathways of Campylobacter Transmission	19-070-1	NextSeq 500 paired end sequencing	SAMEA6936514		NA	NA	Netherlands	31-12-19	NA	NA	1;131567;2;29547;3031852;213849;72294;194;197	01-01-19	2019	ena-EXPERIMENT-UTRECHT UNIVERSITY-09-06-2020-12:40:21:582-981	unspecified	NA	NA	NA	197
SRR9030816	NA	Troups Creek Wetland	NA	NA	NA	Pathogen: environmental/food/other sample from Campylobacter coli	Understanding the sources and risks of Campylobacter to stormwater constructed wetlands	MON316	NextSeq 500 sequencing: WGS of Campylobacter coli from Troups Creek Wetland	SAMN11605015		NA	NA	Australia	21-10-14	NA	NA	1;131567;2;29547;3031852;213849;72294;194;195	20-10-14	21-10-14	WGS_MON316	WGS_MON316	NA	NA	NA	195
SRR5209548	NA	Oldman River Watershed	NA	NA	NA	Pathogen: environmental/food/other sample from Campylobacter jejuni	A Genome-Wide Association Study to Identify Diagnostic Markers for Human Pathogenic Campylobacter jejuni Strains	C3GFDB015878	Illumina HiSeq 2000 sequencing: DNA seq of Campylobacter jejuni: Environmental water faeces	SAMN06270817		NA	CI_2695	Canada: Lethbridge, Alberta	27-11-06	49.6934 N 112.8418 W	-112.8418	1;131567;2;29547;3031852;213849;72294;194;197	27-11-06	27-11-06	C3GFDB015878	C3GFDB015878	49.6934	NA	49.6934 N 112.8418 W	197
ERR4224434	NA	recreational_water	NA	NA	NA	18-340-1	Discerning Environmental Pathways of Campylobacter Transmission	18-340-1	NextSeq 500 paired end sequencing	SAMEA6936806		NA	NA	Netherlands	31-12-18	NA	NA	1;131567;2;29547;3031852;213849;72294;194;195	01-01-18	2018	ena-EXPERIMENT-UTRECHT UNIVERSITY-09-06-2020-12:40:21:573-727	unspecified	NA	NA	NA	195
ERR4224427	NA	agricultural_water	NA	NA	NA	18-314-1	Discerning Environmental Pathways of Campylobacter Transmission	18-314-1	NextSeq 500 paired end sequencing	SAMEA6936800		NA	NA	Netherlands	31-12-18	NA	NA	1;131567;2;29547;3031852;213849;72294;194;195	01-01-18	2018	ena-EXPERIMENT-UTRECHT UNIVERSITY-09-06-2020-12:40:21:573-720	unspecified	NA	NA	NA	195
ERR4224353	NA	wastewater	NA	NA	NA	18-097-1	Discerning Environmental Pathways of Campylobacter Transmission	18-097-1	NextSeq 500 paired end sequencing	SAMEA6936175		NA	NA	Netherlands	31-12-18	NA	NA	1;131567;2;29547;3031852;213849;72294;194;197	01-01-18	2018	ena-EXPERIMENT-UTRECHT UNIVERSITY-09-06-2020-12:40:21:571-646	unspecified	NA	NA	NA	197
SRR6398687	NA	water	NA	NA	NA	Pathogen: environmental/food/other sample from Campylobacter coli	GenomeTrakr Project: Thakur Molecular Epidemiology Laboratory, NC State University	SAMN08217220	Illumina MiSeq paired end sequencing: Whole genome Illumina MiSeq sequence of Campylobacter coli	SAMN08217220		NA	CFSAN068924	USA:NC	08-05-09	NA	NA	1;131567;2;29547;3031852;213849;72294;194;195	07-05-09	08-05-09	EXT00289176	Nextera XT library SEQ000066373	NA	NA	NA	195
SRR5209541	NA	Oldman River Watershed	NA	NA	NA	Pathogen: environmental/food/other sample from Campylobacter jejuni	A Genome-Wide Association Study to Identify Diagnostic Markers for Human Pathogenic Campylobacter jejuni Strains	C3GFDB015988	Illumina HiSeq 2000 sequencing: DNA seq of Campylobacter jejuni: Environmental water faeces	SAMN06270824		NA	CI_3043	Canada: Lethbridge, Alberta	19-11-07	49.6934 N 112.8418 W	-112.8418	1;131567;2;29547;3031852;213849;72294;194;197	19-11-07	19-11-07	C3GFDB015988	C3GFDB015988	49.6934	NA	49.6934 N 112.8418 W	197
SRR9030837	NA	Troups Creek Wetland	NA	NA	NA	Pathogen: environmental/food/other sample from Campylobacter coli	Understanding the sources and risks of Campylobacter to stormwater constructed wetlands	MON312	NextSeq 500 sequencing: WGS of Campylobacter coli from Troups Creek Wetland	SAMN11605013		NA	NA	Australia	24-09-14	NA	NA	1;131567;2;29547;3031852;213849;72294;194;195	23-09-14	24-09-14	WGS_MON312	WGS_MON312	NA	NA	NA	195
ERR4224501	NA	water_agricultural	NA	NA	NA	18-627-2	Discerning Environmental Pathways of Campylobacter Transmission	18-627-2	NextSeq 500 paired end sequencing	SAMEA6936861		NA	NA	Netherlands	31-12-18	NA	NA	1;131567;2;29547;3031852;213849;72294;194;195	01-01-18	2018	ena-EXPERIMENT-UTRECHT UNIVERSITY-09-06-2020-12:40:21:576-794	unspecified	NA	NA	NA	195
ERR4224358	NA	recreational_water	NA	NA	NA	18-131-2	Discerning Environmental Pathways of Campylobacter Transmission	18-131-2	NextSeq 500 paired end sequencing	SAMEA6936195		NA	NA	Netherlands	31-12-18	NA	NA	1;131567;2;29547;3031852;213849;72294;194;197	01-01-18	2018	ena-EXPERIMENT-UTRECHT UNIVERSITY-09-06-2020-12:40:21:571-651	unspecified	NA	NA	NA	197
ERR4224632	NA	agricultural_water	NA	NA	NA	19-006-1	Discerning Environmental Pathways of Campylobacter Transmission	19-006-1	NextSeq 500 paired end sequencing	SAMEA6936865		NA	NA	Netherlands	31-12-19	NA	NA	1;131567;2;29547;3031852;213849;72294;194;195	01-01-19	2019	ena-EXPERIMENT-UTRECHT UNIVERSITY-09-06-2020-12:40:21:580-925	unspecified	NA	NA	NA	195
SRR8787406	Anas platyrhynchos	duck pintail	8839	NA	NA	Pathogen: clinical or host-associated sample from Campylobacter jejuni	Campylobacter is a hugely diverse species with multiple lineages commonly found in the intestines of most mammals and avian species. We use a microevolutionary approach to estimate the effect of mutation and recombination on the rate at which lineage	ID5759_79-425	Illumina MiSeq sequencing: Campylobacter WGS	SAMN11258592		NA	Mseq#56_S65	USA: New York	31-12-79	40.44 N 73.58 W	-73.58	1;131567;2;29547;3031852;213849;72294;194;197	01-01-79	1979	Mseq#56_S65	Mseq#56_S65	40.44	NA	40.44 N 73.58 W	197
SRR29316403	Anas platyrhynchos	Ceca	8839	NA	NA	One Health Enteric sample from Campylobacter coli	Campylobacter from domestic ducks	Ceca-5F-1-B5	Illumina MiSeq sequencing: Ceca-5F-1-B5	SAMN41675804		NA	PubMLST_ID=118122	USA: midwest	02-10-18	NA	NA	1;131567;2;29547;3031852;213849;72294;194;195	01-10-18	02-10-18	Ceca-5F-1-B5	Ceca-5F-1-B5	NA	NA	NA	195
SRR8787349	Anas platyrhynchos	duck	8839	NA	NA	Pathogen: clinical or host-associated sample from Campylobacter jejuni	Campylobacter is a hugely diverse species with multiple lineages commonly found in the intestines of most mammals and avian species. We use a microevolutionary approach to estimate the effect of mutation and recombination on the rate at which lineage	ID5771_79-48	Illumina MiSeq sequencing: Campylobacter WGS	SAMN11258606		NA	Mseq#56_S46	USA: New York	31-12-79	40.44 N 73.58 W	-73.58	1;131567;2;29547;3031852;213849;72294;194;197	01-01-79	1979	Mseq#56_S46	Mseq#56_S46	40.44	NA	40.44 N 73.58 W	197
ERR2197811	NA	duck	NA	NA	NA	NA	Comparative genomics of quinolone-resistant Campylobacter jejuni of poultry origin from major poultry producing European countries - GENCAMP	C140637_S22_L001	Illumina MiSeq paired end sequencing	SAMEA104390352		NA	C140637_S22_L001	Luxembourg	31-12-14	49.8153 N 6.1296 E	6.1296	1;131567;2;29547;3031852;213849;72294;194;197	01-01-14	2014	Exp_2017_11_16_20_23_5_498	unspecified	49.8153	NA	49.8153 N 6.1296 E	197
SRR29316407	Anas platyrhynchos	Pre-Chill-Carcass	8839	NA	NA	One Health Enteric sample from Campylobacter jejuni	Campylobacter from domestic ducks	Pre-leg2B-E2	Illumina MiSeq sequencing: Pre-leg2B-E2	SAMN41675852		NA	PubMLST_ID=118153	USA: midwest	11-12-18	NA	NA	1;131567;2;29547;3031852;213849;72294;194;197	11-12-18	11-12-18	Pre-leg2B-E2	Pre-leg2B-E2	NA	NA	NA	197
SRR8787404	Anas platyrhynchos	duck pintail	8839	NA	NA	Pathogen: clinical or host-associated sample from Campylobacter jejuni	Campylobacter is a hugely diverse species with multiple lineages commonly found in the intestines of most mammals and avian species. We use a microevolutionary approach to estimate the effect of mutation and recombination on the rate at which lineage	ID5761_79-457	Illumina MiSeq sequencing: Campylobacter WGS	SAMN11258594		NA	Mseq#56_S52	USA: New York	31-12-79	40.44 N 73.58 W	-73.58	1;131567;2;29547;3031852;213849;72294;194;197	01-01-79	1979	Mseq#56_S52	Mseq#56_S52	40.44	NA	40.44 N 73.58 W	197
SRR8787412	Anas platyrhynchos	duck - widgeon	8839	NA	NA	Pathogen: clinical or host-associated sample from Campylobacter jejuni	Campylobacter is a hugely diverse species with multiple lineages commonly found in the intestines of most mammals and avian species. We use a microevolutionary approach to estimate the effect of mutation and recombination on the rate at which lineage	ID5764_79-470	Illumina MiSeq sequencing: Campylobacter WGS	SAMN11258596		NA	Mseq#56_S66	USA: New York	31-12-79	40.44 N 73.58 W	-73.58	1;131567;2;29547;3031852;213849;72294;194;197	01-01-79	1979	Mseq#56_S66	Mseq#56_S66	40.44	NA	40.44 N 73.58 W	197
SRR5209482	NA	Duck faeces	NA	NA	NA	Pathogen: environmental/food/other sample from Campylobacter jejuni	A Genome-Wide Association Study to Identify Diagnostic Markers for Human Pathogenic Campylobacter jejuni Strains	C3GFDB014933	Illumina HiSeq 2000 sequencing: DNA seq of Campylobacter jejuni: Duck faeces	SAMN06270883		NA	CI_2055	Canada: Coaldale, Alberta	11-07-06	49.7275 N 112.6179 W	-112.6179	1;131567;2;29547;3031852;213849;72294;194;197	10-07-06	11-07-06	C3GFDB014933	C3GFDB014933	49.7275	NA	49.7275 N 112.6179 W	197
SRR8787361	Anas platyrhynchos	duck - teal	8839	NA	NA	Pathogen: clinical or host-associated sample from Campylobacter coli	Campylobacter is a hugely diverse species with multiple lineages commonly found in the intestines of most mammals and avian species. We use a microevolutionary approach to estimate the effect of mutation and recombination on the rate at which lineage	ID5751_79-392	Illumina MiSeq sequencing: Campylobacter WGS	SAMN11258584		NA	Mseq#56_S19	USA: New York	31-12-79	40.44 N 73.58 W	-73.58	1;131567;2;29547;3031852;213849;72294;194;195	01-01-79	1979	Mseq#56_S19	Mseq#56_S19	40.44	NA	40.44 N 73.58 W	195
SRR8787357	Anas platyrhynchos	duck - mallard	8839	NA	NA	Pathogen: clinical or host-associated sample from Campylobacter jejuni	Campylobacter is a hugely diverse species with multiple lineages commonly found in the intestines of most mammals and avian species. We use a microevolutionary approach to estimate the effect of mutation and recombination on the rate at which lineage	ID5746_79-35	Illumina MiSeq sequencing: Campylobacter WGS	SAMN11258582		NA	Mseq#56_S5	USA: New York	31-12-79	40.44 N 73.58 W	-73.58	1;131567;2;29547;3031852;213849;72294;194;197	01-01-79	1979	Mseq#56_S5	Mseq#56_S5	40.44	NA	40.44 N 73.58 W	197
SRR29316423	Anas platyrhynchos	Post-Chill-Carcass	8839	NA	NA	One Health Enteric sample from Campylobacter coli	Campylobacter from domestic ducks	Post-Carcass-4B-H6	Illumina MiSeq sequencing: Post-Carcass-4B-H6	SAMN41675837		NA	PubMLST_ID=118244	USA: midwest	11-12-18	NA	NA	1;131567;2;29547;3031852;213849;72294;194;195	11-12-18	11-12-18	Post-Carcass-4B-H6	Post-Carcass-4B-H6	NA	NA	NA	195
SRR2915957	Antigone canadensis	crane stool (Grus canadensis)	1977160	NA	NA	Pathogen: environmental/food/other sample from Campylobacter jejuni	GenomeTrakr Project: State of Alaska Public Health Laboratory	AK0904400156	Illumina MiSeq paired end sequencing: Whole genome shotgun sequencing of Campylobacter jejuni by Illumina MiSeq	SAMN03387062		NA	CFSAN030024	USA:AK	13-02-09	NA	NA	1;131567;2;29547;3031852;213849;72294;194;197	13-02-09	13-02-09	EXT00147949	Campylobacter jejuni Nextera XT shotgun	NA	NA	NA	197
SRR29316425	Anas platyrhynchos	Ceca	8839	NA	NA	One Health Enteric sample from Campylobacter coli	Campylobacter from domestic ducks	Ceca5F-B10	Illumina MiSeq sequencing: Ceca5F-B10	SAMN41675806		NA	PubMLST_ID=118175	USA: midwest	30-10-18	NA	NA	1;131567;2;29547;3031852;213849;72294;194;195	30-10-18	30-10-18	Ceca5F-B10	Ceca5F-B10	NA	NA	NA	195
SRR2915955	Antigone canadensis	crane stool (Grus canadensis)	1977160	NA	NA	Pathogen: environmental/food/other sample from Campylobacter jejuni	GenomeTrakr Project: State of Alaska Public Health Laboratory	AK0904400153	Illumina MiSeq paired end sequencing: Whole genome shotgun sequencing of Campylobacter jejuni by Illumina MiSeq	SAMN03387059		NA	CFSAN030021	USA:AK	13-02-09	NA	NA	1;131567;2;29547;3031852;213849;72294;194;197	13-02-09	13-02-09	EXT00147943	Campylobacter jejuni Nextera XT shotgun	NA	NA	NA	197
SRR8787409	Anas platyrhynchos	duck - widgeon	8839	NA	NA	Pathogen: clinical or host-associated sample from Campylobacter coli	Campylobacter is a hugely diverse species with multiple lineages commonly found in the intestines of most mammals and avian species. We use a microevolutionary approach to estimate the effect of mutation and recombination on the rate at which lineage	ID5756_79-415	Illumina MiSeq sequencing: Campylobacter WGS	SAMN11258589		NA	Mseq#56_S47	USA: New York	31-12-79	40.44 N 73.58 W	-73.58	1;131567;2;29547;3031852;213849;72294;194;195	01-01-79	1979	Mseq#56_S47	Mseq#56_S47	40.44	NA	40.44 N 73.58 W	195
SRR29316436	Anas platyrhynchos	Crop	8839	NA	NA	One Health Enteric sample from Campylobacter coli	Campylobacter from domestic ducks	Crop5D-B6	Illumina MiSeq sequencing: Crop5D-B6	SAMN41675829		NA	PubMLST_ID=118241	USA: midwest	11-12-18	NA	NA	1;131567;2;29547;3031852;213849;72294;194;195	11-12-18	11-12-18	Crop5D-B6	Crop5D-B6	NA	NA	NA	195
SRR21995114	Anser sp.	NA	8847	NA	NA	Microbe sample from Campylobacter jejuni	Campylobacter Genome sequencing and assembly	E3M2	Illumina HiSeq 2000 sequencing: WGS of Campylobacter	SAMN28017084		NA	NA	China: Jiangsu	31-12-17	NA	NA	1;131567;2;29547;3031852;213849;72294;194;197	01-01-17	2017	E3M2	E3M2	NA	NA	NA	197
SRR13367297	NA	Duck feces	NA	NA	NA	Pathogen: environmental/food/other sample from Campylobacter coli	Ancestral Campylobacter coli clades	ID3714_Duck261	Illumina MiSeq sequencing: Ccoli WGS	SAMN17225463		NA	Duck261	United Kingdom	31-12-07	51.45 N 1.15 W	-1.15	1;131567;2;29547;3031852;213849;72294;194;195	01-01-07	2007	SS_1699	SS_1699	51.45	NA	51.45 N 1.15 W	195
SRR8787347	Anas platyrhynchos	duck	8839	NA	NA	Pathogen: clinical or host-associated sample from Campylobacter jejuni	Campylobacter is a hugely diverse species with multiple lineages commonly found in the intestines of most mammals and avian species. We use a microevolutionary approach to estimate the effect of mutation and recombination on the rate at which lineage	ID5765_79-471	Illumina MiSeq sequencing: Campylobacter WGS	SAMN11258597		NA	Mseq#56_S16	USA: New York	31-12-79	40.44 N 73.58 W	-73.58	1;131567;2;29547;3031852;213849;72294;194;197	01-01-79	1979	Mseq#56_S16	Mseq#56_S16	40.44	NA	40.44 N 73.58 W	197
SRR11515394	Anas platyrhynchos	missing	8839	NA	NA	Pathogen: clinical or host-associated sample from Campylobacter jejuni	Campylobacter jejuni Raw sequence reads	2017-TE-21233-1-39	NextSeq 500 sequencing: WGS study of Campylobacter jejuni in wild birds in Italy	SAMN14564543		NA	17868-1-1	Italy	31-12-17	NA	NA	1;131567;2;29547;3031852;213849;72294;194;197	01-01-17	2017	2017-TE-21233-1-39	2017-TE-21233-1-39	NA	NA	NA	197
ERR1163670	NA	Duck	NA	NA	NA	Campylobacter coli SWAN325	Genomics of Campylobacter coli	LDI6791	Illumina HiSeq 2500 paired end sequencing	SAMEA3683285		NA	SWAN325	United Kingdom	31-12-13	NA	NA	1;131567;2;29547;3031852;213849;72294;194;195	01-01-13	2013	ena-EXPERIMENT-INSTITUTE OF FOOD RESEARCH-05-12-2015-03:02:25:057-286	unspecified	NA	NA	NA	195
SRR8787350	Anas platyrhynchos	duck - mallard	8839	NA	NA	Pathogen: clinical or host-associated sample from Campylobacter jejuni	Campylobacter is a hugely diverse species with multiple lineages commonly found in the intestines of most mammals and avian species. We use a microevolutionary approach to estimate the effect of mutation and recombination on the rate at which lineage	ID5772_79-480	Illumina MiSeq sequencing: Campylobacter WGS	SAMN11258602		NA	Mseq#56_S31	USA: New York	31-12-79	40.44 N 73.58 W	-73.58	1;131567;2;29547;3031852;213849;72294;194;197	01-01-79	1979	Mseq#56_S31	Mseq#56_S31	40.44	NA	40.44 N 73.58 W	197
ERR1163655	NA	Duck	NA	NA	NA	Campylobacter coli SWAN264	Genomics of Campylobacter coli	LDI6775	Illumina HiSeq 2500 paired end sequencing	SAMEA3683270		NA	SWAN264	United Kingdom	31-12-13	NA	NA	1;131567;2;29547;3031852;213849;72294;194;195	01-01-13	2013	ena-EXPERIMENT-INSTITUTE OF FOOD RESEARCH-05-12-2015-03:02:25:053-271	unspecified	NA	NA	NA	195
SRR29316455	Anas platyrhynchos	Crop	8839	NA	NA	One Health Enteric sample from Campylobacter jejuni	Campylobacter from domestic ducks	Crop1D-H1	Illumina MiSeq sequencing: Crop1D-H1	SAMN41675812		NA	PubMLST_ID=118214	USA: midwest	11-12-18	NA	NA	1;131567;2;29547;3031852;213849;72294;194;197	11-12-18	11-12-18	Crop1D-H1	Crop1D-H1	NA	NA	NA	197
SRR8787395	Anas platyrhynchos	duck	8839	NA	NA	Pathogen: clinical or host-associated sample from Campylobacter jejuni	Campylobacter is a hugely diverse species with multiple lineages commonly found in the intestines of most mammals and avian species. We use a microevolutionary approach to estimate the effect of mutation and recombination on the rate at which lineage	ID5739_79-25	Illumina MiSeq sequencing: Campylobacter WGS	SAMN11258578		NA	Mseq#56_S69	USA: New York	31-12-79	40.44 N 73.58 W	-73.58	1;131567;2;29547;3031852;213849;72294;194;197	01-01-79	1979	Mseq#56_S69	Mseq#56_S69	40.44	NA	40.44 N 73.58 W	197
SRR29316452	Anas platyrhynchos	Ceca	8839	NA	NA	One Health Enteric sample from Campylobacter coli	Campylobacter from domestic ducks	Ceca-1F-H2	Illumina MiSeq sequencing: Ceca-1F-H2	SAMN41675797		NA	PubMLST_ID=118154	USA: midwest	30-05-18	NA	NA	1;131567;2;29547;3031852;213849;72294;194;195	29-05-18	30-05-18	Ceca-1F-H2	Ceca-1F-H2	NA	NA	NA	195
ERR1163662	NA	Duck	NA	NA	NA	Campylobacter coli SWAN288	Genomics of Campylobacter coli	LDI6783	Illumina HiSeq 2500 paired end sequencing	SAMEA3683277		NA	SWAN288	United Kingdom	31-12-13	NA	NA	1;131567;2;29547;3031852;213849;72294;194;195	01-01-13	2013	ena-EXPERIMENT-INSTITUTE OF FOOD RESEARCH-05-12-2015-03:02:25:054-278	unspecified	NA	NA	NA	195
SRR21995109	Anser sp.	NA	8847	NA	NA	Microbe sample from Campylobacter coli	Campylobacter Genome sequencing and assembly	EE4P	Illumina HiSeq 2000 sequencing: WGS of Campylobacter	SAMN28017089		NA	NA	China: Jiangsu	31-12-17	NA	NA	1;131567;2;29547;3031852;213849;72294;194;195	01-01-17	2017	EE4P	EE4P	NA	NA	NA	195
SRR29316406	Anas platyrhynchos	Ceca	8839	NA	NA	One Health Enteric sample from Campylobacter coli	Campylobacter from domestic ducks	Ceca3F-C8	Illumina MiSeq sequencing: Ceca3F-C8	SAMN41675801		NA	PubMLST_ID=118229	USA: midwest	11-12-18	NA	NA	1;131567;2;29547;3031852;213849;72294;194;195	11-12-18	11-12-18	Ceca3F-C8	Ceca3F-C8	NA	NA	NA	195
ERR2601935	Anas platyrhynchos	Feces	8839	NA	NA	IN_Cj_FI_151	INNUENDO sequencing project	IN_Cj_FI_151	Illumina MiSeq paired end sequencing	SAMEA4697582		NA	IN_Cj_FI_151	Finland	31-12-07	NA	NA	1;131567;2;29547;3031852;213849;72294;194;197	01-01-07	2007	IN_Cj_FI_151	NA	NA	NA	NA	197
ERR12188774	NA	NA	NA	NA	NA	SAMPLE_OXCgoose-222_S392	Whole genome sequencing and analysis of Campylobacter isolates from the United Kingdom	SAMPLE_OXCgoose-222_S392	NextSeq 2000 sequencing: SAMPLE_OXCgoose-222_S392	SAMEA114572045		NA	Not applicable	United Kingdom	31-12-03	NA	NA	1;131567;2;29547;3031852;213849;72294;194;197	01-01-03	2003	SAMPLE_OXCgoose-222_S392	SAMPLE_OXCgoose-222_S392	NA	NA	NA	197
SRR5209566	NA	Goose faeces	NA	NA	NA	Pathogen: environmental/food/other sample from Campylobacter jejuni	A Genome-Wide Association Study to Identify Diagnostic Markers for Human Pathogenic Campylobacter jejuni Strains	C3GFDB014559	Illumina HiSeq 2000 sequencing: DNA seq of Campylobacter jejuni: Goose faeces	SAMN06270799		NA	CI_0458	Canada: Alberta	19-08-04	53.9332 N 116.5765 W	-116.5765	1;131567;2;29547;3031852;213849;72294;194;197	18-08-04	19-08-04	C3GFDB014559	C3GFDB014559	53.9332	NA	53.9332 N 116.5765 W	197
SRR29316409	Anas platyrhynchos	Pre-Chill-Carcass	8839	NA	NA	One Health Enteric sample from Campylobacter jejuni	Campylobacter from domestic ducks	Pre-Carcass4B-J8	Illumina MiSeq sequencing: Pre-Carcass4B-J8	SAMN41675850		NA	PubMLST_ID=118226	USA: midwest	11-12-18	NA	NA	1;131567;2;29547;3031852;213849;72294;194;197	11-12-18	11-12-18	Pre-Carcass4B-J8	Pre-Carcass4B-J8	NA	NA	NA	197
SRR8787363	Anas platyrhynchos	duck - teal	8839	NA	NA	Pathogen: clinical or host-associated sample from Campylobacter coli	Campylobacter is a hugely diverse species with multiple lineages commonly found in the intestines of most mammals and avian species. We use a microevolutionary approach to estimate the effect of mutation and recombination on the rate at which lineage	ID5753_79-395	Illumina MiSeq sequencing: Campylobacter WGS	SAMN11258586		NA	Mseq#56_S51	USA: New York	31-12-79	40.44 N 73.58 W	-73.58	1;131567;2;29547;3031852;213849;72294;194;195	01-01-79	1979	Mseq#56_S51	Mseq#56_S51	40.44	NA	40.44 N 73.58 W	195
SRR13367282	NA	Duck feces	NA	NA	NA	Pathogen: environmental/food/other sample from Campylobacter coli	Ancestral Campylobacter coli clades	ID3736_Duck409	Illumina MiSeq sequencing: Ccoli WGS	SAMN17225485		NA	Duck409	United Kingdom	31-12-07	51.45 N 1.15 W	-1.15	1;131567;2;29547;3031852;213849;72294;194;195	01-01-07	2007	SS_1759	SS_1759	51.45	NA	51.45 N 1.15 W	195
ERR1163759	NA	Duck	NA	NA	NA	Campylobacter coli SWAN342	Genomics of Campylobacter coli	LDI9168	Illumina HiSeq 2500 paired end sequencing	SAMEA3683374		NA	SWAN342	United Kingdom	31-12-13	NA	NA	1;131567;2;29547;3031852;213849;72294;194;195	01-01-13	2013	ena-EXPERIMENT-INSTITUTE OF FOOD RESEARCH-05-12-2015-03:02:25:080-375	unspecified	NA	NA	NA	195
SRR13367291	NA	Duck feces	NA	NA	NA	Pathogen: environmental/food/other sample from Campylobacter coli	Ancestral Campylobacter coli clades	ID3728_Duck364	Illumina MiSeq sequencing: Ccoli WGS	SAMN17225477		NA	Duck364	United Kingdom	31-12-07	51.45 N 1.15 W	-1.15	1;131567;2;29547;3031852;213849;72294;194;195	01-01-07	2007	SS_1737	SS_1737	51.45	NA	51.45 N 1.15 W	195
ERR12188769	NA	NA	NA	NA	NA	SAMPLE_OXCduck-91_S399	Whole genome sequencing and analysis of Campylobacter isolates from the United Kingdom	SAMPLE_OXCduck-91_S399	NextSeq 2000 sequencing: SAMPLE_OXCduck-91_S399	SAMEA114572040		NA	Not applicable	United Kingdom	31-12-07	NA	NA	1;131567;2;29547;3031852;213849;72294;194;197	01-01-07	2007	SAMPLE_OXCduck-91_S399	SAMPLE_OXCduck-91_S399	NA	NA	NA	197
SRR21995110	Anser sp.	NA	8847	NA	NA	Microbe sample from Campylobacter coli	Campylobacter Genome sequencing and assembly	EE3S	Illumina HiSeq 2000 sequencing: WGS of Campylobacter	SAMN28017088		NA	NA	China: Jiangsu	31-12-17	NA	NA	1;131567;2;29547;3031852;213849;72294;194;195	01-01-17	2017	EE3S	EE3S	NA	NA	NA	195
SRR10239225	NA	Meleagris gallopavo	NA	NA	NA	Pathogen: environmental/food/other sample from Campylobacter jejuni subsp. jejuni	Campylobacter jejuni subsp. jejuni strain:NADC 20827 Genome sequencing and assembly	NADC 20827	MinION sequencing: Long Reads CjejuniNADC20827	SAMN12725417		NA	NA	USA: Iowa	31-12-05	42.3125 N 93.5788 W	-93.5788	1;131567;2;29547;3031852;213849;72294;194;197;32022	01-01-05	2005	CjejuniNADC20827_1	CjejuniNADC20827_1	42.3125	NA	42.3125 N 93.5788 W	32022
SRR21995113	Anser sp.	NA	8847	NA	NA	Microbe sample from Campylobacter coli	Campylobacter Genome sequencing and assembly	EE1G	Illumina HiSeq 2000 sequencing: WGS of Campylobacter	SAMN28017085		NA	NA	China: Jiangsu	31-12-17	NA	NA	1;131567;2;29547;3031852;213849;72294;194;195	01-01-17	2017	EE1G	EE1G	NA	NA	NA	195
SRR29316445	Anas platyrhynchos	Crop	8839	NA	NA	One Health Enteric sample from Campylobacter jejuni	Campylobacter from domestic ducks	Crop4B-F8	Illumina MiSeq sequencing: Crop4B-F8	SAMN41675821		NA	PubMLST_ID=118139	USA: midwest	02-10-18	NA	NA	1;131567;2;29547;3031852;213849;72294;194;197	01-10-18	02-10-18	Crop4B-F8	Crop4B-F8	NA	NA	NA	197
SRR29316426	Anas platyrhynchos	Ceca	8839	NA	NA	One Health Enteric sample from Campylobacter jejuni	Campylobacter from domestic ducks	Ceca5F-2-F9	Illumina MiSeq sequencing: Ceca5F-2-F9	SAMN41675805		NA	PubMLST_ID=118197	USA: midwest	11-12-18	NA	NA	1;131567;2;29547;3031852;213849;72294;194;197	11-12-18	11-12-18	Ceca5F-2-F9	Ceca5F-2-F9	NA	NA	NA	197
SRR13367287	NA	Duck feces	NA	NA	NA	Pathogen: environmental/food/other sample from Campylobacter coli	Ancestral Campylobacter coli clades	ID3732_Duck387	Illumina MiSeq sequencing: Ccoli WGS	SAMN17225481		NA	Duck387	United Kingdom	31-12-07	51.45 N 1.15 W	-1.15	1;131567;2;29547;3031852;213849;72294;194;195	01-01-07	2007	SS_1746	SS_1746	51.45	NA	51.45 N 1.15 W	195
SRR13367278	NA	Duck feces	NA	NA	NA	Pathogen: environmental/food/other sample from Campylobacter coli	Ancestral Campylobacter coli clades	ID3718_Duck287	Illumina MiSeq sequencing: Ccoli WGS	SAMN17225467		NA	Duck287	United Kingdom	31-12-07	51.45 N 1.15 W	-1.15	1;131567;2;29547;3031852;213849;72294;194;195	01-01-07	2007	SS_1708	SS_1708	51.45	NA	51.45 N 1.15 W	195
SRR29316444	Anas platyrhynchos	Crop	8839	NA	NA	One Health Enteric sample from Campylobacter coli	Campylobacter from domestic ducks	Crop4B-G1	Illumina MiSeq sequencing: Crop4B-G1	SAMN41675822		NA	PubMLST_ID=118200	USA: midwest	11-12-18	NA	NA	1;131567;2;29547;3031852;213849;72294;194;195	11-12-18	11-12-18	Crop4B-G1	Crop4B-G1	NA	NA	NA	195
SRR6197701	NA	Anas platyrhynchos	NA	NA	NA	Pathogen: environmental/food/other sample from Campylobacter jejuni	Campylobacter jejuni Genome sequencing and assembly	SKS#3927	Illumina MiSeq sequencing: WGS of Campylobacter jejuni from mallard duck	SAMN07818933		NA	NA	Sweden	31-12-02	56.39 N 16.21 E	16.21	1;131567;2;29547;3031852;213849;72294;194;197	01-01-02	2002	SKS#3927	SKS#3927	56.39	NA	56.39 N 16.21 E	197
SRR29316416	Anas platyrhynchos	Pre-Chill-Carcass	8839	NA	NA	One Health Enteric sample from Campylobacter jejuni	Campylobacter from domestic ducks	Pre-Carcass2B-G4	Illumina MiSeq sequencing: Pre-Carcass2B-G4	SAMN41675844		NA	PubMLST_ID=118167	USA: midwest	11-12-18	NA	NA	1;131567;2;29547;3031852;213849;72294;194;197	11-12-18	11-12-18	Pre-Carcass2B-G4	Pre-Carcass2B-G4	NA	NA	NA	197
SRR29316433	Anas platyrhynchos	Post-Chill-Carcass	8839	NA	NA	One Health Enteric sample from Campylobacter jejuni	Campylobacter from domestic ducks	Post-Carcass-1B-E6	Illumina MiSeq sequencing: Post-Carcass-1B-E6	SAMN41675832		NA	PubMLST_ID=118143	USA: midwest	30-10-18	NA	NA	1;131567;2;29547;3031852;213849;72294;194;197	30-10-18	30-10-18	Post-Carcass-1B-E6	Post-Carcass-1B-E6	NA	NA	NA	197
SRR29316417	Anas platyrhynchos	Pre-Chill-Carcass	8839	NA	NA	One Health Enteric sample from Campylobacter coli	Campylobacter from domestic ducks	Pre-Carcass1B-G3	Illumina MiSeq sequencing: Pre-Carcass1B-G3	SAMN41675843		NA	PubMLST_ID=118203	USA: midwest	11-12-18	NA	NA	1;131567;2;29547;3031852;213849;72294;194;195	11-12-18	11-12-18	Pre-Carcass1B-G3	Pre-Carcass1B-G3	NA	NA	NA	195
SRR29316458	Anas platyrhynchos	Ceca	8839	NA	NA	One Health Enteric sample from Campylobacter jejuni	Campylobacter from domestic ducks	Crop1B-F10	Illumina MiSeq sequencing: Crop1B-F10	SAMN41675809		NA	PubMLST_ID=118198	USA: midwest	11-12-18	NA	NA	1;131567;2;29547;3031852;213849;72294;194;197	11-12-18	11-12-18	Crop1B-F10	Crop1B-F10	NA	NA	NA	197
SRR8787399	Anas platyrhynchos	duck	8839	NA	NA	Pathogen: clinical or host-associated sample from Campylobacter jejuni	Campylobacter is a hugely diverse species with multiple lineages commonly found in the intestines of most mammals and avian species. We use a microevolutionary approach to estimate the effect of mutation and recombination on the rate at which lineage	ID5735_79-23	Illumina MiSeq sequencing: Campylobacter WGS	SAMN11258577		NA	Mseq#56_S28	USA: New York	31-12-79	40.44 N 73.58 W	-73.58	1;131567;2;29547;3031852;213849;72294;194;197	01-01-79	1979	Mseq#56_S28	Mseq#56_S28	40.44	NA	40.44 N 73.58 W	197
ERR1163661	NA	Duck	NA	NA	NA	Campylobacter coli SWAN408	Genomics of Campylobacter coli	LDI6782	Illumina HiSeq 2500 paired end sequencing	SAMEA3683276		NA	SWAN408	United Kingdom	31-12-13	NA	NA	1;131567;2;29547;3031852;213849;72294;194;195	01-01-13	2013	ena-EXPERIMENT-INSTITUTE OF FOOD RESEARCH-05-12-2015-03:02:25:054-277	unspecified	NA	NA	NA	195
SRR29316428	Anas platyrhynchos	Ceca	8839	NA	NA	One Health Enteric sample from Campylobacter coli	Campylobacter from domestic ducks	Ceca1F-B5	Illumina MiSeq sequencing: Ceca1F-B5	SAMN41675795		NA	PubMLST_ID=118171	USA: midwest	02-10-18	NA	NA	1;131567;2;29547;3031852;213849;72294;194;195	01-10-18	02-10-18	Ceca1F-B5	Ceca1F-B5	NA	NA	NA	195
SRR11515393	Anas platyrhynchos	missing	8839	NA	NA	Pathogen: clinical or host-associated sample from Campylobacter jejuni	Campylobacter jejuni Raw sequence reads	2017-TE-21233-1-40	NextSeq 500 sequencing: WGS study of Campylobacter jejuni in wild birds in Italy	SAMN14564544		NA	17866-1-1	Italy	31-12-17	NA	NA	1;131567;2;29547;3031852;213849;72294;194;197	01-01-17	2017	2017-TE-21233-1-40	2017-TE-21233-1-40	NA	NA	NA	197
SRR13367283	NA	Duck feces	NA	NA	NA	Pathogen: environmental/food/other sample from Campylobacter coli	Ancestral Campylobacter coli clades	ID3735_Duck408	Illumina MiSeq sequencing: Ccoli WGS	SAMN17225484		NA	Duck408	United Kingdom	31-12-07	51.45 N 1.15 W	-1.15	1;131567;2;29547;3031852;213849;72294;194;195	01-01-07	2007	SS_1758	SS_1758	51.45	NA	51.45 N 1.15 W	195
SRR4379981	Chroicocephalus ridibundus	Rectal swab	1192867	NA	NA	BIGSid: 2948	Campylobacter from wild bird species	00C664	Illumina HiSeq 2500 sequencing: WGS of environmental C. jejuni from wild bird species	SAMN05878512		NA	NA	Sweden	31-12-00	59.51 N 17.38 E	17.38	1;131567;2;29547;3031852;213849;72294;194;197	01-01-00	2000	11792_8#23	11792_8#23	59.51	NA	59.51 N 17.38 E	197
SRR29316456	Anas platyrhynchos	Ceca	8839	NA	NA	One Health Enteric sample from Campylobacter coli	Campylobacter from domestic ducks	Crop1D-B2	Illumina MiSeq sequencing: Crop1D-B2	SAMN41675811		NA	PubMLST_ID=118177	USA: midwest	30-10-18	NA	NA	1;131567;2;29547;3031852;213849;72294;194;195	30-10-18	30-10-18	Crop1D-B2	Crop1D-B2	NA	NA	NA	195
SRR29316418	Anas platyrhynchos	Pre-Chill-Carcass	8839	NA	NA	One Health Enteric sample from Campylobacter jejuni	Campylobacter from domestic ducks	Pre-Carcass1B-F4	Illumina MiSeq sequencing: Pre-Carcass1B-F4	SAMN41675842		NA	PubMLST_ID=118148	USA: midwest	11-12-18	NA	NA	1;131567;2;29547;3031852;213849;72294;194;197	11-12-18	11-12-18	Pre-Carcass1B-F4	Pre-Carcass1B-F4	NA	NA	NA	197
SRR27387502	Cairina moschata	fecal stool	8855	NA	NA	LMIC duck fecal stool sample CAM005405-034495, whole-genome shotgun sequencing	Epidemiology and impact of emerging Campylobacter species isolated from humans and animals in Loreto Department Peru: Genome sequencing and assembly	CAM005405-034495	Illumina MiSeq sequencing: LMIC duck fecal stool sample CAM005405-034495, whole-genome shotgun sequencing	SAMN39202324		NA	NA	Peru:Loreto	15-12-22	3.8 S 73.34 W	-73.34	1;131567;2;29547;3031852;213849;72294;194;197	15-12-22	15-12-22	CAM005405-034495	CAM005405-034495	-3.8	NA	3.8 S 73.34 W	197
SRR29316404	Anas platyrhynchos	Ceca	8839	NA	NA	One Health Enteric sample from Campylobacter jejuni	Campylobacter from domestic ducks	Ceca-4F-H5	Illumina MiSeq sequencing: Ceca-4F-H5	SAMN41675803		NA	PubMLST_ID=118157	USA: midwest	02-10-18	NA	NA	1;131567;2;29547;3031852;213849;72294;194;197	01-10-18	02-10-18	Ceca-4F-H5	Ceca-4F-H5	NA	NA	NA	197
ERR1163780	NA	duck	NA	NA	NA	Campylobacter coli SWAN372	Genomics of Campylobacter coli	LDI9189	Illumina HiSeq 2500 paired end sequencing	SAMEA3683395		NA	SWAN372	United Kingdom	31-12-13	NA	NA	1;131567;2;29547;3031852;213849;72294;194;195	01-01-13	2013	ena-EXPERIMENT-INSTITUTE OF FOOD RESEARCH-05-12-2015-03:02:25:086-396	unspecified	NA	NA	NA	195
ERR1163473	NA	Duck	NA	NA	NA	Campylobacter coli SWAN254	Genomics of Campylobacter coli	LDI12979	Illumina HiSeq 2500 paired end sequencing	SAMEA3683087		NA	SWAN254	United Kingdom	31-12-13	NA	NA	1;131567;2;29547;3031852;213849;72294;194;195	01-01-13	2013	ena-EXPERIMENT-INSTITUTE OF FOOD RESEARCH-05-12-2015-03:02:25:005-89	unspecified	NA	NA	NA	195
ERR12188771	NA	NA	NA	NA	NA	SAMPLE_OXCduck-93_S415	Whole genome sequencing and analysis of Campylobacter isolates from the United Kingdom	SAMPLE_OXCduck-93_S415	NextSeq 2000 sequencing: SAMPLE_OXCduck-93_S415	SAMEA114572042		NA	Not applicable	United Kingdom	31-12-07	NA	NA	1;131567;2;29547;3031852;213849;72294;194;197	01-01-07	2007	SAMPLE_OXCduck-93_S415	SAMPLE_OXCduck-93_S415	NA	NA	NA	197
SRR2962355	Antigone canadensis	crane stool (Grus canadensis)	1977160	NA	NA	Pathogen: environmental/food/other sample from Campylobacter jejuni	GenomeTrakr Project: State of Alaska Public Health Laboratory	AK0904400149	Illumina MiSeq paired end sequencing: Whole genome shotgun sequencing of Campylobacter jejuni by Illumina MiSeq	SAMN03387055		NA	CFSAN030017	USA:AK	13-02-09	NA	NA	1;131567;2;29547;3031852;213849;72294;194;197	13-02-09	13-02-09	EXT00150140	Campylobacter jejuni Nextera XT shotgun	NA	NA	NA	197
SRR27387504	Cairina moschata	fecal stool	8855	NA	NA	LMIC duck fecal stool sample CAM005406-034549, whole-genome shotgun sequencing	Epidemiology and impact of emerging Campylobacter species isolated from humans and animals in Loreto Department Peru: Genome sequencing and assembly	CAM005406-034549	Illumina MiSeq sequencing: LMIC duck fecal stool sample CAM005406-034549, whole-genome shotgun sequencing	SAMN39202325		NA	NA	Peru:Loreto	15-12-22	3.8 S 73.34 W	-73.34	1;131567;2;29547;3031852;213849;72294;194;197	15-12-22	15-12-22	CAM005406-034549	CAM005406-034549	-3.8	NA	3.8 S 73.34 W	197
SRR13367289	NA	Duck feces	NA	NA	NA	Pathogen: environmental/food/other sample from Campylobacter coli	Ancestral Campylobacter coli clades	ID3730_Duck372	Illumina MiSeq sequencing: Ccoli WGS	SAMN17225479		NA	Duck372	United Kingdom	31-12-07	51.45 N 1.15 W	-1.15	1;131567;2;29547;3031852;213849;72294;194;195	01-01-07	2007	SS_1741	SS_1741	51.45	NA	51.45 N 1.15 W	195
SRR8787364	Anas platyrhynchos	duck	8839	NA	NA	Pathogen: clinical or host-associated sample from Campylobacter jejuni	Campylobacter is a hugely diverse species with multiple lineages commonly found in the intestines of most mammals and avian species. We use a microevolutionary approach to estimate the effect of mutation and recombination on the rate at which lineage	ID5754_79-396	Illumina MiSeq sequencing: Campylobacter WGS	SAMN11258587		NA	Mseq#56_S57	USA: New York	31-12-79	40.44 N 73.58 W	-73.58	1;131567;2;29547;3031852;213849;72294;194;197	01-01-79	1979	Mseq#56_S57	Mseq#56_S57	40.44	NA	40.44 N 73.58 W	197
ERR1163751	NA	Duck	NA	NA	NA	Campylobacter coli SWAN269	Genomics of Campylobacter coli	LDI9160	Illumina HiSeq 2500 paired end sequencing	SAMEA3683366		NA	SWAN269	United Kingdom	31-12-13	NA	NA	1;131567;2;29547;3031852;213849;72294;194;195	01-01-13	2013	ena-EXPERIMENT-INSTITUTE OF FOOD RESEARCH-05-12-2015-03:02:25:078-367	unspecified	NA	NA	NA	195
SRR5209561	NA	Goose faeces	NA	NA	NA	Pathogen: environmental/food/other sample from Campylobacter jejuni	A Genome-Wide Association Study to Identify Diagnostic Markers for Human Pathogenic Campylobacter jejuni Strains	C3GFDB014630	Illumina HiSeq 2000 sequencing: DNA seq of Campylobacter jejuni: Goose faeces	SAMN06270804		NA	CI_0765	Canada: Alberta	15-11-04	53.9332 N 116.5765 W	-116.5765	1;131567;2;29547;3031852;213849;72294;194;197	15-11-04	15-11-04	C3GFDB014630	C3GFDB014630	53.9332	NA	53.9332 N 116.5765 W	197
SRR13132260	Anas platyrhynchos	feces	8839	NA	NA	Campylobacter_jejuni_id5723	Campylobacter spp. isolates collected by Sheppard Lab	id5723	Illumina MiSeq sequencing: Campylobacter_jejuni_id5723	SAMN16912230		NA	78-102	USA: New York	31-12-78	40.44 N 73.58 W	-73.58	1;131567;2;29547;3031852;213849;72294;194;197	01-01-78	1978	78-102	78-102	40.44	NA	40.44 N 73.58 W	197
SRR15194602	Aythya fuligula	NA	219594	NA	NA	Microbe sample from Campylobacter jejuni	Genomic epidemiology of antimicrobial resistance in bacteria	B66	Illumina HiSeq 2500 sequencing: WGS of Campylobacter	SAMN20308138		NA	NA	Bangladesh	15-01-09	NA	NA	1;131567;2;29547;3031852;213849;72294;194;197	15-01-09	15-01-09	B66	B66	NA	NA	NA	197
SRR8787410	Anas platyrhynchos	duck - Gadwall Teal wild	8839	NA	NA	Pathogen: clinical or host-associated sample from Campylobacter coli	Campylobacter is a hugely diverse species with multiple lineages commonly found in the intestines of most mammals and avian species. We use a microevolutionary approach to estimate the effect of mutation and recombination on the rate at which lineage	ID5755_79-414	Illumina MiSeq sequencing: Campylobacter WGS	SAMN11258588		NA	Mseq#56_S63	USA: New York	31-12-79	40.44 N 73.58 W	-73.58	1;131567;2;29547;3031852;213849;72294;194;195	01-01-79	1979	Mseq#56_S63	Mseq#56_S63	40.44	NA	40.44 N 73.58 W	195
SRR13367284	NA	Duck feces	NA	NA	NA	Pathogen: environmental/food/other sample from Campylobacter coli	Ancestral Campylobacter coli clades	ID3734_Duck404	Illumina MiSeq sequencing: Ccoli WGS	SAMN17225483		NA	Duck404	United Kingdom	31-12-07	51.45 N 1.15 W	-1.15	1;131567;2;29547;3031852;213849;72294;194;195	01-01-07	2007	SS_1755	SS_1755	51.45	NA	51.45 N 1.15 W	195
SRR29316449	Anas platyrhynchos	Crop	8839	NA	NA	One Health Enteric sample from Campylobacter coli	Campylobacter from domestic ducks	Crop3B-J2	Illumina MiSeq sequencing: Crop3B-J2	SAMN41675817		NA	PubMLST_ID=118217	USA: midwest	11-12-18	NA	NA	1;131567;2;29547;3031852;213849;72294;194;195	11-12-18	11-12-18	Crop3B-J2	Crop3B-J2	NA	NA	NA	195
SRR13367296	NA	Duck feces	NA	NA	NA	Pathogen: environmental/food/other sample from Campylobacter coli	Ancestral Campylobacter coli clades	ID3723_Duck331	Illumina MiSeq sequencing: Ccoli WGS	SAMN17225472		NA	Duck331	United Kingdom	31-12-07	51.45 N 1.15 W	-1.15	1;131567;2;29547;3031852;213849;72294;194;195	01-01-07	2007	SS_1724	SS_1724	51.45	NA	51.45 N 1.15 W	195
ERR1163626	NA	Duck	NA	NA	NA	Campylobacter coli SWAN331	Genomics of Campylobacter coli	LDI6745	Illumina HiSeq 2500 paired end sequencing	SAMEA3683241		NA	SWAN331	United Kingdom	31-12-13	NA	NA	1;131567;2;29547;3031852;213849;72294;194;195	01-01-13	2013	ena-EXPERIMENT-INSTITUTE OF FOOD RESEARCH-05-12-2015-03:02:25:045-242	unspecified	NA	NA	NA	195
SRR29316437	Anas platyrhynchos	Crop	8839	NA	NA	One Health Enteric sample from Campylobacter coli	Campylobacter from domestic ducks	Crop5D-B4	Illumina MiSeq sequencing: Crop5D-B4	SAMN41675828		NA	PubMLST_ID=118183	USA: midwest	11-12-18	NA	NA	1;131567;2;29547;3031852;213849;72294;194;195	11-12-18	11-12-18	Crop5D-B4	Crop5D-B4	NA	NA	NA	195
SRR13367285	NA	Duck feces	NA	NA	NA	Pathogen: environmental/food/other sample from Campylobacter coli	Ancestral Campylobacter coli clades	ID3733_Duck402	Illumina MiSeq sequencing: Ccoli WGS	SAMN17225482		NA	Duck402	United Kingdom	31-12-07	51.45 N 1.15 W	-1.15	1;131567;2;29547;3031852;213849;72294;194;195	01-01-07	2007	SS_1769	SS_1769	51.45	NA	51.45 N 1.15 W	195
ERR12188775	NA	NA	NA	NA	NA	SAMPLE_OXCgoose-226_S400	Whole genome sequencing and analysis of Campylobacter isolates from the United Kingdom	SAMPLE_OXCgoose-226_S400	NextSeq 2000 sequencing: SAMPLE_OXCgoose-226_S400	SAMEA114572046		NA	Not applicable	United Kingdom	31-12-03	NA	NA	1;131567;2;29547;3031852;213849;72294;194;197	01-01-03	2003	SAMPLE_OXCgoose-226_S400	SAMPLE_OXCgoose-226_S400	NA	NA	NA	197
SRR29316441	Anas platyrhynchos	Ceca	8839	NA	NA	One Health Enteric sample from Campylobacter coli	Campylobacter from domestic ducks	Ceca2F-2-I7	Illumina MiSeq sequencing: Ceca2F-2-I7	SAMN41675798		NA	PubMLST_ID=118208	USA: midwest	30-10-18	NA	NA	1;131567;2;29547;3031852;213849;72294;194;195	30-10-18	30-10-18	Ceca2F-2-I7	Ceca2F-2-I7	NA	NA	NA	195
ERR1163752	NA	Duck	NA	NA	NA	Campylobacter coli SWAN392	Genomics of Campylobacter coli	LDI9161	Illumina HiSeq 2500 paired end sequencing	SAMEA3683367		NA	SWAN392	United Kingdom	31-12-13	NA	NA	1;131567;2;29547;3031852;213849;72294;194;195	01-01-13	2013	ena-EXPERIMENT-INSTITUTE OF FOOD RESEARCH-05-12-2015-03:02:25:078-368	unspecified	NA	NA	NA	195
ERR12188772	NA	NA	NA	NA	NA	SAMPLE_OXCgeese-285_S431	Whole genome sequencing and analysis of Campylobacter isolates from the United Kingdom	SAMPLE_OXCgeese-285_S431	NextSeq 2000 sequencing: SAMPLE_OXCgeese-285_S431	SAMEA114572043		NA	Not applicable	United Kingdom	31-12-03	NA	NA	1;131567;2;29547;3031852;213849;72294;194;197	01-01-03	2003	SAMPLE_OXCgeese-285_S431	SAMPLE_OXCgeese-285_S431	NA	NA	NA	197
SRR13367281	NA	Duck feces	NA	NA	NA	Pathogen: environmental/food/other sample from Campylobacter coli	Ancestral Campylobacter coli clades	ID3737_Duck195-1	Illumina MiSeq sequencing: Ccoli WGS	SAMN17225486		NA	Duck195-1	United Kingdom	31-12-07	51.45 N 1.15 W	-1.15	1;131567;2;29547;3031852;213849;72294;194;195	01-01-07	2007	SS_1680	SS_1680	51.45	NA	51.45 N 1.15 W	195
SRR29316429	Anas platyrhynchos	Post-Chill-Carcass	8839	NA	NA	One Health Enteric sample from Campylobacter coli	Campylobacter from domestic ducks	Post-Carcass-2B-D5	Illumina MiSeq sequencing: Post-Carcass-2B-D5	SAMN41675835		NA	PubMLST_ID=118185	USA: midwest	11-12-18	NA	NA	1;131567;2;29547;3031852;213849;72294;194;195	11-12-18	11-12-18	Post-Carcass-2B-D5	Post-Carcass-2B-D5	NA	NA	NA	195
SRR21995118	duck	NA	NA	NA	NA	Microbe sample from Campylobacter coli	Campylobacter Genome sequencing and assembly	DSDD	Illumina HiSeq 2000 sequencing: WGS of Campylobacter	SAMN28017081		NA	NA	China: Shandong	31-12-10	NA	NA	1;131567;2;29547;3031852;213849;72294;194;195	01-01-10	2010	DSDD	DSDD	NA	NA	NA	195
ERR1163781	NA	Duck	NA	NA	NA	Campylobacter coli SWAN387	Genomics of Campylobacter coli	LDI9190	Illumina HiSeq 2500 paired end sequencing	SAMEA3683396		NA	SWAN387	United Kingdom	31-12-13	NA	NA	1;131567;2;29547;3031852;213849;72294;194;195	01-01-13	2013	ena-EXPERIMENT-INSTITUTE OF FOOD RESEARCH-05-12-2015-03:02:25:086-397	unspecified	NA	NA	NA	195
SRR12634062	NA	Goose feces	NA	NA	NA	FCP	Campylobacter jejuni Genome sequencing and assembly	Non-chicken Bird-1	NextSeq 500 sequencing: WGS of Campylobacter jejuni:Goose feces	SAMN16122325		NA	Goose	USA:Tennessee	22-06-17	35.943917 N 83.938199 W	-83.938199	1;131567;2;29547;3031852;213849;72294;194;197	21-06-17	22-06-17	FCP-Non-chicken Bird-1	FCP-Non-chicken Bird-1	35.943917	NA	35.943917 N 83.938199 W	197
SRR8787351	Anas platyrhynchos	duck - mallard	8839	NA	NA	Pathogen: clinical or host-associated sample from Campylobacter jejuni	Campylobacter is a hugely diverse species with multiple lineages commonly found in the intestines of most mammals and avian species. We use a microevolutionary approach to estimate the effect of mutation and recombination on the rate at which lineage	ID5769_79-475	Illumina MiSeq sequencing: Campylobacter WGS	SAMN11258601		NA	Mseq#56_S36	USA: New York	31-12-79	40.44 N 73.58 W	-73.58	1;131567;2;29547;3031852;213849;72294;194;197	01-01-79	1979	Mseq#56_S36	Mseq#56_S36	40.44	NA	40.44 N 73.58 W	197
SRR8787362	Anas platyrhynchos	duck - teal	8839	NA	NA	Pathogen: clinical or host-associated sample from Campylobacter coli	Campylobacter is a hugely diverse species with multiple lineages commonly found in the intestines of most mammals and avian species. We use a microevolutionary approach to estimate the effect of mutation and recombination on the rate at which lineage	ID5752_79-393	Illumina MiSeq sequencing: Campylobacter WGS	SAMN11258585		NA	Mseq#56_S32	USA: New York	31-12-79	40.44 N 73.58 W	-73.58	1;131567;2;29547;3031852;213849;72294;194;195	01-01-79	1979	Mseq#56_S32	Mseq#56_S32	40.44	NA	40.44 N 73.58 W	195
ERR1163640	NA	Duck	NA	NA	NA	Campylobacter coli SWAN261	Genomics of Campylobacter coli	LDI6759	Illumina HiSeq 2500 paired end sequencing	SAMEA3683255		NA	SWAN261	United Kingdom	31-12-13	NA	NA	1;131567;2;29547;3031852;213849;72294;194;195	01-01-13	2013	ena-EXPERIMENT-INSTITUTE OF FOOD RESEARCH-05-12-2015-03:02:25:049-256	unspecified	NA	NA	NA	195
SRR29316460	Anas platyrhynchos	Ceca	8839	NA	NA	One Health Enteric sample from Campylobacter jejuni	Campylobacter from domestic ducks	Ceca-5F-D6	Illumina MiSeq sequencing: Ceca-5F-D6	SAMN41675807		NA	PubMLST_ID=118136	USA: midwest	01-05-18	NA	NA	1;131567;2;29547;3031852;213849;72294;194;197	30-04-18	01-05-18	Ceca-5F-D6	Ceca-5F-D6	NA	NA	NA	197
SRR2584003	Antigone canadensis	crane stool (Grus canadensis)	1977160	NA	NA	Pathogen: environmental/food/other sample from Campylobacter jejuni	GenomeTrakr Project: State of Alaska Public Health Laboratory	AK0904400158	Illumina MiSeq paired end sequencing: Whole genome shotgun sequencing of Campylobacter jejuni by Illumina MiSeq	SAMN03387064		NA	CFSAN030026	USA:AK	13-02-09	NA	NA	1;131567;2;29547;3031852;213849;72294;194;197	13-02-09	13-02-09	EXT00140642	Campylobacter jejuni Nextera XT shotgun	NA	NA	NA	197
SRR8787346	Anas platyrhynchos	duck - widgeon	8839	NA	NA	Pathogen: clinical or host-associated sample from Campylobacter jejuni	Campylobacter is a hugely diverse species with multiple lineages commonly found in the intestines of most mammals and avian species. We use a microevolutionary approach to estimate the effect of mutation and recombination on the rate at which lineage	ID5768_79-474	Illumina MiSeq sequencing: Campylobacter WGS	SAMN11258600		NA	Mseq#56_S37	USA: New York	31-12-79	40.44 N 73.58 W	-73.58	1;131567;2;29547;3031852;213849;72294;194;197	01-01-79	1979	Mseq#56_S37	Mseq#56_S37	40.44	NA	40.44 N 73.58 W	197
SRR13367298	NA	Duck feces	NA	NA	NA	Pathogen: environmental/food/other sample from Campylobacter coli	Ancestral Campylobacter coli clades	ID3713_Duck249	Illumina MiSeq sequencing: Ccoli WGS	SAMN17225462		NA	Duck249	United Kingdom	31-12-07	51.45 N 1.15 W	-1.15	1;131567;2;29547;3031852;213849;72294;194;195	01-01-07	2007	SS_1692	SS_1692	51.45	NA	51.45 N 1.15 W	195
SRR29316453	Anas platyrhynchos	Crop	8839	NA	NA	One Health Enteric sample from Campylobacter jejuni	Campylobacter from domestic ducks	Crop2B-I1	Illumina MiSeq sequencing: Crop2B-I1	SAMN41675814		NA	PubMLST_ID=118215	USA: midwest	11-12-18	NA	NA	1;131567;2;29547;3031852;213849;72294;194;197	11-12-18	11-12-18	Crop2B-I1	Crop2B-I1	NA	NA	NA	197
SRR29316434	Anas platyrhynchos	Crop	8839	NA	NA	One Health Enteric sample from Campylobacter jejuni	Campylobacter from domestic ducks	Post-Carcass-1B-D4	Illumina MiSeq sequencing: Post-Carcass-1B-D4	SAMN41675831		NA	PubMLST_ID=118184	USA: midwest	11-12-18	NA	NA	1;131567;2;29547;3031852;213849;72294;194;197	11-12-18	11-12-18	Post-Carcass-1B-D4	Post-Carcass-1B-D4	NA	NA	NA	197
SRR29316442	Anas platyrhynchos	Crop	8839	NA	NA	One Health Enteric sample from Campylobacter coli	Campylobacter from domestic ducks	Crop4D-H8	Illumina MiSeq sequencing: Crop4D-H8	SAMN41675824		NA	PubMLST_ID=118162	USA: midwest	11-12-18	NA	NA	1;131567;2;29547;3031852;213849;72294;194;195	11-12-18	11-12-18	Crop4D-H8	Crop4D-H8	NA	NA	NA	195
SRR29316459	Anas platyrhynchos	Ceca	8839	NA	NA	One Health Enteric sample from Campylobacter coli	Campylobacter from domestic ducks	Ceca5F-H6	Illumina MiSeq sequencing: Ceca5F-H6	SAMN41675808		NA	PubMLST_ID=118158	USA: midwest	02-10-18	NA	NA	1;131567;2;29547;3031852;213849;72294;194;195	01-10-18	02-10-18	Ceca5F-H6	Ceca5F-H6	NA	NA	NA	195
SRR8787354	Anas platyrhynchos	duck	8839	NA	NA	Pathogen: clinical or host-associated sample from Campylobacter jejuni	Campylobacter is a hugely diverse species with multiple lineages commonly found in the intestines of most mammals and avian species. We use a microevolutionary approach to estimate the effect of mutation and recombination on the rate at which lineage	ID5775_79-7	Illumina MiSeq sequencing: Campylobacter WGS	SAMN11258603		NA	Mseq#56_S26	USA: New York	31-12-79	40.44 N 73.58 W	-73.58	1;131567;2;29547;3031852;213849;72294;194;197	01-01-79	1979	Mseq#56_S26	Mseq#56_S26	40.44	NA	40.44 N 73.58 W	197
SRR13736822	NA	wild bird, Fulica atra	NA	NA	NA	Pathogen: environmental/food/other sample from Campylobacter coli	Campylobacter spp. from wild birds in Turkey	BfR-CA-15861	Illumina MiSeq sequencing: Campylobacter spp. from wild birds in Turkey	SAMN17977795		NA	123	Turkey	14-01-18	NA	NA	1;131567;2;29547;3031852;213849;72294;194;195	14-01-18	14-01-18	26	26	NA	NA	NA	195
SRR1816118	Crow	feces	NA	NA	NA	Microbe sample from Campylobacter sp. BCW_4317	Major food bacterial pathogens in the united states and around the world, including Salmonella enterica, E. coli, Shigella, Listeria monocytogenes, Campylobacter Jejuni, and Vibrio parahaemolyticus genome sequencing	BCW_4317	Illumina HiSeq 2500 sequencing: 100k Pathogen Genomes Submission: Sample BCW_4317	SAMN03358045		NA	NA	missing	NA	NA	NA	1;131567;2;29547;3031852;213849;72294;194;2593542;1904034	NA	not collected	BCW_4317	BCW_4317	NA	NA	NA	1904034
SRR11515454	Columba livia	missing	8932	NA	NA	Pathogen: clinical or host-associated sample from Campylobacter jejuni	Campylobacter jejuni Raw sequence reads	2019-TE-25696-1-15	NextSeq 500 sequencing: WGS study of Campylobacter jejuni in wild birds in Italy	SAMN14564595		NA	19109-1-1	Italy	31-12-19	NA	NA	1;131567;2;29547;3031852;213849;72294;194;197	01-01-19	2019	2019-TE-25696-1-15	2019-TE-25696-1-15	NA	NA	NA	197
SRR3619935	Crow	feces	NA	NA	NA	Microbe sample from Campylobacter jejuni	Major food bacterial pathogens in the united states and around the world, including Salmonella enterica, E. coli, Shigella, Listeria monocytogenes, Campylobacter Jejuni, and Vibrio parahaemolyticus genome sequencing	BCW_6883	Illumina HiSeq 3000 sequencing: Campylobacter Genomics	SAMN04532390		NA	NA	missing	NA	NA	NA	1;131567;2;29547;3031852;213849;72294;194;197	NA	not collected	BCW_6883	BCW_6883	NA	NA	NA	197
SRR11515421	Columba livia	missing	8932	NA	NA	Pathogen: clinical or host-associated sample from Campylobacter jejuni	Campylobacter jejuni Raw sequence reads	2017-TE-833-1-52	NextSeq 500 sequencing: WGS study of Campylobacter jejuni in wild birds in Italy	SAMN14564518		NA	27127-1-1	Italy	31-12-16	NA	NA	1;131567;2;29547;3031852;213849;72294;194;197	01-01-16	2016	2017-TE-833-1-52	2017-TE-833-1-52	NA	NA	NA	197
SRR23244655	NA	wild bird	NA	NA	NA	Microbe sample from Campylobacter jejuni	Campylobacter spp from CampyShell project	CS-J-C-169	Illumina MiSeq sequencing: Campylobacter jejuni	SAMN32932687		NA	NA	France: 22	18-06-18	NA	NA	1;131567;2;29547;3031852;213849;72294;194;197	17-06-18	18-06-18	CS-J-C-169	CS-J-C-169	NA	NA	NA	197
ERR3546043	NA	Corvid bird	NA	NA	NA	Zoonotic pathogens from Swedish corvids	Prevalence and genomic characteristics of zoonotic gastro-intestinal pathogens among Swedish corvid birds	SVAcorv_33	Illumina MiSeq paired end sequencing	SAMEA5968647	Zoonotic pathogens from Swedish corvids	NA	17-MIK195750	Sweden	31-12-17	NA	NA	1;131567;2;29547;3031852;213849;72294;194;197	01-01-17	2017	ena-EXPERIMENT-NATIONAL VETERINARY INSTITUTE (SVA)-24-09-2019-08:24:06:029-33	unspecified	NA	NA	NA	197
SRR1815361	Crow	feces	NA	NA	NA	Microbe sample from Campylobacter sp. BCW_6465	Major food bacterial pathogens in the united states and around the world, including Salmonella enterica, E. coli, Shigella, Listeria monocytogenes, Campylobacter Jejuni, and Vibrio parahaemolyticus genome sequencing	BCW_6465	Illumina HiSeq 2500 sequencing: 100k Pathogen Genomes Submission: Sample BCW_6465	SAMN03360174		NA	NA	missing	NA	NA	NA	1;131567;2;29547;3031852;213849;72294;194;2593542;1903582	NA	not collected	BCW_6465	BCW_6465	NA	NA	NA	1903582
SRR4067224	NA	Crow	NA	NA	NA	Microbe sample from Campylobacter jejuni	Major food bacterial pathogens in the united states and around the world, including Salmonella enterica, E. coli, Shigella, Listeria monocytogenes, Campylobacter Jejuni, and Vibrio parahaemolyticus genome sequencing	BCW_6870	Illumina HiSeq 3000 sequencing: Campylobacter Genomics	SAMN04532386		NA	BCW_6870	missing	NA	NA	NA	1;131567;2;29547;3031852;213849;72294;194;197	NA	not collected	BCW_6870	BCW_6870	NA	NA	NA	197
ERR10497225	NA	Other wild birds (partridges)	NA	NA	NA	CAMPY_91	Campylobacter genomes deposited by VISAVET-UCM (Madrid, Spain) within the One Health European Joint Programme (OHEJP) DISCoVeR-project	ena-SAMPLE-TAB-17-11-2022-16:11:31:105-932	Illumina MiSeq sequencing	SAMEA112143445		NA	ZTA20-00563	Spain	31-12-08	NA	NA	1;131567;2;29547;3031852;213849;72294;194;197;32022	01-01-08	2008	ena-EXPERIMENT-TAB-17-11-2022-22:54:32:563-1188	VISAVET-UCM_DISCoVeR	NA	healthy	NA	32022
ERR4225107	NA	wild bird	NA	NA	NA	CvS190026	Discerning Environmental Pathways of Campylobacter Transmission	CvS190026	NextSeq 500 paired end sequencing	SAMEA6936532		NA	NA	Netherlands	31-12-19	NA	NA	1;131567;2;29547;3031852;213849;72294;194;197	01-01-19	2019	ena-EXPERIMENT-UTRECHT UNIVERSITY-09-06-2020-12:40:21:596-1400	unspecified	NA	NA	NA	197
ERR4225086	NA	wild bird	NA	NA	NA	CvS190001	Discerning Environmental Pathways of Campylobacter Transmission	CvS190001	NextSeq 500 paired end sequencing	SAMEA6936491		NA	NA	Netherlands	31-12-19	NA	NA	1;131567;2;29547;3031852;213849;72294;194;197	01-01-19	2019	ena-EXPERIMENT-UTRECHT UNIVERSITY-09-06-2020-12:40:21:595-1379	unspecified	NA	NA	NA	197
SRR1816119	Crow	feces	NA	NA	NA	Microbe sample from Campylobacter sp. BCW_4319	Major food bacterial pathogens in the united states and around the world, including Salmonella enterica, E. coli, Shigella, Listeria monocytogenes, Campylobacter Jejuni, and Vibrio parahaemolyticus genome sequencing	BCW_4319	Illumina HiSeq 2500 sequencing: 100k Pathogen Genomes Submission: Sample BCW_4319	SAMN03358046		NA	NA	missing	NA	NA	NA	1;131567;2;29547;3031852;213849;72294;194;2593542;1904035	NA	not collected	BCW_4319	BCW_4319	NA	NA	NA	1904035
SRR13736827	NA	wild bird, Fulica atra	NA	NA	NA	Pathogen: environmental/food/other sample from Campylobacter coli	Campylobacter spp. from wild birds in Turkey	BfR-CA-15855	Illumina MiSeq sequencing: Campylobacter spp. from wild birds in Turkey	SAMN17977790		NA	118B	Turkey	14-01-18	NA	NA	1;131567;2;29547;3031852;213849;72294;194;195	14-01-18	14-01-18	21	21	NA	NA	NA	195
SRR23244644	NA	wild bird	NA	NA	NA	Microbe sample from Campylobacter coli	Campylobacter spp from CampyShell project	CS-C-O-308	Illumina MiSeq sequencing: Campylobacter coli	SAMN32932697		NA	NA	France: 29	27-03-17	NA	NA	1;131567;2;29547;3031852;213849;72294;194;195	26-03-17	27-03-17	CS-C-O-308	CS-C-O-308	NA	NA	NA	195
SRR25523034	NA	feces	NA	NA	NA	Popa1n4222	Campylobacter jejuni isolated from wild birds in Michigan, USA	C22201026-13	Illumina MiSeq sequencing: WGS of Campylobacter jejuni: wild bird	SAMN36839097		NA	Wild bird	USA: Michigan	19-07-22	42.737652 N 84.483788 W	-84.483788	1;131567;2;29547;3031852;213849;72294;194;197	18-07-22	19-07-22	C22201026-13_S3_L001	C22201026-13_S3_L001	42.737652	NA	42.737652 N 84.483788 W	197
SRR11515410	Pica pica	missing	34924	NA	NA	Pathogen: clinical or host-associated sample from Campylobacter jejuni	Campylobacter jejuni Raw sequence reads	2017-TE-2432-1-47	NextSeq 500 sequencing: WGS study of Campylobacter jejuni in wild birds in Italy	SAMN14564528		NA	17436-1-1	Italy	31-12-15	NA	NA	1;131567;2;29547;3031852;213849;72294;194;197	01-01-15	2015	2017-TE-2432-1-47	2017-TE-2432-1-47	NA	NA	NA	197
SRR1816048	Crow	feces	NA	NA	NA	Microbe sample from Campylobacter jejuni	Major food bacterial pathogens in the united states and around the world, including Salmonella enterica, E. coli, Shigella, Listeria monocytogenes, Campylobacter Jejuni, and Vibrio parahaemolyticus genome sequencing	BCW_4230	Illumina HiSeq 2500 sequencing: 100k Pathogen Genomes Submission: Sample BCW_4230	SAMN03357975		NA	NA	missing	NA	NA	NA	1;131567;2;29547;3031852;213849;72294;194;197	NA	not collected	BCW_4230	BCW_4230	NA	NA	NA	197
SRR3619961	Crow	feces	NA	NA	NA	Microbe sample from Campylobacter jejuni	Major food bacterial pathogens in the united states and around the world, including Salmonella enterica, E. coli, Shigella, Listeria monocytogenes, Campylobacter Jejuni, and Vibrio parahaemolyticus genome sequencing	BCW_4328	Illumina HiSeq 3000 sequencing: Campylobacter Genomics	SAMN04532215		NA	NA	missing	NA	NA	NA	1;131567;2;29547;3031852;213849;72294;194;197	NA	not collected	BCW_4328	BCW_4328	NA	NA	NA	197
SRR29025236	Dove	Dove Fecal	NA	NA	NA	One Health Enteric sample from Campylobacter jejuni	GenomeTrakr Project: AZ State Public Health, TGen North -- Campylobacter sp.	TG2003150	NextSeq 1000 sequencing: Whole genome sequencing of Campylobacter jejuni for the GenomeTrakr project	SAMN41397140		NA	Campy_71	USA:AZ	12-01-09	NA	NA	1;131567;2;29547;3031852;213849;72294;194;197	12-01-09	12-01-09	TG2003150.Campy_71	TG2003150.Campy_71	NA	NA	NA	197
SRR11515440	Columba livia	missing	8932	NA	NA	Pathogen: clinical or host-associated sample from Campylobacter jejuni	Campylobacter jejuni Raw sequence reads	2016-TE-25712-1-20	NextSeq 500 sequencing: WGS study of Campylobacter jejuni in wild birds in Italy	SAMN14564501		NA	24038-1-1	Italy	31-12-16	NA	NA	1;131567;2;29547;3031852;213849;72294;194;197	01-01-16	2016	2016-TE-25712-1-20	2016-TE-25712-1-20	NA	NA	NA	197
SRR11515356	Corvus sp.	missing	NA	NA	NA	Pathogen: clinical or host-associated sample from Campylobacter jejuni	Campylobacter jejuni Raw sequence reads	2016-TE-22348-1-39	NextSeq 500 sequencing: WGS study of Campylobacter jejuni in wild birds in Italy	SAMN14564497		NA	20375-1-1	Italy	31-12-16	NA	NA	1;131567;2;29547;3031852;213849;72294;194;197	01-01-16	2016	2016-TE-22348-1-39	2016-TE-22348-1-39	NA	NA	NA	197
SRR3619924	Crow	feces	NA	NA	NA	Microbe sample from Campylobacter jejuni	Major food bacterial pathogens in the united states and around the world, including Salmonella enterica, E. coli, Shigella, Listeria monocytogenes, Campylobacter Jejuni, and Vibrio parahaemolyticus genome sequencing	BCW_3782	Illumina HiSeq 3000 sequencing: Campylobacter Genomics	SAMN04532210		NA	NA	missing	NA	NA	NA	1;131567;2;29547;3031852;213849;72294;194;197	NA	not collected	BCW_3782	BCW_3782	NA	NA	NA	197
SRR12495827	Corvus brachyrhynchos	Salinas Valley pasture	85066	NA	NA	Pathogen: clinical or host-associated sample from Campylobacter jejuni subsp. jejuni	Campylobacter jejuni Genome sequencing and assembly	CjRM9762	Illumina MiSeq sequencing: WGS of Campylobacter jejuni subsp. jejuni strain RM9762	SAMN08235557		NA	NA	USA: California	30-09-09	36.68 N 121.67 W	-121.67	1;131567;2;29547;3031852;213849;72294;194;197;32022	31-08-09	2009-09	CjRM9762	CjRM9762	36.68	NA	36.68 N 121.67 W	32022
SRR3619952	Crow	feces	NA	NA	NA	Microbe sample from Campylobacter jejuni	Major food bacterial pathogens in the united states and around the world, including Salmonella enterica, E. coli, Shigella, Listeria monocytogenes, Campylobacter Jejuni, and Vibrio parahaemolyticus genome sequencing	BCW_6904	Illumina HiSeq 3000 sequencing: Campylobacter Genomics	SAMN04532406		NA	NA	missing	NA	NA	NA	1;131567;2;29547;3031852;213849;72294;194;197	NA	not collected	BCW_6904	BCW_6904	NA	NA	NA	197
ERR4225099	NA	wild bird	NA	NA	NA	CvS190014	Discerning Environmental Pathways of Campylobacter Transmission	CvS190014	NextSeq 500 paired end sequencing	SAMEA6936521		NA	NA	Netherlands	31-12-19	NA	NA	1;131567;2;29547;3031852;213849;72294;194;197	01-01-19	2019	ena-EXPERIMENT-UTRECHT UNIVERSITY-09-06-2020-12:40:21:595-1392	unspecified	NA	NA	NA	197
SRR23244669	NA	wild bird	NA	NA	NA	Microbe sample from Campylobacter jejuni	Campylobacter spp from CampyShell project	CS-J-O-132	Illumina MiSeq sequencing: Campylobacter jejuni	SAMN32932666		NA	NA	France: 22	30-01-17	NA	NA	1;131567;2;29547;3031852;213849;72294;194;197	30-01-17	30-01-17	CS-J-O-132	CS-J-O-132	NA	NA	NA	197
SRR11515427	Columba livia	missing	8932	NA	NA	Pathogen: clinical or host-associated sample from Campylobacter jejuni	Campylobacter jejuni Raw sequence reads	2017-TE-833-1-44	NextSeq 500 sequencing: WGS study of Campylobacter jejuni in wild birds in Italy	SAMN14564513		NA	25585-1-1	Italy	31-12-16	NA	NA	1;131567;2;29547;3031852;213849;72294;194;197	01-01-16	2016	2017-TE-833-1-44	2017-TE-833-1-44	NA	NA	NA	197
SRR6197703	NA	Turdus philomelos	NA	NA	NA	Pathogen: environmental/food/other sample from Campylobacter jejuni	Campylobacter jejuni Genome sequencing and assembly	SKS#4588	Illumina MiSeq sequencing: WGS of Campylobacter jejuni from song thrush	SAMN07818935		NA	NA	Sweden	31-12-11	56.39 N 16.21 E	16.21	1;131567;2;29547;3031852;213849;72294;194;197	01-01-11	2011	SKS#4588	SKS#4588	56.39	NA	56.39 N 16.21 E	197
SRR11515453	Columba livia	missing	8932	NA	NA	Pathogen: clinical or host-associated sample from Campylobacter jejuni	Campylobacter jejuni Raw sequence reads	2019-TE-25696-1-16	NextSeq 500 sequencing: WGS study of Campylobacter jejuni in wild birds in Italy	SAMN14564596		NA	19110-1-1	Italy	31-12-19	NA	NA	1;131567;2;29547;3031852;213849;72294;194;197	01-01-19	2019	2019-TE-25696-1-16	2019-TE-25696-1-16	NA	NA	NA	197
ERR4224019	NA	wild_birds	NA	NA	NA	103292-005-107	Discerning Environmental Pathways of Campylobacter Transmission	103292-005-107	NextSeq 500 paired end sequencing	SAMEA6936399		NA	NA	Netherlands	31-12-18	NA	NA	1;131567;2;29547;3031852;213849;72294;194;197	01-01-18	2018	ena-EXPERIMENT-UTRECHT UNIVERSITY-09-06-2020-12:40:21:559-312	unspecified	NA	NA	NA	197
SRR14242059	NA	Phasianus colchicus	NA	NA	NA	Pathogen: environmental/food/other sample from Campylobacter jejuni	Genomic characterization of Campylobacter jejuni isolates from western jackdaws and game birds	JB18	Illumina MiSeq sequencing: WGS of Campylobacter jejuni: isolated from pheasant intestine	SAMN18746128		NA	JB18	Finland	30-11-18	NA	NA	1;131567;2;29547;3031852;213849;72294;194;197	01-11-18	2018-11	S41	S41	NA	NA	NA	197
ERR3546047	NA	Corvid bird	NA	NA	NA	Zoonotic pathogens from Swedish corvids	Prevalence and genomic characteristics of zoonotic gastro-intestinal pathogens among Swedish corvid birds	SVAcorv_37	Illumina MiSeq paired end sequencing	SAMEA5968651	Zoonotic pathogens from Swedish corvids	NA	17-MIK277284	Sweden	31-12-17	NA	NA	1;131567;2;29547;3031852;213849;72294;194;197	01-01-17	2017	ena-EXPERIMENT-NATIONAL VETERINARY INSTITUTE (SVA)-24-09-2019-08:24:06:029-37	unspecified	NA	NA	NA	197
ERR4225115	NA	wild bird	NA	NA	NA	CvS190048	Discerning Environmental Pathways of Campylobacter Transmission	CvS190048	NextSeq 500 paired end sequencing	SAMEA6936543		NA	NA	Netherlands	31-12-19	NA	NA	1;131567;2;29547;3031852;213849;72294;194;197	01-01-19	2019	ena-EXPERIMENT-UTRECHT UNIVERSITY-09-06-2020-12:40:21:596-1408	unspecified	NA	NA	NA	197
SRR11515359	Columba livia	missing	8932	NA	NA	Pathogen: clinical or host-associated sample from Campylobacter jejuni	Campylobacter jejuni Raw sequence reads	2019-TE-1445-1-42	NextSeq 500 sequencing: WGS study of Campylobacter jejuni in wild birds in Italy	SAMN14564575		NA	23314-1-1	Italy	31-12-18	NA	NA	1;131567;2;29547;3031852;213849;72294;194;197	01-01-18	2018	2019-TE-1445-1-42	2019-TE-1445-1-42	NA	NA	NA	197
SRR11515457	Columba livia	missing	8932	NA	NA	Pathogen: clinical or host-associated sample from Campylobacter jejuni	Campylobacter jejuni Raw sequence reads	2019-TE-25696-1-10	NextSeq 500 sequencing: WGS study of Campylobacter jejuni in wild birds in Italy	SAMN14564592		NA	19045-1-1	Italy	31-12-19	NA	NA	1;131567;2;29547;3031852;213849;72294;194;197	01-01-19	2019	2019-TE-25696-1-10	2019-TE-25696-1-10	NA	NA	NA	197
SRR14242051	NA	Phasianus colchicus	NA	NA	NA	Pathogen: environmental/food/other sample from Campylobacter jejuni	Genomic characterization of Campylobacter jejuni isolates from western jackdaws and game birds	Fu7	Illumina MiSeq sequencing: WGS of Campylobacter jejuni: isolated from pheasant intestine	SAMN18746120		NA	Fu7	Finland	31-10-18	NA	NA	1;131567;2;29547;3031852;213849;72294;194;197	30-09-18	2018-10	S33	S33	NA	NA	NA	197
SRR11515420	Motacilla alba	missing	45807	NA	NA	Pathogen: clinical or host-associated sample from Campylobacter jejuni	Campylobacter jejuni Raw sequence reads	2017-TE-2432-1-38	NextSeq 500 sequencing: WGS study of Campylobacter jejuni in wild birds in Italy	SAMN14564519		NA	14491-1-1	Italy	31-12-15	NA	NA	1;131567;2;29547;3031852;213849;72294;194;197	01-01-15	2015	2017-TE-2432-1-38	2017-TE-2432-1-38	NA	NA	NA	197
ERR4225117	NA	wild bird	NA	NA	NA	CvS190050	Discerning Environmental Pathways of Campylobacter Transmission	CvS190050	NextSeq 500 paired end sequencing	SAMEA6936545		NA	NA	Netherlands	31-12-19	NA	NA	1;131567;2;29547;3031852;213849;72294;194;197	01-01-19	2019	ena-EXPERIMENT-UTRECHT UNIVERSITY-09-06-2020-12:40:21:596-1410	unspecified	NA	NA	NA	197
ERR4224018	NA	wild_birds	NA	NA	NA	103292-005-106	Discerning Environmental Pathways of Campylobacter Transmission	103292-005-106	NextSeq 500 paired end sequencing	SAMEA6936398		NA	NA	Netherlands	31-12-18	NA	NA	1;131567;2;29547;3031852;213849;72294;194;197	01-01-18	2018	ena-EXPERIMENT-UTRECHT UNIVERSITY-09-06-2020-12:40:21:559-311	unspecified	NA	NA	NA	197
SRR14242054	NA	Phasianus colchicus	NA	NA	NA	Pathogen: environmental/food/other sample from Campylobacter jejuni	Genomic characterization of Campylobacter jejuni isolates from western jackdaws and game birds	Fu3	Illumina MiSeq sequencing: WGS of Campylobacter jejuni: isolated from pheasant intestine	SAMN18746117		NA	Fu3	Finland	31-10-18	NA	NA	1;131567;2;29547;3031852;213849;72294;194;197	30-09-18	2018-10	S30	S30	NA	NA	NA	197
SRR13736830	NA	wild bird, Fulica atra	NA	NA	NA	Pathogen: environmental/food/other sample from Campylobacter coli	Campylobacter spp. from wild birds in Turkey	BfR-CA-15851	Illumina MiSeq sequencing: Campylobacter spp. from wild birds in Turkey	SAMN17977788		NA	115	Turkey	06-01-18	NA	NA	1;131567;2;29547;3031852;213849;72294;194;195	06-01-18	06-01-18	19	19	NA	NA	NA	195
SRR12495820	Corvus brachyrhynchos	Salinas Valley pasture	85066	NA	NA	Pathogen: clinical or host-associated sample from Campylobacter jejuni subsp. jejuni	Campylobacter jejuni Genome sequencing and assembly	CjRM9926	Illumina MiSeq sequencing: WGS of Campylobacter jejuni subsp. jejuni strain RM9926	SAMN08235563		NA	NA	USA: California	30-09-09	36.68 N 121.67 W	-121.67	1;131567;2;29547;3031852;213849;72294;194;197;32022	31-08-09	2009-09	CjRM9926	CjRM9926	36.68	NA	36.68 N 121.67 W	32022
ERR3546042	NA	Corvid bird	NA	NA	NA	Zoonotic pathogens from Swedish corvids	Prevalence and genomic characteristics of zoonotic gastro-intestinal pathogens among Swedish corvid birds	SVAcorv_32	Illumina MiSeq paired end sequencing	SAMEA5968646	Zoonotic pathogens from Swedish corvids	NA	17-MIK086189	Sweden	31-12-17	NA	NA	1;131567;2;29547;3031852;213849;72294;194;197	01-01-17	2017	ena-EXPERIMENT-NATIONAL VETERINARY INSTITUTE (SVA)-24-09-2019-08:24:06:029-32	unspecified	NA	NA	NA	197
SRR11515374	Columba livia	missing	8932	NA	NA	Pathogen: clinical or host-associated sample from Campylobacter jejuni	Campylobacter jejuni Raw sequence reads	2018-TE-9679-1-28	NextSeq 500 sequencing: WGS study of Campylobacter jejuni in wild birds in Italy	SAMN14564561		NA	01-01-38	Italy	31-12-18	NA	NA	1;131567;2;29547;3031852;213849;72294;194;197	01-01-18	2018	2018-TE-9679-1-28	2018-TE-9679-1-28	NA	NA	NA	197
SRR23244646	NA	wild bird	NA	NA	NA	Microbe sample from Campylobacter coli	Campylobacter spp from CampyShell project	CS-C-O-306	Illumina MiSeq sequencing: Campylobacter coli	SAMN32932695		NA	NA	France: 22	10-07-17	NA	NA	1;131567;2;29547;3031852;213849;72294;194;195	09-07-17	10-07-17	CS-C-O-306	CS-C-O-306	NA	NA	NA	195
SRR11515385	Columba livia	missing	8932	NA	NA	Pathogen: clinical or host-associated sample from Campylobacter jejuni	Campylobacter jejuni Raw sequence reads	2018-TE-586-1-81	NextSeq 500 sequencing: WGS study of Campylobacter jejuni in wild birds in Italy	SAMN14564551		NA	27617-1-1	Italy	31-12-17	NA	NA	1;131567;2;29547;3031852;213849;72294;194;197	01-01-17	2017	2018-TE-586-1-81	2018-TE-586-1-81	NA	NA	NA	197
SRR13736807	NA	wild bird, Fulica atra	NA	NA	NA	Pathogen: environmental/food/other sample from Campylobacter coli	Campylobacter spp. from wild birds in Turkey	BfR-CA-15879	Illumina MiSeq sequencing: Campylobacter spp. from wild birds in Turkey	SAMN17977809		NA	138	Turkey	04-02-18	NA	NA	1;131567;2;29547;3031852;213849;72294;194;195	04-02-18	04-02-18	40	40	NA	NA	NA	195
ERR3546046	NA	Corvid bird	NA	NA	NA	Zoonotic pathogens from Swedish corvids	Prevalence and genomic characteristics of zoonotic gastro-intestinal pathogens among Swedish corvid birds	SVAcorv_36	Illumina MiSeq paired end sequencing	SAMEA5968650	Zoonotic pathogens from Swedish corvids	NA	17-MIK277283	Sweden	31-12-17	NA	NA	1;131567;2;29547;3031852;213849;72294;194;197	01-01-17	2017	ena-EXPERIMENT-NATIONAL VETERINARY INSTITUTE (SVA)-24-09-2019-08:24:06:029-36	unspecified	NA	NA	NA	197
SRR6197705	NA	Turdus philomelos	NA	NA	NA	Pathogen: environmental/food/other sample from Campylobacter jejuni	Campylobacter jejuni Genome sequencing and assembly	SKS#4636	Illumina MiSeq sequencing: WGS of Campylobacter jejuni from song thrush	SAMN07818937		NA	NA	Sweden	31-12-12	56.39 N 16.21 E	16.21	1;131567;2;29547;3031852;213849;72294;194;197	01-01-12	2012	SKS#4636	SKS#4636	56.39	NA	56.39 N 16.21 E	197
ERR4223916	NA	wild_birds	NA	NA	NA	103292-004-105	Discerning Environmental Pathways of Campylobacter Transmission	103292-004-105	NextSeq 500 paired end sequencing	SAMEA6936798		NA	NA	Netherlands	31-12-18	NA	NA	1;131567;2;29547;3031852;213849;72294;194;195	01-01-18	2018	ena-EXPERIMENT-UTRECHT UNIVERSITY-09-06-2020-12:40:21:556-209	unspecified	NA	NA	NA	195
SRR11515387	Columba livia	missing	8932	NA	NA	Pathogen: clinical or host-associated sample from Campylobacter jejuni	Campylobacter jejuni Raw sequence reads	2017-TE-21233-1-45	NextSeq 500 sequencing: WGS study of Campylobacter jejuni in wild birds in Italy	SAMN14564549		NA	19481-1-1	Italy	31-12-17	NA	NA	1;131567;2;29547;3031852;213849;72294;194;197	01-01-17	2017	2017-TE-21233-1-45	2017-TE-21233-1-45	NA	NA	NA	197
SRR1815406	Crow	feces	NA	NA	NA	Microbe sample from Campylobacter sp. BCW_6873	Major food bacterial pathogens in the united states and around the world, including Salmonella enterica, E. coli, Shigella, Listeria monocytogenes, Campylobacter Jejuni, and Vibrio parahaemolyticus genome sequencing	BCW_6873	Illumina HiSeq 2500 sequencing: 100k Pathogen Genomes Submission: Sample BCW_6873	SAMN03360220		NA	NA	missing	NA	NA	NA	1;131567;2;29547;3031852;213849;72294;194;2593542;1903286	NA	not collected	BCW_6873	BCW_6873	NA	NA	NA	1903286
SRR11515378	Columba livia	missing	8932	NA	NA	Pathogen: clinical or host-associated sample from Campylobacter jejuni	Campylobacter jejuni Raw sequence reads	2016-TE-12328-1-40	NextSeq 500 sequencing: WGS study of Campylobacter jejuni in wild birds in Italy	SAMN14564495		NA	10309-1-1	Italy	31-12-16	NA	NA	1;131567;2;29547;3031852;213849;72294;194;197	01-01-16	2016	2016-TE-12328-1-40	2016-TE-12328-1-40	NA	NA	NA	197
ERR4225118	NA	wild bird	NA	NA	NA	CvS190051	Discerning Environmental Pathways of Campylobacter Transmission	CvS190051	NextSeq 500 paired end sequencing	SAMEA6936546		NA	NA	Netherlands	31-12-19	NA	NA	1;131567;2;29547;3031852;213849;72294;194;197	01-01-19	2019	ena-EXPERIMENT-UTRECHT UNIVERSITY-09-06-2020-12:40:21:596-1411	unspecified	NA	NA	NA	197
SRR1816039	Crow	feces	NA	NA	NA	Microbe sample from Campylobacter jejuni	Major food bacterial pathogens in the united states and around the world, including Salmonella enterica, E. coli, Shigella, Listeria monocytogenes, Campylobacter Jejuni, and Vibrio parahaemolyticus genome sequencing	BCW_4221	Illumina HiSeq 2500 sequencing: 100k Pathogen Genomes Submission: Sample BCW_4221	SAMN03357966		NA	NA	missing	NA	NA	NA	1;131567;2;29547;3031852;213849;72294;194;197	NA	not collected	BCW_4221	BCW_4221	NA	NA	NA	197
SRR1816047	Crow	feces	NA	NA	NA	Microbe sample from Campylobacter jejuni	Major food bacterial pathogens in the united states and around the world, including Salmonella enterica, E. coli, Shigella, Listeria monocytogenes, Campylobacter Jejuni, and Vibrio parahaemolyticus genome sequencing	BCW_4229	Illumina HiSeq 2500 sequencing: 100k Pathogen Genomes Submission: Sample BCW_4229	SAMN03357974		NA	NA	missing	NA	NA	NA	1;131567;2;29547;3031852;213849;72294;194;197	NA	not collected	BCW_4229	BCW_4229	NA	NA	NA	197
SRR11515384	Columba livia	missing	8932	NA	NA	Pathogen: clinical or host-associated sample from Campylobacter jejuni	Campylobacter jejuni Raw sequence reads	2018-TE-586-1-82	NextSeq 500 sequencing: WGS study of Campylobacter jejuni in wild birds in Italy	SAMN14564552		NA	27619-1-1	Italy	31-12-17	NA	NA	1;131567;2;29547;3031852;213849;72294;194;197	01-01-17	2017	2018-TE-586-1-82	2018-TE-586-1-82	NA	NA	NA	197
SRR11515424	Columba livia	missing	8932	NA	NA	Pathogen: clinical or host-associated sample from Campylobacter jejuni	Campylobacter jejuni Raw sequence reads	2017-TE-833-1-50	NextSeq 500 sequencing: WGS study of Campylobacter jejuni in wild birds in Italy	SAMN14564516		NA	27123-1-1	Italy	31-12-16	NA	NA	1;131567;2;29547;3031852;213849;72294;194;197	01-01-16	2016	2017-TE-833-1-50	2017-TE-833-1-50	NA	NA	NA	197
SRR11515423	Columba livia	missing	8932	NA	NA	Pathogen: clinical or host-associated sample from Campylobacter jejuni	Campylobacter jejuni Raw sequence reads	2017-TE-833-1-51	NextSeq 500 sequencing: WGS study of Campylobacter jejuni in wild birds in Italy	SAMN14564517		NA	27124-1-1	Italy	31-12-16	NA	NA	1;131567;2;29547;3031852;213849;72294;194;197	01-01-16	2016	2017-TE-833-1-51	2017-TE-833-1-51	NA	NA	NA	197
SRR11515422	Columba livia	missing	8932	NA	NA	Pathogen: clinical or host-associated sample from Campylobacter jejuni	Campylobacter jejuni Raw sequence reads	2016-TE-8761-1-146	NextSeq 500 sequencing: WGS study of Campylobacter jejuni in wild birds in Italy	SAMN14564491		NA	30001-1-1	Italy	31-12-15	NA	NA	1;131567;2;29547;3031852;213849;72294;194;197	01-01-15	2015	2016-TE-8761-1-146	2016-TE-8761-1-146	NA	NA	NA	197
SRR11515458	Columba livia	missing	8932	NA	NA	Pathogen: clinical or host-associated sample from Campylobacter jejuni	Campylobacter jejuni Raw sequence reads	2019-TE-25696-1-9	NextSeq 500 sequencing: WGS study of Campylobacter jejuni in wild birds in Italy	SAMN14564591		NA	19042-1-1	Italy	31-12-19	NA	NA	1;131567;2;29547;3031852;213849;72294;194;197	01-01-19	2019	2019-TE-25696-1-9	2019-TE-25696-1-9	NA	NA	NA	197
ERR4225103	NA	wild bird	NA	NA	NA	CvS190018	Discerning Environmental Pathways of Campylobacter Transmission	CvS190018	NextSeq 500 paired end sequencing	SAMEA6936525		NA	NA	Netherlands	31-12-19	NA	NA	1;131567;2;29547;3031852;213849;72294;194;197	01-01-19	2019	ena-EXPERIMENT-UTRECHT UNIVERSITY-09-06-2020-12:40:21:596-1396	unspecified	NA	NA	NA	197
SRR13736820	NA	wild bird, Fulica atra	NA	NA	NA	Pathogen: environmental/food/other sample from Campylobacter coli	Campylobacter spp. from wild birds in Turkey	BfR-CA-15863	Illumina MiSeq sequencing: Campylobacter spp. from wild birds in Turkey	SAMN17977797		NA	125	Turkey	14-01-18	NA	NA	1;131567;2;29547;3031852;213849;72294;194;195	14-01-18	14-01-18	28	28	NA	NA	NA	195
SRR29025215	Pigeon	Pigeon Fecal	NA	NA	NA	One Health Enteric sample from Campylobacter jejuni	GenomeTrakr Project: AZ State Public Health, TGen North -- Campylobacter sp.	TG2003171	NextSeq 1000 sequencing: Whole genome sequencing of Campylobacter jejuni for the GenomeTrakr project	SAMN41397159		NA	Campy_92	USA:AZ	11-10-08	NA	NA	1;131567;2;29547;3031852;213849;72294;194;197	10-10-08	11-10-08	TG2003171.Campy_92	TG2003171.Campy_92	NA	NA	NA	197
SRR23244651	NA	wild bird	NA	NA	NA	Microbe sample from Campylobacter jejuni	Campylobacter spp from CampyShell project	CS-J-C-173	Illumina MiSeq sequencing: Campylobacter jejuni	SAMN32932691		NA	NA	France: 22	30-08-18	NA	NA	1;131567;2;29547;3031852;213849;72294;194;197	29-08-18	30-08-18	CS-J-C-173	CS-J-C-173	NA	NA	NA	197
SRR11515380	Corvus sp.	missing	NA	NA	NA	Pathogen: clinical or host-associated sample from Campylobacter jejuni	Campylobacter jejuni Raw sequence reads	2018-TE-7587-1-5	NextSeq 500 sequencing: WGS study of Campylobacter jejuni in wild birds in Italy	SAMN14564556		NA	01-01-93	Italy	31-12-18	NA	NA	1;131567;2;29547;3031852;213849;72294;194;197	01-01-18	2018	2018-TE-7587-1-5	2018-TE-7587-1-5	NA	NA	NA	197
SRR11515452	Columba livia	missing	8932	NA	NA	Pathogen: clinical or host-associated sample from Campylobacter jejuni	Campylobacter jejuni Raw sequence reads	2019-TE-25696-1-17	NextSeq 500 sequencing: WGS study of Campylobacter jejuni in wild birds in Italy	SAMN14564597		NA	20527-1-1	Italy	31-12-19	NA	NA	1;131567;2;29547;3031852;213849;72294;194;197	01-01-19	2019	2019-TE-25696-1-17	2019-TE-25696-1-17	NA	NA	NA	197
SRR11515412	Pica pica	missing	34924	NA	NA	Pathogen: clinical or host-associated sample from Campylobacter jejuni	Campylobacter jejuni Raw sequence reads	2017-TE-2432-1-46	NextSeq 500 sequencing: WGS study of Campylobacter jejuni in wild birds in Italy	SAMN14564527		NA	17435-1-1	Italy	31-12-15	NA	NA	1;131567;2;29547;3031852;213849;72294;194;197	01-01-15	2015	2017-TE-2432-1-46	2017-TE-2432-1-46	NA	NA	NA	197
SRR29025277	Dove	Dove Fecal	NA	NA	NA	One Health Enteric sample from Campylobacter jejuni	GenomeTrakr Project: AZ State Public Health, TGen North -- Campylobacter sp.	TG2003083	NextSeq 1000 sequencing: Whole genome sequencing of Campylobacter jejuni for the GenomeTrakr project	SAMN41397085		NA	Campy_4	USA:AZ	25-06-09	NA	NA	1;131567;2;29547;3031852;213849;72294;194;197	24-06-09	25-06-09	TG2003083.Campy_4	TG2003083.Campy_4	NA	NA	NA	197
SRR1816124	Crow	feces	NA	NA	NA	Microbe sample from Campylobacter sp. BCW_4325	Major food bacterial pathogens in the united states and around the world, including Salmonella enterica, E. coli, Shigella, Listeria monocytogenes, Campylobacter Jejuni, and Vibrio parahaemolyticus genome sequencing	BCW_4325	Illumina HiSeq 2500 sequencing: 100k Pathogen Genomes Submission: Sample BCW_4325	SAMN03358051		NA	NA	missing	NA	NA	NA	1;131567;2;29547;3031852;213849;72294;194;2593542;1903589	NA	not collected	BCW_4325	BCW_4325	NA	NA	NA	1903589
SRR1815850	Corvus brachyrhynchos	feces	85066	NA	NA	Microbe sample from Campylobacter jejuni	Major food bacterial pathogens in the united states and around the world, including Salmonella enterica, E. coli, Shigella, Listeria monocytogenes, Campylobacter Jejuni, and Vibrio parahaemolyticus genome sequencing	BCW_3781	Illumina HiSeq 2500 sequencing: 100k Pathogen Genomes Submission: Sample BCW_3781	SAMN03359139		NA	NA	missing	NA	NA	NA	1;131567;2;29547;3031852;213849;72294;194;197	NA	not collected	BCW_3781	BCW_3781	NA	NA	NA	197
ERR4225090	NA	wild bird	NA	NA	NA	CvS190005	Discerning Environmental Pathways of Campylobacter Transmission	CvS190005	NextSeq 500 paired end sequencing	SAMEA6936495		NA	NA	Netherlands	31-12-19	NA	NA	1;131567;2;29547;3031852;213849;72294;194;197	01-01-19	2019	ena-EXPERIMENT-UTRECHT UNIVERSITY-09-06-2020-12:40:21:595-1383	unspecified	NA	NA	NA	197
SRR12495816	Corvus brachyrhynchos	Salinas Valley pasture	85066	NA	NA	Pathogen: clinical or host-associated sample from Campylobacter jejuni subsp. jejuni	Campylobacter jejuni Genome sequencing and assembly	CjRM9988	Illumina MiSeq sequencing: WGS of Campylobacter jejuni subsp. jejuni strain RM9988	SAMN08235567		NA	NA	USA: California	30-09-09	36.68 N 121.67 W	-121.67	1;131567;2;29547;3031852;213849;72294;194;197;32022	31-08-09	2009-09	CjRM9988	CjRM9988	36.68	NA	36.68 N 121.67 W	32022
SRR23244640	NA	wild bird	NA	NA	NA	Microbe sample from Campylobacter coli	Campylobacter spp from CampyShell project	CS-C-O-312	Illumina MiSeq sequencing: Campylobacter coli	SAMN32932701		NA	NA	France: 29	12-12-16	NA	NA	1;131567;2;29547;3031852;213849;72294;194;195	12-12-16	12-12-16	CS-C-O-312	CS-C-O-312	NA	NA	NA	195
ERR4225094	NA	wild bird	NA	NA	NA	CvS190009	Discerning Environmental Pathways of Campylobacter Transmission	CvS190009	NextSeq 500 paired end sequencing	SAMEA6936916		NA	NA	Netherlands	31-12-19	NA	NA	1;131567;2;29547;3031852;213849;72294;194;195	01-01-19	2019	ena-EXPERIMENT-UTRECHT UNIVERSITY-09-06-2020-12:40:21:595-1387	unspecified	NA	NA	NA	195
ERR4223921	NA	wild_birds	NA	NA	NA	103292-004-113	Discerning Environmental Pathways of Campylobacter Transmission	103292-004-113	NextSeq 500 paired end sequencing	SAMEA6936390		NA	NA	Netherlands	31-12-18	NA	NA	1;131567;2;29547;3031852;213849;72294;194;197	01-01-18	2018	ena-EXPERIMENT-UTRECHT UNIVERSITY-09-06-2020-12:40:21:556-214	unspecified	NA	NA	NA	197
SRR3619941	Crow	feces	NA	NA	NA	Microbe sample from Campylobacter jejuni	Major food bacterial pathogens in the united states and around the world, including Salmonella enterica, E. coli, Shigella, Listeria monocytogenes, Campylobacter Jejuni, and Vibrio parahaemolyticus genome sequencing	BCW_6888	Illumina HiSeq 3000 sequencing: Campylobacter Genomics	SAMN04532395		NA	NA	missing	NA	NA	NA	1;131567;2;29547;3031852;213849;72294;194;197	NA	not collected	BCW_6888	BCW_6888	NA	NA	NA	197
SRR11515448	Columba livia	missing	8932	NA	NA	Pathogen: clinical or host-associated sample from Campylobacter jejuni	Campylobacter jejuni Raw sequence reads	2019-TE-25696-1-20	NextSeq 500 sequencing: WGS study of Campylobacter jejuni in wild birds in Italy	SAMN14564600		NA	22017-1-1	Italy	31-12-19	NA	NA	1;131567;2;29547;3031852;213849;72294;194;197	01-01-19	2019	2019-TE-25696-1-20	2019-TE-25696-1-20	NA	NA	NA	197
ERR3546019	NA	Corvid bird	NA	NA	NA	Zoonotic pathogens from Swedish corvids	Prevalence and genomic characteristics of zoonotic gastro-intestinal pathogens among Swedish corvid birds	SVAcorv_9	Illumina MiSeq paired end sequencing	SAMEA5968623	Zoonotic pathogens from Swedish corvids	NA	17-MIK086107	Sweden	31-12-17	NA	NA	1;131567;2;29547;3031852;213849;72294;194;197	01-01-17	2017	ena-EXPERIMENT-NATIONAL VETERINARY INSTITUTE (SVA)-24-09-2019-08:24:06:028-9	unspecified	NA	NA	NA	197
ERR4224022	NA	wild_birds	NA	NA	NA	103292-005-110	Discerning Environmental Pathways of Campylobacter Transmission	103292-005-110	NextSeq 500 paired end sequencing	SAMEA6936401		NA	NA	Netherlands	31-12-18	NA	NA	1;131567;2;29547;3031852;213849;72294;194;197	01-01-18	2018	ena-EXPERIMENT-UTRECHT UNIVERSITY-09-06-2020-12:40:21:559-315	unspecified	NA	NA	NA	197
SRR25523029	NA	feces	NA	NA	NA	C22213013-04	Campylobacter jejuni isolated from wild birds in Michigan, USA	C22213013-04	Illumina MiSeq sequencing: WGS of Campylobacter jejuni: wild bird	SAMN36840652		NA	Wild bird	USA: Michigan	31-07-22	42.737652 N 84.483788 W	-84.483788	1;131567;2;29547;3031852;213849;72294;194;197	30-07-22	31-07-22	C22213013-04_S4_L001	C22213013-04_S4_L001	42.737652	NA	42.737652 N 84.483788 W	197
SRR29025259	Pigeon	Pigeon Fecal	NA	NA	NA	One Health Enteric sample from Campylobacter jejuni	GenomeTrakr Project: AZ State Public Health, TGen North -- Campylobacter sp.	TG2003125	NextSeq 1000 sequencing: Whole genome sequencing of Campylobacter jejuni for the GenomeTrakr project	SAMN41397119		NA	Campy_46	USA:AZ	29-04-09	NA	NA	1;131567;2;29547;3031852;213849;72294;194;197	28-04-09	29-04-09	TG2003125.Campy_46	TG2003125.Campy_46	NA	NA	NA	197
SRR1815867	Crow	feces	NA	NA	NA	Microbe sample from Campylobacter jejuni	Major food bacterial pathogens in the united states and around the world, including Salmonella enterica, E. coli, Shigella, Listeria monocytogenes, Campylobacter Jejuni, and Vibrio parahaemolyticus genome sequencing	BCW_3799	Illumina HiSeq 2500 sequencing: 100k Pathogen Genomes Submission: Sample BCW_3799	SAMN03359156		NA	NA	missing	NA	NA	NA	1;131567;2;29547;3031852;213849;72294;194;197	NA	not collected	BCW_3799	BCW_3799	NA	NA	NA	197
SRR12495815	Corvus brachyrhynchos	Salinas Valley pasture	85066	NA	NA	Pathogen: clinical or host-associated sample from Campylobacter jejuni subsp. jejuni	Campylobacter jejuni Genome sequencing and assembly	CjRM10697	Illumina MiSeq sequencing: WGS of Campylobacter jejuni subsp. jejuni strain RM10697	SAMN08235568		NA	NA	USA: California	31-12-09	36.68 N 121.67 W	-121.67	1;131567;2;29547;3031852;213849;72294;194;197;32022	01-12-09	2009-12	CjRM10697	CjRM10697	36.68	NA	36.68 N 121.67 W	32022
SRR11515369	Columba livia	missing	8932	NA	NA	Pathogen: clinical or host-associated sample from Campylobacter jejuni	Campylobacter jejuni Raw sequence reads	2019-TE-1445-1-7	NextSeq 500 sequencing: WGS study of Campylobacter jejuni in wild birds in Italy	SAMN14564566		NA	11849-1-1	Italy	31-12-18	NA	NA	1;131567;2;29547;3031852;213849;72294;194;197	01-01-18	2018	2019-TE-1445-1-7	2019-TE-1445-1-7	NA	NA	NA	197
SRR1815854	Crow	feces	NA	NA	NA	Microbe sample from Campylobacter jejuni	Major food bacterial pathogens in the united states and around the world, including Salmonella enterica, E. coli, Shigella, Listeria monocytogenes, Campylobacter Jejuni, and Vibrio parahaemolyticus genome sequencing	BCW_3786	Illumina HiSeq 2500 sequencing: 100k Pathogen Genomes Submission: Sample BCW_3786	SAMN03359143		NA	NA	missing	NA	NA	NA	1;131567;2;29547;3031852;213849;72294;194;197	NA	not collected	BCW_3786	BCW_3786	NA	NA	NA	197
SRR13736833	NA	wild bird, Fulica atra	NA	NA	NA	Pathogen: environmental/food/other sample from Campylobacter coli	Campylobacter spp. from wild birds in Turkey	BfR-CA-15847	Illumina MiSeq sequencing: Campylobacter spp. from wild birds in Turkey	SAMN17977785		NA	113	Turkey	06-01-18	NA	NA	1;131567;2;29547;3031852;213849;72294;194;195	06-01-18	06-01-18	16	16	NA	NA	NA	195
ERR4225121	NA	wild bird	NA	NA	NA	CvS190055	Discerning Environmental Pathways of Campylobacter Transmission	CvS190055	NextSeq 500 paired end sequencing	SAMEA6936541		NA	NA	Netherlands	31-12-19	NA	NA	1;131567;2;29547;3031852;213849;72294;194;197	01-01-19	2019	ena-EXPERIMENT-UTRECHT UNIVERSITY-09-06-2020-12:40:21:596-1414	unspecified	NA	NA	NA	197
SRR12495830	Corvus brachyrhynchos	Salinas Valley pasture	85066	NA	NA	Pathogen: clinical or host-associated sample from Campylobacter jejuni subsp. jejuni	Campylobacter jejuni Genome sequencing and assembly	CjRM9748	Illumina MiSeq sequencing: WGS of Campylobacter jejuni subsp. jejuni strain RM9748	SAMN08235554		NA	NA	USA: California	30-09-09	36.68 N 121.67 W	-121.67	1;131567;2;29547;3031852;213849;72294;194;197;32022	31-08-09	2009-09	CjRM9748	CjRM9748	36.68	NA	36.68 N 121.67 W	32022
SRR23244663	NA	wild bird	NA	NA	NA	Microbe sample from Campylobacter jejuni	Campylobacter spp from CampyShell project	CS-J-C-162	Illumina MiSeq sequencing: Campylobacter jejuni	SAMN32932680		NA	NA	France: 22	26-09-17	NA	NA	1;131567;2;29547;3031852;213849;72294;194;197	25-09-17	26-09-17	CS-J-C-162	CS-J-C-162	NA	NA	NA	197
SRR11515463	Columba livia	missing	8932	NA	NA	Pathogen: clinical or host-associated sample from Campylobacter jejuni	Campylobacter jejuni Raw sequence reads	2016-TE-8761-1-142	NextSeq 500 sequencing: WGS study of Campylobacter jejuni in wild birds in Italy	SAMN14564489		NA	31719-1-1	Italy	31-12-15	NA	NA	1;131567;2;29547;3031852;213849;72294;194;197	01-01-15	2015	2016-TE-8761-1-142	2016-TE-8761-1-142	NA	NA	NA	197
SRR13736803	NA	wild bird, Fulica atra	NA	NA	NA	Pathogen: environmental/food/other sample from Campylobacter coli	Campylobacter spp. from wild birds in Turkey	BfR-CA-15830	Illumina MiSeq sequencing: Campylobacter spp. from wild birds in Turkey	SAMN17977775		NA	1B	Turkey	24-12-17	NA	NA	1;131567;2;29547;3031852;213849;72294;194;195	24-12-17	24-12-17	6	6	NA	NA	NA	195
SRR1816131	Crow	feces	NA	NA	NA	Microbe sample from Campylobacter sp. BCW_4337	Major food bacterial pathogens in the united states and around the world, including Salmonella enterica, E. coli, Shigella, Listeria monocytogenes, Campylobacter Jejuni, and Vibrio parahaemolyticus genome sequencing	BCW_4337	Illumina HiSeq 2500 sequencing: 100k Pathogen Genomes Submission: Sample BCW_4337	SAMN03358058		NA	NA	missing	NA	NA	NA	1;131567;2;29547;3031852;213849;72294;194;2593542;1903594	NA	not collected	BCW_4337	BCW_4337	NA	NA	NA	1903594
SRR13736811	NA	wild bird, Fulica atra	NA	NA	NA	Pathogen: environmental/food/other sample from Campylobacter coli	Campylobacter spp. from wild birds in Turkey	BfR-CA-15873	Illumina MiSeq sequencing: Campylobacter spp. from wild birds in Turkey	SAMN17977805		NA	133	Turkey	04-02-18	NA	NA	1;131567;2;29547;3031852;213849;72294;194;195	04-02-18	04-02-18	36	36	NA	NA	NA	195
ERR4225112	NA	wild bird	NA	NA	NA	CvS190033	Discerning Environmental Pathways of Campylobacter Transmission	CvS190033	NextSeq 500 paired end sequencing	SAMEA6936542		NA	NA	Netherlands	31-12-19	NA	NA	1;131567;2;29547;3031852;213849;72294;194;197	01-01-19	2019	ena-EXPERIMENT-UTRECHT UNIVERSITY-09-06-2020-12:40:21:596-1405	unspecified	NA	NA	NA	197
SRR11515433	Columba livia	missing	8932	NA	NA	Pathogen: clinical or host-associated sample from Campylobacter jejuni	Campylobacter jejuni Raw sequence reads	2016-TE-8761-1-144	NextSeq 500 sequencing: WGS study of Campylobacter jejuni in wild birds in Italy	SAMN14564490		NA	33740-1-1	Italy	31-12-15	NA	NA	1;131567;2;29547;3031852;213849;72294;194;197	01-01-15	2015	2016-TE-8761-1-144	2016-TE-8761-1-144	NA	NA	NA	197
SRR1815856	Crow	feces	NA	NA	NA	Microbe sample from Campylobacter jejuni	Major food bacterial pathogens in the united states and around the world, including Salmonella enterica, E. coli, Shigella, Listeria monocytogenes, Campylobacter Jejuni, and Vibrio parahaemolyticus genome sequencing	BCW_3788	Illumina HiSeq 2500 sequencing: 100k Pathogen Genomes Submission: Sample BCW_3788	SAMN03359145		NA	NA	missing	NA	NA	NA	1;131567;2;29547;3031852;213849;72294;194;197	NA	not collected	BCW_3788	BCW_3788	NA	NA	NA	197
ERR4224017	NA	wild_birds	NA	NA	NA	103292-005-105	Discerning Environmental Pathways of Campylobacter Transmission	103292-005-105	NextSeq 500 paired end sequencing	SAMEA6936397		NA	NA	Netherlands	31-12-18	NA	NA	1;131567;2;29547;3031852;213849;72294;194;197	01-01-18	2018	ena-EXPERIMENT-UTRECHT UNIVERSITY-09-06-2020-12:40:21:559-310	unspecified	NA	NA	NA	197
SRR11515368	Columba livia	missing	8932	NA	NA	Pathogen: clinical or host-associated sample from Campylobacter jejuni	Campylobacter jejuni Raw sequence reads	2019-TE-1445-1-17	NextSeq 500 sequencing: WGS study of Campylobacter jejuni in wild birds in Italy	SAMN14564567		NA	21418-1-1	Italy	31-12-18	NA	NA	1;131567;2;29547;3031852;213849;72294;194;197	01-01-18	2018	2019-TE-1445-1-17	2019-TE-1445-1-17	NA	NA	NA	197
ERR12726479	NA	NA	NA	NA	NA	SAMPLE_OXCBB-2469_S329	Whole genome sequencing and analysis of Campylobacter isolates from the United Kingdom	SAMPLE_OXCBB-2469_S329	NextSeq 2000 sequencing: SAMPLE_OXCBB-2469_S329	SAMEA115383977		NA	Not applicable	United Kingdom	31-12-04	NA	NA	1;131567;2;29547;3031852;213849;72294;194;195	01-01-04	2004	SAMPLE_OXCBB-2469_S329	SAMPLE_OXCBB-2469_S329	NA	NA	NA	195
SRR9971615	missing	missing	NA	NA	NA	Campylobacter jejuni	Campylobacter Genome sequencing and assembly	SAMN12580408	Illumina MiSeq sequencing	SAMN12580408		NA	missing	USA	NA	NA	NA	1;131567;2;29547;3031852;213849;72294;194;197	NA	missing	PNUSAC011145:wgs	NexteraXT	NA	NA	NA	197
ERR976125	NA	NA	NA	NA	NA	NA	i_CAMPS_3___Prevalence_of_Campylobacter_in_the_Grampian_region_of_Scotland	3804-sc-2299232	Illumina HiSeq 2000 paired end sequencing	SAMEA3391383		NA	NA	NA	NA	NA	NA	1;131567;2;29547;3031852;213849;72294;194;197	NA	NA	SC_EXP_16934_6#63	14218615	NA	NA	NA	197
SRR9864928	missing	missing	NA	NA	NA	Campylobacter	Campylobacter Genome sequencing and assembly	SAMN12407739	Illumina MiSeq sequencing	SAMN12407739		NA	missing	USA	NA	NA	NA	1;131567;2;29547;3031852;213849;72294;194;197	NA	missing	PNUSAC010655:wgs	NexteraXT	NA	NA	NA	197
ERR10372741	NA	NA	NA	NA	NA	Cj_INSADISC_002	Whole genome sequence-based surveillance of Campylobacter jejuni in Portugal	Cj_INSADISC_002	NextSeq 550 sequencing	SAMEA111483144		NA	NA	NA	NA	NA	NA	1;131567;2;29547;3031852;213849;72294;194;197	NA	NA	Cj_INSADISC_002	NA	NA	NA	NA	197
ERR226207	NA	NA	NA	NA	NA	NA	The Genomics of Speciation in Campylobacter	50468-sc-2012-07-30T09:56:45Z-1458809	Illumina HiSeq 2000 paired end sequencing	SAMEA1676384		NA	NA	NA	NA	NA	NA	1;131567;2;29547;3031852;213849;72294;194;197	NA	NA	SC_EXP_8763_1#74	6025240	NA	NA	NA	197
SRR13169053	missing	missing	NA	NA	NA	Capylobacter jejuni	Campylobacter Genome sequencing and assembly	SAMN16961722	Illumina MiSeq sequencing	SAMN16961722		NA	missing	missing	31-12-20	NA	NA	1;131567;2;29547;3031852;213849;72294;194;197	01-01-20	2020	PNUSAC019461:wgs	NexteraXT	NA	NA	NA	197
SRR10063337	missing	missing	NA	NA	NA	Campylobacter jejuni	Campylobacter Genome sequencing and assembly	SAMN12687075	Illumina MiSeq sequencing	SAMN12687075		NA	missing	USA	NA	NA	NA	1;131567;2;29547;3031852;213849;72294;194;197	NA	missing	PNUSAC011457:wgs	NexteraXT	NA	NA	NA	197
SRR28095900	missing	missing	NA	NA	NA	Campylobacter jejuni	Campylobacter Genome sequencing and assembly	SAMN40139976	NextSeq 550 sequencing	SAMN40139976		NA	missing	USA	31-12-22	NA	NA	1;131567;2;29547;3031852;213849;72294;194;197	01-01-22	2022	PNUSAC043276:wgs	Illumina DNA Prep	NA	NA	NA	197
SRR16969880	missing	missing	NA	NA	NA	Campylobacter jejuni	Campylobacter Genome sequencing and assembly	SAMN23245086	Illumina MiSeq sequencing	SAMN23245086		NA	missing	USA	31-12-21	NA	NA	1;131567;2;29547;3031852;213849;72294;194;197	01-01-21	2021	PNUSAC025124:wgs	Nextera DNA Flex	NA	NA	NA	197
ERR1163442	NA	food	NA	NA	NA	Campylobacter coli H120880379	Genomics of Campylobacter coli	LDI12948	Illumina HiSeq 2500 paired end sequencing	SAMEA3683056		NA	H120880379	United Kingdom	31-12-12	NA	NA	1;131567;2;29547;3031852;213849;72294;194;195	01-01-12	2012	ena-EXPERIMENT-INSTITUTE OF FOOD RESEARCH-05-12-2015-03:02:24:997-58	unspecified	NA	NA	NA	195
SRR9899056	NA	food	NA	NA	NA	Campylobacter jejuni 613098	Routine Sequencing of Campylobacter species	SAMN12492448	Illumina HiSeq 2500 sequencing	SAMN12492448		NA	613098	United Kingdom: United Kingdom	30-09-18	NA	NA	1;131567;2;29547;3031852;213849;72294;194;197	31-08-18	2018-09	613098	strain	NA	NA	NA	197
SRR29294247	missing	missing	NA	NA	NA	Campylobacter jejuni	Campylobacter Genome sequencing and assembly	SAMN41692949	Illumina MiSeq sequencing	SAMN41692949		NA	missing	missing	NA	NA	NA	1;131567;2;29547;3031852;213849;72294;194;197	NA	missing	PNUSAC045639:wgs	Illumina DNA Prep	NA	NA	NA	197
ERR450239	NA	NA	NA	NA	NA	NA	i_CAMPS_3___Prevalence_of_Campylobacter_in_the_Grampian_region_of_Scotland	2505-sc-1789761	Illumina HiSeq 2000 paired end sequencing	SAMEA2274688		NA	NA	NA	NA	NA	NA	1;131567;2;29547;3031852;213849;72294;194;197	NA	NA	SC_EXP_12125_1#63	9264442	NA	NA	NA	197
SRR8791352	missing	missing	NA	NA	NA	Campylobacter jejuni	Campylobacter Genome sequencing and assembly	SAMN11265392	Illumina MiSeq sequencing	SAMN11265392		NA	missing	USA	NA	NA	NA	1;131567;2;29547;3031852;213849;72294;194;197	NA	missing	PNUSAC008609:wgs	NexteraXT	NA	NA	NA	197
ERR1512684	NA	NA	NA	NA	NA	18867_campylobacter	MOST:A modified MLST typing tool based on short read sequencing	18867_campylobacter	Illumina HiSeq 2500 paired end sequencing	SAMEA4058782		NA	NA	NA	NA	NA	NA	1;131567;2;29547;3031852;213849;72294;194;195	NA	NA	18867_campylobacter	NA	NA	NA	NA	195
ERR12072144	NA	NA	NA	NA	NA	SAMPLE_OXC13249_S232	Whole genome sequencing and analysis of Campylobacter isolates from the United Kingdom	SAMPLE_OXC13249_S232	NextSeq 2000 sequencing: SAMPLE_OXC13249_S232	SAMEA114408773		NA	Not applicable	United Kingdom	31-12-21	NA	NA	1;131567;2;29547;3031852;213849;72294;194;197	01-01-21	2021	SAMPLE_OXC13249_S232	SAMPLE_OXC13249_S232	NA	NA	NA	197
SRR25517464	missing	missing	NA	NA	NA	Campylobacter jejuni	Campylobacter Genome sequencing and assembly	SAMN36836908	Illumina MiSeq sequencing	SAMN36836908		NA	missing	USA	NA	NA	NA	1;131567;2;29547;3031852;213849;72294;194;197	NA	missing	PNUSAC037841:wgs	NexteraXT	NA	NA	NA	197
ERR11003616	NA	NA	NA	NA	NA	Campylobacter jejuni isolates	Genome of recurring Campylobacter jejuni in Luxembourg between 2018 and 2021	LNS3663438	Illumina MiSeq sequencing	SAMEA112765475		NA	NA	NA	NA	NA	NA	1;131567;2;29547;3031852;213849;72294;194;197	NA	NA	ena-EXPERIMENT-TAB-12-03-2023-15:09:45:286-80483	unspecified	NA	NA	NA	197
ERR137056	NA	NA	NA	NA	NA	NA	The Genomics of Speciation in Campylobacter	CJ6795-sc-2012-02-21T11:12:01Z-1364548	Illumina HiSeq 2000 paired end sequencing	SAMEA1401327		NA	NA	NA	NA	NA	NA	1;131567;2;29547;3031852;213849;72294;194;197	NA	NA	SC_EXP_7767_8#58	4596510	NA	NA	NA	197
SRR10019064	NA	animal	NA	NA	NA	Campylobacter jejuni 285786	Routine Sequencing of Campylobacter species	SAMN12631031	Illumina HiSeq 2500 sequencing	SAMN12631031		NA	285786	United Kingdom: United Kingdom	31-07-16	NA	NA	1;131567;2;29547;3031852;213849;72294;194;197	30-06-16	2016-07	285786	strain	NA	NA	NA	197
SRR12972551	missing	missing	NA	NA	NA	Campylobacter jejuni	Campylobacter Genome sequencing and assembly	SAMN16636142	Illumina MiSeq sequencing	SAMN16636142		NA	missing	missing	NA	NA	NA	1;131567;2;29547;3031852;213849;72294;194;197	NA	missing	PNUSAC019046:wgs	Nextera DNA Flex	NA	NA	NA	197
SRR1816221	NA	culture	NA	NA	NA	Microbe sample from Campylobacter jejuni	Major food bacterial pathogens in the united states and around the world, including Salmonella enterica, E. coli, Shigella, Listeria monocytogenes, Campylobacter Jejuni, and Vibrio parahaemolyticus genome sequencing	BCW_4501	Illumina HiSeq 2500 sequencing: 100k Pathogen Genomes Submission: Sample BCW_4501	SAMN03358148		NA	NA	missing	NA	NA	NA	1;131567;2;29547;3031852;213849;72294;194;197	NA	not collected	BCW_4501	BCW_4501	NA	NA	NA	197
SRR15123871	missing	missing	NA	NA	NA	Campylobacter jejuni	Campylobacter Genome sequencing and assembly	SAMN20201240	Illumina MiSeq sequencing	SAMN20201240		NA	missing	missing	NA	NA	NA	1;131567;2;29547;3031852;213849;72294;194;197	NA	missing	PNUSAC022188:wgs	Nextera DNA Flex	NA	NA	NA	197
SRR14633216	missing	missing	NA	NA	NA	Campylobacter jejuni	Campylobacter Genome sequencing and assembly	SAMN19317240	Illumina MiSeq sequencing	SAMN19317240		NA	missing	missing	NA	NA	NA	1;131567;2;29547;3031852;213849;72294;194;197	NA	missing	PNUSAC021284:wgs	NexteraXT	NA	NA	NA	197
SRR10990438	missing	missing	NA	NA	NA	Campylobacter coli	Campylobacter Genome sequencing and assembly	SAMN13945533	Illumina MiSeq sequencing	SAMN13945533		NA	missing	USA	NA	NA	NA	1;131567;2;29547;3031852;213849;72294;194;195	NA	missing	PNUSAC014258:wgs	Nextera DNA Flex	NA	NA	NA	195
ERR473837	NA	NA	NA	NA	NA	NA	i_CAMPS_3___Prevalence_of_Campylobacter_in_the_Grampian_region_of_Scotland	B221-sc-1861399	Illumina HiSeq 2000 paired end sequencing	SAMEA2361639		NA	NA	NA	NA	NA	NA	1;131567;2;29547;3031852;213849;72294;194;197	NA	NA	SC_EXP_12448_3#79	9633039	NA	NA	NA	197
SRR24880177	NA	NA	NA	NA	NA	NA	Centers for Disease Control, Taiwan - Campylobacter	NA	Illumina MiSeq sequencing: WGS of Campylobacter jejuni	SAMN35681707		NA	NA	NA	NA	NA	NA	1;131567;2;29547;3031852;213849;72294;194;197	NA	NA	R22.1501	R22.1501	NA	NA	NA	197
ERR470695	NA	NA	NA	NA	NA	NA	i_CAMPS_3___Prevalence_of_Campylobacter_in_the_Grampian_region_of_Scotland	2266-sc-1861238	Illumina HiSeq 2000 paired end sequencing	SAMEA2361479		NA	NA	NA	NA	NA	NA	1;131567;2;29547;3031852;213849;72294;194;197	NA	NA	SC_EXP_12378_7#13	9632910	NA	NA	NA	197
ERR713723	NA	NA	NA	NA	NA	NA	The Genomics of Speciation in Campylobacter	8833-sc-2026178	Illumina HiSeq 2000 paired end sequencing	SAMEA2656707		NA	NA	NA	NA	NA	NA	1;131567;2;29547;3031852;213849;72294;194;197	NA	NA	SC_EXP_14412_6#74	11893975	NA	NA	NA	197
SRR12835194	NA	NA	NA	NA	NA	Campylobacter jejuni	Campylobacter Genome sequencing and assembly	SAMN16473954	Illumina MiSeq sequencing	SAMN16473954		NA	missing	USA	NA	NA	NA	1;131567;2;29547;3031852;213849;72294;194;197	NA	missing	PNUSAC018827:wgs	Nextera DNA Flex	NA	NA	NA	197
ERR226238	NA	NA	NA	NA	NA	NA	The Genomics of Speciation in Campylobacter	CAMSA3681-sc-2012-04-27T13:13:02Z-1405029	Illumina HiSeq 2000 paired end sequencing	SAMEA1676345		NA	NA	NA	NA	NA	NA	1;131567;2;29547;3031852;213849;72294;194;197	NA	NA	SC_EXP_8785_1#9	5720180	NA	NA	NA	197
ERR946747	NA	NA	NA	NA	NA	NA	Virulence characteristics of hcp+ Campylobacter jejuni and Campylobacter coli isolates from retail chicken	NA	Illumina MiSeq paired end sequencing	SAMEA3487068		NA	NA	NA	NA	NA	NA	1;131567;2;29547;3031852;213849;72294;194;195	NA	NA	ena-EXPERIMENT-LSHTM-27-06-2015-12:14:33:301-32	NC1	NA	NA	NA	195
SRR29931273	NA	NA	NA	NA	NA	NA	Campylobacter Genome sequencing and assembly	NA	Illumina MiSeq sequencing	SAMN42764553		NA	NA	NA	NA	NA	NA	1;131567;2;29547;3031852;213849;72294;194;197	NA	NA	PNUSAC047174:wgs	NexteraXT	NA	NA	NA	197
SRR13923227	missing	missing	NA	NA	NA	Campylobacter jejuni	Campylobacter Genome sequencing and assembly	SAMN18239645	Illumina MiSeq sequencing	SAMN18239645		NA	missing	missing	NA	NA	NA	1;131567;2;29547;3031852;213849;72294;194;197	NA	missing	PNUSAC020559:wgs	NexteraXT	NA	NA	NA	197
SRR18072425	missing	missing	NA	NA	NA	Campylobacter jejuni	Campylobacter Genome sequencing and assembly	SAMN26084580	Illumina MiSeq sequencing	SAMN26084580		NA	missing	USA	31-12-22	NA	NA	1;131567;2;29547;3031852;213849;72294;194;197	01-01-22	2022	PNUSAC026356:wgs	Nextera DNA Flex	NA	NA	NA	197
SRR11853953	missing	missing	NA	NA	NA	Campylobacter jejuni	Campylobacter Genome sequencing and assembly	SAMN15031454	Illumina MiSeq sequencing	SAMN15031454		NA	missing	USA	NA	NA	NA	1;131567;2;29547;3031852;213849;72294;194;197	NA	missing	PNUSAC009691:wgs	NexteraXT	NA	NA	NA	197
ERR1163719	NA	soil	NA	NA	NA	Campylobacter coli p635A	Genomics of Campylobacter coli	LDI9128	Illumina HiSeq 2500 paired end sequencing	SAMEA3683334		NA	p635A	United Kingdom	31-12-14	NA	NA	1;131567;2;29547;3031852;213849;72294;194;195	01-01-14	2014	ena-EXPERIMENT-INSTITUTE OF FOOD RESEARCH-05-12-2015-03:02:25:070-335	unspecified	NA	NA	NA	195
ERR670848	NA	NA	NA	NA	NA	NA	i_CAMPS_3___Prevalence_of_Campylobacter_in_the_Grampian_region_of_Scotland	P0199-sc-2000311	Illumina HiSeq 2000 paired end sequencing	SAMEA2613238		NA	NA	NA	NA	NA	NA	1;131567;2;29547;3031852;213849;72294;194;195	NA	NA	SC_EXP_14410_3#45	11848138	NA	NA	NA	195
ERR694574	NA	NA	NA	NA	NA	Camplyobacter Isolate	Application of whole genome sequencing to fully characterise Campylobacter isolates from the IID1 and IID2 studies	C033120_v2	Illumina MiSeq paired end sequencing	SAMEA3168641		NA	NA	NA	NA	NA	NA	1;131567;2;29547;3031852;213849;72294;194	NA	NA	ena-EXPERIMENT-CENTRE FOR GENOMIC RESEARCH (CGR)-05-12-2014-12:57:44:360-81	141029_SN7001242_0167_AC5PC4ACXX_LIMS5786	NA	NA	NA	194
ERR10703458	NA	NA	NA	NA	NA	Danish Campylobacter surveillance strain	Discover samples	campy20_98	NextSeq 500 sequencing	SAMEA112260336		NA	campy20_98	Denmark	31-12-20	NA	NA	1;131567;2;29547;3031852;213849;72294;194;197	01-01-20	2020	ena-EXPERIMENT-TAB-23-12-2022-11:36:41:366-90768	NA	NA	NA	NA	197
SRR25382606	missing	missing	NA	NA	NA	Capylobacter jejuni	Campylobacter Genome sequencing and assembly	SAMN36672414	Illumina MiSeq sequencing	SAMN36672414		NA	missing	USA	31-12-23	NA	NA	1;131567;2;29547;3031852;213849;72294;194;197	01-01-23	2023	PNUSAC037350:wgs	NexteraXT	NA	NA	NA	197
SRR25052815	missing	missing	NA	NA	NA	Campylobacter jejuni	Campylobacter Genome sequencing and assembly	SAMN36022878	Illumina MiSeq sequencing	SAMN36022878		NA	missing	USA	31-12-23	NA	NA	1;131567;2;29547;3031852;213849;72294;194;197	01-01-23	2023	PNUSAC036611:wgs	Nextera DNA Flex	NA	NA	NA	197
SRR9856010	missing	missing	NA	NA	NA	Campylobacter jejuni	Campylobacter Genome sequencing and assembly	SAMN12391936	Illumina MiSeq sequencing	SAMN12391936		NA	missing	USA	NA	NA	NA	1;131567;2;29547;3031852;213849;72294;194;197	NA	missing	PNUSAC010599:wgs	NexteraXT	NA	NA	NA	197
SRR9077775	NA	NA	NA	NA	NA	Pathogen: environmental/food/other sample from Campylobacter sp. US53	Campylobacter strains from wild birds	US53	NextSeq 500 sequencing: Campylobacter sp.	SAMN10615007		NA	NA	NA	NA	NA	NA	1;131567;2;29547;3031852;213849;72294;194;2593542;2498124	NA	not applicable	US53	US53	NA	NA	NA	2498124
SRR25436740	NA	NA	NA	NA	NA	NA	Campylobacter Genome sequencing and assembly	NA	Illumina MiSeq sequencing	SAMN36726060		NA	NA	NA	NA	NA	NA	1;131567;2;29547;3031852;213849;72294;194;197	NA	NA	PNUSAC037535:wgs	Nextera DNA Flex	NA	NA	NA	197
ERR470518	NA	NA	NA	NA	NA	NA	i_CAMPS_3___Prevalence_of_Campylobacter_in_the_Grampian_region_of_Scotland	2969-sc-1861056	Illumina HiSeq 2000 paired end sequencing	SAMEA2361299		NA	NA	NA	NA	NA	NA	1;131567;2;29547;3031852;213849;72294;194;197	NA	NA	SC_EXP_12378_5#21	9608279	NA	NA	NA	197
SRR24863315	NA	NA	NA	NA	NA	NA	USDA-FSIS: Isolated strains of Campylobacter spp. genome sequencing	NA	Illumina MiSeq sequencing	SAMN35663339		NA	NA	NA	NA	NA	NA	1;131567;2;29547;3031852;213849;72294;194;197	NA	NA	FSIS32309646	FSIS32309646 Nextera XT shotgun library	NA	NA	NA	197
SRR19383128	missing	missing	NA	NA	NA	Campylobacter jejuni	Campylobacter Genome sequencing and assembly	SAMN28639237	Illumina MiSeq sequencing	SAMN28639237		NA	missing	missing	NA	NA	NA	1;131567;2;29547;3031852;213849;72294;194;197	NA	missing	PNUSAC028067:wgs	NexteraXT	NA	NA	NA	197
ERR326230	NA	NA	NA	NA	NA	NA	The Genomics of Speciation in Campylobacter	IOW907529-sc-2012-11-09T13:47:12Z-1510883	Illumina HiSeq 2000 paired end sequencing	SAMEA1902783		NA	NA	NA	NA	NA	NA	1;131567;2;29547;3031852;213849;72294;194;197	NA	NA	SC_EXP_9953_8#88	7322119	NA	NA	NA	197
ERR713652	NA	NA	NA	NA	NA	NA	The Genomics of Speciation in Campylobacter	8745-sc-2026042	Illumina HiSeq 2000 paired end sequencing	SAMEA2656597		NA	NA	NA	NA	NA	NA	1;131567;2;29547;3031852;213849;72294;194;197	NA	NA	SC_EXP_14412_6#3	11893978	NA	NA	NA	197
ERR467052	NA	NA	NA	NA	NA	NA	Determination_of_spirality_factors_in_Campylobacter_jejuni	76H_cj-sc-1779345	Illumina MiSeq paired end sequencing	SAMEA2266426		NA	NA	NA	NA	NA	NA	1;131567;2;29547;3031852;213849;72294;194;197	NA	NA	SC_EXP_11978_1#33	9076241	NA	NA	NA	197
SRR4069948	missing	NA	NA	NA	NA	Microbe sample from Campylobacter	Major food bacterial pathogens in the united states and around the world, including Salmonella enterica, E. coli, Shigella, Listeria monocytogenes, Campylobacter Jejuni, and Vibrio parahaemolyticus genome sequencing	BCW_8683	Illumina HiSeq 3000 sequencing: Campylobacter Genomics	SAMN05711866		NA	101	NA	NA	NA	NA	1;131567;2;29547;3031852;213849;72294;194	NA	not collected	BCW_8683	BCW_8683	NA	NA	NA	194
SRR12158718	missing	missing	NA	NA	NA	Capylobacter jejuni	Campylobacter Genome sequencing and assembly	SAMN15459044	Illumina MiSeq sequencing	SAMN15459044		NA	missing	USA	NA	NA	NA	1;131567;2;29547;3031852;213849;72294;194;197	NA	missing	PNUSAC017097:wgs	NexteraXT	NA	NA	NA	197
SRR12422695	missing	missing	NA	NA	NA	Campylobacter jejuni	Campylobacter Genome sequencing and assembly	SAMN15775603	Illumina MiSeq sequencing	SAMN15775603		NA	missing	USA	NA	NA	NA	1;131567;2;29547;3031852;213849;72294;194;197	NA	missing	PNUSAC017742:wgs	NexteraXT	NA	NA	NA	197
SRR27042677	missing	missing	NA	NA	NA	Capylobacter jejuni	Campylobacter Genome sequencing and assembly	SAMN38639666	Illumina MiSeq sequencing	SAMN38639666		NA	missing	USA	31-12-23	NA	NA	1;131567;2;29547;3031852;213849;72294;194;197	01-01-23	2023	PNUSAC041449:wgs	NexteraXT	NA	NA	NA	197
SRR11072035	missing	missing	NA	NA	NA	Campylobacter	Campylobacter Genome sequencing and assembly	SAMN14088045	Illumina MiSeq sequencing	SAMN14088045		NA	missing	USA	NA	NA	NA	1;131567;2;29547;3031852;213849;72294;194;197	NA	missing	PNUSAC015675:wgs	NexteraXT	NA	NA	NA	197
SRR4070139	missing	NA	NA	NA	NA	Microbe sample from Campylobacter	Major food bacterial pathogens in the united states and around the world, including Salmonella enterica, E. coli, Shigella, Listeria monocytogenes, Campylobacter Jejuni, and Vibrio parahaemolyticus genome sequencing	BCW_7695	Illumina HiSeq 3000 sequencing: Campylobacter Genomics	SAMN05712006		NA	118	NA	NA	NA	NA	1;131567;2;29547;3031852;213849;72294;194	NA	not collected	BCW_7695	BCW_7695	NA	NA	NA	194
SRR15178534	missing	missing	NA	NA	NA	Campylobacter jejuni	Campylobacter Genome sequencing and assembly	SAMN20286149	Illumina MiSeq sequencing	SAMN20286149		NA	missing	USA	NA	NA	NA	1;131567;2;29547;3031852;213849;72294;194;197	NA	missing	PNUSAC022366:wgs	Nextera DNA Flex	NA	NA	NA	197
ERR221328	NA	NA	NA	NA	NA	NA	The Genomics of Speciation in Campylobacter	CJ7046-sc-2012-07-16T12:01:01Z-1450194	Illumina HiSeq 2000 paired end sequencing	SAMEA1676325		NA	NA	NA	NA	NA	NA	1;131567;2;29547;3031852;213849;72294;194;197	NA	NA	SC_EXP_8616_3#44	5764410	NA	NA	NA	197
ERR148287	NA	NA	NA	NA	NA	NA	The Genomics of Speciation in Campylobacter	CAMSA4076-sc-2012-03-15T10:54:08Z-1379943	Illumina HiSeq 2000 paired end sequencing	SAMEA1401339		NA	NA	NA	NA	NA	NA	1;131567;2;29547;3031852;213849;72294;194;197	NA	NA	SC_EXP_7875_7#2	4926617	NA	NA	NA	197
ERR11721283	NA	NA	NA	NA	NA	SAMPLE_OXC12028_S62	Whole genome sequencing and analysis of Campylobacter isolates from the United Kingdom	SAMPLE_OXC12028_S62	NextSeq 2000 sequencing: SAMPLE_OXC12028_S62	SAMEA114071969		NA	Not applicable	United Kingdom	31-12-19	NA	NA	1;131567;2;29547;3031852;213849;72294;194;197	01-01-19	2019	SAMPLE_OXC12028_S62	SAMPLE_OXC12028_S62	NA	NA	NA	197
SRR13202276	NA	CB-WHOLE-CUT IN LAB	NA	NA	NA	Campylobacter jejuni	CVM NARMS Campylobacter	SAMN17006817	Illumina MiSeq sequencing	SAMN17006817		NA	missing	USA:LA	31-12-20	NA	NA	1;131567;2;29547;3031852;213849;72294;194;197	01-01-20	2020	20LA11CB10-C1:wgs	NexteraXT	NA	NA	NA	197
ERR356059	NA	NA	NA	NA	NA	NA	The Genomics of Speciation in Campylobacter	CJ6857-sc-2012-04-27T13:11:33Z-1404947	Illumina HiSeq 2000 paired end sequencing	SAMEA1676335		NA	NA	NA	NA	NA	NA	1;131567;2;29547;3031852;213849;72294;194;197	NA	NA	SC_EXP_8616_1#23	5719528	NA	NA	NA	197
SRR6398721	NA	soil	NA	NA	NA	Pathogen: environmental/food/other sample from Campylobacter coli	GenomeTrakr Project: Thakur Molecular Epidemiology Laboratory, NC State University	SAMN07767599	Illumina MiSeq paired end sequencing: Whole genome Illumina MiSeq sequence of Campylobacter coli	SAMN07767599		NA	CFSAN070381	USA:NC	06-08-09	NA	NA	1;131567;2;29547;3031852;213849;72294;194;195	05-08-09	06-08-09	EXT00289206	Nextera XT library SEQ000066634	NA	NA	NA	195
SRR17857257	missing	missing	NA	NA	NA	Campylobacter jejuni	Campylobacter Genome sequencing and assembly	SAMN25582471	Illumina MiSeq sequencing	SAMN25582471		NA	missing	missing	NA	NA	NA	1;131567;2;29547;3031852;213849;72294;194;197	NA	missing	PNUSAC026155:wgs	NexteraXT	NA	NA	NA	197
ERR12084056	NA	NA	NA	NA	NA	SAMPLE_OXC12444_S878	Whole genome sequencing and analysis of Campylobacter isolates from the United Kingdom	SAMPLE_OXC12444_S878	NextSeq 2000 sequencing: SAMPLE_OXC12444_S878	SAMEA114461845		NA	Not applicable	United Kingdom	31-12-19	NA	NA	1;131567;2;29547;3031852;213849;72294;194;197	01-01-19	2019	SAMPLE_OXC12444_S878	SAMPLE_OXC12444_S878	NA	NA	NA	197
ERR439920	NA	NA	NA	NA	NA	NA	i_CAMPS_3___Prevalence_of_Campylobacter_in_the_Grampian_region_of_Scotland	2410-sc-1789691	Illumina HiSeq 2000 paired end sequencing	SAMEA2274619		NA	NA	NA	NA	NA	NA	1;131567;2;29547;3031852;213849;72294;194;197	NA	NA	SC_EXP_12082_8#79	9232098	NA	NA	NA	197
SRR27559027	NA	NA	NA	NA	NA	NA	Campylobacter Genome sequencing and assembly	NA	Illumina MiSeq sequencing	SAMN39456870		NA	NA	NA	NA	NA	NA	1;131567;2;29547;3031852;213849;72294;194;197	NA	NA	PNUSAC042328:wgs	Nextera DNA Flex	NA	NA	NA	197
ERR3145269	NA	NA	NA	NA	NA	Danish study on genetic clusters of C.jejuni	Detecting genetic matches between C.jejuni isolates from Danish patients and food -and animal sources using WGS	1602M6988	Illumina MiSeq paired end sequencing	SAMEA5326284		NA	1602M6988	Denmark	31-12-16	NA	NA	1;131567;2;29547;3031852;213849;72294;194;197	01-01-16	2016	ena-EXPERIMENT-SSI-07-02-2019-09:11:08:383-482	unspecified	NA	NA	NA	197
SRR15230816	missing	missing	NA	NA	NA	Campylobacter jejuni	Campylobacter Genome sequencing and assembly	SAMN20362528	Illumina MiSeq sequencing	SAMN20362528		NA	missing	USA	NA	NA	NA	1;131567;2;29547;3031852;213849;72294;194;197	NA	missing	PNUSAC022503:wgs	Nextera DNA Flex	NA	NA	NA	197
SRR21388670	missing	missing	NA	NA	NA	Campylobacter jejuni	Campylobacter Genome sequencing and assembly	SAMN30631034	Illumina MiSeq sequencing	SAMN30631034		NA	missing	USA	31-12-22	NA	NA	1;131567;2;29547;3031852;213849;72294;194;197	01-01-22	2022	PNUSAC030366:wgs	NexteraXT	NA	NA	NA	197
ERR12953173	NA	NA	NA	NA	NA	Campylobacter coli isolates	Genome of Campylobacter coli isolated from wild birds and surface waters	W069-160221-01	Illumina MiSeq sequencing	SAMEA115501781		NA	NA	Luxembourg	16-02-21	NA	NA	1;131567;2;29547;3031852;213849;72294;194;195	16-02-21	16-02-21	ena-EXPERIMENT-TAB-26-04-2024-08:18:32:456-63253	unspecified	NA	NA	NA	195
SRR10699576	missing	missing	NA	NA	NA	Campylobacter	Campylobacter Genome sequencing and assembly	SAMN13607553	Illumina MiSeq sequencing	SAMN13607553		NA	missing	USA	NA	NA	NA	1;131567;2;29547;3031852;213849;72294;194;197	NA	missing	PNUSAC014133:wgs	NexteraXT	NA	NA	NA	197
ERR976146	NA	NA	NA	NA	NA	NA	i_CAMPS_3___Prevalence_of_Campylobacter_in_the_Grampian_region_of_Scotland	3825-sc-2299253	Illumina HiSeq 2000 paired end sequencing	SAMEA3391403		NA	NA	NA	NA	NA	NA	1;131567;2;29547;3031852;213849;72294;194;197	NA	NA	SC_EXP_16934_6#84	14218582	NA	NA	NA	197
SRR24939988	Animal	manure	NA	NA	NA	One Health Enteric sample from Campylobacter jejuni	GenomeTrakr Project: Ohio Department of Agriculture Animal Disease Diagnostic Laboratory	AG23-0031	Illumina MiSeq sequencing: WGS of a Campylobacter jejuni isolate	SAMN35758862		NA	Red-26-2-D-M	USA:OH	04-02-19	NA	NA	1;131567;2;29547;3031852;213849;72294;194;197	04-02-19	04-02-19	AG23-0031	AG23-0031	NA	NA	NA	197
ERR1658689	NA	NA	NA	NA	NA	9753	i_CAMPS_3___Prevalence_of_Campylobacter_in_the_Grampian_region_of_Scotland	4c8f4f90-fa7b-11e5-9ab9-3c4a9275d6c8	Illumina HiSeq 2000 paired end sequencing	SAMEA4443233		NA	NA	NA	NA	NA	NA	1;131567;2;29547;3031852;213849;72294;194;197	NA	NA	SC_EXP_20019_6#19	16656800	NA	NA	NA	197
SRR1815315	NA	culture	NA	NA	NA	Microbe sample from Campylobacter	Major food bacterial pathogens in the united states and around the world, including Salmonella enterica, E. coli, Shigella, Listeria monocytogenes, Campylobacter Jejuni, and Vibrio parahaemolyticus genome sequencing	BCW_6404	Illumina HiSeq 2500 sequencing: 100k Pathogen Genomes Submission: Sample BCW_6404	SAMN03360128		NA	NA	NA	NA	NA	NA	1;131567;2;29547;3031852;213849;72294;194	NA	not collected	BCW_6404	BCW_6404	NA	NA	NA	194
SRR1993248	missing	missing	NA	NA	NA	Campylobacter jejuni	Campylobacter Genome sequencing and assembly	SAMN03565942	Illumina HiSeq 2500 sequencing	SAMN03565942		NA	NA	USA	NA	NA	NA	1;131567;2;29547;3031852;213849;72294;194;197	NA	missing	TESTWGCAMPY0001541:wgs	TruSeqNano	NA	NA	NA	197
ERR4879520	NA	NA	NA	NA	NA	Danish Campylobacter surveillance 2019	Whole Genome Sequencing Data Used for Surveillance of Campylobacter infections in Denmark, 2019: Detection of a large Continuous Outbreak	1905W58226	NextSeq 500 paired end sequencing	SAMEA7632583		NA	1905W58226	Denmark	31-12-19	NA	NA	1;131567;2;29547;3031852;213849;72294;194;195	01-01-19	2019	ena-EXPERIMENT-SSI-26-11-2020-15:12:25:001-355	unspecified	NA	NA	NA	195
SRR9945146	NA	food	NA	NA	NA	Campylobacter jejuni 448217	Routine Sequencing of Campylobacter species	SAMN12550285	Illumina HiSeq 2500 sequencing	SAMN12550285		NA	448217	United Kingdom: United Kingdom	30-11-17	NA	NA	1;131567;2;29547;3031852;213849;72294;194;197	01-11-17	2017-11	448217	strain	NA	NA	NA	197
SRR7411500	missing	missing	NA	NA	NA	Campylobacter jejuni	Campylobacter Genome sequencing and assembly	SAMN09469946	Illumina MiSeq sequencing	SAMN09469946		NA	missing	USA	NA	NA	NA	1;131567;2;29547;3031852;213849;72294;194;197	NA	missing	PNUSAC004916:wgs	NexteraXT	NA	NA	NA	197
SRR12341582	missing	missing	NA	NA	NA	Campylobacter jejuni	Campylobacter Genome sequencing and assembly	SAMN15663560	Illumina MiSeq sequencing	SAMN15663560		NA	missing	USA	NA	NA	NA	1;131567;2;29547;3031852;213849;72294;194;197	NA	missing	PNUSAC017508:wgs	Nextera DNA Flex	NA	NA	NA	197
SRR23980959	missing	missing	NA	NA	NA	Campylobacter jejuni	Campylobacter Genome sequencing and assembly	SAMN33938979	Illumina MiSeq sequencing	SAMN33938979		NA	missing	USA	31-12-23	NA	NA	1;131567;2;29547;3031852;213849;72294;194;197	01-01-23	2023	PNUSAC034365:wgs	Nextera DNA Flex	NA	NA	NA	197
SRR9969039	NA	food	NA	NA	NA	Campylobacter jejuni 399430	Routine Sequencing of Campylobacter species	SAMN12574200	Illumina HiSeq 2500 sequencing	SAMN12574200		NA	399430	United Kingdom: United Kingdom	31-07-17	NA	NA	1;131567;2;29547;3031852;213849;72294;194;197	30-06-17	2017-07	399430	strain	NA	NA	NA	197
ERR1906113	NA	NA	NA	NA	NA	Genome shotgun sequencing of Campylobacter isolate	Enigma WTTS strains	WTTS463	Illumina HiSeq 2500 paired end sequencing	SAMEA103954494		NA	NA	NA	NA	NA	NA	1;131567;2;29547;3031852;213849;72294;194;197	NA	NA	ena-EXPERIMENT-CGR-31-03-2017-14:11:59:904-74	WTTS463	NA	NA	NA	197
ERR213031	NA	NA	NA	NA	NA	NA	Determination_of_spirality_factors_in_Campylobacter_jejuni	10_1-sc-2012-07-30T10:00:45Z-1458835	Illumina HiSeq 2000 paired end sequencing	SAMEA1572567		NA	NA	NA	NA	NA	NA	1;131567;2;29547;3031852;213849;72294;194;197	NA	NA	SC_EXP_8489_8#5	5765860	NA	NA	NA	197
ERR12072012	NA	NA	NA	NA	NA	SAMPLE_OXC13104_S188	Whole genome sequencing and analysis of Campylobacter isolates from the United Kingdom	SAMPLE_OXC13104_S188	NextSeq 2000 sequencing: SAMPLE_OXC13104_S188	SAMEA114408641		NA	Not applicable	United Kingdom	31-12-20	NA	NA	1;131567;2;29547;3031852;213849;72294;194;197	01-01-20	2020	SAMPLE_OXC13104_S188	SAMPLE_OXC13104_S188	NA	NA	NA	197
ERR278336	NA	NA	NA	NA	NA	NA	The Genomics of Speciation in Campylobacter	CJ7425-sc-2012-11-09T13:47:34Z-1510906	Illumina HiSeq 2000 paired end sequencing	SAMEA1902805		NA	NA	NA	NA	NA	NA	1;131567;2;29547;3031852;213849;72294;194;197	NA	NA	SC_EXP_9471_2#15	6603413	NA	NA	NA	197
ERR3446633	NA	NA	NA	NA	NA	SAMPLE_WTCHG_697198_70955071	Whole genome sequencing of Campylobacter samples from the United Kingdom	SAMPLE_WTCHG_697198_70955071	Illumina NovaSeq 6000 paired end sequencing: SAMPLE_WTCHG_697198_70955071	SAMEA5803185		NA	Not applicable	NA	NA	NA	NA	1;131567;2;29547;3031852;213849;72294;194;197	NA	NA	SAMPLE_WTCHG_697198_70955071	SAMPLE_WTCHG_697198_70955071	NA	NA	NA	197
SRR15223897	missing	missing	NA	NA	NA	Campylobacter jejuni	Campylobacter Genome sequencing and assembly	SAMN20357706	Illumina MiSeq sequencing	SAMN20357706		NA	missing	missing	30-06-21	NA	NA	1;131567;2;29547;3031852;213849;72294;194;197	29-06-21	30-06-21	PNUSAC022447:wgs	NexteraXT	NA	NA	NA	197
SRR28868230	NA	NA	NA	NA	NA	NA	USDA-FSIS: Isolated strains of Campylobacter spp. genome sequencing	NA	Illumina MiSeq sequencing	SAMN41154350		NA	NA	NA	NA	NA	NA	1;131567;2;29547;3031852;213849;72294;194;197	NA	NA	FSIS22415963	FSIS22415963 Nextera XT shotgun library	NA	NA	NA	197
ERR3144883	NA	NA	NA	NA	NA	Danish study on genetic clusters of C.jejuni	Detecting genetic matches between C.jejuni isolates from Danish patients and food -and animal sources using WGS	15101282-05	Illumina MiSeq paired end sequencing	SAMEA5328457		NA	15101282-05	Denmark	31-12-15	NA	NA	1;131567;2;29547;3031852;213849;72294;194;197	01-01-15	2015	ena-EXPERIMENT-SSI-07-02-2019-09:11:08:369-96	unspecified	NA	NA	NA	197
ERR330642	NA	NA	NA	NA	NA	NA	The Genomics of Speciation in Campylobacter	7773-sc-2013-04-16T10:21:12Z-1611668	Illumina HiSeq 2000 paired end sequencing	SAMEA1969322		NA	NA	NA	NA	NA	NA	1;131567;2;29547;3031852;213849;72294;194;195	NA	NA	SC_EXP_10050_5#89	7402515	NA	NA	NA	195
ERR148380	NA	NA	NA	NA	NA	NA	The Genomics of Speciation in Campylobacter	CJ4778-sc-2012-03-15T10:55:32Z-1380036	Illumina HiSeq 2000 paired end sequencing	SAMEA1401535		NA	NA	NA	NA	NA	NA	1;131567;2;29547;3031852;213849;72294;194;197	NA	NA	SC_EXP_7875_7#95	4926710	NA	NA	NA	197
SRR9945233	NA	food	NA	NA	NA	Campylobacter jejuni 467205	Routine Sequencing of Campylobacter species	SAMN12550351	Illumina HiSeq 2500 sequencing	SAMN12550351		NA	467205	United Kingdom: United Kingdom	31-12-17	NA	NA	1;131567;2;29547;3031852;213849;72294;194;197	01-12-17	2017-12	467205	strain	NA	NA	NA	197
ERR1658511	NA	NA	NA	NA	NA	9568	i_CAMPS_3___Prevalence_of_Campylobacter_in_the_Grampian_region_of_Scotland	50e05a30-fa7b-11e5-b5da-3c4a9275d6c8	Illumina HiSeq 2000 paired end sequencing	SAMEA4443306		NA	NA	NA	NA	NA	NA	1;131567;2;29547;3031852;213849;72294;194;197	NA	NA	SC_EXP_20019_5#20	16636058	NA	NA	NA	197
ERR594006	NA	NA	NA	NA	NA	GENOSCREEN_SAMPLE_5223	Campylobacter study (Patho-NGen-Trace)	GENOSCREEN_SAMPLE_5223	Illumina HiSeq 2000 paired end sequencing: GENOSCREEN_SAMPLE_5223	SAMEA2743679		NA	NA	NA	NA	NA	NA	1;131567;2;29547;3031852;213849;72294;194;197	NA	NA	GENOSCREEN_SAMPLE_5223	GENOSCREEN_SAMPLE_5223	NA	NA	NA	197
ERR12757156	NA	NA	NA	NA	NA	SAMPLE_OXCFB12_S906	Whole genome sequencing and analysis of Campylobacter isolates from the United Kingdom	SAMPLE_OXCFB12_S906	NextSeq 2000 sequencing: SAMPLE_OXCFB12_S906	SAMEA115419291		NA	Not applicable	United Kingdom	31-12-22	NA	NA	1;131567;2;29547;3031852;213849;72294;194;197	01-01-22	2022	SAMPLE_OXCFB12_S906	SAMPLE_OXCFB12_S906	NA	NA	NA	197
ERR1701073	NA	NA	NA	NA	NA	Campylobacter jejuni M1cam R56	Genomic variations leading to alterations in cell morphology of Campylobacter spp.	C_jejuni_M1cam_R56	Illumina HiSeq 4000 paired end sequencing	SAMEA4521984		NA	NA	NA	NA	NA	NA	1;131567;2;29547;3031852;213849;72294;194;197	NA	NA	ena-EXPERIMENT-UNIVERSITY OF CAMBRDGE-21-10-2016-15:45:11:197-56	unspecified	NA	NA	NA	197
