run_accession	chicken	turkey	pig	cattle	sheep	goat	human	dog	cat	wildbird	environment	water	wastewater	laboratory	other_animal	best_hit	source_method	source_evidence	source_llm_score	nli_verification_score	year	country
ERR4224313	0.0011532856151461601	0.0012397137470543385	0.0010019919136539102	0.0008808074053376913	0.0019733337685465813	0.0013274237280711532	0.0015308422734960914	0.0007652587373740971	0.8086363077163696	0.0012445658212527633	0.05245080590248108	0.09070434421300888	0.02722773514688015	0.007274767383933067	0.002588836709037423	cat	nli		NA	0.9921233057975769	2016	Netherlands
ERR4224555	0.0012217956827953458	0.0014940545661374927	0.001047100406140089	0.0008851980092003942	0.002256021834909916	0.001368346274830401	0.0017365218373015523	0.0007601133547723293	0.8016321659088135	0.0013082377845421433	0.056783732026815414	0.09095639735460281	0.028190741315484047	0.007721986621618271	0.0026375565212219954	cat	nli		NA	0.9921992421150208	2018	Netherlands
SRR28564538	NA	NA	NA	NA	NA	NA	NA	NA	NA	NA	NA	NA	NA	NA	NA	cat	host_tax_id	host_tax_id=9685; Felis catus	NA	0.9708263874053955	2022	United States
SRR6627731	0.002942533465102315	0.0026687616482377052	0.0029196341056376696	0.0026531703770160675	0.002458578674122691	0.0026949518360197544	0.0028353389352560043	0.0015658229822292924	0.8319748044013977	0.0026531703770160675	0.0830024778842926	0.028580034151673317	0.01804281398653984	0.005359550938010216	0.009648195467889309	cat	nli		NA	0.9797065258026123	2017	United States
ERR4224319	0.0011402835370972753	0.0012377661187201738	0.0009868331253528595	0.0008811427396722138	0.001932125655002892	0.0012870730133727193	0.0014930309262126684	0.0007595925126224756	0.8121103644371033	0.0012377661187201738	0.052374791353940964	0.08771126717329025	0.02697340026497841	0.007249164395034313	0.002625473774969578	cat	nli		NA	0.9923192858695984	2016	Netherlands
ERR4224530	0.0012001811992377043	0.0013653063215315342	0.0010366436326876283	0.0008936426602303982	0.0021187621168792248	0.0013415165012702346	0.0016662866109982133	0.0007673646905459464	0.7998511791229248	0.0013207183219492435	0.05920293554663658	0.09119854122400284	0.027624499052762985	0.007765261456370354	0.002647162415087223	cat	nli		NA	0.9921841025352478	2017	Netherlands
ERR4224584	0.0012260728981345892	0.0014674172271043062	0.0010507659753784537	0.0009058169671334326	0.0022071609273552895	0.0013974871253594756	0.0017022336833178997	0.0007627743179909885	0.8075869679450989	0.0012924643233418465	0.0572020523250103	0.08566105365753174	0.02699396200478077	0.007871048524975777	0.0026727644726634026	cat	nli		NA	0.9922294020652771	2018	Netherlands
ERR4224321	0.0011338969925418496	0.001214120420627296	0.0009851468494161963	0.000883079890627414	0.0019213039195165038	0.001284873578697443	0.0014875712804496288	0.0007582945981994271	0.8123076558113098	0.0012284319382160902	0.051092810928821564	0.08883178234100342	0.026966778561472893	0.007293535862118006	0.002610769122838974	cat	nli		NA	0.9922893643379211	2016	Netherlands
ERR4224598	0.0011891098693013191	0.0013793916441500187	0.001017099479213357	0.0008836713386699557	0.0021198175381869078	0.0013633212074637413	0.0016834769630804658	0.0007499621133320034	0.8033816814422607	0.001243744743987918	0.056966740638017654	0.09062236547470093	0.027103688567876816	0.007693628780543804	0.0026023322716355324	cat	nli		NA	0.9924080967903137	2018	Netherlands
ERR4224544	0.0012294831685721874	0.00152117689140141	0.0010434488067403436	0.0008650493691675365	0.0023014673497527838	0.0014013740001246333	0.0017440381925553083	0.0007545094122178853	0.7988365292549133	0.0012759655946865678	0.06078360229730606	0.09063918888568878	0.027321336790919304	0.007680042181164026	0.002602815395221114	cat	nli		NA	0.9922294020652771	2018	Netherlands
ERR4224591	0.0011437875218689442	0.001345081371255219	0.0010015337029471993	0.000849990698043257	0.001984022557735443	0.0013242277782410383	0.0015725592384114861	0.0007413750281557441	0.813016414642334	0.0011916760122403502	0.0535392202436924	0.08514908701181412	0.02730846218764782	0.007299900520592928	0.002532652113586664	cat	nli		NA	0.9925826787948608	2018	Netherlands
ERR4224614	0.001194425392895937	0.0014156476827338338	0.001031672116369009	0.0008824358810670674	0.0021418065298348665	0.0013667434686794877	0.001668040407821536	0.0007577415090054274	0.8053984045982361	0.001276435679756105	0.05737527087330818	0.08777566999197006	0.027318062260746956	0.0077734352089464664	0.0026241960003972054	cat	nli		NA	0.9923043847084045	2018	Netherlands
SRR5209498	NA	NA	NA	NA	NA	NA	NA	NA	NA	NA	NA	NA	NA	NA	NA	cat	host_tax_id	host_tax_id=9685; Felis catus	NA	0.9743128418922424	2004	Canada
ERR4224509	0.0012306346325203776	0.001478641526773572	0.0010608735028654337	0.0008933448698371649	0.0022110501304268837	0.0014192210510373116	0.0016527686966583133	0.0007641183910891414	0.804283618927002	0.0013202783884480596	0.05756927654147148	0.0888391062617302	0.02685730531811714	0.007747527677565813	0.002672249684110284	cat	nli		NA	0.9922444224357605	2018	Netherlands
ERR4224592	0.001139526953920722	0.0013270481722429395	0.0009978031739592552	0.0008468244923278689	0.0019650841131806374	0.0013115875190123916	0.0015605936059728265	0.0007444064831361175	0.8147479891777039	0.0011803009547293186	0.0520787388086319	0.0851847380399704	0.02719346061348915	0.007173954043537378	0.0025479798205196857	cat	nli		NA	0.9925682544708252	2018	Netherlands
ERR4224525	0.001187558053061366	0.0013562338426709175	0.001025740522891283	0.0008842434617690742	0.0020720527973026037	0.0013642038684338331	0.001591803738847375	0.0007652489002794027	0.8023332953453064	0.0012890819925814867	0.05723721161484718	0.09188445657491684	0.02696278877556324	0.007447188254445791	0.0025989364366978407	cat	nli		NA	0.9921385049819946	2017	Netherlands
ERR4224528	0.0011955498484894633	0.0013760695001110435	0.001028617494739592	0.000893678399734199	0.002164861187338829	0.0013600378297269344	0.0016728750197216868	0.0007644035504199564	0.7983224391937256	0.0013207710580900311	0.05950962007045746	0.09248021990060806	0.027517901733517647	0.007735296618193388	0.002657629083842039	cat	nli		NA	0.9922143816947937	2017	Netherlands
ERR4224527	0.0011920536635443568	0.001374727813526988	0.0010236083762720227	0.0008789653074927628	0.002104413928464055	0.0013587118592113256	0.0016040836926549673	0.0007636582595296204	0.8006654977798462	0.0012939621228724718	0.05671180784702301	0.09325118362903595	0.0273037850856781	0.007864794693887234	0.0026087751612067223	cat	nli		NA	0.9921537041664124	2017	Netherlands
SRR8399251	0.005651660729199648	0.004872036166489124	0.005237150937318802	0.0026540590915828943	0.004648929461836815	0.007400004658848047	0.0037136960308998823	0.001964639639481902	0.898124635219574	0.003999807871878147	0.02153845876455307	0.013663963414728642	0.005488486960530281	0.01345212385058403	0.007590301334857941	cat	nli		NA	0.9642205238342285	2018	United States
SRR8607992	0.004935919307172298	0.004313602112233639	0.004812170751392841	0.002143745543435216	0.004355933051556349	0.008662807755172253	0.0031313395593315363	0.001749674091115594	0.9233277440071106	0.0033725849352777004	0.00964520312845707	0.0068261283449828625	0.003689619479700923	0.009990325197577477	0.009043150581419468	cat	nli		NA	0.9715639352798462	2009	United States
SRR5750634	0.005254363641142845	0.004271767567843199	0.11393145471811295	0.8148500919342041	0.0020336664747446775	0.0028014937415719032	0.0019710969645529985	0.006167016923427582	0.004288486670702696	0.0019329724600538611	0.025140713900327682	0.004305271431803703	0.0036609794478863478	0.0031994059681892395	0.006191154010593891	cattle	nli		NA	0.9689150452613831	2017	United States
SRR8606599	0.001797650707885623	0.0017019814113155007	0.005262990947812796	0.9588912129402161	0.0009622130892239511	0.0010444725630804896	0.0012306893477216363	0.0016240420518442988	0.0016953462036326528	0.0012648053234443069	0.013205341063439846	0.0033128499053418636	0.0024570974055677652	0.0020569954067468643	0.0034922396298497915	cattle	nli		NA	0.9865458011627197	2018	United States
SRR7465511	0.005037197843194008	0.0036566131748259068	0.11546067148447037	0.818661093711853	0.0018639712361618876	0.0023655022960156202	0.0018933244282379746	0.0054999589920043945	0.004275013692677021	0.0017716793809086084	0.022641388699412346	0.004023855552077293	0.003592898603528738	0.0030851969495415688	0.006171703338623047	cattle	nli		NA	0.9720456600189209	2018	United States
SRR5164537	0.0016562689561396837	0.001599052338860929	0.005121634807437658	0.959004282951355	0.0009774811333045363	0.001052788575179875	0.00122603599447757	0.0015681239310652018	0.001605310826562345	0.00122603599447757	0.013935649767518044	0.0031307926401495934	0.0023864377290010452	0.0019900528714060783	0.0035200449638068676	cattle	nli		NA	0.9861246943473816	2016	United States
SRR23803202	0.012348715215921402	0.015012218616902828	0.15544109046459198	0.6834980845451355	0.0017894554184749722	0.0020316827576607466	0.001314317574724555	0.005855950061231852	0.10074082016944885	0.0012492411769926548	0.009357781149446964	0.0019500380149111152	0.001988499192520976	0.0016229655593633652	0.0057990411296486855	cattle	nli		NA	0.9798226952552795	2023	United States
SRR14503779	0.0016996398335322738	0.001313379849307239	0.0043148258700966835	0.9631990194320679	0.0008647067588753998	0.0008817615453153849	0.0012005262542515993	0.0014201023150235415	0.0014766727108508348	0.0010389690287411213	0.013539505191147327	0.0021235146559774876	0.002173872198909521	0.0019948575645685196	0.002758787712082267	cattle	nli		NA	0.9877822995185852	2021	United States
SRR3611737	0.001714882324449718	0.0016172881005331874	0.0052513498812913895	0.9586406350135803	0.001004197052679956	0.0010857959277927876	0.0012694239849224687	0.0015860068378970027	0.0016236179508268833	0.0012595452135428786	0.013674275018274784	0.003057108260691166	0.0023855329491198063	0.002084766747429967	0.003745647147297859	cattle	nli		NA	0.985772967338562	2016	United States
ERR2601882	NA	NA	NA	NA	NA	NA	NA	NA	NA	NA	NA	NA	NA	NA	NA	cattle	host_tax_id	host_tax_id=9913; Bos taurus	NA	0.9565125703811646	2003	Finland
SRR8841108	0.0016696862876415253	0.0013978024944663048	0.0037774229422211647	0.9443777203559875	0.0007719398709014058	0.0008249418460763991	0.0018772786715999246	0.0018088908400386572	0.0016502337530255318	0.0011014417978003621	0.02313951961696148	0.005954338703304529	0.001656692591495812	0.0022866521030664444	0.0077054863795638084	cattle	nli		NA	0.9918910264968872	2019	United States
SRR21602127	0.007936480455100536	0.005638808943331242	0.0656130462884903	0.8642824292182922	0.002010579453781247	0.00270025129429996	0.001837818417698145	0.0083662373945117	0.010890338569879532	0.001517664990387857	0.014427355490624905	0.0029483200050890446	0.002487588208168745	0.0020744020584970713	0.007268712855875492	cattle	nli		NA	0.9786310791969299	2022	United States
SRR2423693	0.006019987165927887	0.0043957228772342205	0.04914103448390961	0.8710456490516663	0.0021973950788378716	0.002032258315011859	0.002205995377153158	0.007190922275185585	0.005459891166538	0.0021464922465384007	0.025618821382522583	0.004219076596200466	0.004219076596200466	0.0028827853966504335	0.011224871501326561	cattle	nli		NA	0.9663470387458801	2015	United States
SRR7163773	0.0017071517650038004	0.0016099974745884538	0.005176873877644539	0.9599273800849915	0.0009689135476946831	0.0010476454626768827	0.001239259261637926	0.0015543794725090265	0.0016226248117163777	0.0012538672890514135	0.013040103949606419	0.0029439383652061224	0.002374779200181365	0.002023337408900261	0.003509696340188384	cattle	nli		NA	0.9862841367721558	2018	United States
SRR16465102	0.007799314334988594	0.0058300187811255455	0.06045428290963173	0.867790162563324	0.002078757155686617	0.0029718719888478518	0.0019001379841938615	0.008499210700392723	0.010870656929910183	0.0015691282460466027	0.014974962919950485	0.0029545098077505827	0.0025469467509537935	0.0021114929113537073	0.00764846196398139	cattle	nli		NA	0.9782188534736633	2021	United States
SRR15275302	0.01166628859937191	0.006993523798882961	0.1400577425956726	0.72600919008255	0.001831510104238987	0.0020834957249462605	0.0013140442315489054	0.005820527672767639	0.08132681250572205	0.0012836044188588858	0.009939801879227161	0.002007595496252179	0.0020511941984295845	0.0016676088562235236	0.005946930963546038	cattle	nli		NA	0.9810945391654968	2021	United States
SRR6322613	NA	NA	NA	NA	NA	NA	NA	NA	NA	NA	NA	NA	NA	NA	NA	cattle	host_tax_id	host_tax_id=9913; Bos taurus	NA	0.963949978351593	2014	United States
SRR2962345	NA	NA	NA	NA	NA	NA	NA	NA	NA	NA	NA	NA	NA	NA	NA	cattle	host_tax_id	host_tax_id=9913; Bos taurus	NA	0.9860173463821411	2011	United States
SRR11457120	0.005835441872477531	0.0050108530558645725	0.009887720458209515	0.669236421585083	0.005824055522680283	0.0028384176548570395	0.006586642004549503	0.007492855656892061	0.006929758004844189	0.005600939504802227	0.19258391857147217	0.05393754690885544	0.010321843437850475	0.0032861975487321615	0.014627381227910519	cattle	nli		NA	0.9805434346199036	2013	United States
SRR7163778	0.006316666956990957	0.004948334768414497	0.04862838611006737	0.865332305431366	0.0024022236466407776	0.0021617673337459564	0.0023557604290544987	0.007619354873895645	0.006378656253218651	0.0021617673337459564	0.027198251336812973	0.004461724776774645	0.004470448009669781	0.0032451972365379333	0.01231921836733818	cattle	nli		NA	0.9640855193138123	2018	United States
SRR3774242	0.0060770753771066666	0.004959964659065008	0.04651058465242386	0.8589369058609009	0.002644527470692992	0.002389131346717477	0.0025135877076536417	0.008066557347774506	0.007049530744552612	0.002553171245381236	0.032980941236019135	0.0053734853863716125	0.004864030051976442	0.0031589095015078783	0.011921598576009274	cattle	nli		NA	0.9601374864578247	2016	United States
SRR6498630	0.004424795508384705	0.0034058867022395134	0.0929805338382721	0.8358381986618042	0.0019444095669314265	0.0027581711765378714	0.002053705742582679	0.005379183683544397	0.004485706333070993	0.0020456991624087095	0.02637404203414917	0.0049362159334123135	0.003935494925826788	0.0032946576829999685	0.006143220234662294	cattle	nli		NA	0.9671630263328552	2017	United States
SRR11457294	0.006307641509920359	0.005098117049783468	0.01033878605812788	0.6703349351882935	0.005577356554567814	0.0026970335748046637	0.006675222422927618	0.0073456307873129845	0.006753907073289156	0.005754401441663504	0.1937495917081833	0.05136360600590706	0.010583963245153427	0.0033434266224503517	0.01407635398209095	cattle	nli		NA	0.9810219407081604	2013	United States
SRR12828244	0.0011865465203300118	0.0010973761091008782	0.0030181403271853924	0.9707590937614441	0.0008123213774524629	0.0008680960163474083	0.000987531617283821	0.0011277965968474746	0.001123399706557393	0.0009423093288205564	0.010310433804988861	0.002208118326961994	0.0017029724549502134	0.0013340701116248965	0.0025217505171895027	cattle	nli		NA	0.9901592135429382	2020	United States
SRR12828245	0.0014061166439205408	0.0013897349126636982	0.002720968797802925	0.9668417572975159	0.0009854695526883006	0.0010655467631295323	0.001216892502270639	0.0014735974837094545	0.001395174185745418	0.0011611668160185218	0.011059964075684547	0.002536221407353878	0.0022078154142946005	0.0017705679638311267	0.0027692210860550404	cattle	nli		NA	0.9862841367721558	2020	United States
SRR6652913	0.0063708750531077385	0.005261050071567297	0.043071847409009933	0.8609073758125305	0.002604408422484994	0.0024658043403178453	0.002666170010343194	0.008690962567925453	0.0070657022297382355	0.0025942549109458923	0.031883493065834045	0.005343899596482515	0.005079304799437523	0.0034234304912388325	0.012571399100124836	cattle	nli		NA	0.957635760307312	2017	United States
SRR17900481	0.008169061504304409	0.005804057233035564	0.17659172415733337	0.6451576352119446	0.0013866856461390853	0.0015349212335422635	0.005013192072510719	0.024555601179599762	0.01092845294624567	0.018177030608057976	0.026969052851200104	0.025734050199389458	0.01800038479268551	0.015411587432026863	0.016566544771194458	cattle	nli		NA	0.9564311504364014	2018	New Zealand
SRR4022329	0.0027710990980267525	0.0016939387423917651	0.018426230177283287	0.5453733205795288	0.0011372566223144531	0.0014489024179056287	0.0029904257971793413	0.0035651177167892456	0.00309742777608335	0.0013558113714680076	0.39052268862724304	0.010601980611681938	0.002955586416646838	0.001420878223143518	0.012639440596103668	cattle	nli		NA	0.9578728675842285	2011	United States
SRR11459624	0.0017297575250267982	0.0016700021224096417	0.005475726909935474	0.9594311118125916	0.000997203984297812	0.0010824545752257109	0.0012704706750810146	0.001612311229109764	0.0016570062143728137	0.0012854465749114752	0.0126818111166358	0.003012194065377116	0.0024584808852523565	0.0020026385318487883	0.0036333997268229723	cattle	nli		NA	0.9858002662658691	2020	United States
SRR5941988	0.006178549025207758	0.004774412605911493	0.05517646670341492	0.8614211082458496	0.002313268603757024	0.0021310828160494566	0.0023042503744363785	0.007644405122846365	0.005714223254472017	0.002164642559364438	0.026996109634637833	0.004321754910051823	0.004406993743032217	0.0029994449578225613	0.011453221552073956	cattle	nli		NA	0.9640517234802246	2017	United States
SRR5890889	0.0016698873369023204	0.0016312046209350228	0.0054753501899540424	0.95936518907547	0.0009702392271719873	0.0010573068866506219	0.0012217157054692507	0.0015810176264494658	0.0016185103449970484	0.0012409549672156572	0.013186088763177395	0.002971087582409382	0.0023966797161847353	0.002038012258708477	0.0035768228117376566	cattle	nli		NA	0.9864417314529419	2017	United States
SRR4018340	0.0017476911889389157	0.0016482298960909247	0.0053832679986953735	0.9580847024917603	0.0009958045557141304	0.001080935588106513	0.0012588148238137364	0.00158508715685457	0.0016611572355031967	0.0012588148238137364	0.013800459913909435	0.003246041713282466	0.002455031033605337	0.002137138042598963	0.003656757529824972	cattle	nli		NA	0.9858548641204834	2016	United States
SRR3402099	0.001506582833826542	0.0014948585303500295	0.004568655975162983	0.9562019109725952	0.0010314213577657938	0.0011239793384447694	0.001303838798776269	0.0015974966809153557	0.001566598191857338	0.001288648578338325	0.016149908304214478	0.003699810476973653	0.002572814002633095	0.0022793870884925127	0.003614104352891445	cattle	nli		NA	0.9844862222671509	2015	United States
SRR2976804	0.005415877792984247	0.003985625691711903	0.0813538059592247	0.8481401205062866	0.002031686482951045	0.0024892741348594427	0.001992390025407076	0.006065495312213898	0.004309488460421562	0.0019386486383154988	0.024582386016845703	0.004360287915915251	0.0037295513320714235	0.0030979516450315714	0.006507326383143663	cattle	nli		NA	0.9701269268989563	2015	United States
SRR12302131	0.0029755285941064358	0.002850381890311837	0.006524588912725449	0.8266446590423584	0.0019136558985337615	0.0019976755138486624	0.0022993104066699743	0.0024002620484679937	0.002246046904474497	0.002615657402202487	0.11500351876020432	0.009165273979306221	0.006958967074751854	0.0037540814373642206	0.012650382705032825	cattle	nli		NA	0.9543505311012268	2012	Germany
SRR6916748	0.006056326907128096	0.004689116030931473	0.04518969729542732	0.872887372970581	0.002344060456380248	0.002117682248353958	0.0023077193181961775	0.007581513375043869	0.005801605526357889	0.002125970320776105	0.02562289498746395	0.004244545474648476	0.00433672359213233	0.0029980989638715982	0.011696698144078255	cattle	nli		NA	0.9650203585624695	2018	United States
SRR18771549	0.009319637902081013	0.005820700898766518	0.16755035519599915	0.6840440630912781	0.0016676587983965874	0.0020155131351202726	0.001314083463512361	0.005809342954307795	0.09957067668437958	0.0013347772182896733	0.010560533031821251	0.0021246520336717367	0.0020234014373272657	0.0016676587983965874	0.005177038721740246	cattle	nli		NA	0.9789554476737976	2022	United States
SRR18319608	0.012000896967947483	0.007451525889337063	0.14803260564804077	0.7154216170310974	0.0018914146348834038	0.002168517792597413	0.0013570236042141914	0.006010903511196375	0.08317064493894577	0.0012898328714072704	0.009756660088896751	0.0020451070740818977	0.0020291919354349375	0.0016497214091941714	0.005724453367292881	cattle	nli		NA	0.9802241921424866	2022	United States
SRR18769954	0.0015528257936239243	0.0012188269756734371	0.004163702018558979	0.9646035432815552	0.0008246997022069991	0.0008376868208870292	0.0011494633508846164	0.0013596998760476708	0.0013596998760476708	0.0009908995125442743	0.013258087448775768	0.0021059440914541483	0.002139108022674918	0.0018404284492135048	0.0025954199954867363	cattle	nli		NA	0.9887118935585022	2022	United States
SRR17988521	0.001542221987619996	0.0014152224175632	0.0038999298121780157	0.9580162763595581	0.0009427414042875171	0.0009575873264111578	0.0013399056624621153	0.00153022026643157	0.001796010765247047	0.0011964010773226619	0.01666160486638546	0.0027654641307890415	0.0024405138101428747	0.0026647206395864487	0.002831045538187027	cattle	nli		NA	0.986151397228241	2022	United States
SRR7465516	0.005876198876649141	0.0047308895736932755	0.05022023245692253	0.868705153465271	0.002351126167923212	0.0020993195939809084	0.002269905526190996	0.00693739065900445	0.005498657003045082	0.0020829825662076473	0.02630959078669548	0.004183157812803984	0.004315945319831371	0.002891934709623456	0.011527531780302525	cattle	nli		NA	0.966568648815155	2018	United States
SRR5517169	0.004819523077458143	0.003972182050347328	0.06454750895500183	0.8569151759147644	0.002064769621938467	0.002610113238915801	0.002130312379449606	0.0060214689001441	0.005090430844575167	0.0021979359444230795	0.030311953276395798	0.005241770297288895	0.00414658198133111	0.003532931674271822	0.006397312972694635	cattle	nli		NA	0.9646559357643127	2017	United States
SRR14503780	0.002013636287301779	0.0014934875071048737	0.005484331864863634	0.9628176093101501	0.000960508652497083	0.000987134873867035	0.001328335260041058	0.0016857454320415854	0.0025956793688237667	0.0011585946194827557	0.008919352665543556	0.0020573658403009176	0.0023726429790258408	0.002812085673213005	0.003313447115942836	cattle	nli		NA	0.9861779808998108	2021	United States
SRR5646894	0.0016027912497520447	0.0016153623582795262	0.005063902121037245	0.9556309580802917	0.0010388902155682445	0.0011321183992549777	0.0013132800813764334	0.0017398134805262089	0.0016862851334735751	0.0013496855972334743	0.015582691878080368	0.0037193302996456623	0.0026322538033127785	0.0023366070818156004	0.003555948380380869	cattle	nli		NA	0.9842002391815186	2017	United States
SRR10257508	0.011282883584499359	0.006568406242877245	0.028615567833185196	0.7258543372154236	0.0033222113270312548	0.004967786837369204	0.05690886080265045	0.01278518233448267	0.016384467482566833	0.006027508992701769	0.03358592838048935	0.03787246719002724	0.006466572638601065	0.014262902550399303	0.03509478643536568	cattle	nli		NA	0.9098268747329712	2018	Egypt
ERR2834479	0.0006601238856092095	0.0005222009494900703	0.001140591804869473	0.9798568487167358	0.00037320019328035414	0.00044492079177871346	0.000612904317677021	0.0005757703329436481	0.0007165577262639999	0.000506134529132396	0.007215804886072874	0.0016022211639210582	0.0012874210951849818	0.0007672541541978717	0.003718007355928421	cattle	nli		NA	0.9976813197135925	2014	Finland
ERR4224938	0.0008573708473704755	0.0008213109686039388	0.002505230950191617	0.9700670838356018	0.0005892618210054934	0.0006175410817377269	0.0009945675265043974	0.000898516911547631	0.0008117423858493567	0.0007448966498486698	0.010202959179878235	0.0028835029806941748	0.0017626500921323895	0.0042615411803126335	0.0019818006549030542	cattle	nli		NA	0.994667112827301	2017	Netherlands
SRR8172917	0.005501765292137861	0.004798725247383118	0.052660103887319565	0.8548853993415833	0.002655288903042674	0.002380185294896364	0.0025139767676591873	0.007728483993560076	0.006470015272498131	0.0024557404685765505	0.032284919172525406	0.005249821115285158	0.004922127816826105	0.0032154254149645567	0.012277930043637753	cattle	nli		NA	0.9622142314910889	2018	United States
SRR25790765	0.002166974591091275	0.0017755551962181926	0.00469627371057868	0.9028517603874207	0.0013092122972011566	0.0013194804778322577	0.0032088414300233126	0.0024363945703953505	0.0020921151153743267	0.0016614769119769335	0.05046505481004715	0.0045964536257088184	0.00319633143953979	0.007133043836802244	0.01109111588448286	cattle	nli		NA	0.9748929738998413	2023	United States
SRR7903408	0.006162297911942005	0.00524009857326746	0.04837564751505852	0.8574789762496948	0.0026297459844499826	0.002422635443508625	0.0026092813350260258	0.008116023615002632	0.006874540820717812	0.0025588127318769693	0.03169456124305725	0.005281197372823954	0.005078878253698349	0.0032220319844782352	0.01225519273430109	cattle	nli		NA	0.9608783721923828	2018	United States
SRR6973053	0.006240291520953178	0.004955797456204891	0.040652088820934296	0.8717302680015564	0.0025410803500562906	0.0022250444162636995	0.00232273549772799	0.00795033760368824	0.005816590506583452	0.002190548460930586	0.02772231586277485	0.0043905931524932384	0.0044947131536901	0.003243749961256981	0.013523980043828487	cattle	nli		NA	0.9637117385864258	2018	United States
SRR6313961	0.0015872912481427193	0.0015872912481427193	0.0039285835810005665	0.9575449824333191	0.0010656568920239806	0.0011703952914103866	0.0013736861292272806	0.00180567626375705	0.0016896629240363836	0.0014228387735784054	0.014653587713837624	0.0033932719379663467	0.0028076323214918375	0.002350450726225972	0.003619181225076318	cattle	nli		NA	0.9838626980781555	2017	United States
SRR5297186	0.005548006854951382	0.004466663580387831	0.07936704158782959	0.8487053513526917	0.001993717858567834	0.0027572116814553738	0.001985945040360093	0.005940528586506844	0.004690175410360098	0.0019098646007478237	0.024455057457089424	0.004312361124902964	0.0037834118120372295	0.00328708509914577	0.006797559559345245	cattle	nli		NA	0.9700419306755066	2017	United States
SRR14518549	0.0017445152625441551	0.0013219831744208932	0.004209467209875584	0.963844358921051	0.0008535365341231227	0.0008669776725582778	0.0011803981615230441	0.0014294047141447663	0.001469029113650322	0.0010295616229996085	0.013131731189787388	0.0021001813001930714	0.002162619959563017	0.0019385601626709104	0.002717836294323206	cattle	nli		NA	0.9880619645118713	2021	United States
SRR10245648	0.001644777599722147	0.0016641656402498484	0.0049103982746601105	0.9560779929161072	0.0010212656343355775	0.0011172679951414466	0.001306218677200377	0.0016837823204696178	0.0016383652109652758	0.0013371945824474096	0.015589983202517033	0.0036207009106874466	0.002587598282843828	0.0022702065762132406	0.003529926296323538	cattle	nli		NA	0.9849563837051392	2019	United States
SRR7882485	0.0016031068516895175	0.0011774483136832714	0.002648243447765708	0.9651987552642822	0.0007752117235213518	0.000781291862949729	0.0013928032713010907	0.0013605389976873994	0.0013552348827943206	0.001067899283953011	0.007212745491415262	0.0029085264541208744	0.002487794728949666	0.007255132310092449	0.0027753354515880346	cattle	nli		NA	0.9910492897033691	2010	United States
SRR10287017	0.00675120297819376	0.0059000165201723576	0.0493520088493824	0.8620644807815552	0.002393151866272092	0.002196079585701227	0.002337714424356818	0.007846842519938946	0.006159057375043631	0.002292499179020524	0.028065059334039688	0.004444875754415989	0.004585971124470234	0.003290273481979966	0.012320728041231632	cattle	nli		NA	0.9628830552101135	2019	United States
SRR7716478	0.0012882137671113014	0.0009877077536657453	0.0022608854342252016	0.9410597085952759	0.0007254506926983595	0.0007340020965784788	0.001660573179833591	0.0014540464617311954	0.0011683591874316335	0.0011457611108198762	0.018383612856268883	0.006003358401358128	0.010454228147864342	0.007427650969475508	0.005246459506452084	cattle	nli		NA	0.9918595552444458	2018	United States
SRR3726434	0.001567287603393197	0.001549028092995286	0.004818165674805641	0.9547560811042786	0.0010278522968292236	0.0011244738707318902	0.0013146430719643831	0.0016297213733196259	0.001617038738913834	0.0013301396975293756	0.016965510323643684	0.003781822044402361	0.0026195915415883064	0.0022759404964745045	0.0036227635573595762	cattle	nli		NA	0.9845902919769287	2016	United States
SRR10082192	0.0020033037289977074	0.0019041134510189295	0.006255553103983402	0.9541428685188293	0.001119370455853641	0.0012103281915187836	0.0014095002552494407	0.0018311679596081376	0.0018745929701253772	0.0014205550542101264	0.01434709969907999	0.0031763578299432993	0.0026747616939246655	0.002305788453668356	0.004324640147387981	cattle	nli		NA	0.982624351978302	2019	United States
SRR6916764	0.005901772528886795	0.005137573461979628	0.037118665874004364	0.8665419220924377	0.002436316106468439	0.0023247492499649525	0.002533367834985256	0.007941702380776405	0.006545437965542078	0.0025833339896053076	0.035418879240751266	0.005238902755081654	0.004864156246185303	0.0035379023756831884	0.011875429190695286	cattle	nli		NA	0.9631613492965698	2018	United States
SRR5209911	0.007131324615329504	0.0062810927629470825	0.04755837842822075	0.86382657289505	0.002402731915935874	0.00222216360270977	0.0023747391533106565	0.008049345575273037	0.006318003870546818	0.0022395923733711243	0.027150925248861313	0.004419300705194473	0.004436596762388945	0.0031706925947219133	0.012418465688824654	cattle	nli		NA	0.9630224108695984	2016	United States
SRR8754439	0.0017591919749975204	0.0016786328051239252	0.005090390797704458	0.958755373954773	0.0009906796040013433	0.0010753725655376911	0.0012425906024873257	0.001652608043514192	0.0016984199173748493	0.0012820346746593714	0.013411393389105797	0.0031299798283725977	0.00244717113673687	0.0021765590645372868	0.0036096281837671995	cattle	nli		NA	0.9859364032745361	2019	United States
SRR22222924	0.007981658913195133	0.005453660152852535	0.11274126917123795	0.8205368518829346	0.001851893961429596	0.0025164508260786533	0.0016665239818394184	0.007483444642275572	0.010930962860584259	0.0013495921157300472	0.01392640732228756	0.002742272336035967	0.0022689877077937126	0.0018810569308698177	0.006668925751000643	cattle	nli		NA	0.9803186058998108	2022	United States
SRR5828129	NA	NA	NA	NA	NA	NA	NA	NA	NA	NA	NA	NA	NA	NA	NA	cattle	host_tax_id	host_tax_id=9913; Bos taurus	NA	0.974531888961792	2015	United States
SRR10386699	0.005558888427913189	0.004147183615714312	0.07929006963968277	0.8487107157707214	0.002089411485940218	0.0027464795857667923	0.0020015337504446507	0.006057732738554478	0.0044579762034118176	0.0019782150629907846	0.024816080927848816	0.004303973633795977	0.0038430162239819765	0.0033716359175741673	0.006627179682254791	cattle	nli		NA	0.9696994423866272	2019	United States
SRR19344124	0.001615647692233324	0.0012730997987091541	0.0035014371387660503	0.9651795029640198	0.0008818505448289216	0.0008922454435378313	0.00121006416156888	0.0014202453894540668	0.001453925622627139	0.0010431405389681458	0.012658510357141495	0.002174091525375843	0.002174091525375843	0.0017469318117946386	0.0027752798050642014	cattle	nli		NA	0.988038957118988	2022	United States
SRR6160548	0.0018729171715676785	0.0017389446729794145	0.005746500100940466	0.9570209980010986	0.001034323126077652	0.001122747198678553	0.0013177618384361267	0.0016723268199712038	0.001766329281963408	0.0013177618384361267	0.013704600743949413	0.0031921681948006153	0.0024909235071390867	0.0021811253391206264	0.0038205254822969437	cattle	nli		NA	0.9845754504203796	2017	United States
SRR6269763	0.00164893944747746	0.0015550981042906642	0.005250563845038414	0.9603710770606995	0.0009807880269363523	0.0010646353475749493	0.0012349984608590603	0.0015309883747249842	0.0015795871149748564	0.0012349984608590603	0.012719051912426949	0.0029626074247062206	0.0023527878802269697	0.001954343169927597	0.0035596550442278385	cattle	nli		NA	0.9858548641204834	2017	United States
SRR9045758	0.006254695355892181	0.0049672359600663185	0.04397088661789894	0.872037410736084	0.0022875310387462378	0.0021573470439761877	0.00229648407548666	0.0075298803858459	0.0058872289955616	0.002234540181234479	0.027382245287299156	0.004282025620341301	0.004366480279713869	0.0030423467978835106	0.011303690262138844	cattle	nli		NA	0.9651190638542175	2019	United States
SRR8838824	0.0064943269826471806	0.005177728831768036	0.04446743428707123	0.8707600831985474	0.0023065959103405476	0.002166846301406622	0.0023246866185218096	0.007637255825102329	0.006100855767726898	0.002226913347840309	0.02650090865790844	0.004351577255874872	0.004472207278013229	0.003183681983500719	0.011828813701868057	cattle	nli		NA	0.9645559191703796	2019	United States
SRR5241742	0.001617802889086306	0.0015558258164674044	0.004963756073266268	0.9608206748962402	0.0009547796216793358	0.0010283382143825293	0.0012022489681839943	0.001519785262644291	0.0015497602289542556	0.0011928929015994072	0.012601342052221298	0.003248959081247449	0.002331014024093747	0.0019476349698379636	0.0034652603790163994	cattle	nli		NA	0.9869544506072998	2016	United States
SRR6844235	0.005921546369791031	0.004739546217024326	0.04514356330037117	0.8728482127189636	0.0023325381334871054	0.002115520415827632	0.002225723583251238	0.0073121339082717896	0.005497969686985016	0.002090873895213008	0.02638348564505577	0.004133906215429306	0.00425680773332715	0.0030362671241164207	0.011961852200329304	cattle	nli		NA	0.9660600423812866	2018	United States
SRR10138273	0.0018069585785269737	0.0017720088362693787	0.004040354862809181	0.9563552737236023	0.001058114692568779	0.0011575811076909304	0.001407260657288134	0.0019010877003893256	0.0017789440462365746	0.0014863634714856744	0.014807897619903088	0.0033170206006616354	0.0028538708575069904	0.0026497291401028633	0.003607630729675293	cattle	nli		NA	0.9843062162399292	2019	United States
ERR10497142	0.0010648345341905951	0.0010442388011142612	0.0019244039431214333	0.9756772518157959	0.0008164370083250105	0.0008522829157300293	0.0010648345341905951	0.0009886652696877718	0.0009545114589855075	0.001024041324853897	0.005858523305505514	0.0025895684957504272	0.0015463019954040647	0.0019585303962230682	0.0026354908477514982	cattle	nli		NA	0.991635799407959	2015	Spain
SRR10186879	0.0017549742478877306	0.00166807952336967	0.005512319505214691	0.958326518535614	0.000996055663563311	0.0010812083492055535	0.00126406061463058	0.0016294384840875864	0.0017009794246405363	0.0012889918871223927	0.013536949642002583	0.003002854995429516	0.002427041297778487	0.0021671040449291468	0.0036434209905564785	cattle	nli		NA	0.9856352806091309	2019	United States
SRR5754163	0.0017654482508078218	0.0016780347796157002	0.004072846844792366	0.9602875113487244	0.0010297768749296665	0.001113454345613718	0.001327434671111405	0.0018073145765811205	0.0016649762401357293	0.001353616127744317	0.012717945501208305	0.0027666117530316114	0.0025437490548938513	0.0021630723495036364	0.0037083690986037254	cattle	nli		NA	0.9855242371559143	2017	United States
SRR6010310	0.00505710719153285	0.0037434720434248447	0.08777692168951035	0.8455060124397278	0.001930741360411048	0.0025280173867940903	0.0019008080707862973	0.0056196171790361404	0.00430030282586813	0.0018137638689950109	0.022708693519234657	0.004111399874091148	0.0036353906616568565	0.0030493708327412605	0.006318304222077131	cattle	nli		NA	0.9712656736373901	2017	United States
SRR26806985	0.008296286687254906	0.005657576024532318	0.0600866973400116	0.867158830165863	0.00196285848505795	0.0028061785269528627	0.0018803031416609883	0.00881411973387003	0.01101228129118681	0.0015466950135305524	0.01537888590246439	0.003052033483982086	0.0025902269408106804	0.0021140817552804947	0.007642898242920637	cattle	nli		NA	0.9790757894515991	2023	United States
SRR8252759	0.005831679794937372	0.004929987248033285	0.0470033660531044	0.8596016764640808	0.002572673838585615	0.0023608182091265917	0.002582743065431714	0.007924392819404602	0.006556733977049589	0.0025229137390851974	0.03239969164133072	0.005361912306398153	0.005056764930486679	0.0032585225999355316	0.012036147527396679	cattle	nli		NA	0.9612801671028137	2018	United States
SRR6269730	0.005090522579848766	0.0038726653438061476	0.08235769718885422	0.840356171131134	0.002044741064310074	0.0028443920891731977	0.002168129663914442	0.006587626412510872	0.005241864826530218	0.002159676980227232	0.02778916247189045	0.005130447912961245	0.004228441976010799	0.003553757444024086	0.0065747713670134544	cattle	nli		NA	0.9653811454772949	2017	United States
SRR3215112	0.0016673358622938395	0.0016097368206828833	0.005006996914744377	0.9597720503807068	0.000980176031589508	0.0010556913912296295	0.0012246232945472002	0.0015602105995640159	0.001566317048855126	0.0012103560147807002	0.013063483871519566	0.003239080775529146	0.0023836882319301367	0.002046856563538313	0.0036134556867182255	cattle	nli		NA	0.9864155650138855	2016	United States
SRR3129728	0.0016713000368326902	0.0015947655774652958	0.005332168657332659	0.9601767659187317	0.0009635031456127763	0.0010417953599244356	0.001237162621691823	0.0015396737726405263	0.0015761860413476825	0.0012468657223507762	0.012916733510792255	0.0029852392617613077	0.002343141008168459	0.001938742003403604	0.003435989376157522	cattle	nli		NA	0.9865975975990295	2015	United States
SRR8699411	0.005519578233361244	0.004443775862455368	0.07530771940946579	0.8435322642326355	0.002186976606026292	0.002977588912472129	0.0022301108110696077	0.006683940067887306	0.005134773440659046	0.002355466829612851	0.029867708683013916	0.005318503361195326	0.0042485701851546764	0.0036127641797065735	0.006580315064638853	cattle	nli		NA	0.9660600423812866	2019	United States
SRR5582449	0.006151359062641859	0.004971802234649658	0.05376601964235306	0.8635129332542419	0.002413616282865405	0.00214671459980309	0.0022851659450680017	0.007333510089665651	0.005557289347052574	0.0021551167592406273	0.026642117649316788	0.004285961389541626	0.0042943404987454414	0.0030810385942459106	0.011402816511690617	cattle	nli		NA	0.9651191234588623	2017	United States
SRR7009076	0.0017171191284433007	0.0016130841104313731	0.005268478766083717	0.9598910212516785	0.00096698640845716	0.0010455617448315024	0.0012367945164442062	0.0015757170040160418	0.0016384863993152976	0.0012464947067201138	0.012938136234879494	0.0029380829073488712	0.0023654315154999495	0.002035150770097971	0.003523299703374505	cattle	nli		NA	0.9865458011627197	2018	United States
ERR4224946	0.0006618042243644595	0.0006192837026901543	0.0011301729828119278	0.9747064113616943	0.0005194561090320349	0.0005235301796346903	0.0007647133315913379	0.0006854845560155809	0.0006618042243644595	0.0006314979982562363	0.009791851043701172	0.0025468841195106506	0.0014596987748518586	0.0037129393313080072	0.0015844879671931267	cattle	nli		NA	0.9956516027450562	2017	Netherlands
SRR6313958	0.0061730691231787205	0.004864261485636234	0.05280894413590431	0.8623396754264832	0.0024506859481334686	0.0022665138822048903	0.0023384608794003725	0.007431613747030497	0.005720317363739014	0.0022053788416087627	0.02715718001127243	0.004351787734776735	0.004420318640768528	0.0030261934734880924	0.012445610947906971	cattle	nli		NA	0.9623913764953613	2017	United States
SRR5427956	0.00168856349773705	0.0016238755779340863	0.0050018890760838985	0.9587928056716919	0.0010082873050123453	0.001077517052181065	0.0012548338854685426	0.0015616659075021744	0.0015739143127575517	0.0012795832008123398	0.014000771567225456	0.0031239946838468313	0.0024282222148030996	0.0021262222435325384	0.003457946702837944	cattle	nli		NA	0.9854404926300049	2017	United States
SRR12302135	0.0034868160728365183	0.003237399272620678	0.007483203895390034	0.8038549423217773	0.0021650134585797787	0.002251257887110114	0.0026526302099227905	0.002769094193354249	0.002631986979395151	0.0029361937195062637	0.1289076805114746	0.010389398783445358	0.00770568149164319	0.004529936239123344	0.014998847618699074	cattle	nli		NA	0.939470648765564	2012	Germany
SRR3995966	0.0017291392432525754	0.001643523690290749	0.005192592740058899	0.9590882062911987	0.000996847404167056	0.0010778491850942373	0.0012552205007523298	0.0015805612783879042	0.0016117350896820426	0.0012405967572703958	0.013337671756744385	0.0031188600696623325	0.002395987743511796	0.0020776083692908287	0.0036534457467496395	cattle	nli		NA	0.9859092235565186	2016	United States
SRR5858791	0.0017399685457348824	0.001679860521107912	0.0052251131273806095	0.9575843811035156	0.0010188869200646877	0.0010973844910040498	0.0012779703829437494	0.0016092079458758235	0.0016218289965763688	0.00130317616276443	0.014540151692926884	0.0031630070880055428	0.0024681687355041504	0.002169659361243248	0.0035011302679777145	cattle	nli		NA	0.9850141406059265	2017	United States
SRR20988051	0.004282697569578886	0.003157863626256585	0.0269356407225132	0.6288174986839294	0.0017473474144935608	0.0021077031269669533	0.00382401910610497	0.006737629417330027	0.005456299055367708	0.002369754249230027	0.26367056369781494	0.007604969199746847	0.005165919661521912	0.004038969054818153	0.034083105623722076	cattle	nli		NA	0.9237300753593445	2019	United States
SRR6973059	0.0061268070712685585	0.00482780858874321	0.043707408010959625	0.8719059824943542	0.002514437073841691	0.0022017143201082945	0.0022804951295256615	0.007699762936681509	0.00596154760569334	0.0021256553009152412	0.02711205743253231	0.004285563249140978	0.004344556946307421	0.0030270719435065985	0.011879132129251957	cattle	nli		NA	0.9647888541221619	2018	United States
SRR5129712	0.0016643477138131857	0.0015819402178749442	0.0050966013222932816	0.9599249958992004	0.0009670205763541162	0.0010496911127120256	0.0012176628224551678	0.001588131650350988	0.0016385443741455674	0.0012224286329001188	0.013142346404492855	0.003019636496901512	0.0023516949731856585	0.0020115117076784372	0.00352342426776886	cattle	nli		NA	0.9863893389701843	2016	United States
SRR8256677	0.0017066305736079812	0.0016541231889277697	0.005065291188657284	0.9596343040466309	0.000980035518296063	0.0010638185776770115	0.0012340510729700327	0.0015845528105273843	0.0016284782905131578	0.0012633156729862094	0.013112730346620083	0.003012831788510084	0.0023880056105554104	0.0020306361839175224	0.003641273593530059	cattle	nli		NA	0.9863368272781372	2018	United States
SRR8188915	0.0051455930806696415	0.003922213800251484	0.08889944106340408	0.8420141935348511	0.0020709021482616663	0.002628111746162176	0.0019838029984384775	0.005607349332422018	0.0043584867380559444	0.001870904234237969	0.02379298210144043	0.004158897325396538	0.0036989999935030937	0.003176305443048477	0.006671910174190998	cattle	nli		NA	0.9709092378616333	2018	United States
SRR2239877	0.006009239237755537	0.004895027726888657	0.042452093213796616	0.8644107580184937	0.002514827763661742	0.0023624622263014317	0.002514827763661742	0.008102122694253922	0.00644697155803442	0.002564428374171257	0.032327402383089066	0.005282459780573845	0.004885476548224688	0.0030692187137901783	0.012162727303802967	cattle	nli		NA	0.9618933796882629	2015	United States
SRR11600433	0.001777577679604292	0.0016375810373574495	0.005255294032394886	0.959360659122467	0.0009626843384467065	0.0010409100214019418	0.0012361111585050821	0.0015996466390788555	0.0016961763612926006	0.0012555770808830857	0.013367542997002602	0.002965276362374425	0.0023641246370971203	0.0019869080279022455	0.003493949770927429	cattle	nli		NA	0.9864417314529419	2019	United States
SRR8832618	0.00527907395735383	0.003915420267730951	0.080508291721344	0.8512948751449585	0.0018970752134919167	0.0023701887112110853	0.0019496638560667634	0.0058434028178453445	0.004300248343497515	0.0018459047423675656	0.02333790622651577	0.004095318727195263	0.0037288302555680275	0.0031277481466531754	0.006506067235022783	cattle	nli		NA	0.9712656736373901	2019	United States
SRR11457287	0.0012963904300704598	0.0012614225270226598	0.0018317775102332234	0.8810092210769653	0.0007650913903489709	0.0007771398522891104	0.0011002321261912584	0.001241865917108953	0.0014547270257025957	0.0014072185149416327	0.088963083922863	0.005810018628835678	0.0022225300781428814	0.0018606239464133978	0.008998733013868332	cattle	nli		NA	0.9908034205436707	2013	United States
SRR3139476	0.0030615534633398056	0.0026084764394909143	0.112847700715065	0.7601918578147888	0.001198921469040215	0.0013116243062540889	0.005576335359364748	0.05400300770998001	0.011828181333839893	0.004586968570947647	0.019769826903939247	0.0034154094755649567	0.003369032172486186	0.003290988737717271	0.012940069660544395	cattle	nli		NA	0.9692078232765198	2015	United States
SRR9670813	0.7762691378593445	0.0031477464362978935	0.005567796062678099	0.004508938640356064	0.0027778763324022293	0.0025993995368480682	0.00421100901439786	0.0031973160803318024	0.0031600662041455507	0.002630040515214205	0.15114940702915192	0.008473308756947517	0.006433575879782438	0.007760374806821346	0.01811402663588524	chicken	nli		NA	0.9418149590492249	2019	United States
SRR11615623	0.7692681550979614	0.0030441239941865206	0.00546930031850934	0.004883534740656614	0.002760900417342782	0.002573442179709673	0.004160824231803417	0.0031902145128697157	0.0031902145128697157	0.002718096598982811	0.15869903564453125	0.008471017703413963	0.006258348003029823	0.007623090874403715	0.01768963225185871	chicken	nli		NA	0.9413852691650391	2019	United States
SRR8663512	0.6730104684829712	0.0019295149249956012	0.003555859439074993	0.0024439042899757624	0.0029652344528585672	0.002763902535662055	0.004348229616880417	0.003095424035564065	0.002472712192684412	0.009044804610311985	0.2395010143518448	0.01836044155061245	0.009779766201972961	0.005073675885796547	0.021655021235346794	chicken	nli		NA	0.9591160416603088	2018	United States
ERR11203555	0.9515674710273743	0.0012165283551439643	0.0017358028562739491	0.001383902388624847	0.0014111977070569992	0.0012649893760681152	0.0013000562321394682	0.0013518445193767548	0.0013518445193767548	0.0015080914599820971	0.012358703650534153	0.005409673321992159	0.0026989863254129887	0.006238668691366911	0.009202164597809315	chicken	nli		NA	0.9851718544960022	2019	Sweden
SRR8662861	0.8934473991394043	0.0015765575226396322	0.002271585864946246	0.001546064275316894	0.003098831046372652	0.002375956391915679	0.004277165979146957	0.0026557527016848326	0.0022060004994273186	0.005766808055341244	0.04560374468564987	0.005778082180768251	0.007121057715266943	0.0046156952157616615	0.017659243196249008	chicken	nli		NA	0.9817007184028625	2018	United States
SRR12179540	0.8010185360908508	0.0028804726898670197	0.005573987495154142	0.00531873619183898	0.0033807940781116486	0.0028358150739222765	0.006491245236247778	0.0035708306822925806	0.003447474678978324	0.0035988364834338427	0.1142762303352356	0.008942067623138428	0.006353272590786219	0.010093186981976032	0.022218452766537666	chicken	nli		NA	0.9330047965049744	2020	United States
SRR24482067	0.9168650507926941	0.0014545131707563996	0.0017890817252919078	0.0013824952766299248	0.0017408243147656322	0.0016417538281530142	0.00227046268992126	0.0013987916754558682	0.0014375676400959492	0.0014488424640148878	0.049890339374542236	0.005146634764969349	0.003984786570072174	0.00469522550702095	0.004853739403188229	chicken	nli		NA	0.9767802357673645	2023	United States
SRR9962624	0.7624365091323853	0.00299946335144341	0.005473923869431019	0.0046912492252886295	0.002862107940018177	0.0025555745232850313	0.004180640913546085	0.00323054869659245	0.0031804635655134916	0.002688701031729579	0.1654176563024521	0.00856137927621603	0.006362277083098888	0.007689374499022961	0.0176700446754694	chicken	nli		NA	0.9426125288009644	2019	United States
SRR8662758	0.8482237458229065	0.0015337485820055008	0.0022578961215913296	0.001664868206717074	0.0024413680657744408	0.002306930487975478	0.004088521935045719	0.002904864028096199	0.0020239651203155518	0.0063572111539542675	0.09105420857667923	0.005512463394552469	0.00480805616825819	0.005028968211263418	0.01979307271540165	chicken	nli		NA	0.9784877300262451	2018	United States
SRR22197412	0.9151936173439026	0.0014704108471050858	0.0017598513513803482	0.0014085674192756414	0.0015898931305855513	0.0015230244025588036	0.002340549137443304	0.0014030758757144213	0.0014589679194614291	0.0014704108471050858	0.05160648375749588	0.005213059019297361	0.00406787171959877	0.004672955721616745	0.004821291659027338	chicken	nli		NA	0.9764905571937561	2022	United States
SRR22987937	0.16751953959465027	0.11995487660169601	0.40481263399124146	0.05783669650554657	0.015385180711746216	0.01241072453558445	0.024251606315374374	0.02107015997171402	0.028353000059723854	0.008364777080714703	0.026120005175471306	0.017029842361807823	0.012905110605061054	0.041172876954078674	0.0428130179643631	pig	nli		NA	0.20705434679985046	2022	United States
SRR13592140	0.8604532480239868	0.0019783517345786095	0.0028897509910166264	0.0023401915095746517	0.002139108255505562	0.001962956041097641	0.004690528381615877	0.002442938508465886	0.002414477290585637	0.002550196135416627	0.08730199933052063	0.005537598393857479	0.0038658666890114546	0.005860303994268179	0.013572494499385357	chicken	nli		NA	0.9675332307815552	2021	United States
SRR23517257	0.9151316285133362	0.0015318706864491105	0.0018477889243513346	0.0014446917921304703	0.001662830007262528	0.0015928936190903187	0.0023726080544292927	0.0014278606977313757	0.0014905511634424329	0.0015199497574940324	0.0509520098567009	0.005284463055431843	0.004051737952977419	0.004858775995671749	0.004830389749258757	chicken	nli		NA	0.9749646186828613	2023	United States
SRR21757000	0.9171150922775269	0.001436556107364595	0.0018957080319523811	0.001523244078271091	0.0016342023154720664	0.0018736222991719842	0.002233689883723855	0.001376136438921094	0.0014253767440095544	0.001436556107364595	0.049034394323825836	0.005143013782799244	0.003989767283201218	0.004897922743111849	0.004984779749065638	chicken	nli		NA	0.9764904975891113	2022	United States
SRR17871415	0.8504369258880615	0.0017121370183303952	0.002500894945114851	0.001780340913683176	0.0017734001157805324	0.0016273633809760213	0.002423950470983982	0.0020016911439597607	0.0019100271165370941	0.0016988131683319807	0.10709632933139801	0.00418821070343256	0.0037105493247509003	0.004925289191305637	0.012214040383696556	chicken	nli		NA	0.969555675983429	2022	United States
SRR20438527	0.8626143336296082	0.0018111319513991475	0.0028493101708590984	0.0022716682869940996	0.002084599807858467	0.0018686234252527356	0.004734563175588846	0.002514507621526718	0.002427642699331045	0.0025047045201063156	0.08599623292684555	0.005524464882910252	0.0037894966080784798	0.005961715709418058	0.01304704137146473	chicken	nli		NA	0.9682013392448425	2022	United States
SRR12698365	0.9548666477203369	0.001185501110740006	0.0012718569487333298	0.0010752028319984674	0.0013433487620204687	0.0013381115859374404	0.0016653066268190742	0.001149027026258409	0.0011947990860790014	0.002184733049944043	0.015239281579852104	0.003623183583840728	0.002888653427362442	0.004336382728070021	0.0066380733624100685	chicken	nli		NA	0.9865975975990295	2019	United States
SRR12625768	0.868151843547821	0.0017875030171126127	0.00331998523324728	0.002626324538141489	0.002277337945997715	0.0019102342193946242	0.00427963025867939	0.0023496283683925867	0.002207271521911025	0.0024432269856333733	0.08122523128986359	0.005388868041336536	0.0036391757894307375	0.005691779311746359	0.0127019714564085	chicken	nli		NA	0.9702681303024292	2020	United States
SRR7665260	0.7636175155639648	0.0029807304963469505	0.006021241657435894	0.006152003537863493	0.0027459776028990746	0.002539614215493202	0.0041789463721215725	0.0031606010161340237	0.0031482793856412172	0.0025796075351536274	0.16265301406383514	0.008507912047207355	0.006397071294486523	0.0077920653857290745	0.017525428906083107	chicken	nli		NA	0.9428234100341797	2018	United States
SRR14920260	0.7896836400032043	0.001938407658599317	0.0030975667759776115	0.002179410308599472	0.0020473666954785585	0.0017997504910454154	0.003692848142236471	0.0020796076860278845	0.002179410308599472	0.0019233225611969829	0.15906891226768494	0.0060647414065897465	0.004560059402137995	0.007971950806677341	0.011712949723005295	chicken	nli		NA	0.9593070149421692	2021	United States
SRR19842112	0.8574603796005249	0.0019869329407811165	0.0029079595115035772	0.002313903532922268	0.0021316679194569588	0.0019869329407811165	0.004813179839402437	0.002443969249725342	0.002434441354125738	0.0025512725114822388	0.0895848274230957	0.005660244729369879	0.003928402904421091	0.00608442910015583	0.013711472041904926	chicken	nli		NA	0.9669764637947083	2022	United States
SRR15998504	0.8621236085891724	0.0018332281615585089	0.0029066926799714565	0.002299383282661438	0.0021432610228657722	0.0019212068291381001	0.004782975185662508	0.0025253782514482737	0.0024381380062550306	0.002545185387134552	0.08548694849014282	0.005602797027677298	0.003828245447948575	0.006069912575185299	0.013493016362190247	chicken	nli		NA	0.9669140577316284	2021	United States
SRR17478232	0.8689779043197632	0.001729083014652133	0.002505992539227009	0.0020453317556530237	0.0019669763278216124	0.0017700870521366596	0.004406752530485392	0.0022728368639945984	0.0021603007335215807	0.0023358420003205538	0.08074864745140076	0.005032669752836227	0.0037692952901124954	0.005941527429968119	0.014336741529405117	chicken	nli		NA	0.969555675983429	2021	United States
SRR9898424	0.7663640975952148	0.0030954666435718536	0.005943406373262405	0.004628729075193405	0.002796520944684744	0.0026066440623253584	0.004416763782501221	0.003308003768324852	0.003231373615562916	0.002668458968400955	0.1597001552581787	0.008597083389759064	0.006578750908374786	0.007935487665235996	0.018129071220755577	chicken	nli		NA	0.939968466758728	2019	United States
SRR26896508	0.651614785194397	0.002023926703259349	0.0018428063485771418	0.0017244071932509542	0.0024223229847848415	0.0020800321362912655	0.0035107191652059555	0.0019388030050322413	0.0019770425278693438	0.0051885065622627735	0.2949993312358856	0.007623315788805485	0.004472771659493446	0.0023477959912270308	0.016233399510383606	chicken	nli		NA	0.9542227983474731	2017	Brazil
SRR8796760	0.9105867743492126	0.007502686232328415	0.006804640870541334	0.003195506054908037	0.003678005188703537	0.003649382619187236	0.003945923410356045	0.0036636660806834698	0.005685490556061268	0.0027654801961034536	0.017892859876155853	0.005911974236369133	0.003884747624397278	0.009766253642737865	0.011066615581512451	chicken	nli		NA	0.9144436717033386	2016	United Kingdom
SRR27990989	0.9177541732788086	0.0014616219559684396	0.0017699530581012368	0.0013946895487606525	0.0015803901478648186	0.001508018933236599	0.00229048915207386	0.0013784407638013363	0.0014333516592159867	0.0014559237752109766	0.049188513308763504	0.0051516261883080006	0.0039344895631074905	0.00488699646666646	0.004811231512576342	chicken	nli		NA	0.9765353798866272	2024	United States
SRR10119176	0.7827745079994202	0.002688588807359338	0.005420501809567213	0.004528998862951994	0.002795690204948187	0.0024962706957012415	0.00402031559497118	0.0032052749302238226	0.0030346934217959642	0.002688588807359338	0.14279764890670776	0.008105413988232613	0.006680366117507219	0.008346389047801495	0.02041684463620186	chicken	nli		NA	0.9390807747840881	2019	United States
SRR12788365	0.8576434850692749	0.001634755521081388	0.002743052551522851	0.0020107836462557316	0.0016735225217416883	0.0015417212853208184	0.002234445884823799	0.0019112227018922567	0.0018095094710588455	0.001634755521081388	0.10086749494075775	0.004158219788223505	0.0037493084091693163	0.004861451219767332	0.01152614876627922	chicken	nli		NA	0.9710742831230164	2020	United States
SRR12819058	0.9517354369163513	0.0012286837445572019	0.0016213951166719198	0.0013181851245462894	0.0013494448503479362	0.0012826293241232634	0.0015838358085602522	0.0013028278481215239	0.0012926890049129725	0.001376060419715941	0.018286054953932762	0.003352980362251401	0.0030588919762521982	0.00656481646001339	0.0046460689045488834	chicken	nli		NA	0.9815598130226135	2020	United States
SRR12634079	0.8996163606643677	0.0010953027522191405	0.001260685734450817	0.0011796874459832907	0.0012956332648172975	0.0012411406496539712	0.0029773416463285685	0.0011038933880627155	0.001147867296822369	0.003360617207363248	0.047306884080171585	0.02425655722618103	0.005852167494595051	0.0024538824800401926	0.005852167494595051	chicken	nli		NA	0.9863631725311279	2017	United States
SRR7987219	0.7739799618721008	0.0029483134858310223	0.005705266259610653	0.004656502977013588	0.0026949767488986254	0.002502201125025749	0.004125432576984167	0.00311404000967741	0.0030657611787319183	0.002551552839577198	0.1548340618610382	0.008497968316078186	0.006132823880761862	0.007890095934271812	0.017301006242632866	chicken	nli		NA	0.9442797303199768	2018	United States
SRR24698312	0.8752805590629578	0.0016651180339977145	0.002432214794680476	0.0020006850827485323	0.0019928852561861277	0.0017382253427058458	0.004235450644046068	0.0021548226941376925	0.0020561462733894587	0.0022232243791222572	0.07599721848964691	0.004865461960434914	0.003665477503091097	0.005777878686785698	0.01391465961933136	chicken	nli		NA	0.9709367752075195	2023	United States
SRR5414427	0.6595128774642944	0.0017232912359759212	0.00280264625325799	0.0019075096352025867	0.002478162059560418	0.0021614914294332266	0.003556743497028947	0.00230089551769197	0.0019224702846258879	0.008632759563624859	0.26362019777297974	0.01904071867465973	0.009499767795205116	0.003705658484250307	0.017134791240096092	chicken	nli		NA	0.9628481864929199	2015	United States
SRR21897644	0.8784704804420471	0.001602462725713849	0.0028289370238780975	0.002453027293086052	0.0018808013992384076	0.0016468846006318927	0.004036467056721449	0.0020737408194690943	0.0019787773489952087	0.002147942315787077	0.07274581491947174	0.0048027946613729	0.0035275521222501993	0.005770690273493528	0.014033726416528225	chicken	nli		NA	0.9722834229469299	2022	United States
SRR14054907	0.7428199648857117	0.046568408608436584	0.022563038393855095	0.00895744375884533	0.015118548646569252	0.009479443542659283	0.004477771930396557	0.01016995683312416	0.012881164439022541	0.005338297225534916	0.07768337428569794	0.009387320838868618	0.0129315797239542	0.011591793969273567	0.010031861253082752	chicken	nli		NA	0.8668104410171509	2021	United States
SRR10758621	0.802741289138794	0.002992878668010235	0.005377228371798992	0.004363125655800104	0.003148785326629877	0.0027571688406169415	0.006105110514909029	0.0032487388234585524	0.0033518648706376553	0.0033649837132543325	0.12187826633453369	0.007947028614580631	0.005526290740817785	0.008935083635151386	0.01826212741434574	chicken	nli		NA	0.9476723074913025	2019	United States
SRR5414733	0.8450967669487	0.001998858293518424	0.003440252738073468	0.002260583685711026	0.0031262733973562717	0.0027860014233738184	0.004785655997693539	0.003763647982850671	0.002507129916921258	0.006181014236062765	0.08892045170068741	0.005990844219923019	0.006229492370039225	0.0046747964806854725	0.018238116055727005	chicken	nli		NA	0.9800721406936646	2015	United States
SRR8662779	0.6637862324714661	0.0016373470425605774	0.0031132136937230825	0.0021564599592238665	0.002521157031878829	0.0022249133326113224	0.003882031887769699	0.002631849143654108	0.0021606760565191507	0.008186220191419125	0.25120779871940613	0.02251475863158703	0.009990865364670753	0.004728577099740505	0.019257893785834312	chicken	nli		NA	0.9656736850738525	2018	United States
ERR2197471	0.8586325645446777	0.011732612736523151	0.0033352908212691545	0.0024497013073414564	0.0032200717832893133	0.002897750586271286	0.003296433249488473	0.0029319084715098143	0.003060634946450591	0.0029433835297822952	0.05116361379623413	0.03158261254429817	0.007560363505035639	0.005542093887925148	0.009650982916355133	chicken	nli		NA	0.9361099600791931	2014	France
SRR23704415	NA	NA	NA	NA	NA	NA	NA	NA	NA	NA	NA	NA	NA	NA	NA	chicken	host_tax_id	host_tax_id=9031; Gallus gallus	NA	0.4490755498409271	2015	Italy
SRR26952112	0.9213441610336304	0.0013038048055022955	0.001789064728654921	0.0013347235508263111	0.0014544993173331022	0.0013717233669012785	0.00220920005813241	0.001234417431987822	0.0012886150507256389	0.0013089077547192574	0.04661614075303078	0.005372548475861549	0.004087219014763832	0.0045065018348395824	0.004778443370014429	chicken	nli		NA	0.9798033833503723	2023	United States
SRR21602128	0.8550869822502136	0.0017434932524338365	0.002383072627708316	0.0019989246502518654	0.0018851656932383776	0.001729925163090229	0.0028024669736623764	0.0018200416816398501	0.001945007243193686	0.002791541162878275	0.10240020602941513	0.005338961724191904	0.004832780454307795	0.006788742262870073	0.006452607922255993	chicken	nli		NA	0.9668201804161072	2022	United States
SRR8662873	0.8340306878089905	0.0017374909948557615	0.0026082827243953943	0.00203928304836154	0.0029845761600881815	0.0024646539241075516	0.00312170572578907	0.0027710848953574896	0.0021163811907172203	0.006029009353369474	0.10101278871297836	0.008485675789415836	0.009540701285004616	0.004016185645014048	0.017041392624378204	chicken	nli		NA	0.9795506000518799	2018	United States
SRR9298923	0.7663604617118835	0.0030623776838183403	0.005502096377313137	0.004268330987542868	0.002745097503066063	0.002609178191050887	0.004243394359946251	0.003209344344213605	0.003196832025423646	0.002734395442530513	0.16153256595134735	0.008639122359454632	0.006357660051435232	0.007638903800398111	0.01790028251707554	chicken	nli		NA	0.940298318862915	2019	United States
ERR11203677	0.9489328265190125	0.0012179083423689008	0.0017514013452455401	0.0013908951077610254	0.0014463018160313368	0.0012813524808734655	0.0012914022663608193	0.0013533779419958591	0.0013272012583911419	0.001457645557820797	0.013509389944374561	0.0055550807155668736	0.0027285641990602016	0.006418884266167879	0.010337796993553638	chicken	nli		NA	0.9853702783584595	2019	Sweden
SRR25648167	0.10371273010969162	0.018467988818883896	0.008179130032658577	0.00639484403654933	0.007161885499954224	0.006546493619680405	0.007683581206947565	0.006675610784441233	0.00724630756303668	0.005512700416147709	0.7476736903190613	0.02068316750228405	0.009789137169718742	0.0099045280367136	0.034368231892585754	environment	nli		NA	0.6202479004859924	2018	United States
SRR14286421	0.86806720495224	0.001810164307244122	0.003322905395179987	0.0026183866430073977	0.002279341220855713	0.001934451749548316	0.004419364035129547	0.002370139816775918	0.002235254505649209	0.002503366209566593	0.08042804151773453	0.005383084062486887	0.003614031011238694	0.005820501130074263	0.013193783350288868	chicken	nli		NA	0.9701552391052246	2021	United States
SRR8753499	0.8000969886779785	0.0027804800774902105	0.005338620860129595	0.004539686255156994	0.0030064161401242018	0.0026018358767032623	0.0058290730230510235	0.0031018496956676245	0.0032191199716180563	0.0033670261036604643	0.1266864687204361	0.00798297394067049	0.005380492191761732	0.00880189798772335	0.017266971990466118	chicken	nli		NA	0.9505488872528076	2019	United States
SRR23803163	0.8710076808929443	0.0017029228620231152	0.002516756998375058	0.002006533555686474	0.0020381317008286715	0.0017707598162814975	0.00429790373891592	0.002169579965993762	0.0020946310833096504	0.0022915333975106478	0.07929432392120361	0.004966218024492264	0.003748698625713587	0.006002114154398441	0.014092284254729748	chicken	nli		NA	0.9692078232765198	2023	United States
SRR29807932	0.9133369326591492	0.0017614340176805854	0.002141359494999051	0.0016676924424245954	0.0019421284087002277	0.0018823755672201514	0.002675394993275404	0.0016676924424245954	0.0017891727620735765	0.0016939546912908554	0.04868954047560692	0.005608769599348307	0.004184397403150797	0.0048350621946156025	0.006124040577560663	chicken	nli		NA	0.9680506587028503	2024	United States
SRR7525350	0.7759055495262146	0.0028065626975148916	0.0058952560648322105	0.005430964287370443	0.0028956523165106773	0.002595646074041724	0.004180362448096275	0.0032051950693130493	0.003167853457853198	0.0027308601420372725	0.14568158984184265	0.00856081023812294	0.006851986050605774	0.008695622906088829	0.02139613777399063	chicken	nli		NA	0.9351098537445068	2018	United States
SRR18230626	0.8543870449066162	0.0017033739713951945	0.002497832989320159	0.001764323329553008	0.0017921073595061898	0.0016381187597289681	0.002374156378209591	0.002007064875215292	0.0019226506119593978	0.0017100407276302576	0.10349719971418381	0.004232391715049744	0.003677165601402521	0.004786570090800524	0.012009955942630768	chicken	nli		NA	0.9694690704345703	2022	United States
SRR10987399	0.8017634153366089	0.002863509114831686	0.005266800057142973	0.004684389103204012	0.0031083098147064447	0.002658678451552987	0.006097673438489437	0.003251124871894717	0.0033217291347682476	0.003380635054782033	0.12361657619476318	0.008189305663108826	0.00560647901147604	0.008615909144282341	0.01757541485130787	chicken	nli		NA	0.9483940005302429	2020	United States
SRR9998277	0.7477878928184509	0.0013481859350576997	0.002214117208495736	0.001864473451860249	0.0022933417931199074	0.0018000644631683826	0.003773703472688794	0.0018717708298936486	0.0017790929414331913	0.004048592876642942	0.19167308509349823	0.010138479992747307	0.0077280281111598015	0.005028724204748869	0.016650360077619553	chicken	nli		NA	0.9764905571937561	2019	United States
SRR11629880	0.8030954003334045	0.0011863665422424674	0.0016026791417971253	0.0013234876096248627	0.0016342890448868275	0.0015778318047523499	0.002988356165587902	0.0015173859428614378	0.0015173859428614378	0.004637505859136581	0.1462545394897461	0.006853788159787655	0.005432393401861191	0.005726555362343788	0.014651859179139137	chicken	nli		NA	0.9825575351715088	2019	United States
SRR22880083	0.8618708252906799	0.0020147834438830614	0.0028247006703168154	0.00216154707595706	0.001937598455697298	0.0017642033053562045	0.004666248802095652	0.0022652819752693176	0.0023371896240860224	0.0025074384175240993	0.0879167765378952	0.0055413078516721725	0.0036985231563448906	0.005784600041806698	0.012708975933492184	chicken	nli		NA	0.9701551795005798	2022	United States
SRR24016088	0.9619691967964172	0.001162104425020516	0.001651683240197599	0.0012274268083274364	0.0012274268083274364	0.0012083972105756402	0.0014863540418446064	0.0012036861153319478	0.0012418952537700534	0.0012565343640744686	0.012180566787719727	0.002848284086212516	0.002494041109457612	0.0053525660187006	0.0034897909499704838	chicken	nli		NA	0.9840323328971863	2023	United States
SRR29234623	NA	NA	NA	NA	NA	NA	NA	NA	NA	NA	NA	NA	NA	NA	NA	chicken	host_tax_id	host_tax_id=9031; Gallus gallus	NA	0.9458012580871582	2019	United States
ERR11203907	0.9499638676643372	0.0012384316651150584	0.0017809146083891392	0.0013495663879439235	0.0014592292718589306	0.0013338433345779777	0.0013390639796853065	0.0013978558126837015	0.0014422285603359342	0.0015352442860603333	0.011366184800863266	0.005593796726316214	0.002736868802458048	0.006826943717896938	0.010635914281010628	chicken	nli		NA	0.9842760562896729	2020	Sweden
SRR16012019	0.9488460421562195	0.001208320027217269	0.001645138836465776	0.0014804647071287036	0.0016070291167125106	0.0014862590469419956	0.0017649763030931354	0.0013479783665388823	0.0013745648320764303	0.0014461696846410632	0.018301893025636673	0.0047049070708453655	0.0038777170702815056	0.0036214960273355246	0.007287102751433849	chicken	nli		NA	0.9826909303665161	2021	United States
SRR20875039	0.8717089891433716	0.0017243836773559451	0.0023847362026572227	0.001953982748091221	0.001893865060992539	0.0017042941180989146	0.004242956638336182	0.002104522194713354	0.0020963174756616354	0.0022490203846246004	0.07939692586660385	0.004970217123627663	0.003664808114990592	0.005856347270309925	0.014048644341528416	chicken	nli		NA	0.9708263874053955	2022	United States
ERR4225077	0.9224727153778076	0.0014059731038287282	0.0016761693404987454	0.005183171946555376	0.0011955667287111282	0.0010509705170989037	0.0014506035950034857	0.001136370119638741	0.001088575809262693	0.0010427918750792742	0.03790804371237755	0.01203947328031063	0.00314989872276783	0.0069747199304401875	0.002224904717877507	chicken	nli		NA	0.9914059042930603	2018	Netherlands
SRR11544496	0.7883248329162598	0.002832058584317565	0.005555742420256138	0.004352243151515722	0.0029564013238996267	0.0027023693546652794	0.004104556515812874	0.00331101194024086	0.003221703227609396	0.002777281915768981	0.1351301372051239	0.008323883637785912	0.006754065863788128	0.00835646316409111	0.021297339349985123	chicken	nli		NA	0.9328214526176453	2020	United States
SRR9417526	0.8788280487060547	0.0064654964953660965	0.009334035217761993	0.00377866392955184	0.005573606584221125	0.005307995248585939	0.0033673837315291166	0.0047302586026489735	0.005806964822113514	0.004947595298290253	0.0432867705821991	0.005661378614604473	0.007529462222009897	0.007031951565295458	0.008350648917257786	chicken	nli		NA	0.9405717253684998	2019	United States
SRR29101205	0.8483601808547974	0.001525033381767571	0.0021255859173834324	0.0018039614660665393	0.0017079563112929463	0.001525033381767571	0.00244653457775712	0.0015857837861403823	0.0016880581388249993	0.0022804210893809795	0.11203029006719589	0.004780735354870558	0.004837089218199253	0.006781537085771561	0.0065217399969697	chicken	nli		NA	0.9708817005157471	2024	United States
SRR7138715	0.891620934009552	0.0059493109583854675	0.009600267745554447	0.0044211531057953835	0.00587999913841486	0.00505898566916585	0.002979838754981756	0.004543711431324482	0.005250248592346907	0.003863736754283309	0.03487708792090416	0.0049417950212955475	0.006420187186449766	0.006333008874207735	0.00825980119407177	chicken	nli		NA	0.9417078495025635	2018	United States
SRR5414819	0.8212105631828308	0.0015637828037142754	0.0024125915952026844	0.0018606686498969793	0.002563179237768054	0.0021291044540703297	0.004016726277768612	0.0027019744738936424	0.0017858959035947919	0.0044374349527060986	0.12350089848041534	0.005821516737341881	0.0055009471252560616	0.004120019264519215	0.016374750062823296	chicken	nli		NA	0.9823893308639526	2015	United States
ERR2197483	0.8549137711524963	0.012398829683661461	0.003396278480067849	0.0025042586494237185	0.0033046696335077286	0.0029622865840792656	0.003343624295666814	0.0029738806188106537	0.0031410439405590296	0.0029622865840792656	0.0534389354288578	0.03169245645403862	0.007534973323345184	0.005566802341490984	0.009865921922028065	chicken	nli		NA	0.9339749217033386	2014	France
SRR21598450	0.879814624786377	0.0016127702547237277	0.002607578644528985	0.002346566878259182	0.0017643760656937957	0.001581576419994235	0.0038991787005215883	0.0019760075956583023	0.0019152120221406221	0.0020789429545402527	0.07353618741035461	0.004712502006441355	0.0034477401059120893	0.005796476732939482	0.01291037816554308	chicken	nli		NA	0.9734687209129333	2022	United States
SRR24339384	0.8654807209968567	0.0018548007356002927	0.002839302644133568	0.0021265398245304823	0.002037100028246641	0.0018403666326776147	0.00465387012809515	0.0023446879349648952	0.0023355467710644007	0.0024764840491116047	0.0843244418501854	0.005483599379658699	0.003739489708095789	0.0058372607454657555	0.012625846080482006	chicken	nli		NA	0.9684410095214844	2023	United States
SRR9007373	0.7687093019485474	0.0028078192844986916	0.005944153293967247	0.005660883616656065	0.0028969491831958294	0.0025765998288989067	0.004206811543554068	0.0032571274787187576	0.0031446083448827267	0.002710821805521846	0.15188607573509216	0.008581387810409069	0.006935859564691782	0.00885379035025835	0.021827910095453262	chicken	nli		NA	0.933673083782196	2018	United States
SRR6108377	0.7061100602149963	0.0019621269311755896	0.002843747613951564	0.0020724188070744276	0.002569111529737711	0.002048274502158165	0.003279532305896282	0.0020562910940498114	0.0019241756526753306	0.007205251604318619	0.22801239788532257	0.011581622064113617	0.009126098826527596	0.0036089031491428614	0.015600004233419895	chicken	nli		NA	0.9690325260162354	2016	United States
SRR7503394	0.7524453997612	0.001321281073614955	0.002107281470671296	0.0018344171112403274	0.002127961255609989	0.001764141721650958	0.003570631379261613	0.0019451139960438013	0.0017849369905889034	0.004298599902540445	0.18867531418800354	0.009261513128876686	0.007226975169032812	0.004947657696902752	0.016688747331500053	chicken	nli		NA	0.9775429368019104	2017	United States
ERR11203419	0.9495000243186951	0.0012162585044279695	0.0017490285681560636	0.0013782011810690165	0.0014219502918422222	0.0012597780441865325	0.0013048548717051744	0.001335798529908061	0.0013410267420113087	0.0014728298410773277	0.013438490219414234	0.005515145603567362	0.0027301949448883533	0.006310808006674051	0.01002572476863861	chicken	nli		NA	0.9852287769317627	2017	Sweden
SRR11966499	0.776298999786377	0.0029658242128789425	0.005750370677560568	0.004957129713147879	0.00279703876003623	0.0026071269530802965	0.0042649745009839535	0.0032957170624285936	0.0032573207281529903	0.0026481831446290016	0.15100768208503723	0.008448847569525242	0.0062909252010285854	0.007662771735340357	0.01774701662361622	chicken	nli		NA	0.9424008131027222	2020	United States
SRR8074988	0.7899013757705688	0.0027157184667885303	0.0054859016090631485	0.003951347433030605	0.0027692813891917467	0.002482367679476738	0.00398233812302351	0.0031380068976432085	0.0030533645767718554	0.002601498970761895	0.1359967142343521	0.007966366596519947	0.006363757885992527	0.008480152115225792	0.021111920475959778	chicken	nli		NA	0.9393594264984131	2018	United States
SRR24327307	0.8612710237503052	0.001955251209437847	0.0030700399074703455	0.002331006107851863	0.002206952078267932	0.0019174333428964019	0.0048016333021223545	0.002510592108592391	0.0023862842936068773	0.0025801886804401875	0.08687444776296616	0.005526646506041288	0.003805830841884017	0.005837302189320326	0.012925351038575172	chicken	nli		NA	0.9672559499740601	2023	United States
SRR21598161	0.9164280891418457	0.0013276019599288702	0.0017382962396368384	0.001353786326944828	0.0015043700113892555	0.0014243089826777577	0.002214646665379405	0.001276742317713797	0.0013276019599288702	0.0013276019599288702	0.05124891921877861	0.005029927007853985	0.003963487222790718	0.004624744411557913	0.005209905095398426	chicken	nli		NA	0.9791955351829529	2022	United States
SRR22007717	0.9155825972557068	0.0014553182991221547	0.0017692173132672906	0.0013832607073709369	0.0017554491059854627	0.0016362584428861737	0.002316525438800454	0.0014160637510940433	0.0014496446819975972	0.0014496446819975972	0.051126692444086075	0.005079560447484255	0.0039792126044631	0.004734670743346214	0.0048659201711416245	chicken	nli		NA	0.976557731628418	2022	United States
SRR19486114	0.8728785514831543	0.0016605486162006855	0.0024066646583378315	0.0020108434837311506	0.0019566044211387634	0.0017266971990466118	0.004223828203976154	0.002148909494280815	0.0021073459647595882	0.002225800883024931	0.07785159349441528	0.004957482218742371	0.0036840883549302816	0.006038548890501261	0.01412255223840475	chicken	nli		NA	0.9706321358680725	2022	United States
SRR8255905	0.7841048836708069	0.0028528880793601274	0.00549908634275198	0.00410256814211607	0.00293197319842875	0.002638490404933691	0.004175321198999882	0.003258100477978587	0.0032075883354991674	0.002732899272814393	0.13823388516902924	0.008450870402157307	0.006698258221149445	0.008804693818092346	0.022308604791760445	chicken	nli		NA	0.9326375722885132	2018	United States
SRR16817007	0.8529015183448792	0.001702073379419744	0.0025551149155944586	0.0017977476818487048	0.0017561030108481646	0.0016241298289969563	0.0024765022099018097	0.0020133820362389088	0.0019438290037214756	0.0017154228407889605	0.10456062853336334	0.004155469126999378	0.0037909948732703924	0.004745694808661938	0.012261404655873775	chicken	nli		NA	0.9698140025138855	2021	United States
SRR8942631	0.8854647278785706	0.006240339018404484	0.009722024202346802	0.004263861104846001	0.006773823872208595	0.006591111421585083	0.003224823623895645	0.004719664342701435	0.00558288861066103	0.003935732413083315	0.0370144322514534	0.005004468839615583	0.0067474148236215115	0.006463627330958843	0.008250975050032139	chicken	nli		NA	0.9414392113685608	2019	United States
SRR11521675	0.8021198511123657	0.002850827993825078	0.005505857989192009	0.004709410015493631	0.003740031039342284	0.0030110746156424284	0.006337203551083803	0.003472501179203391	0.0033986924681812525	0.0035897349007427692	0.11382034420967102	0.008695832453668118	0.006118282675743103	0.009719868190586567	0.0229104682803154	chicken	nli		NA	0.9382373094558716	2020	United States
SRR11085356	0.7708103656768799	0.0029362402856349945	0.0060483538545668125	0.004628385417163372	0.002834806451573968	0.0026630545035004616	0.0042059700936079025	0.0032756126020103693	0.0032501220703125	0.002621767343953252	0.15640859305858612	0.008630089461803436	0.006425876636058092	0.007690768223255873	0.01756999082863331	chicken	nli		NA	0.940626323223114	2020	United States
SRR28745426	0.8600198030471802	0.007141620386391878	0.007197632919996977	0.003785485401749611	0.003748697927221656	0.002796699060127139	0.0064017074182629585	0.0034737566020339727	0.0042895167134702206	0.0032888867426663637	0.059186048805713654	0.0069083902053534985	0.004860659129917622	0.007086044643074274	0.01981516368687153	chicken	nli		NA	0.9744590520858765	2024	United States
ERR2197617	0.8686164617538452	0.007427452597767115	0.005381232593208551	0.0026953041087836027	0.0032894809264689684	0.0031266079749912024	0.0031144183594733477	0.0031266079749912024	0.0032638823613524437	0.00330235599540174	0.04470587521791458	0.025175873190164566	0.007952946238219738	0.006882700137794018	0.011938786134123802	chicken	nli		NA	0.9412235021591187	2014	Poland
SRR10200146	0.7012457847595215	0.0037855030968785286	0.006881488487124443	0.006025632377713919	0.004045418929308653	0.0032252888195216656	0.005828848108649254	0.003301774151623249	0.0034534779842942953	0.003018066054210067	0.21241086721420288	0.009992971085011959	0.006935460958629847	0.012583049945533276	0.017266303300857544	chicken	nli		NA	0.9269015192985535	2019	United States
SRR24674592	0.8744749426841736	0.0016234624199569225	0.002437105868011713	0.002004708396270871	0.0019736282993108034	0.0017417207127436996	0.0042274221777915955	0.002245167037472129	0.0021173940040171146	0.0022627762518823147	0.07674729824066162	0.0048752459697425365	0.0036728482227772474	0.005949988961219788	0.013646285980939865	chicken	nli		NA	0.9701269268989563	2023	United States
SRR21728318	0.8756091594696045	0.0015678801573812962	0.0026827272959053516	0.0023536670487374067	0.0018838514806702733	0.00166899967007339	0.003980331588536501	0.0021430382039397955	0.001997531158849597	0.0021263607777655125	0.07632331550121307	0.004848312586545944	0.0035401801578700542	0.005940277595072985	0.013334431685507298	chicken	nli		NA	0.9718859195709229	2022	United States
SRR18339700	0.8454583287239075	0.0019533901941031218	0.0029438629280775785	0.0020391542930155993	0.0018136613070964813	0.00169713469222188	0.002781755058094859	0.0022659720852971077	0.0021121182944625616	0.0017925314605236053	0.10883469134569168	0.004759732633829117	0.003794789081439376	0.0053829592652618885	0.012369941920042038	chicken	nli		NA	0.9692661166191101	2022	United States
ERR2197355	0.9446834921836853	0.0014482865808531642	0.0011866834247484803	0.0010390948737040162	0.0012831108178943396	0.001182056963443756	0.0014768514083698392	0.0011591939255595207	0.001182056963443756	0.001511873910203576	0.02432902902364731	0.006605874747037888	0.0030421626288443804	0.0039138514548540115	0.005956265144050121	chicken	nli		NA	0.9865975379943848	2014	United Kingdom
SRR2920319	0.7064816951751709	0.003682019654661417	0.007055813912302256	0.006852098740637302	0.003445451846346259	0.002947051078081131	0.0058723692782223225	0.003224083688110113	0.003359071211889386	0.0029585855081677437	0.20850443840026855	0.009815179742872715	0.006641281768679619	0.012851509265601635	0.01630941405892372	chicken	nli		NA	0.929823637008667	2015	United States
SRR13187284	0.8583341240882874	0.0018180544720962644	0.0027185825165361166	0.002084409585222602	0.002125520957633853	0.0018394849030300975	0.004526170436292887	0.0023991407360881567	0.0023253269027918577	0.0025339978747069836	0.09086619317531586	0.005621919874101877	0.003826335072517395	0.00575523916631937	0.01322543527930975	chicken	nli		NA	0.9687085151672363	2020	United States
SRR16026962	0.863328754901886	0.0017228826181963086	0.00237337127327919	0.0019446705700829625	0.0018701712833717465	0.0017094750655815005	0.002896578051149845	0.0017915144562721252	0.00192201416939497	0.002737073926255107	0.09376812726259232	0.005771795753389597	0.0049950722604990005	0.0068541765213012695	0.0063143628649413586	chicken	nli		NA	0.9688266515731812	2021	United States
ERR11204032	0.9484986066818237	0.0012486560735851526	0.0018026455072686076	0.001426010043360293	0.001517979777418077	0.0013343897880986333	0.001350119011476636	0.001420450396835804	0.0013767477357760072	0.001517979777418077	0.013087757863104343	0.00540276849642396	0.0028415038250386715	0.00611019367352128	0.011064131744205952	chicken	nli		NA	0.984351396560669	2021	Sweden
SRR13849948	0.7682055830955505	0.0024522035382688046	0.003753798548132181	0.0025005689822137356	0.002330786781385541	0.0020811583381146193	0.004130801185965538	0.0023767573293298483	0.002510356018319726	0.0021981410682201385	0.1758285015821457	0.0064733270555734634	0.004689962603151798	0.008279510773718357	0.012188618071377277	chicken	nli		NA	0.9522643685340881	2021	United States
SRR24111455	0.8619793653488159	0.0019378423457965255	0.0028920506592839956	0.0022833358962088823	0.002079001162201166	0.0019152656896039844	0.004675959702581167	0.002392915543168783	0.00235581723973155	0.0024785378482192755	0.08626928925514221	0.005498876329511404	0.0038388348184525967	0.006004051771014929	0.013398848474025726	chicken	nli		NA	0.9680506587028503	2023	United States
SRR18776851	0.853607714176178	0.001627062913030386	0.0027731384616345167	0.0020328378304839134	0.0016787115018814802	0.0015404722653329372	0.0022501463536173105	0.0018874260131269693	0.0017800122732296586	0.001627062913030386	0.10533931106328964	0.004011319950222969	0.003623925382271409	0.004726489540189505	0.011494340375065804	chicken	nli		NA	0.9714287519454956	2022	United States
SRR6741488	0.0025833493564277887	0.002133322414010763	0.0034830730874091387	0.004209601785987616	0.0017411671578884125	0.0013773763785138726	0.002809681696817279	0.9415469765663147	0.0013613294577226043	0.002075779717415571	0.006124934647232294	0.007548526860773563	0.010855085216462612	0.006583942100405693	0.005565934348851442	dog	nli		NA	0.9825742244720459	2018	United States
ERR4224593	0.0011825482361018658	0.0011109012411907315	0.0013089616550132632	0.0011596757685765624	0.0013192279729992151	0.001089414581656456	0.0011372456792742014	0.9693793654441833	0.0009245741530321538	0.0010767225176095963	0.010018069297075272	0.0027387880254536867	0.0025181665550917387	0.002513253130018711	0.002523089526221156	dog	nli		NA	0.9905874133110046	2018	Netherlands
SRR8787372	NA	NA	NA	NA	NA	NA	NA	NA	NA	NA	NA	NA	NA	NA	NA	dog	host_tax_id	host_tax_id=9615; Canis lupus familiaris	NA	0.9299510717391968	1979	United States
SRR23097466	0.049712128937244415	0.012930247001349926	0.027940494939684868	0.011059826239943504	0.009276997298002243	0.0037263480480760336	0.007781559601426125	0.6285139918327332	0.003958937246352434	0.016602763906121254	0.06768351793289185	0.06046409532427788	0.031909044831991196	0.04973641037940979	0.018703486770391464	dog	nli		NA	0.9532315135002136	2022	United States
ERR4224589	0.001173236290924251	0.0011064670979976654	0.0013088396517559886	0.001159567735157907	0.001324267708696425	0.0010850661201402545	0.001137139624916017	0.9692890048027039	0.0009244880056940019	0.0010724246967583895	0.010155029594898224	0.0027492509689182043	0.00253272894769907	0.002459603827446699	0.0025228546001017094	dog	nli		NA	0.9908390045166016	2018	Netherlands
ERR4224545	0.0011938820825889707	0.0011128203477710485	0.0013215069193392992	0.0011753726284950972	0.0013423175550997257	0.0010912964353337884	0.0011526388116180897	0.9691591858863831	0.0009225605754181743	0.0010828039376065135	0.01013385783880949	0.002748882630839944	0.002527448348701	0.0024882638826966286	0.0025472710840404034	dog	nli		NA	0.9905508756637573	2018	Netherlands
SRR28564537	NA	NA	NA	NA	NA	NA	NA	NA	NA	NA	NA	NA	NA	NA	NA	dog	host_tax_id	host_tax_id=9615; Canis lupus familiaris	NA	0.30834639072418213	2022	United States
ERR4224318	0.0011642590397968888	0.0010725656757131219	0.0012887173797935247	0.0011597201228141785	0.001309011597186327	0.001076763728633523	0.0011284386273473501	0.9694164395332336	0.0009210048010572791	0.001068384270183742	0.010276084765791893	0.002744247205555439	0.0025231861509382725	0.002342699095606804	0.002508444944396615	dog	nli		NA	0.9905874133110046	2016	Netherlands
SRR12623862	NA	NA	NA	NA	NA	NA	NA	NA	NA	NA	NA	NA	NA	NA	NA	dog	host_tax_id	host_tax_id=9615; Canis lupus familiaris	NA	0.9815773963928223	2019	Peru
SRR8787352	NA	NA	NA	NA	NA	NA	NA	NA	NA	NA	NA	NA	NA	NA	NA	dog	host_tax_id	host_tax_id=9615; Canis lupus familiaris	NA	0.9312752485275269	1979	United States
SRR6219838	0.006066586822271347	0.005480704363435507	0.007403958588838577	0.0062836590223014355	0.005189026705920696	0.004743154626339674	0.004893718287348747	0.8803637623786926	0.004352563060820103	0.004780354909598827	0.036159954965114594	0.00585701409727335	0.005168796516954899	0.012207064777612686	0.011049725115299225	dog	nli		NA	0.8353492617607117	2017	United States
ERR4224322	0.0011526306625455618	0.0010618531377986073	0.0012808393221348524	0.0011526306625455618	0.0013163454132154584	0.0010743698803707957	0.0011171679943799973	0.9691522717475891	0.0009118059533648193	0.0010618531377986073	0.010496387258172035	0.0027542375028133392	0.0025472533889114857	0.0023929227609187365	0.002527430187910795	dog	nli		NA	0.9906418919563293	2016	Netherlands
SRR27989230	NA	NA	NA	NA	NA	NA	NA	NA	NA	NA	NA	NA	NA	NA	NA	dog	host_tax_id	host_tax_id=9615; Canis lupus familiaris	NA	0.5804263949394226	2023	United States
SRR6171586	0.014110013842582703	0.012897598557174206	0.01891307719051838	0.016240529716014862	0.013151980005204678	0.017019927501678467	0.023172788321971893	0.5840750336647034	0.04457956179976463	0.016821639612317085	0.04653684049844742	0.02181137725710869	0.02395511232316494	0.09813439846038818	0.04858005419373512	dog	nli		NA	0.21816924214363098		United States
SRR8397531	NA	NA	NA	NA	NA	NA	NA	NA	NA	NA	NA	NA	NA	NA	NA	dog	host_tax_id	host_tax_id=9615; Canis lupus familiaris	NA	0.10678369551897049	2018	United States
ERR4224535	0.001161995343863964	0.001091593410819769	0.0013064664090052247	0.0011529524344950914	0.0012912455713376403	0.0010621496476233006	0.001130652497522533	0.9694229960441589	0.000915630254894495	0.0010746698826551437	0.010196185670793056	0.002755006542429328	0.002518279943615198	0.002431284636259079	0.0024889411870390177	dog	nli		NA	0.9908566474914551	2017	Netherlands
ERR4224519	0.0011825510300695896	0.0011109040351584554	0.0013089647982269526	0.0011687739752233028	0.0013140878872945905	0.0010809391969814897	0.0011328145628795028	0.9693817496299744	0.0009245763649232686	0.001072527258656919	0.01017585676163435	0.00271748099476099	0.00247913203202188	0.002426437335088849	0.0025230958126485348	dog	nli		NA	0.990532636642456	2018	Netherlands
SRR13042628	NA	NA	NA	NA	NA	NA	NA	NA	NA	NA	NA	NA	NA	NA	NA	dog	host_tax_id	host_tax_id=9615; Canis lupus familiaris	NA	0.762424111366272	2020	United States
SRR8041688	NA	NA	NA	NA	NA	NA	NA	NA	NA	NA	NA	NA	NA	NA	NA	dog	host_tax_id	host_tax_id=9615; Canis lupus familiaris	NA	0.380845308303833	2018	United States
SRR6814034	NA	NA	NA	NA	NA	NA	NA	NA	NA	NA	NA	NA	NA	NA	NA	dog	host_tax_id	host_tax_id=9615; Canis lupus familiaris	NA	0.12137298285961151	2018	United States
SRR6297976	0.0060979449190199375	0.0054875570349395275	0.007326849270612001	0.006340859457850456	0.005256757605820894	0.0047863321378827095	0.004976997617632151	0.878885805606842	0.004443958401679993	0.004880733788013458	0.036064017564058304	0.0060979449190199375	0.005297986324876547	0.012884160503745079	0.011172110214829445	dog	nli		NA	0.8268516659736633	2017	United States
SRR10537310	0.0010050679557025433	0.0009515791898593307	0.0011658992152661085	0.0010952609591186047	0.0010410307440906763	0.0009627961553633213	0.0014284895732998848	0.9191181063652039	0.0007766563212499022	0.0015235921600833535	0.05452762544155121	0.0028575854375958443	0.006049507763236761	0.0011568260379135609	0.006339830346405506	dog	nli		NA	0.9907499551773071	2019	Australia
SRR28564533	NA	NA	NA	NA	NA	NA	NA	NA	NA	NA	NA	NA	NA	NA	NA	dog	host_tax_id	host_tax_id=9615; Canis lupus familiaris	NA	0.7072025537490845	2023	United States
SRR6903158	NA	NA	NA	NA	NA	NA	NA	NA	NA	NA	NA	NA	NA	NA	NA	dog	host_tax_id	host_tax_id=9615; Canis lupus familiaris	NA	0.18374003469944	2018	United States
SRR7066541	0.0019452276173979044	0.0018780286191031337	0.0028413666877895594	0.0022653350606560707	0.0016900429036468267	0.0016966576222330332	0.002669217064976692	0.9201701283454895	0.0015630342531949282	0.001870707026682794	0.031425055116415024	0.00490944180637598	0.012439137324690819	0.003677001688629389	0.00895957462489605	dog	nli		NA	0.9737197160720825	2018	United States
SRR8388781	0.0028784077148884535	0.0023173873778432608	0.003926640376448631	0.003776213387027383	0.001884022611193359	0.0015680226497352123	0.0037909927777945995	0.9114620089530945	0.0016954367747530341	0.0023723426274955273	0.012261399067938328	0.005505099426954985	0.024432377889752388	0.016212020069360733	0.005917656235396862	dog	nli		NA	0.9749407172203064	2018	United States
SRR12488030	NA	NA	NA	NA	NA	NA	NA	NA	NA	NA	NA	NA	NA	NA	NA	dog	host_tax_id	host_tax_id=9615; Canis lupus familiaris	NA	0.9835496544837952	2019	Peru
SRR8041470	NA	NA	NA	NA	NA	NA	NA	NA	NA	NA	NA	NA	NA	NA	NA	dog	host_tax_id	host_tax_id=9615; Canis lupus familiaris	NA	0.41510632634162903	2018	United States
SRR9831452	0.0018210610141977668	0.0017376685282215476	0.0026085490826517344	0.002112467773258686	0.0015945741906762123	0.001588357612490654	0.0024125140625983477	0.921480655670166	0.0014921239344403148	0.0017650328809395432	0.031316522508859634	0.004797856789082289	0.012640667147934437	0.0034557662438601255	0.009176141582429409	dog	nli		NA	0.975296139717102	2019	United States
SRR7499466	0.007913134060800076	0.0044649513438344	0.011491077020764351	0.1343807578086853	0.003658450208604336	0.003986752592027187	0.004951912444084883	0.7619696259498596	0.004856134299188852	0.004081295803189278	0.00916148442775011	0.009378742426633835	0.01129085011780262	0.01044232863932848	0.01797238551080227	dog	nli		NA	0.9453489780426025	2018	United States
ERR4224610	0.0011648517102003098	0.0010942767839878798	0.0012843464501202106	0.00115578668192029	0.0012793393107131124	0.0010689279297366738	0.0011158596025779843	0.9699097871780396	0.0009107380756177008	0.001064760610461235	0.009868151508271694	0.0027030766941607	0.002509721787646413	0.002394793089479208	0.002475642366334796	dog	nli		NA	0.9907320141792297	2018	Netherlands
SRR7705338	0.008084423840045929	0.004438559990376234	0.010985542088747025	0.11848115175962448	0.0038113605696707964	0.0040651042945683	0.005000163801014423	0.7769446969032288	0.005158885847777128	0.004153385292738676	0.008966137655079365	0.009924610145390034	0.011694047600030899	0.010668369010090828	0.017623553052544594	dog	nli		NA	0.9464483261108398	2018	United States
ERR4224522	0.0011669175000861287	0.0011005079140886664	0.0013171356404200196	0.001162368105724454	0.0013120005605742335	0.0010750147048383951	0.0011310152476653457	0.9697340130805969	0.0009267206187359989	0.0010624905116856098	0.009943746030330658	0.00266588875092566	0.0024946071207523346	0.002417856128886342	0.002489739563316107	dog	nli		NA	0.9906418919563293	2018	Netherlands
ERR4224557	0.0011805874528363347	0.0011177577544003725	0.0013119056820869446	0.0011532390490174294	0.0013273699441924691	0.0010833678534254432	0.001144264591857791	0.9696639180183411	0.0009122872725129128	0.0010833678534254432	0.009674831293523312	0.002755691297352314	0.002538661938160658	0.0025485979858785868	0.002504189731553197	dog	nli		NA	0.9908212423324585	2018	Netherlands
ERR4224515	0.0011867934372276068	0.001119252759963274	0.0013188020093366504	0.0011729667894542217	0.00133957015350461	0.001089062774553895	0.0011413280153647065	0.9690665006637573	0.0009278931538574398	0.0010848169913515449	0.010212359949946404	0.0027539932634681463	0.002542057540267706	0.002502646530047059	0.002542057540267706	dog	nli		NA	0.9904220700263977	2018	Netherlands
SRR29692399	NA	NA	NA	NA	NA	NA	NA	NA	NA	NA	NA	NA	NA	NA	NA	dog	host_tax_id	host_tax_id=9615; Canis lupus familiaris	NA	0.5196869969367981	2023	Canada
ERR4224317	0.0011616242118179798	0.0010659663239493966	0.0012858008267357945	0.0011570954229682684	0.0013162926770746708	0.0010743268067017198	0.0011171229416504502	0.9691134095191956	0.0009153379360213876	0.0010659663239493966	0.010516487061977386	0.002743389457464218	0.0025621196255087852	0.0023975048679858446	0.002507661236450076	dog	nli		NA	0.9905874133110046	2016	Netherlands
ERR4224517	0.0011868432629853487	0.0011149359634146094	0.0013137157075107098	0.0011776072205975652	0.0013240192783996463	0.001089108525775373	0.0011413759784772992	0.9691071510314941	0.0009315639035776258	0.0010848625097423792	0.010252761654555798	0.0027326762210577726	0.002532253274694085	0.002463950077071786	0.0025471344124525785	dog	nli		NA	0.9906237721443176	2018	Netherlands
SRR10537322	0.0010038207983598113	0.000950398447457701	0.0011644525220617652	0.0010602460242807865	0.0010643957648426294	0.0009729364537633955	0.0015010385541245341	0.926986038684845	0.0007817764417268336	0.0015517143765464425	0.04759369045495987	0.0027180295437574387	0.005384373944252729	0.0011419298825785518	0.006125174928456545	dog	nli		NA	0.9906418323516846	2018	Australia
SRR6289217	NA	NA	NA	NA	NA	NA	NA	NA	NA	NA	NA	NA	NA	NA	NA	dog	host_tax_id	host_tax_id=9615; Canis lupus familiaris	NA	0.9461506009101868	2017	United States
ERR4224324	0.0011499790707603097	0.0010635568760335445	0.0012778928503394127	0.0011454956838861108	0.0013081971555948257	0.00107189838308841	0.00111025245860219	0.9688131809234619	0.0009132688865065575	0.0010677194222807884	0.010889408178627491	0.002747901249676943	0.002546361880376935	0.0023781105410307646	0.002516695763915777	dog	nli		NA	0.9906237721443176	2016	Netherlands
ERR4224574	0.0011625419137999415	0.001096381340175867	0.0012918529100716114	0.0011580095160752535	0.0012918529100716114	0.0010585064301267266	0.0011311842827126384	0.9698789715766907	0.0009160609333775938	0.00106264918576926	0.009714851155877113	0.002687199506908655	0.0025792119558900595	0.0024707333650439978	0.0024998579174280167	dog	nli		NA	0.9906960725784302	2018	Netherlands
SRR6171587	0.013928037136793137	0.012731257826089859	0.01866915449500084	0.015968574211001396	0.013033171184360981	0.01673492230474949	0.023008348420262337	0.5879135131835938	0.044349752366542816	0.016604691743850708	0.046296942979097366	0.021488066762685776	0.023785119876265526	0.09762851148843765	0.04785994440317154	dog	nli		NA	0.22210903465747833		United States
SRR6232416	0.002104794606566429	0.001857475028373301	0.0020560373086482286	0.002302652457728982	0.001828677486628294	0.0016978695057332516	0.001961884554475546	0.9612566828727722	0.0017449362203478813	0.001857475028373301	0.008690119720995426	0.0024995056446641684	0.002284733112901449	0.00410492205992341	0.003752202494069934	dog	nli		NA	0.9622851610183716	2007	United States
ERR4224556	0.0011565210297703743	0.001099257729947567	0.0012851624051108956	0.0011385907419025898	0.0013003115309402347	0.0010571457678452134	0.0011165685718879104	0.9705260396003723	0.0008936902158893645	0.0010571457678452134	0.009294294752180576	0.0026628600899130106	0.0024917731061577797	0.0024627428501844406	0.002457937691360712	dog	nli		NA	0.9910319447517395	2018	Netherlands
SRR27150577	NA	NA	NA	NA	NA	NA	NA	NA	NA	NA	NA	NA	NA	NA	NA	dog	host_tax_id	host_tax_id=9615; Canis lupus familiaris	NA	0.8192434906959534	2023	United States
SRR9831419	0.0017886197892948985	0.0017133926739916205	0.0026177200488746166	0.0021157576702535152	0.001566167687997222	0.001566167687997222	0.0023788101971149445	0.9202158451080322	0.001465542591176927	0.0017403747187927365	0.03245588392019272	0.004786595236510038	0.013164685107767582	0.0033942037262022495	0.009030293673276901	dog	nli		NA	0.9760150909423828	2019	United States
SRR10611149	0.004935299511998892	0.0029992626514285803	0.18263638019561768	0.004043839406222105	0.00720892334356904	0.009402208030223846	0.007111033890396357	0.7374875545501709	0.006878802087157965	0.0023312701378017664	0.008010782301425934	0.0027096078265458345	0.003911775536835194	0.0035064932890236378	0.016826851293444633	dog	nli		NA	0.9701268672943115	2018	United States
SRR10898003	0.004888742696493864	0.002930627204477787	0.18047235906124115	0.0040292320773005486	0.007016491144895554	0.009259101003408432	0.007168867159634829	0.7413103580474854	0.006143844686448574	0.002304772613570094	0.0078888526186347	0.0027103868778795004	0.003837218042463064	0.0035006573889404535	0.016538402065634727	dog	nli		NA	0.9713473320007324	2018	United States
SRR9029459	NA	NA	NA	NA	NA	NA	NA	NA	NA	NA	NA	NA	NA	NA	NA	dog	host_tax_id	host_tax_id=9615; Canis lupus familiaris	NA	0.3922494947910309	2019	United States
SRR6080585	NA	NA	NA	NA	NA	NA	NA	NA	NA	NA	NA	NA	NA	NA	NA	dog	host_tax_id	host_tax_id=9615; Canis lupus familiaris	NA	0.44467025995254517	2017	United States
SRR12488025	NA	NA	NA	NA	NA	NA	NA	NA	NA	NA	NA	NA	NA	NA	NA	dog	host_tax_id	host_tax_id=9615; Canis lupus familiaris	NA	0.9817356467247009	2019	Peru
ERR4224523	0.0011669262312352657	0.0010962259257212281	0.0013018004829064012	0.0011533312499523163	0.001281617907807231	0.0010624986607581377	0.0011222221655771136	0.9697414636611938	0.0009123601485043764	0.0010666570160537958	0.009963261894881725	0.002681575482711196	0.002499503316357732	0.002451158594340086	0.002499503316357732	dog	nli		NA	0.9908034205436707	2017	Netherlands
SRR6058449	0.002254872815683484	0.001997706713154912	0.0022112594451755285	0.002486185869202018	0.001966735115274787	0.0018260516226291656	0.002126547275111079	0.9589394330978394	0.0018620672635734081	0.0019899182952940464	0.008814293891191483	0.0026777274906635284	0.002447641221806407	0.004371922463178635	0.004027604125440121	dog	nli		NA	0.957912266254425	2014	United States
SRR10537312	0.0010172779439017177	0.0009859796846285462	0.0012175223091617227	0.0010871250415220857	0.001099939807318151	0.0010054263984784484	0.001591052976436913	0.9230443835258484	0.0008047331357374787	0.0016161085804924369	0.05000634863972664	0.0028923009522259235	0.00611105328425765	0.0012033378006890416	0.006317365448921919	dog	nli		NA	0.9899476766586304	2018	Australia
SRR10537313	0.0010343679459765553	0.0009908638894557953	0.0012045841431245208	0.0010840082541108131	0.0010925102978944778	0.0010025438386946917	0.0015710737789049745	0.9203981161117554	0.0008087194873951375	0.0015895931283012033	0.053286612033843994	0.0028783814050257206	0.005602672230452299	0.0011812852462753654	0.006274695973843336	dog	nli		NA	0.9897909760475159	2018	Australia
ERR4224605	0.0011715542059391737	0.0010962826199829578	0.0012967924121767282	0.0011579053243622184	0.0012967924121767282	0.0010667124297469854	0.0011266728397458792	0.9697917103767395	0.0009195635211654007	0.00106255360879004	0.009886239655315876	0.0026712596882134676	0.002529097953811288	0.0024369647726416588	0.0024898878764361143	dog	nli		NA	0.9907677173614502	2018	Netherlands
SRR24886328	0.0012105884961783886	0.0013140813680365682	0.0019534993916749954	0.0011372427688911557	0.0013452440034598112	0.0009614024893380702	0.0017138852272182703	0.9580833315849304	0.0008159317658282816	0.0013347751228138804	0.006196094676852226	0.005993742495775223	0.009085971862077713	0.0026701169554144144	0.006184004247188568	dog	nli		NA	0.9925969839096069	2022	United States
ERR4224579	0.0011511697666719556	0.0010772078530862927	0.0012742287945002317	0.0011377582559362054	0.0012842227006331086	0.0010563727701082826	0.0011114021763205528	0.9698163866996765	0.0008965320303104818	0.0010399953462183475	0.010042181238532066	0.0027293404564261436	0.002558975014835596	0.002339092316105962	0.002485092729330063	dog	nli		NA	0.991066575050354	2018	Netherlands
SRR6252248	0.0024357829242944717	0.0021834219805896282	0.0024168274831026793	0.00260302540846169	0.002288206247612834	0.0020511350594460964	0.002324240282177925	0.9552258849143982	0.001941975555382669	0.00213284301571548	0.009067724458873272	0.002749342704191804	0.002315178979188204	0.006064048036932945	0.004200443625450134	dog	nli		NA	0.9548162221908569	2009	United States
ERR4224597	0.0011822590604424477	0.0011106297606602311	0.0013240674743428826	0.001163929933682084	0.0013292497023940086	0.0010934110032394528	0.0011458849767223	0.9691424369812012	0.0009207444381900132	0.0010722625302150846	0.010153493843972683	0.002759593538939953	0.002532345475628972	0.002517550950869918	0.0025522070936858654	dog	nli		NA	0.9906418919563293	2018	Netherlands
SRR6902729	NA	NA	NA	NA	NA	NA	NA	NA	NA	NA	NA	NA	NA	NA	NA	dog	host_tax_id	host_tax_id=9615; Canis lupus familiaris	NA	0.2011847048997879	2018	United States
SRR5935033	0.004309569485485554	0.003848012536764145	0.004551812075078487	0.0042262147180736065	0.0037150809075683355	0.003614872694015503	0.004394568037241697	0.9233658313751221	0.004032682627439499	0.0037442189641296864	0.008722588419914246	0.004360368940979242	0.004696302115917206	0.011875885538756847	0.010542020201683044	dog	nli		NA	0.8467678427696228	2017	United States
ERR4224590	0.0011847281130030751	0.0011129488702863455	0.0013216596562415361	0.0011755082523450255	0.0013062618672847748	0.0010829290840774775	0.0011393418535590172	0.969271183013916	0.0009190700366161764	0.0010745016625151038	0.010095516219735146	0.0027331390883773565	0.0025326821487396955	0.0025228082668036222	0.0025277400854974985	dog	nli		NA	0.9906960725784302	2018	Netherlands
SRR5579133	0.0017980046104639769	0.001562133664265275	0.001715668011456728	0.001805041916668415	0.0016307196347042918	0.001490598195232451	0.0016759246354922652	0.9666021466255188	0.0015081689925864339	0.001537914969958365	0.007749396376311779	0.002151929773390293	0.001982450718060136	0.0036892660427838564	0.0031006119679659605	dog	nli		NA	0.9724408984184265	2017	United States
SRR7660681	NA	NA	NA	NA	NA	NA	NA	NA	NA	NA	NA	NA	NA	NA	NA	dog	host_tax_id	host_tax_id=9615; Canis lupus familiaris	NA	0.3764224946498871	2018	United States
SRR8260220	0.0026782953646034002	0.0021731900051236153	0.0039045149460434914	0.003575993236154318	0.0018954898696392775	0.0014590106438845396	0.0035068271681666374	0.9170095920562744	0.0015531087992712855	0.0023451936431229115	0.012530294246971607	0.004746683407574892	0.024035127833485603	0.01308044046163559	0.0055062491446733475	dog	nli		NA	0.9792947173118591	2018	United States
SRR22974871	0.009952754713594913	0.007904091849923134	0.04113234207034111	0.008921591565012932	0.008731961250305176	0.017951849848031998	0.009240820072591305	0.7344478368759155	0.04460515081882477	0.016377300024032593	0.04231387376785278	0.010930961929261684	0.009933334775269032	0.00561579829081893	0.03194018825888634	dog	nli		NA	0.8566325306892395	2022	United States
SRR28564534	NA	NA	NA	NA	NA	NA	NA	NA	NA	NA	NA	NA	NA	NA	NA	dog	host_tax_id	host_tax_id=9615; Canis lupus familiaris	NA	0.5759458541870117	2023	United States
ERR4224537	0.0011489341268315911	0.0010793238179758191	0.0012767317239195108	0.0011489341268315911	0.0012968372320756316	0.0010584477568045259	0.0011223191395401955	0.969825267791748	0.0009124390198849142	0.0010625905124470592	0.009905911050736904	0.002740047639235854	0.0025046064984053373	0.0024228112306445837	0.0024948418140411377	dog	nli		NA	0.9908212423324585	2017	Netherlands
ERR4224320	0.0011546190362423658	0.0010678479447960854	0.001278046751394868	0.0011591380462050438	0.0013186163268983364	0.0010762232122942805	0.0011147321201860905	0.9689298868179321	0.0009133788989856839	0.0010678479447960854	0.010721875354647636	0.0027643826324492693	0.0025317901745438576	0.002359888283535838	0.00254169967956841	dog	nli		NA	0.9905874133110046	2016	Netherlands
SRR6289215	NA	NA	NA	NA	NA	NA	NA	NA	NA	NA	NA	NA	NA	NA	NA	dog	host_tax_id	host_tax_id=9615; Canis lupus familiaris	NA	0.9464978575706482	2017	United States
ERR4224588	0.0011689767707139254	0.0011067650048062205	0.0013040878111496568	0.0011598797282204032	0.001309191924519837	0.0010727134067565203	0.0011330111883580685	0.9695498943328857	0.0009211315773427486	0.0010643654968589544	0.010019833222031593	0.002707356121391058	0.002494133310392499	0.0024602659977972507	0.0025284672155976295	dog	nli		NA	0.9908212423324585	2018	Netherlands
SRR6813834	NA	NA	NA	NA	NA	NA	NA	NA	NA	NA	NA	NA	NA	NA	NA	dog	host_tax_id	host_tax_id=9615; Canis lupus familiaris	NA	0.11037521809339523	2018	United States
ERR4224559	0.0011602778686210513	0.001089980243705213	0.0012943834299221635	0.0011467603035271168	0.0013199129607528448	0.0010772815439850092	0.0011289814719930291	0.9698826670646667	0.0009107125806622207	0.0010688980109989643	0.009945269674062729	0.002671510213986039	0.002490121405571699	0.0023807354737073183	0.0024324378464370966	dog	nli		NA	0.9908034801483154	2018	Netherlands
SRR7242753	NA	NA	NA	NA	NA	NA	NA	NA	NA	NA	NA	NA	NA	NA	NA	dog	host_tax_id	host_tax_id=9615; Canis lupus familiaris	NA	0.2813068926334381	2013	United States
SRR6354173	0.0024541595485061407	0.0021489341743290424	0.003232239279896021	0.0022520637139678	0.0018309146398678422	0.001809583860449493	0.0026743917260318995	0.9300928711891174	0.0016540937358513474	0.0020030266605317593	0.015541092492640018	0.007603767327964306	0.011617028154432774	0.0033088892232626677	0.011776945553719997	dog	nli		NA	0.9709919095039368	2017	United States
ERR4224510	0.0011850950540974736	0.001117651117965579	0.0013169149169698358	0.0011758726323023438	0.0013428886886686087	0.001091760816052556	0.0011486336588859558	0.9695715308189392	0.0009229530696757138	0.001079041394405067	0.009864709340035915	0.0027233269065618515	0.0025039510801434517	0.002422177232801914	0.002533466788008809	dog	nli		NA	0.9905691742897034	2018	Netherlands
SRR6269843	NA	NA	NA	NA	NA	NA	NA	NA	NA	NA	NA	NA	NA	NA	NA	dog	host_tax_id	host_tax_id=9615; Canis lupus familiaris	NA	0.9532750248908997	2017	United States
SRR7213803	0.0027777901850640774	0.0022233151830732822	0.0037452324759215117	0.0035877132322639227	0.0018722191452980042	0.0015521241584792733	0.0037452324759215117	0.9128555059432983	0.0016329784411936998	0.002276039682328701	0.011649339459836483	0.0052405232563614845	0.02480657771229744	0.016268549486994743	0.005766841117292643	dog	nli		NA	0.9749168753623962	2018	United States
SRR6252251	0.001879385206848383	0.0016328381607308984	0.0018003408331423998	0.0018720581429079175	0.0016912637511268258	0.0015641632489860058	0.0017586357425898314	0.9650264978408813	0.0015641632489860058	0.0016138150822371244	0.008147748187184334	0.0022058235481381416	0.0020560533739626408	0.0039017044473439455	0.0032855647150427103	dog	nli		NA	0.9711017608642578	2007	United States
ERR4224548	0.001205319189466536	0.001127878320403397	0.0013289652997627854	0.0011820063227787614	0.0013341667363420129	0.001097455620765686	0.0011591442162171006	0.9689350128173828	0.0009277673088945448	0.0010889150435104966	0.0102109769359231	0.0027915253303945065	0.0025566492695361376	0.0024925516918301582	0.0025616479106247425	dog	nli		NA	0.9905508756637573	2018	Netherlands
SRR6814032	NA	NA	NA	NA	NA	NA	NA	NA	NA	NA	NA	NA	NA	NA	NA	dog	host_tax_id	host_tax_id=9615; Canis lupus familiaris	NA	0.12469184398651123	2018	United States
SRR6814049	NA	NA	NA	NA	NA	NA	NA	NA	NA	NA	NA	NA	NA	NA	NA	dog	host_tax_id	host_tax_id=9615; Canis lupus familiaris	NA	0.12700155377388	2018	United States
ERR4224316	0.0011577272089198232	0.0010665481677278876	0.0012814872898161411	0.001153213670477271	0.001306762220337987	0.0010749133070930839	0.0011177330743521452	0.9696425199508667	0.0009158376487903297	0.0010707227047532797	0.01015873346477747	0.002718212315812707	0.0024895044043660164	0.0023662408348172903	0.002479798858985305	dog	nli		NA	0.9905874133110046	2016	Netherlands
ERR4224511	0.001172123127616942	0.0011054174974560738	0.0012923639733344316	0.0011449711164459586	0.0012923639733344316	0.001075600739568472	0.001122825313359499	0.9702627062797546	0.000909291731659323	0.0010589251760393381	0.009643063880503178	0.0026621376164257526	0.0024286427069455385	0.002372383140027523	0.0024572706315666437	dog	nli		NA	0.9907320141792297	2018	Netherlands
SRR11101933	0.005227653309702873	0.002562726614996791	0.0030611976981163025	0.0029381809290498495	0.0021162922494113445	0.002083481987938285	0.0033164152409881353	0.9524527788162231	0.0017960737459361553	0.001911910600028932	0.007048328872770071	0.002464550081640482	0.0028256208170205355	0.003091238671913743	0.007103609852492809	dog	nli		NA	0.9685304164886475		Sweden
SRR28564535	NA	NA	NA	NA	NA	NA	NA	NA	NA	NA	NA	NA	NA	NA	NA	dog	host_tax_id	host_tax_id=9615; Canis lupus familiaris	NA	0.4464419484138489	2023	United States
ERR4224533	0.001160506042651832	0.001081710564903915	0.001294638030230999	0.0011469856835901737	0.001294638030230999	0.0010649401228874922	0.0011248009977862239	0.970073401927948	0.0009108916274271905	0.001069108140654862	0.009660029783844948	0.0027141140308231115	0.002466406673192978	0.002442438155412674	0.002495480002835393	dog	nli		NA	0.9908743500709534	2017	Netherlands
ERR4224315	0.0011707368539646268	0.0010785333579406142	0.001290835440158844	0.0011570974020287395	0.001326618599705398	0.001086992328055203	0.001130293239839375	0.9691150188446045	0.0009189219563268125	0.0010701401624828577	0.010414304211735725	0.002754131332039833	0.0025521349161863327	0.002406892366707325	0.0025273330975323915	dog	nli		NA	0.99051433801651	2016	Netherlands
ERR4224532	0.0011667002690955997	0.0010960133513435721	0.0013015480944886804	0.0011576208053156734	0.001291419379413128	0.0010748145869001746	0.0011308046523481607	0.969553530216217	0.0009121833718381822	0.0010748145869001746	0.010000319220125675	0.0027286005206406116	0.0025087997782975435	0.0024892762303352356	0.002513704588636756	dog	nli		NA	0.9907855987548828	2017	Netherlands
SRR7660781	NA	NA	NA	NA	NA	NA	NA	NA	NA	NA	NA	NA	NA	NA	NA	dog	host_tax_id	host_tax_id=9615; Canis lupus familiaris	NA	0.39987024664878845	2018	United States
SRR10537320	0.0010084118694067001	0.0009622334036976099	0.001169778173789382	0.0010650953045114875	0.0010650953045114875	0.0009773863712325692	0.001496169250458479	0.9257853627204895	0.0007915116148069501	0.0015649123815819621	0.04930498078465462	0.002677649026736617	0.004858075175434351	0.00115614989772439	0.006117240525782108	dog	nli		NA	0.9902727603912354	2018	Australia
SRR6366583	0.010708767920732498	0.010298522189259529	0.01237395964562893	0.010419917292892933	0.010218378156423569	0.009052982553839684	0.008774450048804283	0.7744792699813843	0.00908841472119093	0.008571190759539604	0.08006042242050171	0.010138857178390026	0.008740241639316082	0.017146019265055656	0.019928615540266037	dog	nli		NA	0.595404326915741	2017	United States
ERR4224547	0.0011777806794270873	0.001110752928070724	0.001308786915615201	0.001164059154689312	0.00132421450689435	0.001080792397260666	0.001146012102253735	0.9692499041557312	0.0009244506363756955	0.0010765786282718182	0.010095295496284962	0.0027924329042434692	0.0025276849046349525	0.0024933619424700737	0.0025276849046349525	dog	nli		NA	0.9907140135765076	2018	Netherlands
ERR4224603	0.0011720312759280205	0.0010881941998377442	0.0012973202392458916	0.0011538604740053415	0.0012822060380131006	0.0010588419390842319	0.0011183599708601832	0.9701864719390869	0.0009021447040140629	0.0010588419390842319	0.00964230578392744	0.0026671327650547028	0.0025055394507944584	0.0024095536209642887	0.0024570776149630547	dog	nli		NA	0.9908389449119568	2018	Netherlands
SRR24684368	0.04831456393003464	0.01280208583921194	0.025659672915935516	0.00981569942086935	0.009495139122009277	0.003632214618846774	0.007629558444023132	0.6210702061653137	0.004028355237096548	0.01553301140666008	0.07043471187353134	0.06806796044111252	0.03162363916635513	0.0533750019967556	0.018518101423978806	dog	nli		NA	0.9463493227958679	2023	United States
SRR6171584	0.01434378232806921	0.013111279346048832	0.019226420670747757	0.016574209555983543	0.013369875960052013	0.017234452068805695	0.023648902773857117	0.5766089558601379	0.045318134129047394	0.01710033230483532	0.0474003329873085	0.022216085344552994	0.024399597197771072	0.10054267197847366	0.04890497773885727	dog	nli		NA	0.1979866474866867		United States
SRR8112791	0.002033282769843936	0.0019553890451788902	0.003274660324677825	0.0033918325789272785	0.0017527994932606816	0.001679078908637166	0.002720096381381154	0.9195730090141296	0.0014531215419992805	0.0018804790452122688	0.032118018716573715	0.005111671984195709	0.010488470084965229	0.004270962439477444	0.00829706247895956	dog	nli		NA	0.9775214791297913	2018	United States
ERR4224619	0.00116737128701061	0.0010923683876171708	0.0012771080946549773	0.0011492727790027857	0.0012821065029129386	0.0010629035532474518	0.0011182732414454222	0.9701111316680908	0.0009056052658706903	0.0010629035532474518	0.009622744284570217	0.002708923537284136	0.0025299307890236378	0.0024235250893980265	0.0024858477991074324	dog	nli		NA	0.9908919930458069	2018	Netherlands
ERR4224858	0.0012369462056085467	0.0010214665671810508	0.001288735307753086	0.0017927297158166766	0.0036426952574402094	0.9506794214248657	0.000990039436146617	0.000836959748994559	0.0009558379533700645	0.0011849220609292388	0.02702142670750618	0.0026186152826994658	0.0015667034313082695	0.0023154376540333033	0.0028480372857302427	goat	nli		NA	0.9944342970848083	2016	Netherlands
SRR28406675	NA	NA	NA	NA	NA	NA	NA	NA	NA	NA	NA	NA	NA	NA	NA	goat	host_tax_id	host_tax_id=9925; Capra hircus	NA	0.576780378818512	2022	Ethiopia
SRR27218418	NA	NA	NA	NA	NA	NA	NA	NA	NA	NA	NA	NA	NA	NA	NA	goat	host_tax_id	host_tax_id=9925; Capra hircus	NA	0.5205267667770386	2021	Ethiopia
SRR27218416	NA	NA	NA	NA	NA	NA	NA	NA	NA	NA	NA	NA	NA	NA	NA	goat	host_tax_id	host_tax_id=9925; Capra hircus	NA	0.4765530228614807	2022	Ethiopia
ERR4224621	0.0013591799652203918	0.001096406253054738	0.0013199379900470376	0.0009638028568588197	0.004002661909908056	0.9511414170265198	0.001029978389851749	0.0008707233937457204	0.001010056701488793	0.0011947958264499903	0.02671959437429905	0.0026250099763274193	0.001582847093231976	0.002245289972051978	0.0028383121825754642	goat	nli		NA	0.9940428733825684	2018	Netherlands
SRR28406655	NA	NA	NA	NA	NA	NA	NA	NA	NA	NA	NA	NA	NA	NA	NA	goat	host_tax_id	host_tax_id=9925; Capra hircus	NA	0.5543799996376038	2022	Ethiopia
SRR11714421	0.01110764779150486	0.008433764800429344	0.036849893629550934	0.006110311485826969	0.00858332496136427	0.8200716972351074	0.002695593284443021	0.006991836708039045	0.021243935450911522	0.004030788317322731	0.0298419501632452	0.006581063847988844	0.007256173994392157	0.007074254564940929	0.023127730935811996	goat	nli		NA	0.954562783241272	2020	United States
SRR22867624	0.00860493816435337	0.008323918096721172	0.01579602062702179	0.004377837758511305	0.012817015871405602	0.3694819211959839	0.005948835983872414	0.009322346188127995	0.479079931974411	0.013120963238179684	0.015161244198679924	0.008115229196846485	0.004552230704575777	0.0051182107999920845	0.0401792973279953	cat	nli		NA	0.917302668094635	2022	United States
ERR4224811	0.001267176354303956	0.0010796478018164635	0.0013074008747935295	0.0009602586505934596	0.003659541718661785	0.953212559223175	0.0009907404892146587	0.0008474252535961568	0.0009453711099922657	0.0011492789490148425	0.025389855727553368	0.002495590830221772	0.0015831987839192152	0.0022283117286860943	0.0028836496639996767	goat	nli		NA	0.9939730763435364	2016	Netherlands
SRR27218434	NA	NA	NA	NA	NA	NA	NA	NA	NA	NA	NA	NA	NA	NA	NA	goat	host_tax_id	host_tax_id=9925; Capra hircus	NA	0.517180323600769	2022	Ethiopia
SRR20114915	0.006442892365157604	0.00429189158603549	0.010810907930135727	0.003019722644239664	0.003049357095733285	0.9286024570465088	0.001710534212179482	0.002814691048115492	0.012491980567574501	0.0015943930484354496	0.007786806207150221	0.002598084509372711	0.002187806647270918	0.0024028352927416563	0.010195658542215824	goat	nli		NA	0.9806178212165833	2022	United States
SRR26678367	NA	NA	NA	NA	NA	NA	NA	NA	NA	NA	NA	NA	NA	NA	NA	goat	host_tax_id	host_tax_id=9925; Capra hircus	NA	0.5027809143066406	2022	Ethiopia
SRR3210434	0.0032708316575735807	0.003468208247795701	0.00336150242947042	0.003976319916546345	0.00729930168017745	0.6318905353546143	0.004666983615607023	0.003048750339075923	0.2615527808666229	0.014630247838795185	0.03854557126760483	0.004038938321173191	0.003468208247795701	0.004461973439902067	0.012319904752075672	goat	nli		NA	0.8600755929946899	2015	United States
SRR27218417	NA	NA	NA	NA	NA	NA	NA	NA	NA	NA	NA	NA	NA	NA	NA	goat	host_tax_id	host_tax_id=9925; Capra hircus	NA	0.5679216980934143	2021	Ethiopia
SRR27218419	NA	NA	NA	NA	NA	NA	NA	NA	NA	NA	NA	NA	NA	NA	NA	goat	host_tax_id	host_tax_id=9925; Capra hircus	NA	0.5336101055145264	2021	Ethiopia
ERR4224900	0.001236115349456668	0.0010267790639773011	0.001275353948585689	0.0020419941283762455	0.0037411595694720745	0.9518981575965881	0.0009874437237158418	0.0008413126925006509	0.0009608091786503792	0.0011957463575527072	0.025404412299394608	0.0026477030478417873	0.0015595471486449242	0.002359519712626934	0.00282397517003119	goat	nli		NA	0.9944880604743958	2016	Netherlands
ERR4224867	0.0013176958309486508	0.0011139538837596774	0.001333228312432766	0.0009830609196797013	0.003872923320159316	0.9532421231269836	0.0010103123495355248	0.0008607969502918422	0.000979228294454515	0.0011997756082564592	0.024597439914941788	0.0026256742421537638	0.0016176308272406459	0.002339888596907258	0.0029063564725220203	goat	nli		NA	0.994088888168335	2016	Netherlands
ERR4224868	0.0012969066156074405	0.001066806260496378	0.0013564943801611662	0.0018218010663986206	0.003864292986690998	0.9511180520057678	0.0010219378164038062	0.0008673073025420308	0.001002171658910811	0.0012399363331496716	0.025795917958021164	0.002630077302455902	0.0015828083269298077	0.002366812899708748	0.0029686486814171076	goat	nli		NA	0.9942250847816467	2016	Netherlands
ERR4224822	0.001178268576040864	0.0010137490462511778	0.00123000075109303	0.0009560563485138118	0.0036435273941606283	0.9546183347702026	0.0009523290791548789	0.0008145702304318547	0.0009016470285132527	0.0011221179738640785	0.02468111179769039	0.0024701536167412996	0.0015457826666533947	0.002084144623950124	0.0027881383430212736	goat	nli		NA	0.9944450855255127	2016	Netherlands
ERR4224818	0.0013212538324296474	0.0011104362783953547	0.0013955219183117151	0.0014567928155884147	0.003929156810045242	0.9502319693565369	0.0010804841294884682	0.0008992587099783123	0.001047241035848856	0.0012339516542851925	0.02620331197977066	0.0028578382916748524	0.0016932131256908178	0.0025269638281315565	0.003012588946148753	goat	nli		NA	0.9938905835151672	2016	Netherlands
SRR15845037	0.003066569333896041	0.0016640113899484277	0.00445312587544322	0.0029664214234799147	0.005785328336060047	0.882420539855957	0.0038765070494264364	0.002170280320569873	0.004086418077349663	0.0017034724587574601	0.06126374751329422	0.005267600994557142	0.002062822226434946	0.0031454283744096756	0.01606767438352108	goat	nli		NA	0.9789755344390869	2021	unknown
SRR26351330	NA	NA	NA	NA	NA	NA	NA	NA	NA	NA	NA	NA	NA	NA	NA	goat	host_tax_id	host_tax_id=9925; Capra hircus	NA	0.8071568012237549	2021	Ethiopia
SRR18959245	0.006813394371420145	0.004364824388176203	0.01508668065071106	0.0041325329802930355	0.0028569360729306936	0.9225056767463684	0.0015963481273502111	0.0027048930060118437	0.012929551303386688	0.0014996301615610719	0.008380617946386337	0.0025311054196208715	0.0021148177329450846	0.002491864375770092	0.009991182945668697	goat	nli		NA	0.9815244078636169	2022	United States
SRR26351314	NA	NA	NA	NA	NA	NA	NA	NA	NA	NA	NA	NA	NA	NA	NA	goat	host_tax_id	host_tax_id=9925; Capra hircus	NA	0.7108290791511536	2021	Ethiopia
SRR26351307	NA	NA	NA	NA	NA	NA	NA	NA	NA	NA	NA	NA	NA	NA	NA	goat	host_tax_id	host_tax_id=9925; Capra hircus	NA	0.8279672861099243	2020	Ethiopia
ERR4224891	0.001152211450971663	0.000974056834820658	0.0012004527961835265	0.0015687464037910104	0.0035214421804994345	0.9537799954414368	0.0009514928096905351	0.0008106820750981569	0.000915041659027338	0.0011432449100539088	0.02510899305343628	0.002492204075679183	0.0014939875109121203	0.0021610392723232508	0.002726479433476925	goat	nli		NA	0.9945730566978455	2016	Netherlands
ERR4224913	0.0012041814625263214	0.0010061314096674323	0.0012521506287157536	0.001620403490960598	0.003581006545573473	0.9548758268356323	0.0009563142666593194	0.0008243944612331688	0.0009414880187250674	0.0011467960430309176	0.023568738251924515	0.0024563849437981844	0.0015133349224925041	0.0022365639451891184	0.0028162591625005007	goat	nli		NA	0.9945940971374512	2016	Netherlands
SRR26351296	NA	NA	NA	NA	NA	NA	NA	NA	NA	NA	NA	NA	NA	NA	NA	goat	host_tax_id	host_tax_id=9925; Capra hircus	NA	0.7215470671653748	2020	Ethiopia
SRR27218439	NA	NA	NA	NA	NA	NA	NA	NA	NA	NA	NA	NA	NA	NA	NA	goat	host_tax_id	host_tax_id=9925; Capra hircus	NA	0.5196812748908997	2021	Ethiopia
SRR27218409	NA	NA	NA	NA	NA	NA	NA	NA	NA	NA	NA	NA	NA	NA	NA	goat	host_tax_id	host_tax_id=9925; Capra hircus	NA	0.5644886493682861	2021	Ethiopia
SRR6169167	NA	NA	NA	NA	NA	NA	NA	NA	NA	NA	NA	NA	NA	NA	NA	goat	host_tax_id	host_tax_id=9925; Capra hircus	NA	0.9673177599906921	2013	United States
SRR11653840	0.011811426840722561	0.008310375735163689	0.04324661195278168	0.006273000966757536	0.007449373137205839	0.8136166334152222	0.002816439839079976	0.007052924484014511	0.022545866668224335	0.004138109739869833	0.02931933104991913	0.006612681318074465	0.0074058519676327705	0.007248439360409975	0.022153016179800034	goat	nli		NA	0.9536649584770203	2020	United States
SRR26770174	NA	NA	NA	NA	NA	NA	NA	NA	NA	NA	NA	NA	NA	NA	NA	goat	host_tax_id	host_tax_id=9925; Capra hircus	NA	0.45289888978004456	2021	Ethiopia
SRR14882944	0.005515605676919222	0.004519325215369463	0.015081078745424747	0.0027464686427265406	0.003293518675491214	0.922163188457489	0.0018474964890629053	0.0030819121748209	0.012899530120193958	0.001818853779695928	0.008711228147149086	0.002952291164547205	0.002510475693270564	0.0027734211180359125	0.010085484012961388	goat	nli		NA	0.9783433675765991	2021	United States
SRR26351303	NA	NA	NA	NA	NA	NA	NA	NA	NA	NA	NA	NA	NA	NA	NA	goat	host_tax_id	host_tax_id=9925; Capra hircus	NA	0.6666053533554077	2021	Ethiopia
SRR27218404	NA	NA	NA	NA	NA	NA	NA	NA	NA	NA	NA	NA	NA	NA	NA	goat	host_tax_id	host_tax_id=9925; Capra hircus	NA	0.5489909052848816	2021	Ethiopia
SRR27218468	NA	NA	NA	NA	NA	NA	NA	NA	NA	NA	NA	NA	NA	NA	NA	goat	host_tax_id	host_tax_id=9925; Capra hircus	NA	0.5897754430770874	2021	Ethiopia
ERR4224820	0.0011685797944664955	0.0009840426500886679	0.0011962916469201446	0.001597258960828185	0.0035854459274560213	0.9504740834236145	0.0009612474241293967	0.0008062956039793789	0.0009244225802831352	0.001161752617917955	0.028105488047003746	0.0025177537463605404	0.0015181732596829534	0.0022393367253243923	0.0027598158922046423	goat	nli		NA	0.9946045875549316	2016	Netherlands
SRR13699958	0.005837468430399895	0.004745828453451395	0.01565241627395153	0.0030225294176489115	0.003617494134232402	0.9177403450012207	0.0018877601251006126	0.0031986688263714314	0.014307468198239803	0.0018951485399156809	0.009041248820722103	0.003112390171736479	0.0026311534456908703	0.002656973898410797	0.010653194040060043	goat	nli		NA	0.9778199195861816	2020	United States
SRR26351338	NA	NA	NA	NA	NA	NA	NA	NA	NA	NA	NA	NA	NA	NA	NA	goat	host_tax_id	host_tax_id=9925; Capra hircus	NA	0.8363541960716248	2021	Ethiopia
SRR27218466	NA	NA	NA	NA	NA	NA	NA	NA	NA	NA	NA	NA	NA	NA	NA	goat	host_tax_id	host_tax_id=9925; Capra hircus	NA	0.41828101873397827	2021	Ethiopia
SRR26351310	NA	NA	NA	NA	NA	NA	NA	NA	NA	NA	NA	NA	NA	NA	NA	goat	host_tax_id	host_tax_id=9925; Capra hircus	NA	0.6666595339775085	2022	Ethiopia
SRR19487409	0.00620328588411212	0.004373089410364628	0.009874176234006882	0.0028735490050166845	0.0028904355131089687	0.931501567363739	0.001666333875618875	0.002785139251500368	0.011680158786475658	0.0015900268917903304	0.007630172185599804	0.0025309501215815544	0.002164836274459958	0.0024197709280997515	0.009816489182412624	goat	nli		NA	0.9808392524719238	2022	United States
SRR27218437	NA	NA	NA	NA	NA	NA	NA	NA	NA	NA	NA	NA	NA	NA	NA	goat	host_tax_id	host_tax_id=9925; Capra hircus	NA	0.6709318161010742	2022	Ethiopia
ERR4224814	0.0011917598312720656	0.0010435398435220122	0.0012392342323437333	0.0023747312370687723	0.0034417430870234966	0.9524378776550293	0.0009918705327436328	0.000841789529658854	0.0009501538588665426	0.001173283439129591	0.024745266884565353	0.0027332990430295467	0.0016194259515032172	0.0023516532965004444	0.0028644725680351257	goat	nli		NA	0.9941913485527039	2016	Netherlands
ERR4224908	0.001205247943289578	0.001008991152048111	0.0012290194863453507	0.001505826017819345	0.0037488569505512714	0.9519954323768616	0.0009894754039123654	0.0008299735491164029	0.0009295262861996889	0.0011568140471354127	0.026073100045323372	0.002596757374703884	0.001559706637635827	0.0023413971066474915	0.0028297854587435722	goat	nli		NA	0.9943140745162964	2016	Netherlands
SRR27218444	NA	NA	NA	NA	NA	NA	NA	NA	NA	NA	NA	NA	NA	NA	NA	goat	host_tax_id	host_tax_id=9925; Capra hircus	NA	0.6975573897361755	2022	Ethiopia
SRR3692309	0.0031115177553147078	0.0020767697133123875	0.0051000542007386684	0.002894594566896558	0.005344811361283064	0.8814734816551208	0.004170681349933147	0.0029172967188060284	0.0042779333889484406	0.001966246170923114	0.059083882719278336	0.006836117710918188	0.0024422581773251295	0.004195190500468016	0.0141092324629426	goat	nli		NA	0.9753900766372681	2015	United States
SRR27218435	NA	NA	NA	NA	NA	NA	NA	NA	NA	NA	NA	NA	NA	NA	NA	goat	host_tax_id	host_tax_id=9925; Capra hircus	NA	0.7171109914779663	2022	Ethiopia
SRR22867655	0.011960615403950214	0.011301985941827297	0.02018735744059086	0.005605827551335096	0.0179901123046875	0.43246859312057495	0.006452267523854971	0.01514919102191925	0.3507371246814728	0.03420597314834595	0.02066608890891075	0.0072120968252420425	0.0055297063663601875	0.006085067521780729	0.05444789305329323	goat	nli		NA	0.7949427366256714	2021	United States
SRR13005034	0.008488521911203861	0.0059259431436657906	0.023783409968018532	0.0029914136976003647	0.004088777583092451	0.8794878125190735	0.0020479511003941298	0.004780265968292952	0.0212569423019886	0.0026091572362929583	0.017485486343503	0.0042433603666722775	0.004177572671324015	0.003909166902303696	0.014724253676831722	goat	nli		NA	0.971101701259613	2020	United States
SRR26351357	NA	NA	NA	NA	NA	NA	NA	NA	NA	NA	NA	NA	NA	NA	NA	goat	host_tax_id	host_tax_id=9925; Capra hircus	NA	0.6657366752624512	2021	Ethiopia
SRR27218429	NA	NA	NA	NA	NA	NA	NA	NA	NA	NA	NA	NA	NA	NA	NA	goat	host_tax_id	host_tax_id=9925; Capra hircus	NA	0.6163298487663269	2022	Ethiopia
SRR16085962	0.002907318528741598	0.0016213301569223404	0.004205410368740559	0.00285108620300889	0.005593068897724152	0.885348379611969	0.0035482340026646852	0.0020656283013522625	0.003784459549933672	0.0016662752022966743	0.0603959895670414	0.0050135948695242405	0.0020177781116217375	0.003017234383150935	0.015964321792125702	goat	nli		NA	0.9793738126754761	2021	unknown
SRR12495807	0.027598021551966667	0.01956992782652378	0.03677629679441452	0.06724677979946136	0.0443606860935688	0.27240636944770813	0.025523999705910683	0.019916972145438194	0.036848194897174835	0.09987076371908188	0.17596466839313507	0.050267238169908524	0.01371548417955637	0.013796085491776466	0.0961386114358902	goat	nli		NA	0.13078416883945465	2009	United States
SRR3094462	NA	NA	NA	NA	NA	NA	NA	NA	NA	NA	NA	NA	NA	NA	NA	goat	host_tax_id	host_tax_id=9925; Capra hircus	NA	0.7718434929847717	2010	United States
SRR7968358	0.036687999963760376	0.026946570724248886	0.06565941125154495	0.11613967269659042	0.03777874633669853	0.12326837331056595	0.038298800587654114	0.04173566401004791	0.0445142425596714	0.0222523994743824	0.11523586511611938	0.057269155979156494	0.07425668835639954	0.12423518300056458	0.07572127133607864	unknown	nli		NA	NA	2018	United States
ERR4224909	0.001273522386327386	0.001059919479303062	0.0013346400810405612	0.0019533014856278896	0.0038318554870784283	0.9505312442779541	0.001007439219392836	0.000868466857355088	0.0009841019054874778	0.0011987026082351804	0.02614765055477619	0.002727827522903681	0.0016130306757986546	0.002512992126867175	0.0029552506748586893	goat	nli		NA	0.9941232800483704	2016	Netherlands
SRR27218442	NA	NA	NA	NA	NA	NA	NA	NA	NA	NA	NA	NA	NA	NA	NA	goat	host_tax_id	host_tax_id=9925; Capra hircus	NA	0.467240571975708	2022	Ethiopia
SRR19545020	0.005861665587872267	0.004556162748485804	0.014997551217675209	0.003300965763628483	0.003186932299286127	0.9179517030715942	0.0018992911791428924	0.003205660730600357	0.014880840666592121	0.0018845107406377792	0.009025685489177704	0.0030469372868537903	0.0025607722345739603	0.002817956730723381	0.010823450051248074	goat	nli		NA	0.9777987599372864	2022	United States
ERR4224885	0.001284818397834897	0.001069320715032518	0.0013596918433904648	0.0017595719546079636	0.003850772278383374	0.9514995813369751	0.0010163749102503061	0.0008659622981213033	0.0009889600332826376	0.0011975824600085616	0.025468280538916588	0.0026157605461776257	0.0015865390887483954	0.0024668972473591566	0.002969839610159397	goat	nli		NA	0.9941912889480591	2016	Netherlands
SRR26351356	NA	NA	NA	NA	NA	NA	NA	NA	NA	NA	NA	NA	NA	NA	NA	goat	host_tax_id	host_tax_id=9925; Capra hircus	NA	0.6833666563034058	2021	Ethiopia
SRR11654317	0.011619219556450844	0.008336381986737251	0.04258442670106888	0.0060279713943600655	0.0069517167285084724	0.8177582621574402	0.002738329116255045	0.0068976180627942085	0.023107577115297318	0.003953240346163511	0.02787305787205696	0.006429286673665047	0.00688415952026844	0.007088827434927225	0.02174999751150608	goat	nli		NA	0.9563904404640198	2020	United States
SRR12625731	0.008618373423814774	0.006171315908432007	0.028731610625982285	0.0032711655367165804	0.004685727879405022	0.8739620447158813	0.0019381013698875904	0.00475023128092289	0.020453501492738724	0.002412006026133895	0.018138503655791283	0.004167573526501656	0.003992290236055851	0.0037872144021093845	0.014920326881110668	goat	nli		NA	0.9705764651298523	2020	United States
SRR27218459	NA	NA	NA	NA	NA	NA	NA	NA	NA	NA	NA	NA	NA	NA	NA	goat	host_tax_id	host_tax_id=9925; Capra hircus	NA	0.514879584312439	2022	Ethiopia
SRR3215289	0.0032852920703589916	0.0035108630545437336	0.003416163381189108	0.004040978383272886	0.007623629178851843	0.6437353491783142	0.00472438195720315	0.003134847618639469	0.24719186127185822	0.014897216111421585	0.03951816260814667	0.004104615189135075	0.00349717540666461	0.004552276339381933	0.012767174281179905	goat	nli		NA	0.862699031829834	2015	United States
ERR4224831	0.0011793121229857206	0.0010028259130194783	0.0012191261630505323	0.0009420677670277655	0.003611314808949828	0.9554638266563416	0.0009420677670277655	0.0008089469629339874	0.000898927275557071	0.001101388712413609	0.024130726233124733	0.0023962752893567085	0.0015113119734451175	0.001990466145798564	0.002801529597491026	goat	nli		NA	0.9944881200790405	2016	Netherlands
SRR27218402	NA	NA	NA	NA	NA	NA	NA	NA	NA	NA	NA	NA	NA	NA	NA	goat	host_tax_id	host_tax_id=9925; Capra hircus	NA	0.529757559299469	2021	Ethiopia
SRR27218453	NA	NA	NA	NA	NA	NA	NA	NA	NA	NA	NA	NA	NA	NA	NA	goat	host_tax_id	host_tax_id=9925; Capra hircus	NA	0.7377254366874695	2022	Ethiopia
SRR18959247	0.00721638323739171	0.004622988868504763	0.014184292405843735	0.0037658109795302153	0.002932816743850708	0.9214636087417603	0.0016323582967743278	0.0027659095358103514	0.014019039459526539	0.001509684487245977	0.00824136845767498	0.002553056925535202	0.0021625233348459005	0.002573080826550722	0.010357201099395752	goat	nli		NA	0.9812389016151428	2022	United States
SRR3094460	NA	NA	NA	NA	NA	NA	NA	NA	NA	NA	NA	NA	NA	NA	NA	goat	host_tax_id	host_tax_id=9925; Capra hircus	NA	0.7633073925971985	2008	United States
ERR4224914	0.0012309378944337368	0.001028487109579146	0.0012774755014106631	0.0015929520595818758	0.003718220628798008	0.9534816145896912	0.0009813893120735884	0.0008427121792919934	0.0009586553787812591	0.0011677071452140808	0.024459879845380783	0.002515873871743679	0.0015530150849372149	0.002317731501534581	0.0028732181526720524	goat	nli		NA	0.994455873966217	2016	Netherlands
ERR4224866	0.0012518553994596004	0.0010459644254297018	0.0013017237652093172	0.0010707686888054013	0.0038259788416326046	0.9509289264678955	0.0009980660397559404	0.0008603868191130459	0.0009673588792793453	0.0011829202994704247	0.02698894962668419	0.002650178037583828	0.0015949052758514881	0.0023756041191518307	0.0029564870055764914	goat	nli		NA	0.9942362904548645	2016	Netherlands
SRR26770208	NA	NA	NA	NA	NA	NA	NA	NA	NA	NA	NA	NA	NA	NA	NA	goat	host_tax_id	host_tax_id=9925; Capra hircus	NA	0.4427870810031891	2022	Ethiopia
SRR27218440	NA	NA	NA	NA	NA	NA	NA	NA	NA	NA	NA	NA	NA	NA	NA	goat	host_tax_id	host_tax_id=9925; Capra hircus	NA	0.484968900680542	2021	Ethiopia
SRR27218422	NA	NA	NA	NA	NA	NA	NA	NA	NA	NA	NA	NA	NA	NA	NA	goat	host_tax_id	host_tax_id=9925; Capra hircus	NA	0.5680264830589294	2022	Ethiopia
SRR27218449	NA	NA	NA	NA	NA	NA	NA	NA	NA	NA	NA	NA	NA	NA	NA	goat	host_tax_id	host_tax_id=9925; Capra hircus	NA	0.629973828792572	2021	Ethiopia
ERR4224878	0.0012749666348099709	0.0010652744676917791	0.001325755612924695	0.0018298758659511805	0.003843700746074319	0.9516090154647827	0.0010085816029459238	0.0008559721172787249	0.0009813768556341529	0.0012237310875207186	0.025496099144220352	0.002631434937939048	0.0015621217899024487	0.002345022279769182	0.0029470673762261868	goat	nli		NA	0.9943361282348633	2016	Netherlands
SRR26770173	NA	NA	NA	NA	NA	NA	NA	NA	NA	NA	NA	NA	NA	NA	NA	goat	host_tax_id	host_tax_id=9925; Capra hircus	NA	0.4004562497138977	2021	Ethiopia
ERR4224815	0.0012603886425495148	0.001042859978042543	0.0013182986294850707	0.0015563721535727382	0.0037701816763728857	0.9518173933029175	0.000995103851892054	0.0008645612397231162	0.0009720523376017809	0.001214473508298397	0.02576451562345028	0.002611528616398573	0.0015839721309021115	0.0023091714829206467	0.0029190662316977978	goat	nli		NA	0.9942586421966553	2016	Netherlands
ERR4224895	0.0012642451329156756	0.0010501450160518289	0.0013197521911934018	0.001916481414809823	0.003803941188380122	0.9510076642036438	0.0010059772757813334	0.0008638257859274745	0.000978842843323946	0.001220571342855692	0.025957170873880386	0.0026973984204232693	0.0016012800624594092	0.002413214184343815	0.002899543847888708	goat	nli		NA	0.9943361282348633	2016	Netherlands
SRR16288478	0.003085339441895485	0.001654691994190216	0.0044195447117090225	0.002915441058576107	0.005775442346930504	0.880912721157074	0.0037435004487633705	0.0021163830533623695	0.003992726095020771	0.0016807494685053825	0.0630696564912796	0.0052278777584433556	0.0020512687042355537	0.0031095382291823626	0.016245152801275253	goat	nli		NA	0.9793145656585693	2021	unknown
SRR3210432	0.0031968040857464075	0.0021336940117180347	0.0053016128949820995	0.002991411602124572	0.00566562544554472	0.877771258354187	0.004352478310465813	0.003003119956701994	0.0044210199266672134	0.002012265147641301	0.060496244579553604	0.006982462015002966	0.0024945412296801805	0.004481879062950611	0.014695513062179089	goat	nli		NA	0.9748929738998413	2015	United States
SRR26770196	NA	NA	NA	NA	NA	NA	NA	NA	NA	NA	NA	NA	NA	NA	NA	goat	host_tax_id	host_tax_id=9925; Capra hircus	NA	0.4736572206020355	2022	Ethiopia
SRR28214326	NA	NA	NA	NA	NA	NA	NA	NA	NA	NA	NA	NA	NA	NA	NA	goat	host_tax_id	host_tax_id=9925; Capra hircus	NA	0.33486130833625793	2022	Ethiopia
SRR12798039	0.008233625441789627	0.006387354340404272	0.023182153701782227	0.002545681083574891	0.004538167268037796	0.8792988657951355	0.002061555627733469	0.004783907905220985	0.021377267315983772	0.002590825315564871	0.017913781106472015	0.004197119269520044	0.0041563306003808975	0.004083909094333649	0.01464938372373581	goat	nli		NA	0.9711837768554688	2020	United States
SRR20994500	0.005908286198973656	0.004331045318394899	0.020803991705179214	0.003822134342044592	0.0031317442189902067	0.9135804176330566	0.0017533216159790754	0.0032122796401381493	0.014117985963821411	0.0017809323035180569	0.008956427685916424	0.0029191067442297935	0.00244855135679245	0.0027422471903264523	0.010491596534848213	goat	nli		NA	0.978995680809021	2022	United States
SRR6048565	0.0016009289538487792	0.0013909111730754375	0.0016582126263529062	0.001515729003585875	0.006494623608887196	0.958256185054779	0.0013640084071084857	0.0012813673820346594	0.00145766232162714	0.001498070196248591	0.012062665075063705	0.0016777589917182922	0.0014350633136928082	0.003628950333222747	0.0046779015101492405	goat	nli		NA	0.9825072288513184	2014	United States
SRR11544463	0.014355998486280441	0.010380708612501621	0.05144611746072769	0.008005937561392784	0.008341132663190365	0.8031824827194214	0.002739890245720744	0.007389834150671959	0.02155090495944023	0.0036015177611261606	0.025542400777339935	0.006259433459490538	0.007148497272282839	0.006821144372224808	0.023233916610479355	goat	nli		NA	0.9528381824493408	2020	United States
SRR27218430	NA	NA	NA	NA	NA	NA	NA	NA	NA	NA	NA	NA	NA	NA	NA	goat	host_tax_id	host_tax_id=9925; Capra hircus	NA	0.7279270887374878	2022	Ethiopia
SRR19395871	0.006340124644339085	0.0044521307572722435	0.011019127443432808	0.0030599012970924377	0.0028465769719332457	0.9281808137893677	0.0016799657605588436	0.002710922621190548	0.013422043062746525	0.0015597952296957374	0.007677582558244467	0.0025268576573580503	0.0021487087942659855	0.0024205814115703106	0.00995495356619358	goat	nli		NA	0.9811307191848755	2022	United States
SRR26770179	NA	NA	NA	NA	NA	NA	NA	NA	NA	NA	NA	NA	NA	NA	NA	goat	host_tax_id	host_tax_id=9925; Capra hircus	NA	0.47780540585517883	2022	Ethiopia
SRR11521728	0.0144224027171731	0.009990105405449867	0.049413714557886124	0.006759644020348787	0.008445437997579575	0.8053231239318848	0.002747192746028304	0.007351868785917759	0.02233785390853882	0.0036465544253587723	0.02576097846031189	0.0063500977121293545	0.0074385302141308784	0.006488000974059105	0.023524455726146698	goat	nli		NA	0.9540517926216125	2020	United States
ERR4224845	0.0012372559867799282	0.0010257213143631816	0.0012865428579971194	0.001704392139799893	0.0037592679727822542	0.9509175419807434	0.0009941632160916924	0.0008503528661094606	0.000963575963396579	0.001199189806357026	0.026713304221630096	0.0026090596802532673	0.0015670961001887918	0.0022845689672976732	0.002887965878471732	goat	nli		NA	0.9943799376487732	2016	Netherlands
SRR11521726	0.014549425803124905	0.010479557327926159	0.048456985503435135	0.006859252229332924	0.00863710232079029	0.8045207858085632	0.0027768064755946398	0.007416619453579187	0.022755732759833336	0.0037439067382365465	0.02581081911921501	0.006456268019974232	0.0074747889302670956	0.006468890700489283	0.02359299547970295	goat	nli		NA	0.953057050704956	2020	United States
SRR27218428	NA	NA	NA	NA	NA	NA	NA	NA	NA	NA	NA	NA	NA	NA	NA	goat	host_tax_id	host_tax_id=9925; Capra hircus	NA	0.662687361240387	2022	Ethiopia
SRR28406693	NA	NA	NA	NA	NA	NA	NA	NA	NA	NA	NA	NA	NA	NA	NA	goat	host_tax_id	host_tax_id=9925; Capra hircus	NA	0.6082159876823425	2021	Ethiopia
SRR27218462	NA	NA	NA	NA	NA	NA	NA	NA	NA	NA	NA	NA	NA	NA	NA	goat	host_tax_id	host_tax_id=9925; Capra hircus	NA	0.6041946411132812	2021	Ethiopia
SRR13764597	0.006108315661549568	0.0071973553858697414	0.019298776984214783	0.003162769367918372	0.00323145417496562	0.9136646389961243	0.0017229295335710049	0.003065460827201605	0.013900388032197952	0.0017432388849556446	0.008749758824706078	0.00286850705742836	0.0023873834870755672	0.002689455170184374	0.010209544561803341	goat	nli		NA	0.9792947769165039	2021	United States
SRR28406692	NA	NA	NA	NA	NA	NA	NA	NA	NA	NA	NA	NA	NA	NA	NA	goat	host_tax_id	host_tax_id=9925; Capra hircus	NA	0.5775846838951111	2021	Ethiopia
SRR10056695	NA	NA	NA	NA	NA	NA	NA	NA	NA	NA	NA	NA	NA	NA	NA	human	host_tax_id	host_tax_id=9606; Homo sapiens	NA	0.9868407249450684	2015	United Kingdom
SRR16256362	NA	NA	NA	NA	NA	NA	NA	NA	NA	NA	NA	NA	NA	NA	NA	human	host_tax_id	host_tax_id=9606; Homo sapiens	NA	0.9648551940917969	2018	United States
SRR10859608	NA	NA	NA	NA	NA	NA	NA	NA	NA	NA	NA	NA	NA	NA	NA	human	host_tax_id	host_tax_id=9606; Homo sapiens	NA	0.9472348690032959	2019	Chile
SRR17929591	NA	NA	NA	NA	NA	NA	NA	NA	NA	NA	NA	NA	NA	NA	NA	human	host_tax_id	host_tax_id=9606; Homo sapiens	NA	0.9474297165870667	2018	New Zealand
SRR26328758	NA	NA	NA	NA	NA	NA	NA	NA	NA	NA	NA	NA	NA	NA	NA	human	host_tax_id	host_tax_id=9606; Homo sapiens	NA	0.974190354347229	2007	Kenya
SRR9877373	NA	NA	NA	NA	NA	NA	NA	NA	NA	NA	NA	NA	NA	NA	NA	human	host_tax_id	host_tax_id=9606; Homo sapiens	NA	0.983955442905426	2019	United Kingdom
SRR10054163	NA	NA	NA	NA	NA	NA	NA	NA	NA	NA	NA	NA	NA	NA	NA	human	host_tax_id	host_tax_id=9606; Homo sapiens	NA	0.9838626980781555	2016	United Kingdom
SRR9933918	NA	NA	NA	NA	NA	NA	NA	NA	NA	NA	NA	NA	NA	NA	NA	human	host_tax_id	host_tax_id=9606; Homo sapiens	NA	0.9862444400787354	2018	United Kingdom
SRR9934144	NA	NA	NA	NA	NA	NA	NA	NA	NA	NA	NA	NA	NA	NA	NA	human	host_tax_id	host_tax_id=9606; Homo sapiens	NA	0.984032392501831	2018	United Kingdom
ERR1750947	0.0012675108155235648	0.0014588958583772182	0.001088402816094458	0.0009201141656376421	0.001075722393579781	0.001010547741316259	0.9798951745033264	0.0009456206462346017	0.0010841594776138663	0.0008609973592683673	0.001982424408197403	0.001682461705058813	0.001608555088751018	0.0036462366115301847	0.0014732127310708165	human	nli		NA	0.9914887547492981	2006	New Zealand
SRR5667095	0.05408194288611412	0.026152314618229866	0.11527680605649948	0.15197308361530304	0.02428160421550274	0.018436428159475327	0.2872698903083801	0.048478733748197556	0.03602633997797966	0.01264643482863903	0.037608083337545395	0.019021660089492798	0.015076790004968643	0.03344931825995445	0.1202205941081047	human	nli		NA	0.07661469280719757	2017	United States
SRR17964873	NA	NA	NA	NA	NA	NA	NA	NA	NA	NA	NA	NA	NA	NA	NA	human	host_tax_id	host_tax_id=9606; Homo sapiens	NA	0.9476723670959473	2018	New Zealand
SRR12301978	0.013647878542542458	0.011515133082866669	0.01022178865969181	0.009715673513710499	0.008777378126978874	0.005656043067574501	0.7187052369117737	0.008294040337204933	0.008007518947124481	0.006997935939580202	0.12973666191101074	0.026930827647447586	0.023604460060596466	0.008624437265098095	0.009565046057105064	human	nli		NA	0.9642878174781799	2013	Germany
SRR9924020	NA	NA	NA	NA	NA	NA	NA	NA	NA	NA	NA	NA	NA	NA	NA	human	host_tax_id	host_tax_id=9606; Homo sapiens	NA	0.984605073928833	2018	United Kingdom
SRR10013357	NA	NA	NA	NA	NA	NA	NA	NA	NA	NA	NA	NA	NA	NA	NA	human	host_tax_id	host_tax_id=9606; Homo sapiens	NA	0.9850860238075256	2016	United Kingdom
SRR9901589	NA	NA	NA	NA	NA	NA	NA	NA	NA	NA	NA	NA	NA	NA	NA	human	host_tax_id	host_tax_id=9606; Homo sapiens	NA	0.9857317805290222	2018	United Kingdom
SRR10006856	NA	NA	NA	NA	NA	NA	NA	NA	NA	NA	NA	NA	NA	NA	NA	human	host_tax_id	host_tax_id=9606; Homo sapiens	NA	0.985243022441864	2016	United Kingdom
SRR9899111	NA	NA	NA	NA	NA	NA	NA	NA	NA	NA	NA	NA	NA	NA	NA	human	host_tax_id	host_tax_id=9606; Homo sapiens	NA	0.9853983521461487	2018	United Kingdom
SRR2057227	0.0681983232498169	0.024699797853827477	0.1470797061920166	0.18376007676124573	0.01623019017279148	0.015246853232383728	0.271579772233963	0.042015768587589264	0.03067941591143608	0.011352650821208954	0.03389275446534157	0.01803549751639366	0.013963998295366764	0.02538450062274933	0.09788057953119278	human	nli		NA	0.0819595530629158	2015	United States
SRR8886452	NA	NA	NA	NA	NA	NA	NA	NA	NA	NA	NA	NA	NA	NA	NA	human	host_tax_id	host_tax_id=9606; Homo sapiens	NA	0.9679902195930481	2007	unknown
SRR12077290	NA	NA	NA	NA	NA	NA	NA	NA	NA	NA	NA	NA	NA	NA	NA	human	host_tax_id	host_tax_id=9606; Homo sapiens	NA	0.9561044573783875	2004	South Africa
SRR10013461	NA	NA	NA	NA	NA	NA	NA	NA	NA	NA	NA	NA	NA	NA	NA	human	host_tax_id	host_tax_id=9606; Homo sapiens	NA	0.9838472008705139	2016	United Kingdom
SRR28623835	NA	NA	NA	NA	NA	NA	NA	NA	NA	NA	NA	NA	NA	NA	NA	human	host_tax_id	host_tax_id=9606; Homo sapiens	NA	0.966600239276886	2021	Spain
SRR9929936	0.06796220690011978	0.03390759974718094	0.13476356863975525	0.1802847534418106	0.029116220772266388	0.020089589059352875	0.09840276837348938	0.06163903698325157	0.048760492354631424	0.023579033091664314	0.08709492534399033	0.04952836036682129	0.026666413992643356	0.047817379236221313	0.09038767963647842	unknown	nli		NA	NA	2019	United States
ERR4224083	0.0025168522261083126	0.0020784090738743544	0.0015265479451045394	0.001581170130521059	0.001770826755091548	0.0013471739366650581	0.950133740901947	0.001295564346946776	0.0013211171608418226	0.0011888768058270216	0.008317164145410061	0.012291972525417805	0.006935691926628351	0.005794988013803959	0.0018998198211193085	human	nli		NA	0.9878293871879578	2018	Netherlands
SRR6202924	0.055124104022979736	0.026191800832748413	0.11578957736492157	0.16586092114448547	0.023708583787083626	0.01782640628516674	0.27027255296707153	0.05208861827850342	0.03566037863492966	0.012940583750605583	0.03818335384130478	0.019732031971216202	0.01542746927589178	0.03449578210711479	0.11669772863388062	human	nli		NA	0.0652465671300888	2017	United States
SRR11007823	NA	NA	NA	NA	NA	NA	NA	NA	NA	NA	NA	NA	NA	NA	NA	human	host_tax_id	host_tax_id=9606; Homo sapiens	NA	0.9879462122917175	2016	United States
SRR17974319	NA	NA	NA	NA	NA	NA	NA	NA	NA	NA	NA	NA	NA	NA	NA	human	host_tax_id	host_tax_id=9606; Homo sapiens	NA	0.9484418630599976	2019	New Zealand
SRR10738422	NA	NA	NA	NA	NA	NA	NA	NA	NA	NA	NA	NA	NA	NA	NA	human	host_tax_id	host_tax_id=9606; Homo sapiens	NA	0.9884695410728455	2016	United States
SRR9974474	NA	NA	NA	NA	NA	NA	NA	NA	NA	NA	NA	NA	NA	NA	NA	human	host_tax_id	host_tax_id=9606; Homo sapiens	NA	0.9852855205535889	2017	United Kingdom
SRR27385303	NA	NA	NA	NA	NA	NA	NA	NA	NA	NA	NA	NA	NA	NA	NA	human	host_tax_id	host_tax_id=9606; Homo sapiens	NA	0.9783846735954285	2022	Peru
SRR6221087	0.06009932979941368	0.028333520516753197	0.11471870541572571	0.1402820348739624	0.023125145584344864	0.0205277968198061	0.2773542106151581	0.06009932979941368	0.045100316405296326	0.01309932954609394	0.03790416941046715	0.020052270963788033	0.014499637298285961	0.030755743384361267	0.11404848098754883	human	nli		NA	0.08166611939668655	2017	United States
SRR17925379	NA	NA	NA	NA	NA	NA	NA	NA	NA	NA	NA	NA	NA	NA	NA	human	host_tax_id	host_tax_id=9606; Homo sapiens	NA	0.9507321715354919	2018	New Zealand
SRR8126519	NA	NA	NA	NA	NA	NA	NA	NA	NA	NA	NA	NA	NA	NA	NA	human	host_tax_id	host_tax_id=9606; Homo sapiens	NA	0.9095862507820129	2014	France
ERR2986689	0.052864011377096176	0.02591525949537754	0.09187758713960648	0.2033422887325287	0.03792807087302208	0.025864696130156517	0.22310981154441833	0.03974827751517296	0.030595343559980392	0.029080459848046303	0.04683491215109825	0.04416952654719353	0.019447579979896545	0.023781180381774902	0.10544108599424362	human	nli		NA	0.1363781839609146	2016	Switzerland
SRR4000220	0.05439773574471474	0.026771504431962967	0.12045115232467651	0.15405938029289246	0.03210393711924553	0.02126089110970497	0.2365238219499588	0.058932963758707047	0.039643071591854095	0.01495890598744154	0.037460073828697205	0.019817329943180084	0.015861591324210167	0.03390851616859436	0.13384909927845	human	nli		NA	0.04858620837330818	2016	unknown
SRR9942978	NA	NA	NA	NA	NA	NA	NA	NA	NA	NA	NA	NA	NA	NA	NA	human	host_tax_id	host_tax_id=9606; Homo sapiens	NA	0.9843212962150574	2018	United Kingdom
SRR5188912	0.05731814354658127	0.02750154584646225	0.12778832018375397	0.1623302549123764	0.025040442124009132	0.019049763679504395	0.2558806240558624	0.05437382310628891	0.03671938553452492	0.012889714911580086	0.03863219544291496	0.019731393083930016	0.015547963790595531	0.034092795103788376	0.11310365796089172	human	nli		NA	0.06261703372001648	2014	United States
SRR11268237	NA	NA	NA	NA	NA	NA	NA	NA	NA	NA	NA	NA	NA	NA	NA	human	host_tax_id	host_tax_id=9606; Homo sapiens	NA	0.9581869840621948		India
SRR12362453	NA	NA	NA	NA	NA	NA	NA	NA	NA	NA	NA	NA	NA	NA	NA	human	host_tax_id	host_tax_id=9606; Homo sapiens	NA	0.9540517926216125	2019	Ireland
SRR25376760	NA	NA	NA	NA	NA	NA	NA	NA	NA	NA	NA	NA	NA	NA	NA	human	host_tax_id	host_tax_id=9606; Homo sapiens	NA	0.9404625296592712	2018	Australia
SRR9942873	NA	NA	NA	NA	NA	NA	NA	NA	NA	NA	NA	NA	NA	NA	NA	human	host_tax_id	host_tax_id=9606; Homo sapiens	NA	0.9858276844024658	2018	United Kingdom
SRR9962473	NA	NA	NA	NA	NA	NA	NA	NA	NA	NA	NA	NA	NA	NA	NA	human	host_tax_id	host_tax_id=9606; Homo sapiens	NA	0.985327959060669	2017	United Kingdom
SRR28406690	NA	NA	NA	NA	NA	NA	NA	NA	NA	NA	NA	NA	NA	NA	NA	human	host_tax_id	host_tax_id=9606; Homo sapiens	NA	0.9678385257720947	2022	Ethiopia
SRR12362279	NA	NA	NA	NA	NA	NA	NA	NA	NA	NA	NA	NA	NA	NA	NA	human	host_tax_id	host_tax_id=9606; Homo sapiens	NA	0.9482983946800232	2019	Ireland
SRR9962218	NA	NA	NA	NA	NA	NA	NA	NA	NA	NA	NA	NA	NA	NA	NA	human	host_tax_id	host_tax_id=9606; Homo sapiens	NA	0.9859769344329834	2017	United Kingdom
ERR9766849	0.049726370722055435	0.02781236357986927	0.06218837574124336	0.011369670741260052	0.010251599363982677	0.010618418455123901	0.6993071436882019	0.010352203622460365	0.01600252091884613	0.006842388771474361	0.014513656497001648	0.024736829102039337	0.005761869251728058	0.02730107307434082	0.023215418681502342	human	nli		NA	0.9517737030982971	2014	Switzerland
SRR9993653	NA	NA	NA	NA	NA	NA	NA	NA	NA	NA	NA	NA	NA	NA	NA	human	host_tax_id	host_tax_id=9606; Homo sapiens	NA	0.983310878276825	2016	United Kingdom
ERR4224188	0.0024803418200463057	0.002105038845911622	0.0015491294907405972	0.001598304370418191	0.0017485502175986767	0.0013459071051329374	0.9492402672767639	0.0012994122225791216	0.001330226892605424	0.0011877588694915175	0.008589872159063816	0.012707413174211979	0.006969890557229519	0.005950030870735645	0.0018980334280058742	human	nli		NA	0.9876161813735962	2018	Netherlands
SRR5209619	NA	NA	NA	NA	NA	NA	NA	NA	NA	NA	NA	NA	NA	NA	NA	human	host_tax_id	host_tax_id=9606; Homo sapiens	NA	0.9619291424751282	2007	Canada
SRR9968987	NA	NA	NA	NA	NA	NA	NA	NA	NA	NA	NA	NA	NA	NA	NA	human	host_tax_id	host_tax_id=9606; Homo sapiens	NA	0.9845011234283447	2017	United Kingdom
ERR2986658	0.05595339462161064	0.026689887046813965	0.09189189970493317	0.205369770526886	0.0377860888838768	0.025368377566337585	0.2245655208826065	0.04077678546309471	0.029485367238521576	0.02942783571779728	0.044959817081689835	0.0431530699133873	0.01907440274953842	0.022784525528550148	0.10271323472261429	human	nli		NA	0.13398075103759766	2015	Switzerland
SRR12769653	NA	NA	NA	NA	NA	NA	NA	NA	NA	NA	NA	NA	NA	NA	NA	human	host_tax_id	host_tax_id=9606; Homo sapiens	NA	0.9846346974372864	2015	United Kingdom
SRR9974241	NA	NA	NA	NA	NA	NA	NA	NA	NA	NA	NA	NA	NA	NA	NA	human	host_tax_id	host_tax_id=9606; Homo sapiens	NA	0.9845457077026367	2017	United Kingdom
SRR1768072	0.08853936195373535	0.050645653158426285	0.15046349167823792	0.1023070216178894	0.02710866369307041	0.023830045014619827	0.29045113921165466	0.055841073393821716	0.03655000776052475	0.015506505034863949	0.02392331138253212	0.013577950187027454	0.010129768401384354	0.03420169651508331	0.07692432403564453	human	nli		NA	0.12415990978479385	2014	United States
SRR10490230	NA	NA	NA	NA	NA	NA	NA	NA	NA	NA	NA	NA	NA	NA	NA	human	host_tax_id	host_tax_id=9606; Homo sapiens	NA	0.9858412146568298	2015	United Kingdom
SRR12062933	NA	NA	NA	NA	NA	NA	NA	NA	NA	NA	NA	NA	NA	NA	NA	human	host_tax_id	host_tax_id=9606; Homo sapiens	NA	0.9128254652023315	2016	New Zealand
SRR10011173	NA	NA	NA	NA	NA	NA	NA	NA	NA	NA	NA	NA	NA	NA	NA	human	host_tax_id	host_tax_id=9606; Homo sapiens	NA	0.9853702187538147	2016	United Kingdom
SRR10026154	NA	NA	NA	NA	NA	NA	NA	NA	NA	NA	NA	NA	NA	NA	NA	human	host_tax_id	host_tax_id=9606; Homo sapiens	NA	0.9853702187538147	2016	United Kingdom
SRR25377045	NA	NA	NA	NA	NA	NA	NA	NA	NA	NA	NA	NA	NA	NA	NA	human	host_tax_id	host_tax_id=9606; Homo sapiens	NA	0.9413314461708069	2018	Australia
SRR10056842	NA	NA	NA	NA	NA	NA	NA	NA	NA	NA	NA	NA	NA	NA	NA	human	host_tax_id	host_tax_id=9606; Homo sapiens	NA	0.9849997162818909	2015	United Kingdom
SRR9948460	NA	NA	NA	NA	NA	NA	NA	NA	NA	NA	NA	NA	NA	NA	NA	human	host_tax_id	host_tax_id=9606; Homo sapiens	NA	0.9853843450546265	2017	United Kingdom
SRR20336840	NA	NA	NA	NA	NA	NA	NA	NA	NA	NA	NA	NA	NA	NA	NA	human	host_tax_id	host_tax_id=9606; Homo sapiens	NA	0.9550684094429016	2020	Peru
SRR10001221	NA	NA	NA	NA	NA	NA	NA	NA	NA	NA	NA	NA	NA	NA	NA	human	host_tax_id	host_tax_id=9606; Homo sapiens	NA	0.9850285053253174	2016	United Kingdom
SRR9877471	NA	NA	NA	NA	NA	NA	NA	NA	NA	NA	NA	NA	NA	NA	NA	human	host_tax_id	host_tax_id=9606; Homo sapiens	NA	0.9844563603401184	2019	United Kingdom
SRR7761286	0.06011006236076355	0.02850511111319065	0.10396234691143036	0.18371115624904633	0.02530350349843502	0.014701860956847668	0.13388195633888245	0.05940975621342659	0.03274516388773918	0.021141868084669113	0.08378119021654129	0.05346299335360527	0.028338579460978508	0.053254563361406326	0.11768977344036102	unknown	nli		NA	NA	2018	United States
SRR8554697	0.06338251382112503	0.030115723609924316	0.1166921854019165	0.18448114395141602	0.025359978899359703	0.014449681155383587	0.14158481359481812	0.05884866788983345	0.03162270784378052	0.019482186064124107	0.0804365873336792	0.05063173919916153	0.02586016058921814	0.04775027558207512	0.10930147022008896	unknown	nli		NA	NA	2018	United States
SRR9974246	NA	NA	NA	NA	NA	NA	NA	NA	NA	NA	NA	NA	NA	NA	NA	human	host_tax_id	host_tax_id=9606; Homo sapiens	NA	0.9854264259338379	2017	United Kingdom
SRR7280455	NA	NA	NA	NA	NA	NA	NA	NA	NA	NA	NA	NA	NA	NA	NA	human	host_tax_id	host_tax_id=9606; Homo sapiens	NA	0.5523511171340942	2011	New Zealand
SRR10062883	NA	NA	NA	NA	NA	NA	NA	NA	NA	NA	NA	NA	NA	NA	NA	human	host_tax_id	host_tax_id=9606; Homo sapiens	NA	0.9851576089859009	2015	United Kingdom
SRR5581844	0.0559794120490551	0.02608374133706093	0.1213187724351883	0.16549953818321228	0.023018820211291313	0.017787566408514977	0.2686322331428528	0.05248517915606499	0.036712195724248886	0.01241772249341011	0.03743628039956093	0.019157961010932922	0.015214510262012482	0.0339532271027565	0.11430281400680542	human	nli		NA	0.0694785788655281	2017	United States
SRR13001597	NA	NA	NA	NA	NA	NA	NA	NA	NA	NA	NA	NA	NA	NA	NA	human	host_tax_id	host_tax_id=9606; Homo sapiens	NA	0.9516838788986206		United States
SRR6929968	0.06030547246336937	0.028822077438235283	0.11178869754076004	0.17112454771995544	0.026397019624710083	0.015188166871666908	0.14954930543899536	0.05437515676021576	0.03291584551334381	0.020358234643936157	0.08421788364648819	0.049028005450963974	0.026448626071214676	0.05301191657781601	0.11646910011768341	unknown	nli		NA	NA	2018	United States
SRR7851637	0.0607212595641613	0.029477808624505997	0.10268689692020416	0.16732963919639587	0.027050355449318886	0.01565554365515709	0.13710500299930573	0.06001383811235428	0.03320758044719696	0.022077854722738266	0.08630231767892838	0.05748973786830902	0.029020795598626137	0.05285868048667908	0.11900261044502258	unknown	nli		NA	NA	2018	United States
SRR5097312	0.05484924465417862	0.026061203330755234	0.11759936809539795	0.16011260449886322	0.024626106023788452	0.018771180883049965	0.28459659218788147	0.05254235491156578	0.03704043850302696	0.012577783316373825	0.03718540444970131	0.018516287207603455	0.014878254383802414	0.0334632471203804	0.10718005150556564	human	nli		NA	0.08071905374526978	2016	United States
SRR9900234	NA	NA	NA	NA	NA	NA	NA	NA	NA	NA	NA	NA	NA	NA	NA	human	host_tax_id	host_tax_id=9606; Homo sapiens	NA	0.9855521321296692	2018	United Kingdom
ERR083975	NA	NA	NA	NA	NA	NA	NA	NA	NA	NA	NA	NA	NA	NA	NA	human	host_tax_id	host_tax_id=9606; Homo sapiens	NA	0.9594592452049255	2011	United Kingdom
SRR20075845	NA	NA	NA	NA	NA	NA	NA	NA	NA	NA	NA	NA	NA	NA	NA	human	host_tax_id	host_tax_id=9606; Homo sapiens	NA	0.9703806042671204	2022	Denmark
ERR9766650	0.05505947023630142	0.030243847519159317	0.060323551297187805	0.011866816319525242	0.010209874249994755	0.010249834507703781	0.6843253970146179	0.01112609077244997	0.015968546271324158	0.0073109338991343975	0.014913421124219894	0.028273075819015503	0.0061684586107730865	0.03126489743590355	0.022695882245898247	human	nli		NA	0.9488699436187744	2006	Switzerland
SRR7851632	0.06024317815899849	0.029245715588331223	0.10138215124607086	0.1681331992149353	0.027260005474090576	0.015654103830456734	0.13709236681461334	0.06024317815899849	0.03320452570915222	0.02242346853017807	0.0874822735786438	0.05659323185682297	0.028235411271452904	0.05264776200056076	0.12015938013792038	unknown	nli		NA	NA	2018	United States
SRR10018227	NA	NA	NA	NA	NA	NA	NA	NA	NA	NA	NA	NA	NA	NA	NA	human	host_tax_id	host_tax_id=9606; Homo sapiens	NA	0.9844563603401184	2016	United Kingdom
SRR9924040	NA	NA	NA	NA	NA	NA	NA	NA	NA	NA	NA	NA	NA	NA	NA	human	host_tax_id	host_tax_id=9606; Homo sapiens	NA	0.9856905341148376	2018	United Kingdom
SRR7637763	0.06311699002981186	0.02850467339158058	0.11362240463495255	0.1771889328956604	0.025751827284693718	0.014816940762102604	0.13962151110172272	0.05837366729974747	0.0324898399412632	0.020611504092812538	0.08427223563194275	0.05111369490623474	0.026777664199471474	0.052530623972415924	0.11120732128620148	unknown	nli		NA	NA	2018	United States
SRR7764604	0.05645480006933212	0.02833186648786068	0.10262653976678848	0.18223832547664642	0.02505166456103325	0.014871636405587196	0.13715828955173492	0.058474838733673096	0.03166826814413071	0.021013373509049416	0.08658916503190994	0.05461110174655914	0.02866583690047264	0.053659532219171524	0.11858473718166351	unknown	nli		NA	NA	2018	United States
SRR10031344	NA	NA	NA	NA	NA	NA	NA	NA	NA	NA	NA	NA	NA	NA	NA	human	host_tax_id	host_tax_id=9606; Homo sapiens	NA	0.9851003289222717	2016	United Kingdom
SRR8815897	0.061357513070106506	0.031831856817007065	0.12738148868083954	0.15821950137615204	0.02644112892448902	0.015757912769913673	0.13759778439998627	0.05320432037115097	0.032270047813653946	0.02039225399494171	0.08979928493499756	0.047598984092473984	0.027121081948280334	0.04586498811841011	0.12516191601753235	unknown	nli		NA	NA	2019	United States
SRR5230144	0.05197248235344887	0.0267009399831295	0.11463236063718796	0.16087010502815247	0.024936672300100327	0.01845911331474781	0.2828878164291382	0.05299755185842514	0.03721567243337631	0.012686749920248985	0.03809821978211403	0.018823185935616493	0.015095343813300133	0.03395150601863861	0.11067232489585876	human	nli		NA	0.07913912832736969	2016	United States
SRR6322607	0.056730061769485474	0.027540234848856926	0.13345617055892944	0.15122562646865845	0.027325915172696114	0.020306896418333054	0.2695888578891754	0.054238032549619675	0.037643034011125565	0.013162433169782162	0.035849153995513916	0.01952895149588585	0.014973366633057594	0.029719989746809006	0.10871122032403946	human	nli		NA	0.06954174488782883	2014	United States
SRR9898983	NA	NA	NA	NA	NA	NA	NA	NA	NA	NA	NA	NA	NA	NA	NA	human	host_tax_id	host_tax_id=9606; Homo sapiens	NA	0.9856215119361877	2018	United Kingdom
SRR7968374	0.06166171282529831	0.029126932844519615	0.10811403393745422	0.18535058200359344	0.02520725503563881	0.014789668843150139	0.1377408504486084	0.05747503414750099	0.03167879208922386	0.02049335464835167	0.08644893020391464	0.05202587693929672	0.027255544438958168	0.05152028799057007	0.11111106723546982	unknown	nli		NA	NA	2018	United States
SRR12362332	NA	NA	NA	NA	NA	NA	NA	NA	NA	NA	NA	NA	NA	NA	NA	human	host_tax_id	host_tax_id=9606; Homo sapiens	NA	0.9482024908065796	2019	Ireland
SRR7157741	0.06387645751237869	0.03162113577127457	0.12953902781009674	0.18591885268688202	0.02752663381397724	0.018918758258223534	0.10247381031513214	0.06629140675067902	0.0469159260392189	0.021946145221590996	0.08396401256322861	0.047747913748025894	0.026214847341179848	0.054105471819639206	0.09293969720602036	unknown	nli		NA	NA	2018	United States
ERR9766817	0.05397788807749748	0.028486045077443123	0.05939900502562523	0.011897966265678406	0.009999542497098446	0.009863760322332382	0.7037656903266907	0.01070700865238905	0.015457374043762684	0.006443592254072428	0.013482160866260529	0.022163299843668938	0.005436656530946493	0.02631956711411476	0.022600430995225906	human	nli		NA	0.9536218047142029	2011	Switzerland
SRR27376378	NA	NA	NA	NA	NA	NA	NA	NA	NA	NA	NA	NA	NA	NA	NA	human	host_tax_id	host_tax_id=9606; Homo sapiens	NA	0.9787735939025879	2022	Peru
SRR10001393	NA	NA	NA	NA	NA	NA	NA	NA	NA	NA	NA	NA	NA	NA	NA	human	host_tax_id	host_tax_id=9606; Homo sapiens	NA	0.9858549237251282	2011	United Kingdom
SRR17925158	NA	NA	NA	NA	NA	NA	NA	NA	NA	NA	NA	NA	NA	NA	NA	human	host_tax_id	host_tax_id=9606; Homo sapiens	NA	0.9497159719467163	2018	New Zealand
SRR17929568	NA	NA	NA	NA	NA	NA	NA	NA	NA	NA	NA	NA	NA	NA	NA	human	host_tax_id	host_tax_id=9606; Homo sapiens	NA	0.9485848546028137	2018	New Zealand
SRR6048548	0.06235719844698906	0.02866094559431076	0.1348770260810852	0.15463726222515106	0.028327034786343575	0.020563220605254173	0.25922173261642456	0.05407116562128067	0.03841715678572655	0.013380744494497776	0.03518477827310562	0.019242048263549805	0.014753389172255993	0.028773119673132896	0.10753335058689117	human	nli		NA	0.06816436350345612	2014	United States
SRR19905474	NA	NA	NA	NA	NA	NA	NA	NA	NA	NA	NA	NA	NA	NA	NA	human	host_tax_id	host_tax_id=9606; Homo sapiens	NA	0.9579516649246216	2006	Bangladesh
SRR10019155	NA	NA	NA	NA	NA	NA	NA	NA	NA	NA	NA	NA	NA	NA	NA	human	host_tax_id	host_tax_id=9606; Homo sapiens	NA	0.9852287769317627	2016	United Kingdom
SRR27474201	0.03327059745788574	0.030175121501088142	0.03419288992881775	0.033531542867422104	0.0351407527923584	0.04044676199555397	0.06119398772716522	0.028016649186611176	0.041244495660066605	0.08731461316347122	0.1352355182170868	0.054533470422029495	0.03784807771444321	0.08921080082654953	0.258644700050354	other_animal	nli		NA	0.010673115029931068	2022	United States
SRR12488519	0.018916718661785126	0.01790998876094818	0.03725478798151016	0.016054408624768257	0.01951720006763935	0.03911901265382767	0.020136741921305656	0.020215554162859917	0.025207851082086563	0.038738854229450226	0.2626718282699585	0.08815605193376541	0.04700257629156113	0.030704865232110023	0.3183935880661011	other_animal	nli		NA	0.04607680067420006	2019	Peru
SRR3094502	0.021019723266363144	0.02013566344976425	0.0340518057346344	0.021019723266363144	0.021019723266363144	0.026519574224948883	0.022419122979044914	0.015378357842564583	0.018120136111974716	0.016693050041794777	0.04964195191860199	0.019901074469089508	0.015378357842564583	0.039346784353256226	0.6593549251556396	other_animal	nli		NA	0.1979866325855255	2013	unknown
SRR27474105	0.03229682520031929	0.030340060591697693	0.03306271880865097	0.03533283621072769	0.03464943915605545	0.04066784679889679	0.055261608213186264	0.030578020960092545	0.04572408273816109	0.07915858924388885	0.16084446012973785	0.05031626299023628	0.037318915128707886	0.06665821373462677	0.2677900791168213	other_animal	nli		NA	0.009196553379297256	2022	United States
SRR1635242	0.014510568231344223	0.012905966490507126	0.015628496184945107	0.013263733126223087	0.01689843274652958	0.01888841949403286	0.0178483035415411	0.015147658064961433	0.015029777772724628	0.038230251520872116	0.4080146253108978	0.11868105828762054	0.02216923236846924	0.015326213091611862	0.25745725631713867	environment	nli		NA	0.113973468542099	2011	United Kingdom
SRR12686270	0.03499896079301834	0.03365817293524742	0.03555011376738548	0.034726597368717194	0.040283557027578354	0.04355691000819206	0.041562292724847794	0.03125055506825447	0.035969167947769165	0.03858928382396698	0.23136353492736816	0.039970070123672485	0.03499896079301834	0.043898530304431915	0.27962327003479004	other_animal	nli		NA	0.0070801181718707085	2003	Brazil
SRR27474148	0.033597592264413834	0.030590955168008804	0.035072702914476395	0.03346661105751991	0.03576445206999779	0.04181288182735443	0.06338454782962799	0.02851390466094017	0.04263756424188614	0.08348029851913452	0.13736717402935028	0.05193543806672096	0.037922631949186325	0.08731589466333389	0.2571374177932739	other_animal	nli		NA	0.01032815221697092	2022	United States
SRR12686252	0.03593840450048447	0.03429266810417175	0.03607906773686409	0.035798296332359314	0.04040663316845894	0.04351965710520744	0.042345792055130005	0.03196428343653679	0.03664722666144371	0.03885868564248085	0.22493037581443787	0.04024910554289818	0.035519711673259735	0.04351965710520744	0.27993038296699524	other_animal	nli		NA	0.006705848034471273	2007	Brazil
SRR29262348	0.03134474530816078	0.03116161935031414	0.04779502749443054	0.027715720236301422	0.07402638345956802	0.09542378038167953	0.10019877552986145	0.06700801849365234	0.07388194650411606	0.1133185550570488	0.10337942838668823	0.027500035241246223	0.03227663040161133	0.03544894605875015	0.13952039182186127	unknown	nli		NA	NA	2022	Germany
SRR27474206	0.03403982147574425	0.03063252381980419	0.035120364278554916	0.03351208195090294	0.03444107249379158	0.04026569426059723	0.05927683040499687	0.028776593506336212	0.04303036630153656	0.07670992612838745	0.13489331305027008	0.05251635983586311	0.03753175213932991	0.09307359158992767	0.26617974042892456	other_animal	nli		NA	0.010328153148293495	2022	United States
SRR27474135	0.03268573805689812	0.029760703444480896	0.03425436094403267	0.03385528549551964	0.034120816737413406	0.04020414873957634	0.06251311302185059	0.02784859761595726	0.04148036241531372	0.07871589809656143	0.14309394359588623	0.05336596444249153	0.03836306184530258	0.09113387018442154	0.2586040794849396	other_animal	nli		NA	0.010052368976175785	2022	United States
SRR29262334	0.03431239724159241	0.037391532212495804	0.05252493545413017	0.028445977717638016	0.07349559664726257	0.09093237668275833	0.09529630839824677	0.06237490102648735	0.06613887846469879	0.10263817012310028	0.10507215559482574	0.028837556019425392	0.039262596517801285	0.03895704820752144	0.1443195939064026	unknown	nli		NA	NA	2021	Germany
SRR6314321	0.0313660092651844	0.025105036795139313	0.037540193647146225	0.054727450013160706	0.02867085300385952	0.038430437445640564	0.04915327951312065	0.03554233908653259	0.09794407337903976	0.04877076297998428	0.2964321970939636	0.035128261893987656	0.03261548653244972	0.04466724395751953	0.14390628039836884	environment	nli		NA	0.01584536023437977	1999	Brazil
SRR1635222	0.014081510715186596	0.01247552689164877	0.015526043251156807	0.01292191818356514	0.01715223118662834	0.01891176961362362	0.017456399276852608	0.014757296070456505	0.014931248500943184	0.0409056730568409	0.40003108978271484	0.11338624358177185	0.02232707478106022	0.014989688992500305	0.2701464295387268	environment	nli		NA	0.12049056589603424	2011	United Kingdom
SRR1635160	0.014322424307465553	0.012688965536653996	0.01542585901916027	0.012838538736104965	0.01674461178481579	0.018900157883763313	0.01751396246254444	0.014892964623868465	0.014834904111921787	0.039008501917123795	0.40410315990448	0.1146523579955101	0.02188178524374962	0.014834904111921787	0.26735684275627136	environment	nli		NA	0.12241826206445694	2011	United Kingdom
SRR27474144	0.03422555699944496	0.03079966828227043	0.03517432510852814	0.03462899476289749	0.03476453199982643	0.041122954338788986	0.06431751698255539	0.02870844677090645	0.042428337037563324	0.07534180581569672	0.13696034252643585	0.05342533439397812	0.0383308082818985	0.09087955951690674	0.2588917911052704	other_animal	nli		NA	0.00955939944833517	2022	United States
SRR1635043	0.01087882835417986	0.009160890243947506	0.01122415903955698	0.009713700041174889	0.012136207893490791	0.013303009793162346	0.014272045344114304	0.011180399917066097	0.010585389100015163	0.019317997619509697	0.387444406747818	0.30440571904182434	0.027725854888558388	0.02016616240143776	0.13848523795604706	environment	nli		NA	0.20705434679985046	2011	United Kingdom
SRR1635167	0.014575731009244919	0.013014663942158222	0.01576012372970581	0.013219614513218403	0.017174409702420235	0.01930970512330532	0.017858559265732765	0.015275235287845135	0.015156363137066364	0.03915935009717941	0.3997667729854584	0.11713678389787674	0.02231232263147831	0.015275235287845135	0.2650049924850464	environment	nli		NA	0.11446747183799744	2011	United Kingdom
SRR12686263	0.036222755908966064	0.03456399217247963	0.03636452928185463	0.03538365662097931	0.04120641201734543	0.04438105225563049	0.04234869405627251	0.03209158778190613	0.03722688928246498	0.03947332128882408	0.22759738564491272	0.040885742753744125	0.03566117584705353	0.04525638744235039	0.2713364064693451	other_animal	nli		NA	0.0064506069757044315	2004	Brazil
SRR27474188	0.03326692804694176	0.030054165050387383	0.034189123660326004	0.033008042722940445	0.03541246056556702	0.04075949266552925	0.06374906003475189	0.028343776240944862	0.0422179289162159	0.08027217537164688	0.13416829705238342	0.05033126100897789	0.03784390911459923	0.08798972517251968	0.26839354634284973	other_animal	nli		NA	0.01057048887014389	2022	United States
SRR3094503	0.02085486426949501	0.019822267815470695	0.034049712121486664	0.020611897110939026	0.02069256827235222	0.02641455829143524	0.022904586046934128	0.015558675862848759	0.018332602456212044	0.016822941601276398	0.0529436357319355	0.02037176303565502	0.015742076560854912	0.03813386708498001	0.6567440032958984	other_animal	nli		NA	0.18447348475456238	2013	unknown
SRR11101879	0.04061729460954666	0.026585495099425316	0.027970407158136368	0.02364562824368477	0.028858279809355736	0.060145825147628784	0.030243219807744026	0.022474853321909904	0.023461617529392242	0.03380471095442772	0.08837044984102249	0.023738175630569458	0.022213011980056763	0.018559668213129044	0.5293112993240356	other_animal	nli		NA	0.0699218362569809		Sweden
SRR3094501	0.022357720881700516	0.021669847890734673	0.03729616478085518	0.02279868721961975	0.022709805518388748	0.02876400761306286	0.0241272933781147	0.01648555137217045	0.019273562356829643	0.018035246059298515	0.05587892606854439	0.021754659712314606	0.01655007153749466	0.04209733009338379	0.6302011013031006	other_animal	nli		NA	0.1626458466053009	2013	unknown
SRR1816196	0.05006225034594536	0.04576059803366661	0.06789447367191315	0.03914111480116844	0.05055353417992592	0.07829884439706802	0.1023205816745758	0.029430078342556953	0.0629148855805397	0.029893534258008003	0.06403059512376785	0.025669367983937263	0.03066226653754711	0.060033801943063736	0.2633340358734131	other_animal	nli		NA	0.025130944326519966		unknown
SRR6314874	0.02986985631287098	0.023628998547792435	0.03561016172170639	0.06057492271065712	0.027517398819327354	0.03717363253235817	0.0480123907327652	0.03451455384492874	0.10947299003601074	0.04644440487027168	0.30463531613349915	0.034785252064466476	0.030938642099499702	0.04295405372977257	0.13386741280555725	environment	nli		NA	0.01910572685301304	2009	Brazil
SRR3619988	0.047460369765758514	0.03791268542408943	0.07350806146860123	0.04397948458790779	0.047832608222961426	0.07510442286729813	0.11186770349740982	0.029296651482582092	0.05625061318278313	0.033852219581604004	0.07166513800621033	0.024098766967654228	0.026779307052493095	0.059528645128011703	0.260863333940506	other_animal	nli		NA	0.021822825074195862		unknown
SRR1635153	0.014177665114402771	0.012609876692295074	0.015151114203035831	0.01275851670652628	0.016575369983911514	0.018599826842546463	0.017269352450966835	0.014684963040053844	0.014627710916101933	0.03838864341378212	0.39613136649131775	0.11732513457536697	0.021702969446778297	0.01480013970285654	0.275197297334671	environment	nli		NA	0.11823229491710663	2011	United Kingdom
SRR1635168	0.0143987275660038	0.012856616638600826	0.01562967151403427	0.01305907778441906	0.016965847462415695	0.01914987340569496	0.017814815044403076	0.015089737251400948	0.015030907467007637	0.03936981037259102	0.40368542075157166	0.1163942962884903	0.022257670760154724	0.014972306787967682	0.26332521438598633	environment	nli		NA	0.11661303043365479	2011	United Kingdom
SRR12686293	0.032711055129766464	0.03182872757315636	0.03335622325539589	0.03296761214733124	0.03992217034101486	0.04135064780712128	0.03869389742612839	0.029436765238642693	0.03441506251692772	0.03692197427153587	0.25084179639816284	0.03809400275349617	0.032839082181453705	0.040709562599658966	0.28591135144233704	other_animal	nli		NA	0.008461997844278812	1996	Brazil
SRR12686280	0.03602255880832672	0.034507498145103455	0.036447182297706604	0.03602255880832672	0.04130006581544876	0.044656019657850266	0.04130006581544876	0.03203912824392319	0.03687680512666702	0.039255160838365555	0.21980464458465576	0.03987333923578262	0.035882119089365005	0.049237001687288284	0.2767758071422577	other_animal	nli		NA	0.006351235322654247	2000	Brazil
SRR27474180	0.033563729375600815	0.030799807980656624	0.0342257134616375	0.0326584056019783	0.03686254471540451	0.04136480391025543	0.06344445049762726	0.028374113142490387	0.04152669757604599	0.08842864632606506	0.13378827273845673	0.050188686698675156	0.03758959472179413	0.08421456068754196	0.2629699409008026	other_animal	nli		NA	0.011158032342791557	2022	United States
SRR1635134	0.009954312816262245	0.008614740334451199	0.010721216909587383	0.008853549137711525	0.01119193434715271	0.01236417144536972	0.012388342060148716	0.010111071169376373	0.009723721072077751	0.035360101610422134	0.5458807349205017	0.08157489448785782	0.01987399533390999	0.01179797388613224	0.21158920228481293	environment	nli		NA	0.3645513355731964	2011	United Kingdom
SRR1816194	0.0510852076113224	0.04193955287337303	0.073462575674057	0.040490731596946716	0.05088604614138603	0.0778956338763237	0.10420764982700348	0.02865620329976082	0.06150028482079506	0.031843673437833786	0.0629587173461914	0.025289010256528854	0.029914362356066704	0.058913666754961014	0.26095667481422424	other_animal	nli		NA	0.024283869192004204		unknown
SRR27474153	0.033434346318244934	0.030442316085100174	0.034902289509773254	0.033434346318244934	0.035176027566194534	0.04144749045372009	0.06369556486606598	0.028375357389450073	0.041609711945056915	0.08051872998476028	0.1359010934829712	0.05270243436098099	0.03848269581794739	0.08843253552913666	0.2614451050758362	other_animal	nli		NA	0.010408314876258373	2022	United States
SRR27474102	0.03358544781804085	0.030699584633111954	0.03478718549013138	0.03465156629681587	0.03519724681973457	0.04114975035190582	0.06250125914812088	0.028952468186616898	0.04229046404361725	0.07793614268302917	0.13758599758148193	0.0546211376786232	0.038505904376506805	0.08796891570091248	0.2595669627189636	other_animal	nli		NA	0.01005236804485321	2022	United States
SRR12686282	0.03549919277429581	0.0341392382979393	0.03563813492655754	0.03577762097120285	0.040859322994947433	0.04470023512840271	0.041019242256879807	0.031821273267269135	0.03720283508300781	0.03898823633790016	0.22088341414928436	0.03898823633790016	0.03536079451441765	0.04383565112948418	0.2852866053581238	other_animal	nli		NA	0.007107631769031286	1999	Brazil
SRR1635212	0.014231731183826923	0.012657963670790195	0.015208890661597252	0.012907618656754494	0.01683470793068409	0.019001852720975876	0.017437079921364784	0.014914724044501781	0.014798657968640327	0.039218395948410034	0.3972538411617279	0.11572042107582092	0.021870996803045273	0.014914724044501781	0.27302831411361694	environment	nli		NA	0.11516222357749939	2011	United Kingdom
SRR27474192	0.03342859447002411	0.029848376289010048	0.03503286838531494	0.03408791497349739	0.034221332520246506	0.04016537964344025	0.06343632191419601	0.02848151884973049	0.043514035642147064	0.07287229597568512	0.13534799218177795	0.05373265594244003	0.03832607343792915	0.09302321821451187	0.26448142528533936	other_animal	nli		NA	0.010209053754806519	2022	United States
SRR29262329	0.029169045388698578	0.029628392308950424	0.04456443712115288	0.026352036744356155	0.07361798733472824	0.09752798825502396	0.09397510439157486	0.0632152408361435	0.07347434014081955	0.11879566311836243	0.09415882080793381	0.027616698294878006	0.03129382058978081	0.0351845845580101	0.16142578423023224	unknown	nli		NA	NA	2022	Germany
SRR1635284	0.012478288263082504	0.010756957344710827	0.013179698958992958	0.010926354676485062	0.014905416406691074	0.016179677098989487	0.015928832814097404	0.013283069245517254	0.012924782000482082	0.04229603707790375	0.4946852922439575	0.11564819514751434	0.02122628502547741	0.011906865984201431	0.1936742663383484	environment	nli		NA	0.2254592478275299	2011	United Kingdom
SRR3619982	0.047642093151807785	0.03798358514904976	0.07222110033035278	0.04475560411810875	0.04820368438959122	0.07436825335025787	0.11077118664979935	0.02935144305229187	0.05624585226178169	0.03378330543637276	0.07179917395114899	0.024049708619713783	0.02662060223519802	0.059060387313365936	0.263143926858902	other_animal	nli		NA	0.022116590291261673		unknown
SRR12686295	0.03640637546777725	0.035011664032936096	0.03669190779328346	0.036264438182115555	0.04125382751226425	0.04460601881146431	0.042563363909721375	0.032254260033369064	0.0380048044025898	0.039828695356845856	0.21955855190753937	0.03936467319726944	0.03584194555878639	0.04425889253616333	0.27809059619903564	other_animal	nli		NA	0.006628240924328566	1996	Brazil
SRR3619972	0.0477730818092823	0.03823709487915039	0.07442721724510193	0.0447910912334919	0.049773264676332474	0.07574708014726639	0.1126047894358635	0.0289758387953043	0.05751290172338486	0.034815266728401184	0.07199657708406448	0.023603245615959167	0.026228664442896843	0.05876189470291138	0.254751980304718	other_animal	nli		NA	0.022201230749487877		unknown
SRR11101917	0.041112270206213	0.02696208655834198	0.027601471170783043	0.0232427716255188	0.028145862743258476	0.06052311509847641	0.030432933941483498	0.02235235460102558	0.02333373948931694	0.033358823508024216	0.08535127341747284	0.02351674996316433	0.0220919419080019	0.018822569400072098	0.5331520438194275	other_animal	nli		NA	0.07049558311700821		Sweden
SRR1635047	0.009696530178189278	0.008391646668314934	0.010566678829491138	0.008624271489679813	0.010987607762217522	0.012185951694846153	0.012043979950249195	0.009926476515829563	0.009508981369435787	0.03526121750473976	0.5409427881240845	0.08214506506919861	0.019857164472341537	0.011314271949231625	0.2185472995042801	environment	nli		NA	0.38679239153862	2011	United Kingdom
SRR27474114	0.03314052149653435	0.029939966276288033	0.03392642363905907	0.03392642363905907	0.03446068987250328	0.04076354205608368	0.06252223998308182	0.02834659069776535	0.04156752675771713	0.07600771635770798	0.14034675061702728	0.05326962098479271	0.03814450651407242	0.08886202424764633	0.2647753655910492	other_animal	nli		NA	0.010248602367937565	2022	United States
SRR27474182	0.033975161612033844	0.03069400042295456	0.03560566529631615	0.03410813584923744	0.03560566529631615	0.04179016500711441	0.06561687588691711	0.028498416766524315	0.0426144003868103	0.07884048670530319	0.13437438011169434	0.05221226066350937	0.038498904556035995	0.09056778252124786	0.2569977343082428	other_animal	nli		NA	0.009596454910933971	2022	United States
SRR1816195	0.05107538029551506	0.04226035252213478	0.07592809945344925	0.04176800698041916	0.05187969654798508	0.07926174253225327	0.1054157242178917	0.028762826696038246	0.06100995093584061	0.032465483993291855	0.06344031542539597	0.025136427953839302	0.03002566657960415	0.05844394490122795	0.2531262934207916	other_animal	nli		NA	0.02326410450041294		unknown
SRR1635062	0.009585506282746792	0.008295563980937004	0.01040496863424778	0.008492287248373032	0.010819455608725548	0.011976044625043869	0.011976044625043869	0.009851226583123207	0.009363457560539246	0.03365331143140793	0.5537818074226379	0.07963387668132782	0.019212568178772926	0.011294486001133919	0.2116594761610031	environment	nli		NA	0.397309809923172	2011	United Kingdom
SRR1635166	0.014614645391702652	0.013049409724771976	0.015740593895316124	0.013151757419109344	0.01735531911253929	0.019361259415745735	0.017836429178714752	0.015256304293870926	0.01513758022338152	0.03949463367462158	0.40024739503860474	0.11405853182077408	0.022284673526883125	0.01513758022338152	0.2672739624977112	environment	nli		NA	0.11536139994859695	2011	United Kingdom
SRR12686254	0.03614038974046707	0.03435095027089119	0.03628183901309967	0.035999491810798645	0.04079276695847511	0.043935537338256836	0.04241776838898659	0.03214392811059952	0.03699743375182152	0.03907707706093788	0.2275237739086151	0.040633734315633774	0.03585914149880409	0.043935537338256836	0.2739105820655823	other_animal	nli		NA	0.006500870920717716	2007	Brazil
SRR1814942	0.050658416002988815	0.042326685041189194	0.07414070516824722	0.04094438999891281	0.05105573311448097	0.07846128940582275	0.1041475385427475	0.028528016060590744	0.059457484632730484	0.03213761746883392	0.06441456079483032	0.025472650304436684	0.030131589621305466	0.05808015540242195	0.2600431442260742	other_animal	nli		NA	0.0235992930829525		unknown
SRR27474160	0.03397247567772865	0.030691571533679962	0.0353257842361927	0.035050876438617706	0.03464252129197121	0.04065972939133644	0.06522836536169052	0.02871965989470482	0.042777806520462036	0.07420270889997482	0.134889617562294	0.053760286420583725	0.038797784596681595	0.09380102157592773	0.25747978687286377	other_animal	nli		NA	0.009143316186964512	2022	United States
SRR27474145	0.033438194543123245	0.030327128246426582	0.03463466838002205	0.033832352608442307	0.0344996377825737	0.04049203172326088	0.06395222246646881	0.028267990797758102	0.04194089397788048	0.0766904279589653	0.13618247210979462	0.053121913224458694	0.038038741797208786	0.0905400812625885	0.2640411853790283	other_animal	nli		NA	0.010150016285479069	2022	United States
SRR1635147	0.009544851258397102	0.00826038047671318	0.010731564834713936	0.008724701590836048	0.011290601454675198	0.012208051048219204	0.012184231542050838	0.009771201759576797	0.009582208469510078	0.035463426262140274	0.5474758148193359	0.07685644924640656	0.019584765657782555	0.011717460118234158	0.2166043221950531	environment	nli		NA	0.3663063645362854	2011	United Kingdom
SRR12686266	0.03599781543016434	0.03448379412293434	0.03642214462161064	0.03557842597365379	0.041271697729825974	0.044975344091653824	0.04308374226093292	0.032142430543899536	0.037140507251024246	0.0393817275762558	0.22311267256736755	0.0407908670604229	0.03585747256875038	0.04532809183001518	0.2744332551956177	other_animal	nli		NA	0.006564249284565449	2003	Brazil
SRR27474110	0.032877545803785324	0.02970239147543907	0.03405395895242691	0.03418724238872528	0.034455377608537674	0.040916770696640015	0.06226889044046402	0.02812165580689907	0.04172378033399582	0.07795029133558273	0.1428135633468628	0.054524462670087814	0.03828789293766022	0.092027448117733	0.25608882308006287	other_animal	nli		NA	0.00999422650784254	2022	United States
SRR5209462	0.020892633125185966	0.02017088793218136	0.03274058178067207	0.022240091115236282	0.02703707665205002	0.05859484151005745	0.020249832421541214	0.01917215809226036	0.028334613889455795	0.17255651950836182	0.36530211567878723	0.045455798506736755	0.025103075429797173	0.022856609895825386	0.11929318308830261	environment	nli		NA	0.03967602550983429	2011	Canada
SRR27474107	0.033590611070394516	0.030346591025590897	0.03452178090810776	0.03479253873229027	0.03465689718723297	0.04036004841327667	0.06374377757310867	0.028619559481739998	0.042132068425416946	0.0752553716301918	0.14114582538604736	0.05357290804386139	0.03851182758808136	0.09166611731052399	0.2570839822292328	other_animal	nli		NA	0.009596453979611397	2022	United States
SRR1635234	0.014363009482622147	0.012774725444614887	0.015409260056912899	0.012975897639989853	0.016726592555642128	0.018953712657094002	0.0175293181091547	0.014935166575014591	0.014818940311670303	0.038966529071331024	0.40209460258483887	0.11542725563049316	0.02185824140906334	0.015052304603159428	0.26811444759368896	environment	nli		NA	0.11596072465181351	2011	United Kingdom
SRR5209460	0.020990299060940742	0.020186174660921097	0.033871568739414215	0.02260744385421276	0.02705756574869156	0.05933046340942383	0.02010747417807579	0.01903737336397171	0.028245534747838974	0.17712804675102234	0.35606563091278076	0.04540148004889488	0.024732615798711777	0.022784752771258354	0.12245360761880875	environment	nli		NA	0.0382859967648983	2011	Canada
SRR1635161	0.014471338130533695	0.012820894829928875	0.015586244873702526	0.013022794388234615	0.016984926536679268	0.01902221515774727	0.017696058377623558	0.015047810971736908	0.01498914510011673	0.03895489126443863	0.4031539261341095	0.11494292318820953	0.022109298035502434	0.01498914510011673	0.26620838046073914	environment	nli		NA	0.117572121322155	2011	United Kingdom
SRR29262342	0.033078745007514954	0.035557691007852554	0.054007627069950104	0.029884155839681625	0.07295965403318405	0.08886977285146713	0.10149247199296951	0.06388559937477112	0.06489165872335434	0.10410242527723312	0.11168559640645981	0.028627267107367516	0.039900582283735275	0.038297139108181	0.13275952637195587	unknown	nli		NA	NA	2022	Germany
SRR1635151	0.014055276289582253	0.012501021847128868	0.015138128772377968	0.012599069625139236	0.01643228344619274	0.018583884462714195	0.017153747379779816	0.014558196999132633	0.014558196999132633	0.038505859673023224	0.3959851861000061	0.11814399808645248	0.0215156190097332	0.014501439407467842	0.2757681608200073	environment	nli		NA	0.1213209256529808	2011	United Kingdom
SRR29262332	0.03404201194643974	0.03652174770832062	0.05231499299407005	0.028498772531747818	0.07334494590759277	0.0896887555718422	0.09271670132875443	0.059396542608737946	0.06409766525030136	0.10506177693605423	0.10526717454195023	0.02998335286974907	0.0393354669213295	0.0384993851184845	0.15123067796230316	unknown	nli		NA	NA	2022	Germany
SRR3619973	0.04770725965499878	0.03803554177284241	0.07374626398086548	0.044992223381996155	0.04874330759048462	0.07623597234487534	0.1100594699382782	0.028992485255002975	0.05754593387246132	0.03409484028816223	0.07189737260341644	0.023802032694220543	0.026346446946263313	0.059141166508197784	0.2586596608161926	other_animal	nli		NA	0.02222243882715702		unknown
SRR1816201	0.04979873448610306	0.0456978902220726	0.07009044289588928	0.039703015238046646	0.05147996172308922	0.08194402605295181	0.100989930331707	0.028990665450692177	0.06332144141197205	0.03062024712562561	0.06520400196313858	0.025684308260679245	0.030860407277941704	0.05948499217629433	0.2561299502849579	other_animal	nli		NA	0.023962022736668587		unknown
SRR1635210	0.014407400041818619	0.012764248065650463	0.0158853642642498	0.013220973312854767	0.017514944076538086	0.019349446520209312	0.017930299043655396	0.015157920308411121	0.015276805497705936	0.041364770382642746	0.3932252526283264	0.11113110184669495	0.02279921993613243	0.015456883236765862	0.27451545000076294	environment	nli		NA	0.11013572663068771	2011	United Kingdom
SRR1635129	0.00983742531388998	0.00858035497367382	0.010678424499928951	0.008749587461352348	0.011103804223239422	0.012266809120774269	0.012338895350694656	0.01007071416825056	0.00964715238660574	0.03570377826690674	0.5424423217773438	0.0806170105934143	0.019717497751116753	0.011659437790513039	0.21658669412136078	environment	nli		NA	0.3709372282028198	2011	United Kingdom
SRR27474163	0.0329141728579998	0.029504073783755302	0.033826589584350586	0.03278585150837898	0.035036955028772354	0.04064358025789261	0.061252035200595856	0.027716513723134995	0.04144520312547684	0.08178219944238663	0.1399337351322174	0.052391644567251205	0.038330547511577606	0.08946999907493591	0.26296696066856384	other_animal	nli		NA	0.01083937007933855	2022	United States
SRR27474129	0.03343723714351654	0.03056410886347294	0.035179074853658676	0.03436415269970894	0.03476922586560249	0.04161331430077553	0.06234709173440933	0.02837781421840191	0.0421038419008255	0.07850684970617294	0.13778379559516907	0.05406240001320839	0.03863665461540222	0.08983290940523148	0.25842154026031494	other_animal	nli		NA	0.009764972142875195	2022	United States
SRR1635241	0.014722103253006935	0.013094109483063221	0.015794510021805763	0.013248458504676819	0.017414769157767296	0.019351838156580925	0.01793251559138298	0.01524888165295124	0.01524888165295124	0.04017545282840729	0.3959714472293854	0.11444921046495438	0.022273829206824303	0.01530856266617775	0.2697654962539673	environment	nli		NA	0.10842473804950714	2011	United Kingdom
SRR6169171	0.027724677696824074	0.023437894880771637	0.03184864670038223	0.026558617129921913	0.028716711327433586	0.030271710827946663	0.025541171431541443	0.023164836689829826	0.023806991055607796	0.026662563905119896	0.5487673282623291	0.03909806162118912	0.02939770743250847	0.030929116532206535	0.08407405018806458	environment	nli		NA	0.07772739976644516	2017	United States
SRR27474111	0.03340286761522293	0.030295083299279213	0.03459807112812996	0.03473348170518875	0.03392888233065605	0.03951223939657211	0.06451158225536346	0.028682809323072433	0.042225174605846405	0.07210857421159744	0.13791126012802124	0.052243079990148544	0.03814726695418358	0.09186869859695435	0.2658309042453766	other_animal	nli		NA	0.009898063726723194	2022	United States
SRR1635246	0.01433494035154581	0.012700052931904793	0.015379145741462708	0.012950538657605648	0.016693904995918274	0.018842920660972595	0.017563534900546074	0.014847865328192711	0.014789978973567486	0.038890376687049866	0.40091705322265625	0.11747381091117859	0.021943723782896996	0.015081685036420822	0.2675904929637909	environment	nli		NA	0.114516980946064	2011	United Kingdom
SRR12686250	0.03323165699839592	0.03233528882265091	0.03375498205423355	0.03442073613405228	0.04008502885699272	0.04283729940652847	0.03854940086603165	0.030022302642464638	0.03428654372692108	0.03854940086603165	0.23293714225292206	0.03885174170136452	0.03323165699839592	0.04071627929806709	0.2961905598640442	other_animal	nli		NA	0.009072807617485523	2009	Brazil
SRR3094508	0.02204601839184761	0.020791374146938324	0.035714395344257355	0.022132299840450287	0.022305889055132866	0.02864132449030876	0.02337637171149254	0.016383208334445953	0.019079238176345825	0.01737184263765812	0.05046383664011955	0.02038923092186451	0.016003692522644997	0.040707532316446304	0.6445937156677246	other_animal	nli		NA	0.16926851868629456	2013	unknown
SRR3094510	0.022071149200201035	0.021060436964035034	0.034722793847322464	0.022244254127144814	0.022244254127144814	0.028229428455233574	0.023678887635469437	0.016337938606739044	0.01925079897046089	0.01780407689511776	0.05171944573521614	0.020815078169107437	0.016401885077357292	0.0412343367934227	0.6421852707862854	other_animal	nli		NA	0.16762705147266388	2013	unknown
SRR1635275	0.014353325590491295	0.012816077098250389	0.015338834375143051	0.013017900288105011	0.016978543251752853	0.018830277025699615	0.01751749962568283	0.01498351152986288	0.014866909012198448	0.03901638090610504	0.4071560502052307	0.1169372946023941	0.021928995847702026	0.015042154118418694	0.26121628284454346	environment	nli		NA	0.11823229491710663	2011	United Kingdom
SRR6315299	0.031211376190185547	0.025079045444726944	0.037355128675699234	0.05477767437696457	0.029092203825712204	0.039686739444732666	0.0473136268556118	0.03578402101993561	0.10114588588476181	0.0488155223429203	0.295259028673172	0.03578402101993561	0.032581720501184464	0.04541229084134102	0.14070171117782593	environment	nli		NA	0.015513788908720016	2003	Brazil
SRR5054226	0.037044789642095566	0.03534838557243347	0.042805176228284836	0.03346718102693558	0.0488850474357605	0.05327190086245537	0.03320673853158951	0.04005496948957443	0.03912709653377533	0.041488196700811386	0.34265947341918945	0.048599448055028915	0.034664686769247055	0.055937621742486954	0.11343935132026672	environment	nli		NA	0.013532147742807865	2016	United States
SRR27474167	0.031679313629865646	0.029993370175361633	0.032684922218322754	0.034253500401973724	0.03479291871190071	0.03973476216197014	0.05420500785112381	0.03046569786965847	0.0439823716878891	0.07979749143123627	0.15962883830070496	0.050524622201919556	0.03646266832947731	0.06919398158788681	0.27260059118270874	other_animal	nli		NA	0.00980281550437212	2022	United States
SRR6314857	0.03174589201807976	0.025113068521022797	0.037994857877492905	0.05637253448367119	0.02947506494820118	0.03989611566066742	0.04945794492959976	0.035415101796388626	0.09778423607349396	0.04974858835339546	0.28628334403038025	0.035139501094818115	0.03275361284613609	0.052750635892152786	0.14006945490837097	environment	nli		NA	0.014420067891478539	2000	Brazil
SRR4069394	0.0647609755396843	0.0696142166852951	0.07016021013259888	0.05703984573483467	0.05593659356236458	0.08218595385551453	0.04975103586912155	0.026268210262060165	0.0607185959815979	0.046012189239263535	0.07630706578493118	0.04793864116072655	0.033012133091688156	0.07381504029035568	0.18647931516170502	unknown	nli		NA	NA		unknown
SRR6314323	0.03158658742904663	0.02528158575296402	0.038100697100162506	0.05554456636309624	0.028872480615973473	0.03923344239592552	0.04959572106599808	0.03579229488968849	0.10057821124792099	0.04892226681113243	0.290748655796051	0.03510000929236412	0.032589253038167953	0.04454422742128372	0.14350996911525726	environment	nli		NA	0.015203665010631084	1999	Brazil
SRR5209461	0.020796511322259903	0.019999809563159943	0.032974112778902054	0.02231140062212944	0.026912683621048927	0.059012770652770996	0.019999809563159943	0.019009549170732498	0.02864840440452099	0.18284036219120026	0.35450509190559387	0.04463227093219757	0.02469646744430065	0.022574398666620255	0.12108635902404785	environment	nli		NA	0.038610927760601044	2011	Canada
SRR1635276	0.01449338998645544	0.012890687212347984	0.015428130514919758	0.013042638078331947	0.016944488510489464	0.018976924940943718	0.017723022028803825	0.015070739202201366	0.01495345775038004	0.03886215016245842	0.40160539746284485	0.1155686229467392	0.02205665595829487	0.015248388983309269	0.26713526248931885	environment	nli		NA	0.11333402991294861	2011	United Kingdom
SRR1635258	0.014382907189428806	0.012842490337789059	0.015430605039000511	0.013095785863697529	0.016947206109762192	0.018832266330718994	0.01762230694293976	0.01501439232379198	0.014897548593580723	0.03940343111753464	0.4034388065338135	0.11717831343412399	0.021974191069602966	0.015132151544094086	0.26380762457847595	environment	nli		NA	0.11407211422920227	2011	United Kingdom
SRR3619993	0.048591360449790955	0.03696636110544205	0.0683910995721817	0.04321805387735367	0.04627573490142822	0.06960391253232956	0.09739338606595993	0.029472149908542633	0.05052702873945236	0.03548083081841469	0.07195378094911575	0.02693972736597061	0.027151018381118774	0.05953538417816162	0.28850018978118896	other_animal	nli		NA	0.02922898903489113		unknown
SRR1816192	0.0502300038933754	0.0461837574839592	0.0687904953956604	0.03919564187526703	0.05132083594799042	0.08089685440063477	0.1022632047533989	0.029471077024936676	0.06411979347467422	0.03034725971519947	0.0634966716170311	0.025257231667637825	0.03052559681236744	0.059301119297742844	0.25860047340393066	other_animal	nli		NA	0.024869106709957123		unknown
SRR1635090	0.011583286337554455	0.009907708503305912	0.01213917974382639	0.009565443731844425	0.012696927413344383	0.014247685670852661	0.014931446872651577	0.011096108704805374	0.010924078524112701	0.03717285767197609	0.5449857115745544	0.13101927936077118	0.02400060184299946	0.013648445717990398	0.14208127558231354	environment	nli		NA	0.32985028624534607	2011	United Kingdom
SRR1635156	0.014215354807674885	0.012594107538461685	0.015250851400196552	0.012842502444982529	0.016684481874108315	0.018649272620677948	0.017349116504192352	0.014781629666686058	0.01472400315105915	0.038716886192560196	0.3997136652469635	0.11603966355323792	0.021760664880275726	0.0144957285374403	0.27218204736709595	environment	nli		NA	0.12116485834121704	2011	United Kingdom
SRR27474113	0.03283452242612839	0.029896173626184464	0.03400939330458641	0.03441028669476509	0.034544963389635086	0.040072862058877945	0.062066059559583664	0.02830512821674347	0.041832271963357925	0.07907421141862869	0.1409650295972824	0.05350428447127342	0.0382377915084362	0.09299039095640182	0.2572566568851471	other_animal	nli		NA	0.009859856218099594	2022	United States
SRR27474152	0.03377540037035942	0.03051353432238102	0.03498394414782524	0.03471169248223305	0.03444156423211098	0.040582075715065	0.06347158551216125	0.028664812445640564	0.04286321997642517	0.07611405104398727	0.13999517261981964	0.05365762114524841	0.03887525200843811	0.08985960483551025	0.25749051570892334	other_animal	nli		NA	0.009727273136377335	2022	United States
SRR1635049	0.009895212948322296	0.00863075815141201	0.010657564736902714	0.00873249489814043	0.011212744750082493	0.012435643002390862	0.012266780249774456	0.010090379044413567	0.009741801768541336	0.036550384014844894	0.5515888929367065	0.0822068527340889	0.020224502310156822	0.011705044656991959	0.2040608674287796	environment	nli		NA	0.3743903338909149	2011	United Kingdom
SRR3094499	0.021989179775118828	0.020818935707211494	0.03625403344631195	0.022075245156884193	0.022422881796956062	0.028623336926102638	0.02336168847978115	0.016150593757629395	0.01888195611536503	0.01739487424492836	0.05223667994141579	0.020496170967817307	0.015900202095508575	0.041403401643037796	0.6419908404350281	other_animal	nli		NA	0.1750439703464508	2013	unknown
SRR27474149	0.03340357542037964	0.03041430190205574	0.03500664606690407	0.034062400460243225	0.03500664606690407	0.041571419686079025	0.06363694369792938	0.028349243104457855	0.04214368388056755	0.07935229688882828	0.13764509558677673	0.05337876081466675	0.03799935430288315	0.08835115283727646	0.259678453207016	other_animal	nli		NA	0.010368157178163528	2022	United States
SRR1635207	0.014652327634394169	0.01308305561542511	0.015781177207827568	0.013341094367206097	0.017264658585190773	0.019487151876091957	0.018022669479250908	0.015415606088936329	0.01517660915851593	0.03959646448493004	0.4006919264793396	0.11279981583356857	0.022473422810435295	0.015295641496777534	0.2669183611869812	environment	nli		NA	0.11182183027267456	2011	United Kingdom
SRR1635219	0.014552430249750614	0.012993857264518738	0.01567358337342739	0.013198480010032654	0.017281437292695045	0.019354291260242462	0.017830008640885353	0.015191357582807541	0.015132131986320019	0.039557602256536484	0.4022580683231354	0.11357295513153076	0.022276652976870537	0.015250813215970993	0.2658763527870178	environment	nli		NA	0.11284428834915161	2011	United Kingdom
SRR1635233	0.014624355360865593	0.01300717145204544	0.01568964309990406	0.013160495087504387	0.017030945047736168	0.019223351031541824	0.017709381878376007	0.01532619260251522	0.015206921845674515	0.03959813341498375	0.4009045660495758	0.11391159892082214	0.02212594263255596	0.015029756352305412	0.26745152473449707	environment	nli		NA	0.11402278393507004	2011	United Kingdom
SRR12625727	0.002128089778125286	0.002144780708476901	0.9023743271827698	0.0022389478981494904	0.010352790355682373	0.0022831072565168142	0.001750518917106092	0.0030423998832702637	0.002643283223733306	0.0015752966282889247	0.05066050961613655	0.0043495334684848785	0.003264018800109625	0.0023372494615614414	0.008855211548507214	pig	nli		NA	0.972908079624176	2020	United States
SRR6856173	0.004125948064029217	0.003626941004768014	0.8909566402435303	0.004996322561055422	0.0035567895974963903	0.0033412945922464132	0.004366389941424131	0.0033412945922464132	0.003163474379107356	0.003188285743817687	0.028977353125810623	0.006749600637704134	0.005552070681005716	0.006026715040206909	0.028031012043356895	pig	nli		NA	0.9417078495025635	2010	United States
SRR6659229	0.0032215171959251165	0.003376120701432228	0.8432260155677795	0.003679088084027171	0.02072167955338955	0.0040644328109920025	0.002460392890498042	0.004678133875131607	0.0038481277879327536	0.002240213332697749	0.07789791375398636	0.0061372919008135796	0.004893075674772263	0.0034494397696107626	0.01610657013952732	pig	nli		NA	0.9540517926216125	2017	United States
SRR8951824	0.003269174601882696	0.003618646413087845	0.8473846316337585	0.003269174601882696	0.021653400734066963	0.0035625447053462267	0.0024628874380141497	0.004710395820438862	0.003966550808399916	0.002387112472206354	0.07502627372741699	0.006476182956248522	0.004898036830127239	0.0037117023020982742	0.013603386469185352	pig	nli		NA	0.9573974609375	2019	United States
SRR3215130	0.01384201180189848	0.012927399016916752	0.5605285167694092	0.054853249341249466	0.18672503530979156	0.04305480793118477	0.002941383747383952	0.014142615720629692	0.03032243810594082	0.003022921970114112	0.038782987743616104	0.005636542569845915	0.005792792420834303	0.00854448787868023	0.0188828706741333	pig	nli		NA	0.9161846041679382	2016	United States
SRR6376259	0.004010115750133991	0.0035389147233217955	0.8934318423271179	0.004430132452398539	0.003456935752183199	0.0032348299864679575	0.004227261990308762	0.003209656337276101	0.003098777262493968	0.003147576004266739	0.028607355430722237	0.00654731085523963	0.005755456164479256	0.005846091080456972	0.027457743883132935	pig	nli		NA	0.9418684244155884	2009	United States
SRR7496959	0.0042241900227963924	0.003749741008505225	0.8884339928627014	0.004987042397260666	0.00360609102062881	0.00344095635227859	0.004594279453158379	0.00345442327670753	0.0033220865298062563	0.0033744019456207752	0.029522817581892014	0.007032858207821846	0.00583044346421957	0.006062702275812626	0.02836410515010357	pig	nli		NA	0.9390807151794434	2010	United States
ERR4224796	0.001329458667896688	0.0011282969499006867	0.9598749279975891	0.0055104526691138744	0.0021961918100714684	0.001119516440667212	0.0009688606369309127	0.0008995566749945283	0.0009172988357022405	0.0008158625569194555	0.014002892188727856	0.0030372231267392635	0.001953333616256714	0.002292616292834282	0.003953556530177593	pig	nli		NA	0.9920311570167542	2004	Netherlands
SRR10768360	0.00398695282638073	0.003463924862444401	0.9004990458488464	0.004473905079066753	0.0032287328504025936	0.002974448259919882	0.004178290721029043	0.0031050420366227627	0.0029860897921025753	0.002974448259919882	0.02863721176981926	0.005666602402925491	0.0046703326515853405	0.005250996444374323	0.023903928697109222	pig	nli		NA	0.9484895467758179	2009	United States
SRR6998296	0.004146723076701164	0.003731647040694952	0.8893426656723022	0.004876500461250544	0.0036737932823598385	0.0034782772418111563	0.004545398056507111	0.003437754465267062	0.003280328121036291	0.003331985557451844	0.029553011059761047	0.006757140159606934	0.005712353158742189	0.005905203986912966	0.02822723053395748	pig	nli		NA	0.9388008117675781	2009	United States
SRR7367176	0.016075029969215393	0.016360098496079445	0.5761503577232361	0.09718181192874908	0.12177431583404541	0.037779223173856735	0.0032026732806116343	0.014465960673987865	0.035076823085546494	0.003343287855386734	0.039399437606334686	0.006185383535921574	0.006661919876933098	0.008688782341778278	0.017654966562986374	pig	nli		NA	0.913058340549469	2018	United States
SRR7543323	0.003247177693992853	0.0033306812401860952	0.8343178629875183	0.0034364089369773865	0.022320836782455444	0.003901574295014143	0.002543766051530838	0.004534753505140543	0.003871211549267173	0.002427278319373727	0.08548100292682648	0.0069825304672122	0.005416799336671829	0.003916844259947538	0.014271365478634834	pig	nli		NA	0.9543505907058716	2018	United States
SRR5876891	0.004337468184530735	0.003588871331885457	0.8981155753135681	0.004857734311372042	0.0032422749791294336	0.003069724189117551	0.0042785704135894775	0.0031059090979397297	0.003010350512340665	0.002963679376989603	0.027253488078713417	0.00675748148933053	0.0050512440502643585	0.0057462118566036224	0.024621473625302315	pig	nli		NA	0.9401885271072388	2010	United States
SRR7500598	0.004287071526050568	0.0037907238584011793	0.8868138194084167	0.00505140470340848	0.003631291212514043	0.003478563856333494	0.00469923997297883	0.0034921783953905106	0.0033715395256876945	0.0034112820867449045	0.030285891145467758	0.007040629629045725	0.005802786909043789	0.006225481163710356	0.028618156909942627	pig	nli		NA	0.9389688372612	2010	United States
SRR5427952	0.013887397013604641	0.013303310610353947	0.6298204660415649	0.04804762080311775	0.1293061524629593	0.039445776492357254	0.0030092315282672644	0.013969006948173046	0.028522929176688194	0.0033244166988879442	0.03856966271996498	0.006066954229027033	0.007447920273989439	0.008163978345692158	0.017115185037255287	pig	nli		NA	0.9190633296966553	2017	United States
SRR6398669	0.0038302200846374035	0.003366979071870446	0.8951789736747742	0.004399954341351986	0.003393386257812381	0.003162984037771821	0.004101207945495844	0.0031261341646313667	0.003041811753064394	0.0030897133983671665	0.029114680364727974	0.006643928121775389	0.005443839821964502	0.005828991997987032	0.026277247816324234	pig	nli		NA	0.9419218301773071	2009	United States
SRR17152128	0.001955631421878934	0.001705731963738799	0.8775714635848999	0.0022863647900521755	0.00304674101062119	0.001955631421878934	0.002757882233709097	0.0020335351582616568	0.0020899067167192698	0.0032814692240208387	0.06873670965433121	0.005692061968147755	0.0050134253688156605	0.0028789679054170847	0.018994521349668503	pig	nli		NA	0.9660599827766418	2019	South Korea
SRR10768380	0.004022866953164339	0.003522539744153619	0.8997806310653687	0.00436678109690547	0.0032833684235811234	0.003024780424311757	0.004199491813778877	0.003108630422502756	0.003024780424311757	0.003001241711899638	0.02897994965314865	0.005751246586441994	0.004740095231682062	0.0053086550906300545	0.023884858936071396	pig	nli		NA	0.9479140043258667	2009	United States
SRR8696153	0.014945386908948421	0.013370819389820099	0.5825929045677185	0.11480340361595154	0.10195878893136978	0.03670233115553856	0.0031449843663722277	0.014067341573536396	0.03964594751596451	0.0034071875270456076	0.03797848895192146	0.005979800131171942	0.006230164784938097	0.008532273583114147	0.016640251502394676	pig	nli		NA	0.9154316782951355	2019	United States
SRR5865333	0.0044272588565945625	0.003634657943621278	0.8980993032455444	0.004919709172099829	0.00328363967128098	0.00310888746753335	0.0043501160107553005	0.0030967670027166605	0.003013237379491329	0.002966521540656686	0.02760118432343006	0.006568673066794872	0.004977700766175985	0.0054990616627037525	0.0244532972574234	pig	nli		NA	0.9405171871185303	2010	United States
SRR9289356	0.0035549381282180548	0.0039658197201788425	0.8357241749763489	0.003950358834117651	0.021565008908510208	0.004172410350292921	0.0025655317585915327	0.005410056561231613	0.004321706015616655	0.0023177650291472673	0.08166414499282837	0.0062757753767073154	0.005132152698934078	0.0037255429197102785	0.015654517337679863	pig	nli		NA	0.9519079923629761	2019	United States
SRR6904941	0.0031783918384462595	0.00322844460606575	0.8466914892196655	0.0033636142034083605	0.021890724077820778	0.0036086314357817173	0.0024512787349522114	0.004302128218114376	0.003759718732908368	0.002284843008965254	0.07544225454330444	0.006572786718606949	0.005019882693886757	0.003708665957674384	0.01449717115610838	pig	nli		NA	0.9561863541603088	2018	United States
SRR7127921	0.004175209905952215	0.0036918134428560734	0.8910903334617615	0.004768238868564367	0.003606292186304927	0.0034277322702109814	0.004541007801890373	0.003401057794690132	0.003245311789214611	0.0032964178826659918	0.028310339897871017	0.006777034141123295	0.005542067810893059	0.006146503146737814	0.027980513870716095	pig	nli		NA	0.9403530955314636	2009	United States
SRR9010153	0.01450077909976244	0.013702274300158024	0.5895034074783325	0.09948268532752991	0.09996963292360306	0.04183664917945862	0.0032801011111587286	0.015167033299803734	0.034582335501909256	0.003652077168226242	0.04436125233769417	0.00618817238137126	0.006809664890170097	0.008846851997077465	0.018117142841219902	pig	nli		NA	0.9092645049095154	2019	United States
SRR3297736	0.0029022549279034138	0.0029943822883069515	0.8425107598304749	0.0032630928326398134	0.020583143457770348	0.0035768139641731977	0.002387329703196883	0.004116887226700783	0.0037265692371875048	0.0023048585280776024	0.08248826861381531	0.006604515947401524	0.004803737625479698	0.003507632063701749	0.01422970648854971	pig	nli		NA	0.9559813737869263	2016	United States
SRR7624020	0.0031441322062164545	0.003275771625339985	0.8441340923309326	0.003392983926460147	0.021070661023259163	0.003590711858123541	0.002482360228896141	0.004356677178293467	0.003822292434051633	0.0023502514231950045	0.0786702111363411	0.006565744522958994	0.004985209554433823	0.003733749268576503	0.014425181783735752	pig	nli		NA	0.9551102519035339	2018	United States
SRR11654067	0.014894196763634682	0.01393725536763668	0.5840093493461609	0.10534815490245819	0.10719016939401627	0.03867035359144211	0.0031960292253643274	0.015854788944125175	0.033993422985076904	0.0034828356001526117	0.04072454571723938	0.0061006392352283	0.006443559192121029	0.008536329492926598	0.017618341371417046	pig	nli		NA	0.9106249213218689	2019	United States
SRR9879527	0.0022008363157510757	0.002083709929138422	0.8904857039451599	0.003146400908008218	0.004788327496498823	0.0019960717763751745	0.0029042670503258705	0.0025831086095422506	0.002553014550358057	0.001980538247153163	0.04160791635513306	0.006257365457713604	0.006779053248465061	0.004160170443356037	0.02647344209253788	pig	nli		NA	0.9634031057357788	2018	United States
SRR5865320	0.0044170250184834	0.003683360991999507	0.8977749347686768	0.004908336326479912	0.003327639540657401	0.003162876470014453	0.004382650833576918	0.003138262778520584	0.003053613705560565	0.0029945513233542442	0.0268469899892807	0.006540701724588871	0.004937180317938328	0.005660505499690771	0.025171205401420593	pig	nli		NA	0.9382938742637634	2010	United States
SRR10045171	0.0038583530113101006	0.004051424562931061	0.8194544911384583	0.004304303787648678	0.03230559453368187	0.004915669560432434	0.0028785066679120064	0.005473125260323286	0.004654061980545521	0.002693564398214221	0.08042698353528976	0.007222444284707308	0.005602916702628136	0.004212814848870039	0.017945686355233192	pig	nli		NA	0.9399133324623108	2019	United States
SRR3583308	0.01439337432384491	0.011475397273898125	0.5693539977073669	0.13041836023330688	0.10663945227861404	0.03622029349207878	0.0029993890784680843	0.014309284277260303	0.03541582077741623	0.003112785518169403	0.03762638196349144	0.00605893274769187	0.006387021858245134	0.008362850174307823	0.01722661405801773	pig	nli		NA	0.9145963191986084	2016	United States
SRR5645350	0.004522776231169701	0.003641257295385003	0.8962223529815674	0.005329132545739412	0.0033154026605188847	0.0031883916817605495	0.004470084328204393	0.003163579385727644	0.003078247420489788	0.0030305231921374798	0.027116479352116585	0.006697297561913729	0.005065268836915493	0.005784718785434961	0.025374259799718857	pig	nli		NA	0.9421884417533875	2010	United States
SRR11544808	0.0030834150966256857	0.003181293373927474	0.8425132632255554	0.003353558946400881	0.021910706534981728	0.0037852649111300707	0.0025264599826186895	0.004486342892050743	0.0038750299718230963	0.002354919444769621	0.0790577381849289	0.006867629941552877	0.005133580882102251	0.0036688048858195543	0.014201982878148556	pig	nli		NA	0.9550684094429016	2020	United States
SRR6666794	0.003992382436990738	0.003537055104970932	0.8920907378196716	0.00470417644828558	0.003495846875011921	0.00330980122089386	0.004283200949430466	0.003271241206675768	0.0031705955043435097	0.0031954629812389612	0.029270367696881294	0.006685982923954725	0.00563016114756465	0.005865887738764286	0.02749696746468544	pig	nli		NA	0.939581573009491	2009	United States
ERR4223951	0.0012455858523026109	0.001103527843952179	0.964827835559845	0.0012025564210489392	0.0019405381754040718	0.0010366685455664992	0.0009041983284987509	0.0008494157227687538	0.0008729624096304178	0.0007794676930643618	0.014578777365386486	0.002752679167315364	0.0018480613362044096	0.0021146785002201796	0.003943031188100576	pig	nli		NA	0.9923785924911499	2017	Netherlands
ERR1163653	0.002937741344794631	0.0021788841113448143	0.9421352744102478	0.0022131965961307287	0.002239285269752145	0.0019379397854208946	0.0017303854692727327	0.0017102257115766406	0.001677146996371448	0.0017783534713089466	0.014774097129702568	0.003663226030766964	0.003157898085191846	0.0034345677122473717	0.014431855641305447	pig	nli		NA	0.9771755933761597	2008	United Kingdom
SRR8609085	0.014320794492959976	0.013826076872646809	0.5942490696907043	0.0731186717748642	0.11750125885009766	0.04321574047207832	0.0032968339510262012	0.015184972435235977	0.038249656558036804	0.003592686029151082	0.04283757880330086	0.00623190077021718	0.006467507220804691	0.009446997195482254	0.018460234627127647	pig	nli		NA	0.9136765003204346	2019	United States
SRR3583313	0.003174800192937255	0.0032437469344586134	0.8416150808334351	0.0032755788415670395	0.020864667370915413	0.0034529503900557756	0.0024437308311462402	0.004364938009530306	0.003829540219157934	0.0022956726606935263	0.08163964003324509	0.0066687483340501785	0.004946122877299786	0.0036756466142833233	0.014509099535644054	pig	nli		NA	0.9562272429466248	2016	United States
SRR6764260	0.0030090496875345707	0.0031167182605713606	0.8474647998809814	0.0032031165901571512	0.019736776128411293	0.0035317044239491224	0.002417839365079999	0.0042351605370640755	0.003796373028308153	0.002244887873530388	0.07737739384174347	0.006432671565562487	0.0048937187530100346	0.003524813335388899	0.015014947392046452	pig	nli		NA	0.95707768201828	2018	United States
SRR17412822	0.0025237593799829483	0.0026604197919368744	0.9100003838539124	0.002436575014144182	0.02563885599374771	0.0032596145756542683	0.0016615998465567827	0.0032153530046343803	0.0024992332328110933	0.001512903836555779	0.03077572211623192	0.003510742913931608	0.002558500971645117	0.0024034890811890364	0.00534279877319932	pig	nli		NA	0.9779045581817627	2021	United States
SRR5760705	0.004429418593645096	0.003566095372661948	0.8967840075492859	0.00502900080755353	0.00329809938557446	0.0031104041263461113	0.00432681106030941	0.0031104041263461113	0.0030147067736834288	0.0029448713175952435	0.02885524369776249	0.006610496900975704	0.004893352277576923	0.005799660459160805	0.02422746829688549	pig	nli		NA	0.9410611987113953	2010	United States
SRR12070098	NA	NA	NA	NA	NA	NA	NA	NA	NA	NA	NA	NA	NA	NA	NA	pig	host_tax_id	host_tax_id=9825; Sus scrofa domesticus	NA	0.08969350904226303	2016	Italy
SRR6666474	0.0040963138453662395	0.0035938643850386143	0.8897555470466614	0.004779731389135122	0.003469712333753705	0.00329791521653533	0.004335027653723955	0.00329791521653533	0.003196449251845479	0.0032089597079902887	0.03032706491649151	0.006753678899258375	0.005676071159541607	0.006053959019482136	0.02815772406756878	pig	nli		NA	0.9393594861030579	2009	United States
SRR12680074	0.01201277319341898	0.01089511252939701	0.6853405237197876	0.061694879084825516	0.0949270948767662	0.027417069301009178	0.0025427243672311306	0.013090778142213821	0.037916433066129684	0.0025229365564882755	0.02464861050248146	0.004480086266994476	0.004649462644010782	0.004872595891356468	0.012988905422389507	pig	nli		NA	0.9446893930435181	2020	United States
SRR11654077	0.013810727745294571	0.012723037973046303	0.5901215076446533	0.09809092432260513	0.11207806318998337	0.039651669561862946	0.003124010283499956	0.016020722687244415	0.033001046627759933	0.0033319927752017975	0.03907506912946701	0.006176539231091738	0.00691739609465003	0.007899913936853409	0.017977437004446983	pig	nli		NA	0.9125920534133911	2020	United States
SRR3113830	0.003089620964601636	0.0031567178666591644	0.8433849215507507	0.00396715197712183	0.02107252925634384	0.003633359679952264	0.002492296975106001	0.004548362456262112	0.0038526130374521017	0.002368894638493657	0.07875405251979828	0.006682771723717451	0.004985651466995478	0.0036690160632133484	0.014342178590595722	pig	nli		NA	0.9549004435539246	2015	United States
SRR20710162	0.0024931139778345823	0.0025225020945072174	0.9033505320549011	0.002411693800240755	0.028755957260727882	0.003201221814379096	0.0016902232309803367	0.0032579905819147825	0.002557226223871112	0.0015210362616926432	0.03391590341925621	0.0036487760953605175	0.002628115238621831	0.0024164090864360332	0.005629302933812141	pig	nli		NA	0.9776071906089783	2022	United States
SRR5861818	0.004340643994510174	0.0035427308175712824	0.8978957533836365	0.004842338617891073	0.0032383177895098925	0.0030779773369431496	0.00430686492472887	0.0030659777112305164	0.003006676444783807	0.0029600621201097965	0.028806494548916817	0.006541581824421883	0.004937845282256603	0.0055085644125938416	0.023928111419081688	pig	nli		NA	0.9401335716247559	2010	United States
ERR10497186	0.0015497184358537197	0.0014672440011054277	0.9702235460281372	0.0017153822118416429	0.0017594944220036268	0.0014000540832057595	0.0013101014774292707	0.001264843507669866	0.0011205890914425254	0.0012355432845652103	0.005304428748786449	0.002438049530610442	0.0017020327504724264	0.0033454610966145992	0.0041634938679635525	pig	nli		NA	0.9904958605766296	2017	Spain
SRR6659230	0.0030403381679207087	0.00314912642352283	0.8463010787963867	0.0032490903977304697	0.023178353905677795	0.00357540394179523	0.0024334562476724386	0.004312760662287474	0.0037690107710659504	0.0022771083749830723	0.0755917951464653	0.0062995897606015205	0.004755179397761822	0.003506249515339732	0.01456141285598278	pig	nli		NA	0.9551102519035339	2017	United States
SRR17066970	0.010972563177347183	0.009150030091404915	0.7404898405075073	0.05553312972187996	0.11068374663591385	0.010470091365277767	0.0020941500551998615	0.011037042364478111	0.01547379232943058	0.0016892827115952969	0.014765194617211819	0.003520767670124769	0.003005595877766609	0.0026524290442466736	0.008462394587695599	pig	nli		NA	0.9639160633087158	2021	United States
SRR11600456	0.003348260186612606	0.0036630083341151476	0.8403609991073608	0.0034612994641065598	0.020350966602563858	0.0036701695062220097	0.002542251953855157	0.0046576871536672115	0.003937516827136278	0.0024640350602567196	0.08135893195867538	0.006684872321784496	0.005155589897185564	0.003571172710508108	0.014773217029869556	pig	nli		NA	0.9532315135002136	2019	United States
SRR5815736	0.0030587376095354557	0.0031868023797869682	0.8415032625198364	0.003425623755902052	0.021777842193841934	0.003646557917818427	0.0024481830187141895	0.004407187458127737	0.0037918200250715017	0.002336072502657771	0.08099355548620224	0.0066030630841851234	0.004906979389488697	0.00360407424159348	0.014310179278254509	pig	nli		NA	0.9560635089874268	2017	United States
SRR6664291	0.004092521034181118	0.0036613536067306995	0.893282949924469	0.00464650010690093	0.0035210896749049425	0.003294861875474453	0.004364982713013887	0.0033077578991651535	0.0031686376314610243	0.0032059887889772654	0.027967307716608047	0.006800347473472357	0.005582897923886776	0.005942963529378176	0.027159838005900383	pig	nli		NA	0.9384632706642151	2009	United States
SRR9856028	0.003703212132677436	0.0038432173896580935	0.8226417899131775	0.004304199013859034	0.03134148567914963	0.004839341621845961	0.002811758080497384	0.005346210207790136	0.004519580863416195	0.002620846498757601	0.08003328740596771	0.0070411995984613895	0.005451654549688101	0.004075134173035622	0.01742713712155819	pig	nli		NA	0.9417077302932739	2019	United States
SRR7439653	0.0041570719331502914	0.003675775369629264	0.890691876411438	0.004850626923143864	0.0035211774520576	0.0033599310554564	0.004538977053016424	0.003373081563040614	0.003269302425906062	0.003294943831861019	0.028940463438630104	0.006827132776379585	0.005593952257186174	0.005828161723911762	0.028077464550733566	pig	nli		NA	0.9419218897819519	2010	United States
SRR12782933	0.002208414953202009	0.002225735690444708	0.9040850400924683	0.0021998051088303328	0.01057699415832758	0.0022170585580170155	0.0018165925284847617	0.0031634082552045584	0.0028301281854510307	0.0015906615881249309	0.04862178862094879	0.004323866683989763	0.0032258008141070604	0.0023325509391725063	0.00858225766569376	pig	nli		NA	0.9728565812110901	2020	United States
SRR2889269	0.0029959434177726507	0.0030312587041407824	0.8462491631507874	0.0038998229429125786	0.021498050540685654	0.0036563961766660213	0.002464395947754383	0.00441907811909914	0.0037872272077947855	0.0023607464972883463	0.07666511088609695	0.006530974060297012	0.004881929140537977	0.0037067290395498276	0.013853102922439575	pig	nli		NA	0.9552357196807861	2015	United States
SRR8635363	0.003425696399062872	0.0036824208218604326	0.8374221324920654	0.0033202990889549255	0.021149521693587303	0.003675235901027918	0.002511192811653018	0.004591806326061487	0.003821640508249402	0.0023406893014907837	0.08504825830459595	0.006681038998067379	0.005033272784203291	0.0035344399511814117	0.013762256130576134	pig	nli		NA	0.9568363428115845	2019	United States
SRR6212386	0.004106690641492605	0.0035749301314353943	0.8920096158981323	0.004671703092753887	0.0035332811530679464	0.003293379908427596	0.004397238604724407	0.003306269645690918	0.0031796086113899946	0.00321708875708282	0.028954986482858658	0.006917828228324652	0.005723889917135239	0.00585962925106287	0.02725386992096901	pig	nli		NA	0.9398581385612488	2010	United States
SRR5605553	0.014833115041255951	0.014126241207122803	0.5936650633811951	0.08871566504240036	0.11396878957748413	0.03908005356788635	0.0031643270049244165	0.01497868075966835	0.03565236181020737	0.003461784217506647	0.038965728133916855	0.00604012468829751	0.007650360930711031	0.008288185112178326	0.017409542575478554	pig	nli		NA	0.9163345098495483	2017	United States
SRR6289028	0.004067891743034124	0.003568928688764572	0.8939974904060364	0.004546933341771364	0.003486254718154669	0.0032878511119633913	0.004254795145243406	0.0032368777319788933	0.0031128746923059225	0.003137289546430111	0.02862546220421791	0.006641642190515995	0.005527665372937918	0.005930318497121334	0.026577845215797424	pig	nli		NA	0.9405171275138855	2009	United States
SRR18426075	0.002515039872378111	0.0027194065041840076	0.9042033553123474	0.0024234189186245203	0.027224699035286903	0.0033384007401764393	0.0017251870594918728	0.003286643186584115	0.0026408922858536243	0.0015404187142848969	0.03388168290257454	0.0037755221128463745	0.00269824406132102	0.002490598475560546	0.005536437034606934	pig	nli		NA	0.9771537780761719	2022	United States
SRR5195803	0.0032407166436314583	0.0034028817899525166	0.8400082588195801	0.003376399865373969	0.02154891937971115	0.0037740098778158426	0.0025140331126749516	0.004525729455053806	0.003893810324370861	0.0023617155384272337	0.08104728907346725	0.0067939250729978085	0.005058687180280685	0.0036722130607813597	0.014781443402171135	pig	nli		NA	0.9541373252868652	2016	United States
SRR9007403	0.0033077781554311514	0.0034530069679021835	0.8408073782920837	0.0034194502513855696	0.02030221000313759	0.0035695822443813086	0.002501723123714328	0.00451237428933382	0.0038445910904556513	0.0024247532710433006	0.08268404752016068	0.006604048423469067	0.00501429196447134	0.0036828923039138317	0.01387197244912386	pig	nli		NA	0.9554024338722229	2019	United States
SRR12070221	NA	NA	NA	NA	NA	NA	NA	NA	NA	NA	NA	NA	NA	NA	NA	pig	host_tax_id	host_tax_id=9825; Sus scrofa domesticus	NA	0.09309922903776169	2013	Italy
SRR8754469	0.013558918610215187	0.013400953263044357	0.5965864658355713	0.09499478340148926	0.10311585664749146	0.040007855743169785	0.0032968982122838497	0.0157901793718338	0.03342781588435173	0.0037068023812025785	0.041723646223545074	0.006354938261210918	0.006738422438502312	0.009228338487446308	0.018068209290504456	pig	nli		NA	0.9105454087257385	2019	United States
SRR6443378	0.003950590267777443	0.0034931993577629328	0.8922861218452454	0.004709803499281406	0.0034256349317729473	0.0032180859707295895	0.004230094607919455	0.0032055401243269444	0.003058747621253133	0.0031312836799770594	0.030353974550962448	0.006590200122445822	0.005582117475569248	0.005714492406696081	0.027050163596868515	pig	nli		NA	0.9425066709518433	2009	United States
SRR6261965	0.004102171864360571	0.0036414284259080887	0.8910281658172607	0.004630247596651316	0.0035156335216015577	0.003341562347486615	0.004461571574211121	0.0033155581913888454	0.0032135494984686375	0.003238753415644169	0.029178457334637642	0.006736970506608486	0.005695301573723555	0.005922177340835333	0.027978558093309402	pig	nli		NA	0.9405171871185303	2010	United States
SRR13921952	0.003617803333327174	0.0028619179502129555	0.8099721074104309	0.003161672968417406	0.002471950836479664	0.0022332214284688234	0.0035202191211283207	0.00234039593487978	0.002595647005364299	0.0025905820075422525	0.12333691120147705	0.008594319224357605	0.0068519883789122105	0.007152826990932226	0.01869853585958481	pig	nli		NA	0.9676862359046936	2009	United States
SRR23513629	0.0025575566105544567	0.0026130988262593746	0.9025854468345642	0.0024499890860170126	0.02659834921360016	0.0033684170339256525	0.001730529242195189	0.0032903875689953566	0.0026182071305811405	0.001557307899929583	0.03603750094771385	0.0037946177180856466	0.0027225050143897533	0.0024788687005639076	0.005597138311713934	pig	nli		NA	0.9769347310066223	2023	United States
SRR3185261	0.0029587852768599987	0.0030348729342222214	0.8456049561500549	0.0032943235710263252	0.02029876597225666	0.0035969687160104513	0.002377451164647937	0.0042465501464903355	0.003732957411557436	0.002313323086127639	0.0793091207742691	0.0066029285080730915	0.0048308055847883224	0.003432251513004303	0.01436589565128088	pig	nli		NA	0.95743727684021	2016	United States
SRR12070156	0.023215221241116524	0.026720557361841202	0.33651280403137207	0.020487360656261444	0.028666971251368523	0.023673100396990776	0.03857563063502312	0.023673100396990776	0.02267744205892086	0.024045895785093307	0.13152319192886353	0.04405474662780762	0.034646570682525635	0.09454776346683502	0.12697966396808624	pig	nli		NA	0.04312336817383766	2018	Italy
SRR6793679	0.0030800385866314173	0.003146927570924163	0.8415906429290771	0.0033498869743198156	0.021463382989168167	0.003686323529109359	0.002474880777299404	0.0044814301654696465	0.003885936690494418	0.002297848928719759	0.08021478354930878	0.006623124238103628	0.005018963944166899	0.003643376985564828	0.01504250057041645	pig	nli		NA	0.9548162221908569	2018	United States
SRR2727701	0.013626273721456528	0.012190679088234901	0.5754565596580505	0.12585675716400146	0.10551728308200836	0.03927520662546158	0.0029584220610558987	0.014820097014307976	0.03180603310465813	0.0032619077246636152	0.037513282150030136	0.005872044712305069	0.0070416564121842384	0.0077791945077478886	0.01702454313635826	pig	nli		NA	0.9154316782951355	2015	United States
SRR17656269	0.0026009895373135805	0.0026162744034081697	0.9045652151107788	0.002570686861872673	0.027691520750522614	0.0032623715233057737	0.0017496355576440692	0.003412264632061124	0.0026574747171252966	0.00156224868260324	0.032884493470191956	0.0037476399447768927	0.002688799984753132	0.0024625672958791256	0.005527846049517393	pig	nli		NA	0.9768023490905762	2021	United States
SRR13921953	0.003552461741492152	0.002848913660272956	0.8078679442405701	0.003178192535415292	0.0024131236132234335	0.002214407082647085	0.003456640290096402	0.0022936419118195772	0.002568756928667426	0.002583852270618081	0.12489274144172668	0.008324503898620605	0.006662847939878702	0.00699625676497817	0.020145729184150696	pig	nli		NA	0.9681411385536194	2009	United States
SRR5963909	0.004229758866131306	0.003696474013850093	0.8904744982719421	0.004811704158782959	0.003554864088073373	0.003392075188457966	0.00451135728508234	0.003392075188457966	0.0032748947851359844	0.00333948596380651	0.02834608405828476	0.007055897731333971	0.0057364036329090595	0.006058850325644016	0.028125490993261337	pig	nli		NA	0.9366915822029114	2010	United States
SRR7500639	0.004228244069963694	0.003746017115190625	0.8884187340736389	0.004895278252661228	0.003630763851106167	0.0034509922843426466	0.0046257134526968	0.003464499255642295	0.0033448163885623217	0.003357907524332404	0.029522309079766273	0.006916946265846491	0.005667542573064566	0.006116117350757122	0.028614001348614693	pig	nli		NA	0.9377260208129883	2010	United States
SRR5427944	0.0028499497566372156	0.002951925154775381	0.8544229865074158	0.003130057593807578	0.01880306750535965	0.0032357298769056797	0.0023079595994204283	0.004066449124366045	0.0035676630213856697	0.00221088994294405	0.07476808875799179	0.006128354929387569	0.004625924862921238	0.003254744689911604	0.013676250353455544	pig	nli		NA	0.958304226398468	2017	United States
SRR6860706	0.004145847633481026	0.003644433803856373	0.8917635679244995	0.004904122091829777	0.003644433803856373	0.0034102811478078365	0.004430504981428385	0.0034102811478078365	0.0032541132532060146	0.0032541132532060146	0.028111247345805168	0.006729375571012497	0.005644609685987234	0.005869465414434671	0.027783740311861038	pig	nli		NA	0.9405171275138855	2010	United States
SRR4301153	0.0028066951781511307	0.00291850115172565	0.8381746411323547	0.0032241828739643097	0.02448408678174019	0.0039813341572880745	0.0023177603725343943	0.004099700599908829	0.0036392344627529383	0.002264069626107812	0.0830310583114624	0.006513028871268034	0.004765033721923828	0.0033591745886951685	0.014421590603888035	pig	nli		NA	0.9581478238105774	2016	United States
SRR6930614	0.003607260063290596	0.0028647463768720627	0.8013267517089844	0.0032146358862519264	0.0024551376700401306	0.002235428197309375	0.0034962764475494623	0.002315415535122156	0.0025880825705826283	0.0024743936955928802	0.13083696365356445	0.008321861736476421	0.0065960050560534	0.007090314757078886	0.020576700568199158	pig	nli		NA	0.9673177599906921	2009	United States
SRR13921946	0.003622757038101554	0.002877053339034319	0.8047692775726318	0.0032792866695672274	0.0024512798991054296	0.0022232146002352238	0.0035044453106820583	0.002339027589187026	0.0025992009323090315	0.0025992009323090315	0.1277143806219101	0.008260244503617287	0.006728659383952618	0.006983046419918537	0.020048871636390686	pig	nli		NA	0.9676556587219238	2009	United States
SRR13276339	0.0019226489821448922	0.0019875585567206144	0.7481257915496826	0.001726820832118392	0.00944514386355877	0.0014712696429342031	0.0011548128677532077	0.001414906233549118	0.001366027514450252	0.0016477439785376191	0.20774704217910767	0.004150526598095894	0.005541679449379444	0.002572091994807124	0.00972595065832138	pig	nli		NA	0.9767802357673645	2018	United States
SRR10823769	0.003894909517839551	0.003397200722247362	0.9014516472816467	0.00435358053073287	0.003166539128869772	0.0029285699129104614	0.004057982936501503	0.0030333586037158966	0.0029285699129104614	0.002951539121568203	0.028667503967881203	0.005633951164782047	0.00467070983722806	0.005190239287912846	0.023673539981245995	pig	nli		NA	0.948250412940979	2009	United States
SRR7014281	0.004145630169659853	0.0037016314454376698	0.8934601545333862	0.004688448738306761	0.003518350888043642	0.0033311075530946255	0.004465019796043634	0.003305184654891491	0.0031538293696939945	0.003203494707122445	0.02703290805220604	0.006676657125353813	0.005677483044564724	0.006020087283104658	0.027619974687695503	pig	nli		NA	0.9416004419326782	2009	United States
SRR6745536	0.004102818667888641	0.003571559442207217	0.8911685943603516	0.0047500659711658955	0.0034481785260140896	0.0032646695617586374	0.004333440214395523	0.003239263780415058	0.003139602253213525	0.003189043840393424	0.029904302209615707	0.006738032214343548	0.005542553961277008	0.0058426810428500175	0.027765201404690742	pig	nli		NA	0.941439151763916	2009	United States
SRR5815730	0.0030462793074548244	0.0035893938038498163	0.8487831354141235	0.003293813206255436	0.020695917308330536	0.00348576158285141	0.0024145166389644146	0.004279193468391895	0.0037178276106715202	0.0023311057593673468	0.07588756829500198	0.006436388939619064	0.00483950087800622	0.0037323790602385998	0.01346709206700325	pig	nli		NA	0.958304226398468	2017	United States
SRR8420065	0.0032508820295333862	0.003778462065383792	0.8360856175422668	0.0034336161334067583	0.02208595722913742	0.003749057650566101	0.0025120871141552925	0.004460820462554693	0.003990850877016783	0.0023970501497387886	0.08363690972328186	0.0068019381724298	0.005114355590194464	0.0038454674649983644	0.014856797643005848	pig	nli		NA	0.9550683498382568	2018	United States
SRR6973039	0.004010978154838085	0.0035674376413226128	0.8901400566101074	0.004753860179334879	0.0035258757416158915	0.0033122538588941097	0.004353875759989023	0.003299340372905135	0.0031605749391019344	0.0031978306360542774	0.02963734231889248	0.006796303670853376	0.005767947528511286	0.005974333733320236	0.028501953929662704	pig	nli		NA	0.9417078495025635	2010	United States
SRR6213864	0.004132598638534546	0.0035764656495302916	0.8923927545547485	0.004682847764343023	0.00347999669611454	0.003256408963352442	0.0043905447237193584	0.003281949320808053	0.003156219841912389	0.003193424316123128	0.02840714529156685	0.006975080352276564	0.005782544147223234	0.005919673480093479	0.027372295036911964	pig	nli		NA	0.9408440589904785	2010	United States
SRR6793437	0.013618305325508118	0.012327166274189949	0.5645473003387451	0.11850900948047638	0.12292938679456711	0.0414181612432003	0.003032725304365158	0.014271860010921955	0.03184957802295685	0.0030865061562508345	0.03680211678147316	0.00583432475104928	0.00607859855517745	0.008037121966481209	0.017657848075032234	pig	nli		NA	0.914976954460144	2018	United States
SRR3350820	0.014586715027689934	0.013596314005553722	0.5849447250366211	0.09530328959226608	0.11323072016239166	0.040749963372945786	0.0031361684668809175	0.015527474693953991	0.037577301263809204	0.0032995399087667465	0.03854362666606903	0.006485469173640013	0.006298222579061985	0.008778438903391361	0.01794196479022503	pig	nli		NA	0.9133679866790771	2016	United States
SRR23979057	0.010503511875867844	0.008572717197239399	0.7363529801368713	0.058698419481515884	0.10978361964225769	0.011855635792016983	0.0020804181694984436	0.01113734021782875	0.01601594127714634	0.0016586539568379521	0.014134019613265991	0.003477246966212988	0.0029453427996486425	0.0025440084282308817	0.010240177623927593	pig	nli		NA	0.9640854597091675	2023	United States
SRR5876880	0.004259380977600813	0.003510521026328206	0.9002201557159424	0.00476097222417593	0.0032214350067079067	0.003061930648982525	0.004201543051749468	0.003061930648982525	0.002979340497404337	0.002921714447438717	0.026451045647263527	0.006661797873675823	0.004950628150254488	0.005653794854879379	0.024083951488137245	pig	nli		NA	0.9413853287696838	2010	United States
SRR6236257	0.0042891656048595905	0.0037047204095870256	0.8915899395942688	0.0048318663612008095	0.003590738633647561	0.003399642650038004	0.0045302617363631725	0.0033731863368302584	0.0032694044057279825	0.0033079429995268583	0.028913114219903946	0.00704406900331378	0.006228522397577763	0.006060518324375153	0.025866979733109474	pig	nli		NA	0.937839925289154	2010	United States
ERR4223940	0.0012599864276126027	0.0011032811598852277	0.9646120667457581	0.001235616160556674	0.002033211523666978	0.0010445653460919857	0.000900471699424088	0.000842616951558739	0.0008693645359016955	0.0007762552122585475	0.014776160009205341	0.0026726063806563616	0.001829692511819303	0.0021018539555370808	0.0039421492256224155	pig	nli		NA	0.9923638105392456	2017	Netherlands
SRR12070099	NA	NA	NA	NA	NA	NA	NA	NA	NA	NA	NA	NA	NA	NA	NA	pig	host_tax_id	host_tax_id=9825; Sus scrofa domesticus	NA	0.10034840553998947	2013	Italy
SRR12301966	0.0073612104170024395	0.005502534098923206	0.675704300403595	0.007275449577718973	0.007565269712358713	0.005710565019398928	0.0038942673709243536	0.003971075173467398	0.004065246321260929	0.0049614254385232925	0.21072068810462952	0.013592329807579517	0.011948422528803349	0.007275449577718973	0.030451836064457893	pig	nli		NA	0.8787831664085388	2015	Germany
SRR17900535	NA	NA	NA	NA	NA	NA	NA	NA	NA	NA	NA	NA	NA	NA	NA	sheep	host_tax_id	host_tax_id=9940; Ovis aries	NA	0.7472472190856934	2018	New Zealand
SRR26678371	NA	NA	NA	NA	NA	NA	NA	NA	NA	NA	NA	NA	NA	NA	NA	sheep	host_tax_id	host_tax_id=9940; Ovis aries	NA	0.236957386136055	2020	Ethiopia
SRR3094483	NA	NA	NA	NA	NA	NA	NA	NA	NA	NA	NA	NA	NA	NA	NA	sheep	host_tax_id	host_tax_id=9940; Ovis aries	NA	0.42472511529922485	2008	United Kingdom
SRR28199248	0.00789641309529543	0.007147761061787605	0.04017969220876694	0.013511186465620995	0.8616002202033997	0.0043778810650110245	0.002266783034428954	0.00648273853585124	0.004989942070096731	0.0018143104389309883	0.0311395563185215	0.004715163726359606	0.0031104518566280603	0.003947368822991848	0.006820441223680973	sheep	nli		NA	0.967132031917572	2024	United States
SRR3094464	NA	NA	NA	NA	NA	NA	NA	NA	NA	NA	NA	NA	NA	NA	NA	sheep	host_tax_id	host_tax_id=9940; Ovis aries	NA	0.16357900202274323	2008	United States
SRR3094423	NA	NA	NA	NA	NA	NA	NA	NA	NA	NA	NA	NA	NA	NA	NA	sheep	host_tax_id	host_tax_id=9940; Ovis aries	NA	0.34958821535110474	2005	United States
ERR4224567	0.0013163379626348615	0.001166210975497961	0.0014684811467304826	0.0010453846771270037	0.9578559994697571	0.0031824971083551645	0.001066002994775772	0.001005336525849998	0.0008941648993641138	0.0009630534914322197	0.02099711261689663	0.0028751466888934374	0.0016128112329170108	0.0018133323173969984	0.002738131210207939	sheep	nli		NA	0.9917483925819397	2018	Netherlands
SRR10218167	0.004453499335795641	0.0032265856862068176	0.006004554219543934	0.004541336093097925	0.6306903958320618	0.0059811449609696865	0.003164177993312478	0.002792377257719636	0.0025227025616914034	0.0041268658824265	0.29886409640312195	0.011328072287142277	0.005026801489293575	0.0031518416944891214	0.014125575311481953	sheep	nli		NA	0.9107043743133545	2014	United Kingdom
SRR17925224	NA	NA	NA	NA	NA	NA	NA	NA	NA	NA	NA	NA	NA	NA	NA	sheep	host_tax_id	host_tax_id=9940; Ovis aries	NA	0.7615385055541992	2018	New Zealand
SRR28440137	0.0024445313028991222	0.0025025017093867064	0.003845787374302745	0.0021572913974523544	0.8996955752372742	0.0023371484130620956	0.0018706298433244228	0.0019000880420207977	0.0018201727652922273	0.0016315922839567065	0.06428875029087067	0.0054659657180309296	0.0031022713519632816	0.0028916350565850735	0.004046124871820211	sheep	nli		NA	0.981364369392395	2024	United States
SRR14228718	0.0026190453208982944	0.0024603651836514473	0.0037296912632882595	0.001839132746681571	0.9019928574562073	0.0021543679758906364	0.001727705355733633	0.001748071052134037	0.0016615180065855384	0.0014952044002711773	0.06373311579227448	0.005394964013248682	0.0029446715489029884	0.0026811540592461824	0.003818138502538204	sheep	nli		NA	0.9826076626777649	2021	United States
SRR3094452	NA	NA	NA	NA	NA	NA	NA	NA	NA	NA	NA	NA	NA	NA	NA	sheep	host_tax_id	host_tax_id=9940; Ovis aries	NA	0.12368280440568924	2009	United States
ERR4224309	0.0012589386897161603	0.0010980658698827028	0.0013989722356200218	0.0010355747072026134	0.9581789374351501	0.002848166273906827	0.0010518826311454177	0.0010076418984681368	0.000885773915797472	0.0009540161117911339	0.021107003092765808	0.0029965348076075315	0.0016323728486895561	0.0017963157733902335	0.002749775070697069	sheep	nli		NA	0.9917643666267395	2016	Netherlands
SRR12063032	NA	NA	NA	NA	NA	NA	NA	NA	NA	NA	NA	NA	NA	NA	NA	sheep	host_tax_id	host_tax_id=9940; Ovis aries	NA	0.8113772869110107	2016	New Zealand
SRR28440155	0.00977607537060976	0.008025889284908772	0.04254835471510887	0.01172330416738987	0.8587896823883057	0.004091224633157253	0.0022156881168484688	0.006640713196247816	0.004171916749328375	0.0017391137080267072	0.031805068254470825	0.004773793276399374	0.003155284794047475	0.003638810245320201	0.006905249319970608	sheep	nli		NA	0.9683812260627747	2024	United States
SRR11654312	0.0109064606949687	0.010447748936712742	0.05254242569208145	0.009662589058279991	0.7927343845367432	0.007703686598688364	0.0027900906279683113	0.009795600548386574	0.006336880382150412	0.0030643148347735405	0.060063961893320084	0.008594083599746227	0.007222823332995176	0.006771974731236696	0.011363095603883266	sheep	nli		NA	0.9574770331382751	2020	United States
SRR29740313	0.002456248737871647	0.002504693577066064	0.00393274798989296	0.0022147060371935368	0.9004836678504944	0.002348350826650858	0.001920415204949677	0.00194305251352489	0.0018540736055001616	0.0016684855800122023	0.06273186951875687	0.005589561071246862	0.003160051302984357	0.0029397448524832726	0.004252314101904631	sheep	nli		NA	0.9805247783660889	2024	United States
SRR12063017	NA	NA	NA	NA	NA	NA	NA	NA	NA	NA	NA	NA	NA	NA	NA	sheep	host_tax_id	host_tax_id=9940; Ovis aries	NA	0.7981867790222168	2016	New Zealand
SRR17925216	NA	NA	NA	NA	NA	NA	NA	NA	NA	NA	NA	NA	NA	NA	NA	sheep	host_tax_id	host_tax_id=9940; Ovis aries	NA	0.8079915046691895	2018	New Zealand
SRR29740293	0.009314767085015774	0.008140367455780506	0.04374931752681732	0.011821053922176361	0.8566978573799133	0.004125337582081556	0.0022254525683820248	0.006540968548506498	0.003944119904190302	0.001733184210024774	0.03299148380756378	0.0049567073583602905	0.0031815937254577875	0.003669150872156024	0.006908639334142208	sheep	nli		NA	0.9679296016693115	2024	United States
SRR12347652	NA	NA	NA	NA	NA	NA	NA	NA	NA	NA	NA	NA	NA	NA	NA	sheep	host_tax_id	host_tax_id=9940; Ovis aries	NA	0.734595775604248	2017	New Zealand
SRR13699956	0.010055485181510448	0.008719310164451599	0.03911541774868965	0.011022240854799747	0.859508216381073	0.004418731201440096	0.0022393041290342808	0.005969325080513954	0.004249452147632837	0.001730400021187961	0.033489879220724106	0.0049875578843057156	0.0031951493583619595	0.00363474921323359	0.007664765231311321	sheep	nli		NA	0.968856155872345	2020	United States
SRR13362775	NA	NA	NA	NA	NA	NA	NA	NA	NA	NA	NA	NA	NA	NA	NA	sheep	host_tax_id	host_tax_id=9940; Ovis aries	NA	0.7502784132957458	2015	Spain
SRR12347669	NA	NA	NA	NA	NA	NA	NA	NA	NA	NA	NA	NA	NA	NA	NA	sheep	host_tax_id	host_tax_id=9940; Ovis aries	NA	0.6925379633903503	2017	New Zealand
SRR13362783	NA	NA	NA	NA	NA	NA	NA	NA	NA	NA	NA	NA	NA	NA	NA	sheep	host_tax_id	host_tax_id=9940; Ovis aries	NA	0.739093005657196	2016	Spain
SRR17929619	NA	NA	NA	NA	NA	NA	NA	NA	NA	NA	NA	NA	NA	NA	NA	sheep	host_tax_id	host_tax_id=9940; Ovis aries	NA	0.7511921525001526	2018	New Zealand
SRR12347663	NA	NA	NA	NA	NA	NA	NA	NA	NA	NA	NA	NA	NA	NA	NA	sheep	host_tax_id	host_tax_id=9940; Ovis aries	NA	0.6312533617019653	2017	New Zealand
SRR27218469	NA	NA	NA	NA	NA	NA	NA	NA	NA	NA	NA	NA	NA	NA	NA	sheep	host_tax_id	host_tax_id=9940; Ovis aries	NA	0.16844619810581207	2022	Ethiopia
SRR17925366	NA	NA	NA	NA	NA	NA	NA	NA	NA	NA	NA	NA	NA	NA	NA	sheep	host_tax_id	host_tax_id=9940; Ovis aries	NA	0.8167720437049866	2018	New Zealand
SRR17974198	NA	NA	NA	NA	NA	NA	NA	NA	NA	NA	NA	NA	NA	NA	NA	sheep	host_tax_id	host_tax_id=9940; Ovis aries	NA	0.7461390495300293	2019	New Zealand
SRR17898865	NA	NA	NA	NA	NA	NA	NA	NA	NA	NA	NA	NA	NA	NA	NA	sheep	host_tax_id	host_tax_id=9940; Ovis aries	NA	0.8378190994262695	2018	New Zealand
SRR26351318	NA	NA	NA	NA	NA	NA	NA	NA	NA	NA	NA	NA	NA	NA	NA	sheep	host_tax_id	host_tax_id=9940; Ovis aries	NA	0.2948744595050812	2022	Ethiopia
SRR12625725	0.009899349883198738	0.011641524732112885	0.03603393957018852	0.006441629957407713	0.8297961354255676	0.006194854620844126	0.002333003329113126	0.007861679419875145	0.005934307351708412	0.0023883292451500893	0.0577792190015316	0.006267877761274576	0.004997187294065952	0.004929332062602043	0.007501666899770498	sheep	nli		NA	0.9634031057357788	2020	United States
SRR17900361	NA	NA	NA	NA	NA	NA	NA	NA	NA	NA	NA	NA	NA	NA	NA	sheep	host_tax_id	host_tax_id=9940; Ovis aries	NA	0.8267817497253418	2018	New Zealand
SRR17900429	NA	NA	NA	NA	NA	NA	NA	NA	NA	NA	NA	NA	NA	NA	NA	sheep	host_tax_id	host_tax_id=9940; Ovis aries	NA	0.8161867260932922	2018	New Zealand
SRR12625708	0.012111893855035305	0.011512192897498608	0.03723446652293205	0.0077440314926207066	0.8294397592544556	0.005534409545361996	0.0021630770061165094	0.006996148731559515	0.0051485709846019745	0.0019089088309556246	0.05781083554029465	0.0060546621680259705	0.004660440143197775	0.00421858811751008	0.007461921777576208	sheep	nli		NA	0.9687380790710449	2020	United States
SRR17899234	NA	NA	NA	NA	NA	NA	NA	NA	NA	NA	NA	NA	NA	NA	NA	sheep	host_tax_id	host_tax_id=9940; Ovis aries	NA	0.7293752431869507	2018	New Zealand
SRR12063018	NA	NA	NA	NA	NA	NA	NA	NA	NA	NA	NA	NA	NA	NA	NA	sheep	host_tax_id	host_tax_id=9940; Ovis aries	NA	0.8038675785064697	2016	New Zealand
SRR17900362	NA	NA	NA	NA	NA	NA	NA	NA	NA	NA	NA	NA	NA	NA	NA	sheep	host_tax_id	host_tax_id=9940; Ovis aries	NA	0.8252379298210144	2018	New Zealand
SRR13238488	0.002598065184429288	0.00250341952778399	0.003699814435094595	0.0017786609241738915	0.9000256657600403	0.002124624792486429	0.0017374582821503282	0.001710521406494081	0.0016514306189492345	0.0014919433742761612	0.06570899486541748	0.005543242208659649	0.0029903545510023832	0.0027068420313298702	0.003728832583874464	sheep	nli		NA	0.9832144975662231	2020	United States
SRR14882958	0.009292387403547764	0.007870959118008614	0.04091993346810341	0.01097051426768303	0.8621841073036194	0.003919304348528385	0.0022114503663033247	0.006299836095422506	0.0038660853169858456	0.0017290200339630246	0.03243361786007881	0.004783310927450657	0.00310042523778975	0.0036603359039872885	0.006758737377822399	sheep	nli		NA	0.9678992629051208	2021	United States
SRR18678775	0.007702329196035862	0.008377145044505596	0.041476067155599594	0.009254561737179756	0.8662547469139099	0.004329062066972256	0.002202448435127735	0.005928694736212492	0.004671698436141014	0.0017559449188411236	0.030079005286097527	0.004653485491871834	0.00302217248827219	0.0037685073912143707	0.006524126976728439	sheep	nli		NA	0.9692951440811157	2022	United States
SRR19486036	0.0024959531147032976	0.002525374758988619	0.003540542908012867	0.0017020921222865582	0.9114724397659302	0.0020773163996636868	0.0017288961680606008	0.0017561224522069097	0.001649724435992539	0.0015257456107065082	0.05549168586730957	0.005091442726552486	0.002762768417596817	0.0024765292182564735	0.0037032170221209526	sheep	nli		NA	0.983020007610321	2022	United States
SRR27218413	NA	NA	NA	NA	NA	NA	NA	NA	NA	NA	NA	NA	NA	NA	NA	sheep	host_tax_id	host_tax_id=9940; Ovis aries	NA	0.2240554243326187	2022	Ethiopia
SRR11544459	0.011118766851723194	0.010609600692987442	0.05263187363743782	0.011471712961792946	0.7833009958267212	0.007686716970056295	0.0028723159339278936	0.010506494902074337	0.006743873003870249	0.003148466581478715	0.06483320891857147	0.008881984278559685	0.0075971633195877075	0.007012518122792244	0.011584291234612465	sheep	nli		NA	0.9515490531921387	2020	United States
SRR12347670	NA	NA	NA	NA	NA	NA	NA	NA	NA	NA	NA	NA	NA	NA	NA	sheep	host_tax_id	host_tax_id=9940; Ovis aries	NA	0.6313954591751099	2017	New Zealand
SRR5397411	0.00426575867459178	0.002195824170485139	0.5775662064552307	0.014600981026887894	0.016658568754792213	0.33953365683555603	0.0012462652521207929	0.025450944900512695	0.0016317979898303747	0.0010870118858292699	0.005585373379290104	0.0013581027742475271	0.001241406542249024	0.0045944033190608025	0.0029838012997061014	pig	nli		NA	0.9612438082695007	2009	United States
SRR22956824	NA	NA	NA	NA	NA	NA	NA	NA	NA	NA	NA	NA	NA	NA	NA	sheep	host_tax_id	host_tax_id=9940; Ovis aries	NA	0.6302298903465271	2022	Canada
SRR3094432	NA	NA	NA	NA	NA	NA	NA	NA	NA	NA	NA	NA	NA	NA	NA	sheep	host_tax_id	host_tax_id=9940; Ovis aries	NA	0.13034075498580933	2009	United States
ERR4224861	0.0012536341091617942	0.0011281486367806792	0.0014514036010950804	0.0010977188358083367	0.9578762054443359	0.003434458514675498	0.0010639455867931247	0.0009955876739695668	0.0008751777349971235	0.0009839888662099838	0.020692218095064163	0.0028921039775013924	0.0016607956495136023	0.001747310976497829	0.0028472659178078175	sheep	nli		NA	0.9915870428085327	2016	Netherlands
SRR22956826	NA	NA	NA	NA	NA	NA	NA	NA	NA	NA	NA	NA	NA	NA	NA	sheep	host_tax_id	host_tax_id=9940; Ovis aries	NA	0.22592854499816895	2022	Canada
SRR28764814	0.007823699153959751	0.006810636725276709	0.03772789239883423	0.013624164275825024	0.8654175996780396	0.004043057560920715	0.0022591077722609043	0.00643559917807579	0.0049247173592448235	0.0018152439733967185	0.030552977696061134	0.0047268131747841835	0.0031181366648525	0.0038428721018135548	0.006877472624182701	sheep	nli		NA	0.9675332307815552	2024	United States
SRR28886138	0.007007202133536339	0.006952671799808741	0.03718419745564461	0.010056977160274982	0.8706187009811401	0.0047320593148469925	0.0021877551916986704	0.005912192165851593	0.004515362437814474	0.0017925823340192437	0.030887048691511154	0.004658695310354233	0.003031470812857151	0.003750685602426529	0.006712488830089569	sheep	nli		NA	0.9697568416595459	2024	United States
SRR5230112	0.007342844270169735	0.00339478999376297	0.7424363493919373	0.017206523567438126	0.030021965503692627	0.10976219177246094	0.0019840344320982695	0.04380986467003822	0.0026284188497811556	0.0017784772207960486	0.023702992126345634	0.0025876688305288553	0.002365320920944214	0.006256180815398693	0.0047224136069417	pig	nli		NA	0.9408984184265137	1905	unknown
SRR3094486	NA	NA	NA	NA	NA	NA	NA	NA	NA	NA	NA	NA	NA	NA	NA	sheep	host_tax_id	host_tax_id=9940; Ovis aries	NA	0.41125866770744324	2005	United Kingdom
SRR29205960	0.002648783614858985	0.0025874245911836624	0.0037208206485956907	0.0017852694727480412	0.9016069769859314	0.0022174683399498463	0.001792256603948772	0.001792256603948772	0.0017101833363994956	0.0015571394469588995	0.06376808881759644	0.005236960016191006	0.002966497093439102	0.002680006669834256	0.003929969854652882	sheep	nli		NA	0.9820482730865479	2024	United States
SRR3094446	NA	NA	NA	NA	NA	NA	NA	NA	NA	NA	NA	NA	NA	NA	NA	sheep	host_tax_id	host_tax_id=9940; Ovis aries	NA	0.12341843545436859	2007	United States
SRR3619966	0.007991711609065533	0.005633864551782608	0.5041813850402832	0.13158783316612244	0.00865799468010664	0.30047306418418884	0.0017797125037759542	0.010775048285722733	0.010221554897725582	0.0009809327311813831	0.00480011198669672	0.0015074751572683454	0.0016427532536908984	0.0030630789697170258	0.006703459192067385	pig	nli		NA	0.9683812260627747		unknown
SRR26678370	NA	NA	NA	NA	NA	NA	NA	NA	NA	NA	NA	NA	NA	NA	NA	sheep	host_tax_id	host_tax_id=9940; Ovis aries	NA	0.2620384395122528	2020	Ethiopia
SRR17900439	NA	NA	NA	NA	NA	NA	NA	NA	NA	NA	NA	NA	NA	NA	NA	sheep	host_tax_id	host_tax_id=9940; Ovis aries	NA	0.7524220943450928	2018	New Zealand
SRR3094408	NA	NA	NA	NA	NA	NA	NA	NA	NA	NA	NA	NA	NA	NA	NA	sheep	host_tax_id	host_tax_id=9940; Ovis aries	NA	0.17258980870246887	1993	United States
SRR17898893	NA	NA	NA	NA	NA	NA	NA	NA	NA	NA	NA	NA	NA	NA	NA	sheep	host_tax_id	host_tax_id=9940; Ovis aries	NA	0.7576150894165039	2018	New Zealand
SRR12625734	0.0021315678022801876	0.00205793185159564	0.0029021489899605513	0.0012777989031746984	0.8924469947814941	0.0016407263465225697	0.0014880741946399212	0.001470737624913454	0.0014536029193550348	0.0012928610667586327	0.07797162979841232	0.00495604332536459	0.0032629736233502626	0.002396585885435343	0.00325025268830359	sheep	nli		NA	0.9851290583610535	2020	United States
ERR4224617	0.0012737222714349627	0.0011417573550716043	0.0014405001420527697	0.0010355288395658135	0.9581366777420044	0.003031722502782941	0.001051836065016687	0.0009958583395928144	0.0008788418490439653	0.0009465499897487462	0.021188676357269287	0.002836936619132757	0.0015728368889540434	0.0017614938551560044	0.0027070236392319202	sheep	nli		NA	0.9919223785400391	2018	Netherlands
SRR19139531	0.0023475014604628086	0.002503787400200963	0.00374397705309093	0.0018104689661413431	0.9001579284667969	0.002297604689374566	0.0018534029368311167	0.0018679393688216805	0.0018104689661413431	0.001610264298506081	0.06460507214069366	0.005511666648089886	0.0030917648691684008	0.0027714401949197054	0.004016701132059097	sheep	nli		NA	0.9814356565475464	2022	United States
SRR12063034	NA	NA	NA	NA	NA	NA	NA	NA	NA	NA	NA	NA	NA	NA	NA	sheep	host_tax_id	host_tax_id=9940; Ovis aries	NA	0.8077641129493713	2016	New Zealand
SRR13350071	0.002621944062411785	0.0026684401091188192	0.003719262545928359	0.0018519880250096321	0.89771568775177	0.0021609689574688673	0.0017397816991433501	0.0017671793466433883	0.001679680310189724	0.0015056557022035122	0.06737364083528519	0.005605126731097698	0.0030415081419050694	0.0027639211621135473	0.00378521834500134	sheep	nli		NA	0.9822876453399658	2020	United States
SRR17900545	NA	NA	NA	NA	NA	NA	NA	NA	NA	NA	NA	NA	NA	NA	NA	sheep	host_tax_id	host_tax_id=9940; Ovis aries	NA	0.7360687255859375	2018	New Zealand
SRR17925265	NA	NA	NA	NA	NA	NA	NA	NA	NA	NA	NA	NA	NA	NA	NA	sheep	host_tax_id	host_tax_id=9940; Ovis aries	NA	0.8172829747200012	2018	New Zealand
SRR5209489	NA	NA	NA	NA	NA	NA	NA	NA	NA	NA	NA	NA	NA	NA	NA	sheep	host_tax_id	host_tax_id=9940; Ovis aries	NA	0.9607312083244324	2005	Canada
SRR27218412	NA	NA	NA	NA	NA	NA	NA	NA	NA	NA	NA	NA	NA	NA	NA	sheep	host_tax_id	host_tax_id=9940; Ovis aries	NA	0.2037075310945511	2022	Ethiopia
SRR3094413	NA	NA	NA	NA	NA	NA	NA	NA	NA	NA	NA	NA	NA	NA	NA	sheep	host_tax_id	host_tax_id=9940; Ovis aries	NA	0.07504072785377502	2003	United States
SRR17925218	NA	NA	NA	NA	NA	NA	NA	NA	NA	NA	NA	NA	NA	NA	NA	sheep	host_tax_id	host_tax_id=9940; Ovis aries	NA	0.8277585506439209	2018	New Zealand
SRR13362754	NA	NA	NA	NA	NA	NA	NA	NA	NA	NA	NA	NA	NA	NA	NA	sheep	host_tax_id	host_tax_id=9940; Ovis aries	NA	0.7586000561714172	2014	Spain
SRR10218159	0.004564615897834301	0.0031803976744413376	0.00630031805485487	0.004381183069199324	0.6728339791297913	0.0072800032794475555	0.0031188835855573416	0.0028287044260650873	0.0025755648966878653	0.004313258919864893	0.2564410865306854	0.010509912855923176	0.00497423717752099	0.0030705295503139496	0.013627427630126476	sheep	nli		NA	0.9198587536811829	2014	United Kingdom
SRR20307428	0.0026115919463336468	0.002785460324957967	0.003675749059766531	0.0017949191387742758	0.9064803719520569	0.002233813051134348	0.0018231850117444992	0.0018446760950610042	0.001767091453075409	0.0016026822850108147	0.05817615985870361	0.005432404577732086	0.002976712305098772	0.002694492693990469	0.004100594203919172	sheep	nli		NA	0.9813286066055298	2022	United States
SRR17900435	NA	NA	NA	NA	NA	NA	NA	NA	NA	NA	NA	NA	NA	NA	NA	sheep	host_tax_id	host_tax_id=9940; Ovis aries	NA	0.7311065793037415	2018	New Zealand
SRR17964877	NA	NA	NA	NA	NA	NA	NA	NA	NA	NA	NA	NA	NA	NA	NA	sheep	host_tax_id	host_tax_id=9940; Ovis aries	NA	0.7526949048042297	2018	New Zealand
SRR29740282	0.007435720879584551	0.007263473235070705	0.040989950299263	0.009199840947985649	0.8687347173690796	0.004371235147118568	0.0022152340970933437	0.005824976600706577	0.004698819015175104	0.0017661385936662555	0.02912304922938347	0.00465315580368042	0.0030101765878498554	0.0038500744849443436	0.006863499991595745	sheep	nli		NA	0.9688856601715088	2024	United States
SRR17898864	NA	NA	NA	NA	NA	NA	NA	NA	NA	NA	NA	NA	NA	NA	NA	sheep	host_tax_id	host_tax_id=9940; Ovis aries	NA	0.8043290972709656	2018	New Zealand
SRR20124469	0.002367965877056122	0.0025603817775845528	0.003934735897928476	0.0018952960381284356	0.8974265456199646	0.0023912040051072836	0.001902714022435248	0.0019251425983384252	0.0018441735301166773	0.0016725928289815784	0.06596865504980087	0.0057586501352488995	0.0031989174894988537	0.002906964160501957	0.004246162716299295	sheep	nli		NA	0.980280876159668	2022	United States
SRR3094482	NA	NA	NA	NA	NA	NA	NA	NA	NA	NA	NA	NA	NA	NA	NA	sheep	host_tax_id	host_tax_id=9940; Ovis aries	NA	0.12442562729120255	2013	United States
SRR13362760	NA	NA	NA	NA	NA	NA	NA	NA	NA	NA	NA	NA	NA	NA	NA	sheep	host_tax_id	host_tax_id=9940; Ovis aries	NA	0.7402213215827942	2014	Spain
SRR18959246	0.00793036911636591	0.007868655025959015	0.0450604222714901	0.009773592464625835	0.8585715293884277	0.004643848631531	0.0021261086221784353	0.0061761788092553616	0.004625743720680475	0.0017557343235239387	0.03322547674179077	0.004857215099036694	0.0030574302654713392	0.0039181578904390335	0.006409677676856518	sheep	nli		NA	0.9693242311477661	2022	United States
SRR5397416	0.004310972522944212	0.002504764823243022	0.4440464377403259	0.010732460767030716	0.02003130502998829	0.480128675699234	0.0012718344805762172	0.015970351174473763	0.0018005939200520515	0.0011267829686403275	0.008196782320737839	0.0014133023796603084	0.0012521165190264583	0.003701802110299468	0.003511647926643491	goat	nli		NA	0.9535353183746338	2009	United States
SRR17974194	NA	NA	NA	NA	NA	NA	NA	NA	NA	NA	NA	NA	NA	NA	NA	sheep	host_tax_id	host_tax_id=9940; Ovis aries	NA	0.745352029800415	2019	New Zealand
SRR3094418	NA	NA	NA	NA	NA	NA	NA	NA	NA	NA	NA	NA	NA	NA	NA	sheep	host_tax_id	host_tax_id=9940; Ovis aries	NA	0.12490516901016235	2004	United States
SRR29740290	0.007678081747144461	0.012438439764082432	0.03768228739500046	0.008700406178832054	0.8669073581695557	0.004391961731016636	0.0021826880984008312	0.005750617478042841	0.004566917661577463	0.0017607033951207995	0.030131081119179726	0.004647905007004738	0.003012658329680562	0.0038083570543676615	0.006340537220239639	sheep	nli		NA	0.9695556163787842	2024	United States
SRR18982390	0.0022811417002230883	0.002285601571202278	0.0038576831575483084	0.0018545553321018815	0.9042428731918335	0.0021766808349639177	0.001728635630570352	0.0018045316683128476	0.001695200684480369	0.0015616919845342636	0.06144442781805992	0.005472174379974604	0.0029520168900489807	0.0027089230716228485	0.003933768719434738	sheep	nli		NA	0.981364369392395	2022	United States
SRR17964955	NA	NA	NA	NA	NA	NA	NA	NA	NA	NA	NA	NA	NA	NA	NA	sheep	host_tax_id	host_tax_id=9940; Ovis aries	NA	0.7544177770614624	2019	New Zealand
SRR12347676	NA	NA	NA	NA	NA	NA	NA	NA	NA	NA	NA	NA	NA	NA	NA	sheep	host_tax_id	host_tax_id=9940; Ovis aries	NA	0.6202191114425659	2017	New Zealand
SRR17900532	NA	NA	NA	NA	NA	NA	NA	NA	NA	NA	NA	NA	NA	NA	NA	sheep	host_tax_id	host_tax_id=9940; Ovis aries	NA	0.7545082569122314	2018	New Zealand
SRR28886116	0.0024105955380946398	0.002511523198336363	0.0040291110053658485	0.001903217169456184	0.8959123492240906	0.0024105955380946398	0.0019256516825407743	0.0018957972060889006	0.001823170343413949	0.0016861569602042437	0.06725471466779709	0.005760173313319683	0.003288464155048132	0.0029825076926499605	0.004206009674817324	sheep	nli		NA	0.9802241325378418	2024	United States
SRR17974188	NA	NA	NA	NA	NA	NA	NA	NA	NA	NA	NA	NA	NA	NA	NA	sheep	host_tax_id	host_tax_id=9940; Ovis aries	NA	0.8103288412094116	2019	New Zealand
SRR11459577	0.00315458164550364	0.0030575257260352373	0.005859102588146925	0.002122026402503252	0.8436375856399536	0.0028554988093674183	0.0025797283742576838	0.0026101369876414537	0.0025797283742576838	0.002500358270481229	0.10219505429267883	0.009454702027142048	0.006409878842532635	0.00509047694504261	0.005893534980714321	sheep	nli		NA	0.9653158187866211	2020	United States
SRR5366142	0.004715118557214737	0.0028935750015079975	0.34879523515701294	0.010158921591937542	0.027668798342347145	0.5541169047355652	0.001882885117083788	0.02380545437335968	0.002262338763102889	0.0017550420016050339	0.008115232922136784	0.0020679449662566185	0.0021671876311302185	0.004335295408964157	0.005260095000267029	goat	nli		NA	0.911337673664093	2017	United States
SRR17925217	NA	NA	NA	NA	NA	NA	NA	NA	NA	NA	NA	NA	NA	NA	NA	sheep	host_tax_id	host_tax_id=9940; Ovis aries	NA	0.7526040077209473	2018	New Zealand
SRR12063030	NA	NA	NA	NA	NA	NA	NA	NA	NA	NA	NA	NA	NA	NA	NA	sheep	host_tax_id	host_tax_id=9940; Ovis aries	NA	0.8047130107879639	2016	New Zealand
SRR29740291	0.009986874647438526	0.00823103915899992	0.04681452736258507	0.011767415329813957	0.851978063583374	0.004042950924485922	0.002202411647886038	0.006385348737239838	0.004380018450319767	0.001701891771517694	0.033752184361219406	0.004819914232939482	0.0030817282386124134	0.003910916857421398	0.006944781169295311	sheep	nli		NA	0.9682313799858093	2024	United States
SRR12347634	NA	NA	NA	NA	NA	NA	NA	NA	NA	NA	NA	NA	NA	NA	NA	sheep	host_tax_id	host_tax_id=9940; Ovis aries	NA	0.617772102355957	2017	New Zealand
SRR6410196	0.006789065431803465	0.4108961522579193	0.012783123180270195	0.020627833902835846	0.004976697266101837	0.004366260953247547	0.006254379637539387	0.004531333688646555	0.004786042496562004	0.007031988352537155	0.4323008954524994	0.03827532380819321	0.014799746684730053	0.011391772888600826	0.02018938586115837	environment	nli		NA	0.8075365424156189	2016	United States
SRR5754139	0.01582014188170433	0.6229720711708069	0.018459532409906387	0.01143941842019558	0.01246597245335579	0.010456474497914314	0.00908474251627922	0.011779516004025936	0.01358464453369379	0.01740899495780468	0.166955828666687	0.024694891646504402	0.022617090493440628	0.018971247598528862	0.023289499804377556	turkey	nli		NA	0.5791772603988647	2017	United States
SRR17260636	0.012015550397336483	0.7606328725814819	0.012276489287614822	0.011199724860489368	0.009654765017330647	0.008098430931568146	0.00760777248069644	0.009542283602058887	0.010645187459886074	0.010118107311427593	0.09035801887512207	0.01701096072793007	0.012039040215313435	0.012086160480976105	0.0167145524173975	turkey	nli		NA	0.6578682065010071	2021	United States
SRR8208263	0.016139114275574684	0.6011229157447815	0.01864871010184288	0.013095404021441936	0.013069852255284786	0.010543025098741055	0.009304186329245567	0.011993570253252983	0.014298461377620697	0.01734859123826027	0.17936965823173523	0.026298895478248596	0.02470552548766136	0.01901652105152607	0.025045616552233696	turkey	nli		NA	0.5535430312156677	2018	United States
SRR8663531	0.0036404659040272236	0.7552679777145386	0.005794767756015062	0.00261701294220984	0.0031876987777650356	0.0026895590126514435	0.004013918340206146	0.0027000857517123222	0.002273700200021267	0.0076918285340070724	0.16927817463874817	0.00399826979264617	0.004085099324584007	0.005464986432343721	0.02729654498398304	turkey	nli		NA	0.9434518814086914	2018	United States
SRR10218502	0.01609259657561779	0.6264710426330566	0.01770881563425064	0.010269113816320896	0.011842784471809864	0.010090179741382599	0.009169286116957664	0.011704811826348305	0.013926982879638672	0.01719753071665764	0.16573511064052582	0.02477908506989479	0.023598235100507736	0.018631314858794212	0.02278302237391472	turkey	nli		NA	0.5754537582397461	2019	United States
SRR16089306	0.012033423408865929	0.7580538988113403	0.01243967842310667	0.011194500140845776	0.009937167167663574	0.008302813395857811	0.00767884636297822	0.009669128805398941	0.010744638741016388	0.010073958896100521	0.09093537926673889	0.017714915797114372	0.012463998049497604	0.01175466924905777	0.017003025859594345	turkey	nli		NA	0.6461253762245178	2021	United States
SRR22629699	0.011737868189811707	0.7655194401741028	0.012205450795590878	0.01081343088299036	0.009413238614797592	0.007973323576152325	0.0075785377994179726	0.009617664851248264	0.010771273635327816	0.009413238614797592	0.08801160007715225	0.01697872020304203	0.012086838483810425	0.011646522209048271	0.01623288355767727	turkey	nli		NA	0.6654648780822754	2022	United States
SRR12472207	0.01119042094796896	0.739501416683197	0.010740724392235279	0.0072109815664589405	0.008817840367555618	0.007353205233812332	0.007126970216631889	0.008783461526036263	0.010169112123548985	0.011523115448653698	0.11763624101877213	0.016668081283569336	0.015967044979333878	0.01282988116145134	0.014481481164693832	turkey	nli		NA	0.6977119445800781	2020	United States
SRR21909378	0.011558068916201591	0.7643563151359558	0.0121127525344491	0.010942959226667881	0.009378309361636639	0.007866539061069489	0.007447889074683189	0.009544619359076023	0.010544316843152046	0.00947034265846014	0.08967678248882294	0.01721569336950779	0.012089117430150509	0.01140112429857254	0.01639527641236782	turkey	nli		NA	0.6638323664665222	2022	United States
SRR13436893	0.01227499544620514	0.7505794763565063	0.012371269054710865	0.012323037721216679	0.00880687776952982	0.007474300917237997	0.007021455094218254	0.009229528717696667	0.010256142355501652	0.009338323958218098	0.10388728231191635	0.01741224341094494	0.011943898163735867	0.011804747395217419	0.015276477672159672	turkey	nli		NA	0.6703386306762695	2019	United States
SRR8075036	0.03360053896903992	0.3549453914165497	0.04222691059112549	0.028239281848073006	0.02566198818385601	0.024248873814940453	0.017431730404496193	0.02616812475025654	0.033469539135694504	0.016311751678586006	0.2131931036710739	0.04124872758984566	0.03125803545117378	0.053484175354242325	0.05851186811923981	turkey	nli		NA	0.09195128828287125	2018	United States
ERR4224737	0.0021228541154414415	0.8673622608184814	0.0018157733138650656	0.002259766450151801	0.0019253449281677604	0.001739404397085309	0.0019556647166609764	0.0015470583457499743	0.0015652944566681981	0.003919808194041252	0.06948025524616241	0.02477394975721836	0.006933433469384909	0.006551634520292282	0.006047448143362999	turkey	nli		NA	0.9717254042625427	2014	Netherlands
SRR26628477	0.01163819432258606	0.7638522386550903	0.011821468360722065	0.010890448465943336	0.009170676581561565	0.007677367422729731	0.007240447215735912	0.009099310263991356	0.010290750302374363	0.009573318064212799	0.09271104633808136	0.01686745509505272	0.011914186179637909	0.011683745309710503	0.015569408424198627	turkey	nli		NA	0.6788061857223511	2023	United States
SRR20994490	0.011831413954496384	0.7714319229125977	0.012159393168985844	0.011534788645803928	0.008948279544711113	0.007418385241180658	0.006887736730277538	0.008948279544711113	0.01002159807831049	0.009053759276866913	0.08759389817714691	0.016652410849928856	0.011400403454899788	0.010985095985233784	0.015132608823478222	turkey	nli		NA	0.6844750046730042	2022	United States
SRR11521765	0.014555158093571663	0.6161120533943176	0.01779855415225029	0.011008288711309433	0.013200953602790833	0.010586567223072052	0.008810923434793949	0.01151407789438963	0.013278531841933727	0.017591195181012154	0.17236684262752533	0.025149056687951088	0.025595039129257202	0.018435414880514145	0.02399739809334278	turkey	nli		NA	0.5473355054855347	2020	United States
SRR19847146	0.011840714141726494	0.7645354866981506	0.01188705675303936	0.011980288662016392	0.009221557527780533	0.007735055405646563	0.007380841765552759	0.009626432321965694	0.010469823144376278	0.009257649071514606	0.08982928097248077	0.017027422785758972	0.01188705675303936	0.011817608959972858	0.015503644943237305	turkey	nli		NA	0.6707700490951538	2022	United States
SRR14619693	0.01170368306338787	0.7569801807403564	0.012146157212555408	0.011037624441087246	0.009349231608211994	0.00798121839761734	0.0074103097431361675	0.00922227930277586	0.010429821908473969	0.009349231608211994	0.09742122888565063	0.01733073778450489	0.012146157212555408	0.011211440898478031	0.016280721873044968	turkey	nli		NA	0.6618682742118835	2021	United States
SRR27503896	0.01198333129286766	0.7652900218963623	0.012291491031646729	0.010783831588923931	0.009628877975046635	0.007951498031616211	0.007440619636327028	0.009405824355781078	0.010616643354296684	0.009535303339362144	0.0884590819478035	0.016833322122693062	0.01193661242723465	0.011843721382319927	0.015999848023056984	turkey	nli		NA	0.6692046523094177	2023	United States
SRR7084862	0.014449043199419975	0.6115456223487854	0.01712518371641636	0.012652005068957806	0.013233315199613571	0.010146334767341614	0.00871258694678545	0.011363357305526733	0.013207494281232357	0.017025131732225418	0.17654183506965637	0.025458110496401787	0.024578647688031197	0.018552938476204872	0.025408437475562096	turkey	nli		NA	0.5518152117729187	2018	United States
SRR7367187	0.007573004346340895	0.3722662627696991	0.015090161003172398	0.030872421339154243	0.005840545520186424	0.004620252177119255	0.0073400079272687435	0.005134168546646833	0.004956806544214487	0.007722368463873863	0.4373536705970764	0.045760348439216614	0.01703272946178913	0.01360622514039278	0.024830924347043037	environment	nli		NA	0.769859790802002	2018	United States
SRR16764948	0.011721504852175713	0.7708242535591125	0.01167580857872963	0.010404981672763824	0.009057678282260895	0.0076273297891020775	0.007392660714685917	0.0090223653241992	0.010183820500969887	0.009641848504543304	0.0872049629688263	0.01665961928665638	0.011698633432388306	0.010925645008683205	0.015958938747644424	turkey	nli		NA	0.671901285648346	2021	United States
SRR8099154	0.01535167545080185	0.6177284121513367	0.01736178621649742	0.011187739670276642	0.012456471100449562	0.010266445577144623	0.009184826165437698	0.011816605925559998	0.013761152513325214	0.01770421676337719	0.17095166444778442	0.025211958214640617	0.023870201781392097	0.018662892282009125	0.02448403835296631	turkey	nli		NA	0.5662134289741516	2018	United States
SRR13797356	0.01182092446833849	0.7621405720710754	0.012558757327497005	0.013264691457152367	0.009206146001815796	0.0076321628876030445	0.006949163973331451	0.009152362123131752	0.010170391760766506	0.00927835050970316	0.09144792705774307	0.01719934679567814	0.011774840764701366	0.011774840764701366	0.01562962494790554	turkey	nli		NA	0.6777939796447754	2021	United States
SRR3140161	0.014712673611938953	0.6273577809333801	0.018167726695537567	0.011961317621171474	0.012510894797742367	0.009819913655519485	0.0083994185552001	0.010890903882682323	0.01278259139508009	0.01703369803726673	0.16837762296199799	0.02435203641653061	0.022876622155308723	0.018453827127814293	0.022303078323602676	turkey	nli		NA	0.5928434133529663	2015	United States
SRR8592659	0.01566951349377632	0.5995181798934937	0.016103889793157578	0.011851093731820583	0.011397084221243858	0.01005789265036583	0.009265764616429806	0.011441691778600216	0.014691422693431377	0.01901211403310299	0.18592619895935059	0.027500854805111885	0.024844950065016747	0.01901211403310299	0.02370721474289894	turkey	nli		NA	0.5571150183677673	2018	United States
SRR7904252	0.01562637649476528	0.6058759093284607	0.017776308581233025	0.012098735198378563	0.01318445336073637	0.010491053573787212	0.008973472751677036	0.011499684303998947	0.013418259099125862	0.018520571291446686	0.17657840251922607	0.026016369462013245	0.02521592751145363	0.01975358836352825	0.024970877915620804	turkey	nli		NA	0.5544252395629883	2018	United States
SRR26959982	0.011961882933974266	0.767846941947937	0.012487071566283703	0.011799454689025879	0.00918942503631115	0.007544265128672123	0.006977304350584745	0.00906464271247387	0.010053262114524841	0.009425736963748932	0.08864634484052658	0.01677040569484234	0.011391837149858475	0.011391837149858475	0.01544962264597416	turkey	nli		NA	0.6835251450538635	2023	United States
SRR7138685	0.01570122316479683	0.6187422871589661	0.01684495434165001	0.011442475020885468	0.01254257932305336	0.010097947902977467	0.009087170474231243	0.011464845389127731	0.013456223532557487	0.017966417595744133	0.16996194422245026	0.025685487315058708	0.023616407066583633	0.01897631585597992	0.024413706734776497	turkey	nli		NA	0.5655087232589722	2018	United States
SRR10834037	0.007325302343815565	0.4162864089012146	0.014568102546036243	0.018165742978453636	0.004995421972125769	0.004399842582643032	0.006351915188133717	0.004504181910306215	0.004804050084203482	0.007543084677308798	0.4284534454345703	0.03633919730782509	0.014653714373707771	0.01150183193385601	0.02010764367878437	environment	nli		NA	0.7962132692337036	2019	United States
SRR5683997	0.034944068640470505	0.3370901644229889	0.042398300021886826	0.03295540064573288	0.0280783511698246	0.02971462719142437	0.01709703542292118	0.026480404660105705	0.03263513371348381	0.01709703542292118	0.2191346436738968	0.041254673153162	0.031569335609674454	0.05349189415574074	0.05605902150273323	turkey	nli		NA	0.08889935910701752	2017	United States
SRR20994523	0.012681352905929089	0.7420886158943176	0.013605106621980667	0.013711811974644661	0.009914902038872242	0.00864793173968792	0.007310790475457907	0.009742139838635921	0.011147623881697655	0.009666326455771923	0.10221176594495773	0.01816520094871521	0.012460385449230671	0.012267205864191055	0.016378870233893394	turkey	nli		NA	0.6636689305305481	2022	United States
SRR6108541	0.005392697639763355	0.7704384922981262	0.010114318691194057	0.0037720699328929186	0.0047127907164394855	0.0038994166534394026	0.006219091825187206	0.0046852570958435535	0.002903465647250414	0.010620436631143093	0.1352289915084839	0.004316261038184166	0.00591116352006793	0.005085797980427742	0.026699775829911232	turkey	nli		NA	0.9515490531921387	2016	United States
SRR12515354	0.011071276850998402	0.7373661398887634	0.011006596498191357	0.008131622336804867	0.008373377844691277	0.006860899273306131	0.006780967116355896	0.008758101612329483	0.009637697599828243	0.010730649344623089	0.12173117697238922	0.01665244810283184	0.01570475473999977	0.01319892518222332	0.013995406217873096	turkey	nli		NA	0.7103269696235657	2020	United States
SRR8538386	0.007056253030896187	0.4194210171699524	0.012097232975065708	0.014563577249646187	0.00495500722900033	0.004381327889859676	0.006178662180900574	0.004520406015217304	0.0047745006158947945	0.007015029434114695	0.43379268050193787	0.03531351685523987	0.014170749112963676	0.01134212501347065	0.020417949184775352	environment	nli		NA	0.8030194044113159	2019	United States
SRR13176900	0.004392918199300766	0.9060507416725159	0.0025325140450149775	0.0018856838578358293	0.0016003591008484364	0.0013904161751270294	0.0025226406287401915	0.0018930642399936914	0.0016066227108240128	0.002825223607942462	0.04229386895895004	0.004159131087362766	0.004159131087362766	0.009209430776536465	0.013478387147188187	turkey	nli		NA	0.974190354347229	2020	United States
SRR19242167	0.011626437306404114	0.7658801674842834	0.011995499953627586	0.010964774526655674	0.009305682964622974	0.00786683987826109	0.007332702167332172	0.00916141178458929	0.010320590808987617	0.009360368363559246	0.09047190845012665	0.017049042508006096	0.011855748482048512	0.011224795132875443	0.015584087930619717	turkey	nli		NA	0.6769403219223022	2022	United States
SRR10097033	0.017510846257209778	0.5565935373306274	0.02120477892458439	0.013531332835555077	0.014264049008488655	0.012176881544291973	0.010830342769622803	0.013504929840564728	0.017408542335033417	0.018713153898715973	0.19748686254024506	0.02978695183992386	0.02557784877717495	0.02162300795316696	0.02978695183992386	turkey	nli		NA	0.4426063895225525	2019	United States
SRR26806889	0.010394821874797344	0.7631468176841736	0.011732956394553185	0.010766766034066677	0.009765032678842545	0.007938914932310581	0.00706101767718792	0.008891163393855095	0.009765032678842545	0.009464593604207039	0.09438314288854599	0.017104724422097206	0.012081779539585114	0.011371971108019352	0.016131293028593063	turkey	nli		NA	0.6665510535240173	2023	United States
SRR15323874	0.0055646649561822414	0.45431026816368103	0.007006970699876547	0.006317919120192528	0.003290521679446101	0.0028644436970353127	0.004192233085632324	0.003145975759252906	0.003284101141616702	0.005351485684514046	0.44508832693099976	0.027336793020367622	0.01031525805592537	0.007665648590773344	0.014265483245253563	turkey	nli		NA	0.8703219890594482	2021	United States
SRR13245107	0.010275602340698242	0.7492546439170837	0.011307602748274803	0.011827143840491772	0.009998435154557228	0.008337704464793205	0.007187549956142902	0.008875439874827862	0.010096553713083267	0.010096553713083267	0.10388129949569702	0.018140221014618874	0.012614544481039047	0.011329710483551025	0.01677696220576763	turkey	nli		NA	0.6667680740356445	2020	United States
SRR8838819	0.017826473340392113	0.6338748931884766	0.018284890800714493	0.012764913029968739	0.012204176746308804	0.01005850825458765	0.008946222253143787	0.01232394203543663	0.015070146881043911	0.015277600847184658	0.15703454613685608	0.022055791690945625	0.0226229690015316	0.019426189363002777	0.022228777408599854	turkey	nli		NA	0.5815705060958862	2019	United States
SRR17915050	0.011763679794967175	0.764771580696106	0.012208422645926476	0.010752873495221138	0.009601235389709473	0.007928671315312386	0.007506715599447489	0.009470861405134201	0.010606861673295498	0.009582501836121082	0.08898378908634186	0.016621878370642662	0.01194892916828394	0.01169495191425085	0.016557076945900917	turkey	nli		NA	0.6673644781112671	2021	United States
SRR27040758	0.011324749328196049	0.7802827954292297	0.011413569562137127	0.010151439346373081	0.008836966007947922	0.007441471330821514	0.0071563925594091415	0.008666043169796467	0.00970550812780857	0.009406901895999908	0.08158127963542938	0.016317283734679222	0.011435884051024914	0.010890904814004898	0.015388664789497852	turkey	nli		NA	0.6877349019050598	2023	United States
SRR12112583	0.03446632996201515	0.37127241492271423	0.04149320721626282	0.029365679249167442	0.026894880458712578	0.02492232620716095	0.017811184749007225	0.028517834842205048	0.03231494128704071	0.015779834240674973	0.18505387008190155	0.04149320721626282	0.03288799896836281	0.05616333335638046	0.06156299263238907	turkey	nli		NA	0.09146323055028915	2020	United States
ERR4224893	0.0021165318321436644	0.8639349937438965	0.001803307794034481	0.0031959619373083115	0.0018824825529009104	0.0017892742762342095	0.0019728245679289103	0.0015304473927244544	0.0015914132818579674	0.004071761853992939	0.07410203665494919	0.022621924057602882	0.007301355712115765	0.006343528628349304	0.005742104258388281	turkey	nli		NA	0.9716447591781616	2016	Netherlands
SRR26969078	0.0033452718053013086	0.8920171856880188	0.0023445163387805223	0.0020369512494653463	0.001811702037230134	0.0018402320565655828	0.0021598697640001774	0.0017422966193407774	0.0018330576131120324	0.010672860778868198	0.04872824624180794	0.012748818844556808	0.005940341856330633	0.005061234813183546	0.00771746039390564	turkey	nli		NA	0.963711678981781	2023	United States
SRR7084888	0.00670846039429307	0.4146325886249542	0.010369991883635521	0.022605950012803078	0.00488888006657362	0.004331307020038366	0.006168064195662737	0.004486287944018841	0.004729218315333128	0.007367801386862993	0.4294687807559967	0.03752656653523445	0.015058808960020542	0.011234556324779987	0.02042277343571186	environment	nli		NA	0.8087478280067444	2018	United States
SRR10246444	0.01697596162557602	0.6353097558021545	0.018141545355319977	0.011920774355530739	0.012914629653096199	0.010623284615576267	0.009265794418752193	0.012395643629133701	0.015578016638755798	0.015578016638755798	0.1541386991739273	0.02171258255839348	0.022097626700997353	0.019501084461808205	0.02384660765528679	turkey	nli		NA	0.558883786201477	2019	United States
SRR8839759	0.017301226034760475	0.5990427732467651	0.016444584354758263	0.011302185244858265	0.012437290512025356	0.010763578116893768	0.009369841776788235	0.011729481630027294	0.01409329753369093	0.020465614274144173	0.18116536736488342	0.0277554914355278	0.025569554418325424	0.01941433548927307	0.02314532734453678	turkey	nli		NA	0.5454673171043396	2019	United States
SRR9668773	0.017842212691903114	0.631498396396637	0.018480630591511726	0.012801160104572773	0.012578105553984642	0.010346467606723309	0.008936649188399315	0.012358938343822956	0.015411017462611198	0.014791712164878845	0.15856067836284637	0.021903472021222115	0.022118421271443367	0.01873503252863884	0.023637089878320694	turkey	nli		NA	0.5711836814880371	2019	United States
SRR8942624	0.016087576746940613	0.6019893288612366	0.016469081863760948	0.011610100045800209	0.01238305028527975	0.010265910066664219	0.009328977204859257	0.011792933568358421	0.013922637328505516	0.019595757126808167	0.18447250127792358	0.02443499118089676	0.0240092184394598	0.020138971507549286	0.02349890023469925	turkey	nli		NA	0.5574011206626892	2019	United States
SRR19139537	0.011846126988530159	0.766567587852478	0.012032676488161087	0.010870617814362049	0.00940773542970419	0.007784067653119564	0.00734107568860054	0.009352772496640682	0.010332375764846802	0.009334523230791092	0.08856348693370819	0.01686965674161911	0.011731005273759365	0.011325751431286335	0.016640586778521538	turkey	nli		NA	0.6769936680793762	2022	United States
SRR9010123	0.01684226468205452	0.6129307150840759	0.016548797488212585	0.011329468339681625	0.01162081491202116	0.0097095537930727	0.009050298482179642	0.011507880873978138	0.013454075902700424	0.01904754899442196	0.17687688767910004	0.025184664875268936	0.02436218596994877	0.01904754899442196	0.022487374022603035	turkey	nli		NA	0.5727675557136536	2019	United States
SRR7543322	0.01638050191104412	0.6029321551322937	0.01785046048462391	0.011775411665439606	0.012078224681317806	0.01013123244047165	0.00890592485666275	0.011638225056231022	0.013713179156184196	0.01892763376235962	0.18151986598968506	0.027006883174180984	0.02532111667096615	0.018853841349482536	0.02296525239944458	turkey	nli		NA	0.5628674626350403	2018	United States
SRR10698082	0.006979085970669985	0.8782039880752563	0.009013986214995384	0.003757588332518935	0.005876979790627956	0.0037356356624513865	0.00912023987621069	0.0057858657091856	0.00541412690654397	0.009281973354518414	0.022266296669840813	0.004559151828289032	0.004094787407666445	0.006777586415410042	0.02513265237212181	turkey	nli		NA	0.9570375084877014	2017	Germany
SRR27844354	0.011746654286980629	0.7732326984405518	0.011885120533406734	0.010779336094856262	0.009220054373145103	0.007643693592399359	0.007350868079811335	0.009077110327780247	0.010165882296860218	0.009383559226989746	0.08379825204610825	0.016597822308540344	0.011769618839025497	0.011230649426579475	0.0161186121404171	turkey	nli		NA	0.6735675930976868	2024	United States
SRR17067005	0.011469694785773754	0.7674532532691956	0.01181069202721119	0.010545761324465275	0.009288442321121693	0.007852265611290932	0.007319116033613682	0.00903790257871151	0.010181453078985214	0.009397931396961212	0.09048082679510117	0.016786379739642143	0.011650316417217255	0.011291874572634697	0.015434163622558117	turkey	nli		NA	0.6760854721069336	2021	United States
SRR17657446	0.011590726673603058	0.7687650322914124	0.011912032961845398	0.010248777456581593	0.009133272804319859	0.007721087895333767	0.007396349683403969	0.009133272804319859	0.010030937381088734	0.009258999489247799	0.08776119351387024	0.016897376626729965	0.011935321614146233	0.012028930708765984	0.016186697408556938	turkey	nli		NA	0.6716859340667725	2021	United States
SRR8375510	0.015837587416172028	0.6143649816513062	0.017394188791513443	0.012850743718445301	0.012577598914504051	0.010406849905848503	0.009237983264029026	0.01186180580407381	0.014031324535608292	0.017530612647533417	0.17043648660182953	0.025908563286066055	0.023543987423181534	0.018807601183652878	0.02520972490310669	turkey	nli		NA	0.5664232969284058	2018	United States
SRR26304285	0.011418192647397518	0.7764174938201904	0.011485292576253414	0.010539498180150986	0.008806080557405949	0.007415462285280228	0.007131380494683981	0.008669553324580193	0.009862340986728668	0.009374023415148258	0.08469987660646439	0.016548603773117065	0.011552786454558372	0.010684582404792309	0.015394897200167179	turkey	nli		NA	0.6908198595046997	2023	United States
SRR15321209	0.011561386287212372	0.7698202133178711	0.011905109509825706	0.010588623583316803	0.009454576298594475	0.007868796586990356	0.007392049767076969	0.009235560894012451	0.010123488493263721	0.009436127729713917	0.08626607060432434	0.01715349592268467	0.011858695186674595	0.011471414007246494	0.01586439087986946	turkey	nli		NA	0.6700688004493713	2021	United States
SRR24660421	0.010989650152623653	0.7651851773262024	0.011975841596722603	0.009967179968953133	0.00987031776458025	0.008119101636111736	0.007165081799030304	0.009057511575520039	0.009986666031181812	0.009585343301296234	0.09103206545114517	0.01688864454627037	0.01221204362809658	0.011338499374687672	0.016626810654997826	turkey	nli		NA	0.6533480882644653	2023	United States
SRR7708075	0.015835978090763092	0.602494478225708	0.018622934818267822	0.011930298991501331	0.013179870322346687	0.010631772689521313	0.009400849230587482	0.011907020583748817	0.013975202105939388	0.018049966543912888	0.179121732711792	0.0261091161519289	0.02452724426984787	0.01865934208035469	0.02555415965616703	turkey	nli		NA	0.55495285987854	2018	United States
SRR11236364	0.017086805775761604	0.6198596358299255	0.017086805775761604	0.010861034505069256	0.012069121934473515	0.010143388994038105	0.009344527497887611	0.011882007122039795	0.01405522134155035	0.018839634954929352	0.16840849816799164	0.023955481126904488	0.0232638381421566	0.019513742998242378	0.02363019436597824	turkey	nli		NA	0.5598089694976807	2019	United States
SRR10574919	0.016190772876143456	0.6207484602928162	0.01660712994635105	0.01017158292233944	0.012197590433061123	0.009935957379639149	0.009082200936973095	0.01145857572555542	0.013633997179567814	0.017643705010414124	0.17355799674987793	0.024163231253623962	0.023192211985588074	0.019415704533457756	0.02200087532401085	turkey	nli		NA	0.5705108046531677	2019	United States
SRR10447229	0.007539728656411171	0.3964653015136719	0.012725701555609703	0.01725861057639122	0.005325624253600836	0.0049350266344845295	0.006758568808436394	0.004755246918648481	0.005091681145131588	0.008010338991880417	0.4375632703304291	0.04389958828687668	0.016404077410697937	0.01228608563542366	0.020981134846806526	environment	nli		NA	0.8014700412750244	2019	United States
SRR13059399	0.004947432316839695	0.4444847106933594	0.00620547030121088	0.006121207494288683	0.0036838077940046787	0.0029658093117177486	0.004077603574842215	0.0030839540995657444	0.003231956157833338	0.005818125791847706	0.45060333609580994	0.03245089575648308	0.0111710075289011	0.00717040803283453	0.01398424431681633	environment	nli		NA	0.8666976690292358	2020	United States
SRR3113823	0.015696898102760315	0.612560510635376	0.01817319169640541	0.012612811289727688	0.01236885879188776	0.01003618910908699	0.009173820726573467	0.012058759108185768	0.013906681910157204	0.018423359841108322	0.17377477884292603	0.026236064732074738	0.02306298166513443	0.018897129222750664	0.02301798202097416	turkey	nli		NA	0.5615605115890503	2015	United States
SRR8136319	0.0070620253682136536	0.3738931715488434	0.01345382072031498	0.032558947801589966	0.0058546243235468864	0.004613332916051149	0.007243629544973373	0.005116477608680725	0.004901285283267498	0.007576446048915386	0.43669870495796204	0.045513685792684555	0.01758139580488205	0.013427569530904293	0.0245048850774765	environment	nli		NA	0.7814140319824219	2018	United States
SRR8252758	0.01583940163254738	0.602992594242096	0.01773928850889206	0.011679241433739662	0.013260189443826675	0.010843809694051743	0.00923904124647379	0.0120264682918787	0.013923726975917816	0.01851813681423664	0.17951072752475739	0.026577865704894066	0.024484677240252495	0.01844594068825245	0.024918874725699425	turkey	nli		NA	0.5498219132423401	2018	United States
SRR9643036	0.016305437311530113	0.6402039527893066	0.018296925351023674	0.012022875249385834	0.011790331453084946	0.009889748878777027	0.00888244342058897	0.011744365096092224	0.01505064032971859	0.014559116214513779	0.1559150218963623	0.021855823695659637	0.02233046106994152	0.017978109419345856	0.023174697533249855	turkey	nli		NA	0.5939331650733948	2019	United States
SRR20994461	0.011839361861348152	0.7674402594566345	0.012726613320410252	0.012335057370364666	0.00904216431081295	0.007481590379029512	0.006919339764863253	0.009130898863077164	0.010186254978179932	0.009095300920307636	0.08938153833150864	0.016598636284470558	0.011341414414346218	0.011100349947810173	0.015381238423287868	turkey	nli		NA	0.6861072182655334	2022	United States
SRR8839808	0.017052464187145233	0.6100648641586304	0.01766262762248516	0.010988416150212288	0.012402963824570179	0.010282416827976704	0.009546902030706406	0.012092008255422115	0.013890659436583519	0.01836622878909111	0.174253910779953	0.025103656575083733	0.024570072069764137	0.020369304344058037	0.02335352636873722	turkey	nli		NA	0.5413747429847717	2019	United States
SRR24324263	0.03521382436156273	0.4588950276374817	0.03882618620991707	0.020863499492406845	0.025762982666492462	0.023733971640467644	0.017262699082493782	0.02586381882429123	0.03250391408801079	0.01584114320576191	0.14971064031124115	0.03654513508081436	0.029944008216261864	0.04495128616690636	0.04408184438943863	turkey	nli		NA	0.12331283092498779	2023	United States
ERR4224927	0.002021124353632331	0.8671199679374695	0.0017906168941408396	0.0035058576613664627	0.0018402545247226954	0.0017086185980588198	0.001898670569062233	0.0015078504802659154	0.0015375904040411115	0.003949448466300964	0.07010826468467712	0.024311721324920654	0.007013203576207161	0.0059404149651527405	0.005746413022279739	turkey	nli		NA	0.9724670648574829	2017	Netherlands
SRR28901624	0.044510770589113235	0.7986623644828796	0.014338077045977116	0.005052837543189526	0.007070190738886595	0.007949229329824448	0.006071123760193586	0.0062394212000072	0.005770521238446236	0.004974500276148319	0.048505090177059174	0.009663805365562439	0.007555635645985603	0.01134235318750143	0.022294161841273308	turkey	nli		NA	0.7232117056846619	2023	United States
SRR18982367	0.01187551487237215	0.7652865052223206	0.012790434062480927	0.0126414205878973	0.009212604723870754	0.007622614502906799	0.006994904950261116	0.009140911512076855	0.010257349349558353	0.009158781729638577	0.08991751819849014	0.017010891810059547	0.011532648466527462	0.01106919813901186	0.015488593839108944	turkey	nli		NA	0.6796041131019592	2022	United States
SRR10831345	0.007928350009024143	0.37425488233566284	0.013860439881682396	0.019738171249628067	0.005600123666226864	0.004724996630102396	0.007390035316348076	0.00534367561340332	0.005128934979438782	0.007639526389539242	0.4490194320678711	0.04413450136780739	0.017555491998791695	0.013779464177787304	0.023901963606476784	environment	nli		NA	0.7752646803855896	2019	United States
SRR12680060	0.010707587003707886	0.7572864294052124	0.01017741858959198	0.0068061575293540955	0.007849154062569141	0.006418817210942507	0.0062456801533699036	0.007833837531507015	0.009375876747071743	0.008274182677268982	0.11444486677646637	0.015609906055033207	0.013535658828914165	0.011898607946932316	0.013535658828914165	turkey	nli		NA	0.7579735517501831	2020	United States
SRR25915113	0.012010996229946613	0.753139317035675	0.012128864414989948	0.01191752403974533	0.009445969015359879	0.007785232737660408	0.00731355044990778	0.009335920214653015	0.01068280078470707	0.009427538141608238	0.10007698088884354	0.017104443162679672	0.011894270777702332	0.01191752403974533	0.015819020569324493	turkey	nli		NA	0.6766732931137085	2023	United States
SRR13045497	0.010791735723614693	0.7357927560806274	0.010277451947331429	0.007926304824650288	0.008371845819056034	0.006873055826872587	0.00668766675516963	0.008051125332713127	0.009768581949174404	0.010940290987491608	0.1263102889060974	0.017077555879950523	0.015189091674983501	0.011922054924070835	0.014020202681422234	turkey	nli		NA	0.7265226244926453	2020	United States
SRR25523927	0.01201661303639412	0.7582895755767822	0.012205845676362514	0.010813780128955841	0.009561784565448761	0.007896093651652336	0.0075051309540867805	0.009285718202590942	0.010542668402194977	0.009865308180451393	0.09488790482282639	0.01734800636768341	0.012205845676362514	0.011310631409287453	0.01626514457166195	turkey	nli		NA	0.6649755835533142	2023	United States
SRR8698547	0.007359469309449196	0.4115430414676666	0.011852637864649296	0.01724548451602459	0.005018722731620073	0.004368865862488747	0.00614906707778573	0.00457853265106678	0.0048548211343586445	0.007682588882744312	0.4342518448829651	0.03935982659459114	0.015219088643789291	0.010897855274379253	0.01961817778646946	environment	nli		NA	0.807384729385376	2019	United States
SRR16764944	0.011600472033023834	0.7718573212623596	0.011783153750002384	0.01039859652519226	0.009140952490270138	0.00763755152001977	0.007373708765953779	0.009069816209375858	0.010137893259525299	0.00954228825867176	0.0859680324792862	0.016519829630851746	0.011737215332686901	0.011221625842154026	0.016011567786335945	turkey	nli		NA	0.6682310104370117	2021	United States
SRR24529378	0.036139946430921555	0.4357832372188568	0.03946007788181305	0.020916195586323738	0.02706757001578808	0.02760142646729946	0.01747613586485386	0.026286080479621887	0.03277750685811043	0.01667584665119648	0.15992477536201477	0.03802257403731346	0.031033121049404144	0.04741237312555313	0.04342314228415489	turkey	nli		NA	0.10932484269142151	2023	United States
SRR10698086	0.020009607076644897	0.1664782613515854	0.016427338123321533	0.008707469329237938	0.01444055512547493	0.009433425962924957	0.015705719590187073	0.011995046399533749	0.010857805609703064	0.026873333379626274	0.5870551466941833	0.018542040139436722	0.01786656863987446	0.01367204263806343	0.06193561106920242	environment	nli		NA	0.602631688117981	2016	Germany
SRR27038776	0.011534133926033974	0.7650114893913269	0.011970198713243008	0.010750995017588139	0.009322400204837322	0.007743651047348976	0.007360236719250679	0.009159962646663189	0.010238654911518097	0.009562133811414242	0.09072298556566238	0.016946757212281227	0.012182473205029964	0.011511629447340965	0.015982314944267273	turkey	nli		NA	0.674854576587677	2023	United States
SRR22884909	0.011625764891505241	0.7628501057624817	0.01218369696289301	0.011180387809872627	0.009323337115347385	0.00789717398583889	0.007389785256236792	0.009305145591497421	0.010585379786789417	0.009359827265143394	0.09180161356925964	0.017114780843257904	0.01185506209731102	0.011512784287333488	0.01601516827940941	turkey	nli		NA	0.6681228280067444	2022	United States
SRR9609600	0.006661480758339167	0.414553165435791	0.012941047549247742	0.015579426661133766	0.005352650303393602	0.004542734939604998	0.006221322808414698	0.0044548711739480495	0.004714480601251125	0.007245106156915426	0.4344479739665985	0.03825937956571579	0.01466413028538227	0.010897454805672169	0.019464794546365738	environment	nli		NA	0.8169911503791809	2019	United States
ERR10497218	0.002342924242839217	0.943358838558197	0.002701961202546954	0.0018104715272784233	0.002253168262541294	0.0023156283423304558	0.002091995906084776	0.0018461798317730427	0.001949954661540687	0.00377334700897336	0.014352151192724705	0.005500920582562685	0.0033758063800632954	0.006343899294734001	0.0059828669764101505	turkey	nli		NA	0.9816127419471741	2018	Spain
SRR13842615	0.005807666108012199	0.44498735666275024	0.0070879594422876835	0.008821108378469944	0.0030366084538400173	0.0025922812055796385	0.004183104727417231	0.0029778755269944668	0.0030425451695919037	0.0046665905974805355	0.4555399417877197	0.026489723473787308	0.0105988048017025	0.007969207130372524	0.012199150398373604	environment	nli		NA	0.8763172030448914	2021	United States
SRR5080903	0.015638362616300583	0.606933057308197	0.017617059871554375	0.011943602934479713	0.013194567523896694	0.010622859001159668	0.009229300543665886	0.011850656010210514	0.013747002929449081	0.018318844959139824	0.17862237989902496	0.02598552219569683	0.023567844182252884	0.018789924681186676	0.023938985541462898	turkey	nli		NA	0.5446121692657471	2016	United States
SRR8252775	0.015356576070189476	0.5985485315322876	0.01802392676472664	0.012100690975785255	0.012982145883142948	0.010513262823224068	0.009332443587481976	0.011959714815020561	0.014009656384587288	0.017401279881596565	0.18508248031139374	0.02596980147063732	0.024301260709762573	0.01914893090724945	0.02526930905878544	turkey	nli		NA	0.5442678332328796	2018	United States
SRR23525304	0.005421665031462908	0.45579519867897034	0.006694863550364971	0.0066817994229495525	0.0031872326508164406	0.002812722697854042	0.004132648464292288	0.003101262031123042	0.0032628155313432217	0.005550235975533724	0.4413406550884247	0.03071582317352295	0.011124533601105213	0.00732420152053237	0.012854374945163727	turkey	nli		NA	0.8756275177001953	2023	United States
SRR7739737	0.017096368595957756	0.6370103359222412	0.019677797332406044	0.01431247591972351	0.012606069445610046	0.010188788175582886	0.008817660622298717	0.01200532540678978	0.01439658459275961	0.014090580865740776	0.15327371656894684	0.02178133651614189	0.022516682744026184	0.01816347800195217	0.02406269684433937	turkey	nli		NA	0.5954631567001343	2018	United States
SRR8753356	0.007330284919589758	0.395750492811203	0.011875011026859283	0.017043422907590866	0.005167583003640175	0.004524886608123779	0.006406087893992662	0.004569291137158871	0.004979331512004137	0.007622289936989546	0.4462597370147705	0.04068589583039284	0.015762589871883392	0.011464783921837807	0.020558292046189308	environment	nli		NA	0.8067765235900879	2019	United States
SRR17621928	0.010224172845482826	0.768606424331665	0.011054967530071735	0.010164440609514713	0.009291051886975765	0.007672522682696581	0.00701325386762619	0.00869410764425993	0.009182807058095932	0.009492822922766209	0.09238149225711823	0.016889767721295357	0.011837106198072433	0.011472916230559349	0.016022173687815666	turkey	nli		NA	0.6715244650840759	2021	United States
SRR14478907	0.005406096111983061	0.4553748369216919	0.00635750824585557	0.0065978639759123325	0.003153347410261631	0.0027828197926282883	0.004153100773692131	0.003098401939496398	0.003196755889803171	0.005395547486841679	0.4443919360637665	0.02882823534309864	0.010543354786932468	0.007418177090585232	0.013302044942975044	turkey	nli		NA	0.8713106513023376	2021	United States
SRR11272909	0.0070518609136343	0.4167110323905945	0.011786600574851036	0.014161926694214344	0.004981022793799639	0.0044562481343746185	0.006445921957492828	0.0046519008465111256	0.0048561436124145985	0.007390287239104509	0.43607020378112793	0.036518633365631104	0.013969622552394867	0.011401674710214138	0.01954701542854309	environment	nli		NA	0.7995205521583557	2020	United States
ERR4224419	0.010096227750182152	0.006699317134916782	0.014433960430324078	0.011666170321404934	0.006123671308159828	0.003938325680792332	0.004008166026324034	0.005843248218297958	0.005248093977570534	0.0019534241873770952	0.08381541073322296	0.034760791808366776	0.7958011031150818	0.003362055169418454	0.012249942868947983	wastewater	nli		NA	0.975623369216919	2018	Netherlands
ERR4224394	0.00984850525856018	0.0065861959010362625	0.014134910888969898	0.011469177901744843	0.005973419640213251	0.003917464520782232	0.004033931531012058	0.005755812395364046	0.005189796909689903	0.001958316657692194	0.08357523381710052	0.034813836216926575	0.7970156073570251	0.003350784769281745	0.012376942671835423	wastewater	nli		NA	0.9754368662834167	2018	Netherlands
ERR4224662	0.006198132410645485	0.003994007129222155	0.013630828820168972	0.013644146732985973	0.0035315894056111574	0.002962302416563034	0.0016878691967576742	0.0021842648275196552	0.0020161729771643877	0.0009692616295069456	0.1290733516216278	0.8039060235023499	0.012817488983273506	0.0015701970551162958	0.0018143592169508338	water	nli		NA	0.991389274597168	2019	Netherlands
SRR21995108	0.003869625274091959	0.0030195594299584627	0.0075615765526890755	0.006268767174333334	0.004863086622208357	0.0051767295226454735	0.004393432755023241	0.0054784053936600685	0.0052377511747181416	0.005696640349924564	0.019786378368735313	0.9017431139945984	0.011045088991522789	0.005763790104538202	0.010096028447151184	water	nli		NA	0.989076554775238	2016	China
ERR1025588	0.007977897301316261	0.007123459596186876	0.016194676980376244	0.023448342457413673	0.005504582542926073	0.00412274245172739	0.02803659811615944	0.0076872678473591805	0.008592532947659492	0.0229499414563179	0.04875137284398079	0.6142640113830566	0.17797715961933136	0.006473328918218613	0.02089616097509861	water	nli		NA	0.9689150452613831	2010	Spain
ERR4224335	0.006551054771989584	0.004636329598724842	0.01562335155904293	0.01463384460657835	0.0036462112329900265	0.0029992912895977497	0.0017156333196908236	0.002202916657552123	0.002029422204941511	0.0009756310028024018	0.131710022687912	0.7966434955596924	0.013194781728088856	0.0016116882907226682	0.001826282124966383	water	nli		NA	0.9911526441574097	2018	Netherlands
SRR7010530	0.007588084787130356	0.005955955479294062	0.012031362392008305	0.018489522859454155	0.006683395244181156	0.005391277372837067	0.00806171353906393	0.0072406018152832985	0.0065797786228358746	0.004739236552268267	0.06687657535076141	0.7869626879692078	0.049966104328632355	0.006618444807827473	0.006815213244408369	water	nli		NA	0.9519526362419128	2010	United States
SRR9030813	0.0039138225838541985	0.0030421409755945206	0.00724092498421669	0.002885872032493353	0.006181406322866678	0.006762479431927204	0.003433757461607456	0.005266624037176371	0.007004451006650925	0.008632466197013855	0.47873881459236145	0.44232887029647827	0.011616252362728119	0.0014037173241376877	0.011548386886715889	environment	nli		NA	0.9255670309066772	2015	Australia
ERR4224356	0.006339492741972208	0.006049186456948519	0.009516705758869648	0.006451914086937904	0.005594582762569189	0.004085097927600145	0.0038151738699525595	0.0037050226237624884	0.0035840242635458708	0.0025364949833601713	0.09492599219083786	0.8384578824043274	0.010259910486638546	0.001798644196242094	0.002879844279959798	water	nli		NA	0.9904590845108032	2018	Netherlands
ERR4224476	0.006297852378338575	0.005858791060745716	0.009435748681426048	0.006625924725085497	0.005450337193906307	0.003941095434129238	0.0037975243758410215	0.0035258822608739138	0.003410734236240387	0.0024327856954187155	0.0979633554816246	0.8362106084823608	0.010403703898191452	0.0017903231782838702	0.0028553465381264687	water	nli		NA	0.9903849959373474	2018	Netherlands
SRR5209551	0.016508780419826508	0.011547519825398922	0.03637680783867836	0.04790989309549332	0.010452710092067719	0.007426572032272816	0.012857051566243172	0.012461481615900993	0.012608373537659645	0.016157884150743484	0.2755678594112396	0.475441575050354	0.04228033870458603	0.0017570883501321077	0.020646076649427414	water	nli		NA	0.9123581051826477	2006	Canada
ERR9129992	0.004936835262924433	0.0034196460619568825	0.007661269046366215	0.009534602984786034	0.005989955272525549	0.004683240316808224	0.005649065598845482	0.004601636435836554	0.004442670848220587	0.003654441563412547	0.020703820511698723	0.9029876589775085	0.002632195595651865	0.013006829656660557	0.006096178200095892	water	nli		NA	0.9905325770378113	2014	Sweden
ERR4224375	0.010792706161737442	0.006995568051934242	0.0157647542655468	0.012470947578549385	0.0062585510313510895	0.004144737031310797	0.004096448887139559	0.006125523708760738	0.005480170249938965	0.0019654978532344103	0.08466354012489319	0.03363574668765068	0.791391134262085	0.0032216256950050592	0.01299308706074953	wastewater	nli		NA	0.975785493850708	2018	Netherlands
SRR3210426	0.006028055679053068	0.004143017344176769	0.008874155580997467	0.018640389665961266	0.00467635178938508	0.004143017344176769	0.006751101464033127	0.005247504450380802	0.0051359678618609905	0.003585483180359006	0.0716305822134018	0.7972673773765564	0.054043207317590714	0.004291261546313763	0.005542469210922718	water	nli		NA	0.9485372304916382	2012	United States
SRR6261994	0.008092568255960941	0.0062047867104411125	0.013033312745392323	0.019951211288571358	0.006841297727078199	0.0057161180302500725	0.00843139085918665	0.007513694930821657	0.006921940017491579	0.005024789832532406	0.06984088569879532	0.7807711362838745	0.04823584482073784	0.006566374097019434	0.006854672450572252	water	nli		NA	0.9521310329437256	2010	United States
SRR9030826	0.004002430476248264	0.003062782110646367	0.007390409242361784	0.0028326103929430246	0.00632135197520256	0.006969819311052561	0.003504645312204957	0.005292012821882963	0.007304308004677296	0.0090726213529706	0.48340126872062683	0.43586453795433044	0.011468866840004921	0.001375121995806694	0.012137221172451973	environment	nli		NA	0.9291194677352905	2015	Australia
SRR21995107	0.003945249132812023	0.003066567936912179	0.007846064865589142	0.006391276605427265	0.004919541068375111	0.00529855489730835	0.004523250740021467	0.005552837159484625	0.005381994415074587	0.0058764307759702206	0.019977016374468803	0.8998243808746338	0.011338184587657452	0.005785325076431036	0.010273248888552189	water	nli		NA	0.9889705777168274	2016	China
ERR4224507	0.009790469892323017	0.006521858740597963	0.013942267745733261	0.011423883028328419	0.006019963882863522	0.00394028564915061	0.004049513954669237	0.005812001880258322	0.005129073280841112	0.001973575446754694	0.0866670235991478	0.03457490727305412	0.7946436405181885	0.003279396565631032	0.012232125736773014	wastewater	nli		NA	0.9754135012626648	2018	Netherlands
ERR4224408	0.010459663346409798	0.006661565974354744	0.014268770813941956	0.011829225346446037	0.0060891639441251755	0.003977802116423845	0.004136259667575359	0.005765104200690985	0.0052185202948749065	0.0019730045460164547	0.08038543909788132	0.03559252992272377	0.797523021697998	0.00342907989397645	0.012690907344222069	wastewater	nli		NA	0.9749168157577515	2018	Netherlands
ERR4224686	0.0049506439827382565	0.004267721902579069	0.0070225540548563	0.007196113932877779	0.004001331049948931	0.0029103332199156284	0.002284347079694271	0.0020677701104432344	0.0019462878117337823	0.0011781798675656319	0.10517966002225876	0.8069548606872559	0.0459243543446064	0.0024990832898765802	0.0016166837885975838	water	nli		NA	0.9942585825920105	2019	Netherlands
ERR4224333	0.009969954378902912	0.006615528371185064	0.0140324542298913	0.011408303864300251	0.005872491747140884	0.0038890682626515627	0.004043991211801767	0.00568070774897933	0.005062404554337263	0.0019517304608598351	0.08118608593940735	0.033893004059791565	0.800565242767334	0.003274923888966441	0.012554067187011242	wastewater	nli		NA	0.975272536277771	2018	Netherlands
ERR4224651	0.006518443580716848	0.004039496649056673	0.013989508152008057	0.013989508152008057	0.003649381222203374	0.003013647859916091	0.0017037622164934874	0.0021791451144963503	0.0020232677925378084	0.0009803010616451502	0.12959080934524536	0.8020217418670654	0.012837493792176247	0.0016321042785421014	0.001831443514674902	water	nli		NA	0.9912886023521423	2019	Netherlands
ERR321059	0.09246822446584702	0.03335106745362282	0.08246409893035889	0.09226526319980621	0.019875969737768173	0.013673889450728893	0.02569631114602089	0.025496341288089752	0.03179274499416351	0.019837191328406334	0.0332210399210453	0.325515478849411	0.11426972597837448	0.06789939850568771	0.02217324823141098	water	nli		NA	0.8577085733413696		unknown
ERR4224675	0.00466156704351306	0.003987248986959457	0.0066513544879853725	0.00691631343215704	0.0039025000296533108	0.0028607116546481848	0.002249788260087371	0.002036487916484475	0.0019019263563677669	0.0011740336194634438	0.10399388521909714	0.8088404536247253	0.04680796340107918	0.0024421217385679483	0.0015736757777631283	water	nli		NA	0.9944342374801636	2019	Netherlands
SRR12634069	0.001172001357190311	0.001083924202248454	0.0019247703021392226	0.0021346916910260916	0.0020649770740419626	0.001614500186406076	0.001997539075091481	0.0015832728240638971	0.0014109450858086348	0.0015617739409208298	0.015228459611535072	0.9569880962371826	0.0030878123361617327	0.0009678353671915829	0.007179379463195801	water	nli		NA	0.9949983358383179	2016	United States
SRR5209565	0.010562463663518429	0.008553742431104183	0.0262703038752079	0.03974570333957672	0.008503769524395466	0.007519222795963287	0.010078771971166134	0.01094040460884571	0.011760286055505276	0.014837387949228287	0.2737428545951843	0.5230359435081482	0.03383071348071098	0.0015669063432142138	0.019051583483815193	water	nli		NA	0.9285385012626648	2004	Canada
SRR7121406	0.00822751596570015	0.006210454739630222	0.012496554292738438	0.019355040043592453	0.006794258486479521	0.005567016080021858	0.008195439353585243	0.007505883928388357	0.006715102586895227	0.0049610864371061325	0.06765475869178772	0.7860766649246216	0.046385012567043304	0.006636869627982378	0.007218339014798403	water	nli		NA	0.9511421918869019	2010	United States
SRR8280097	0.007635908666998148	0.005877568386495113	0.012273852713406086	0.01919667236506939	0.006699296645820141	0.005499938502907753	0.008192135021090508	0.0072295330464839935	0.006505874916911125	0.004844208247959614	0.06825779378414154	0.7880651354789734	0.046593256294727325	0.006442651152610779	0.006686224602162838	water	nli		NA	0.9536218047142029	2010	United States
SRR6398697	0.007685742806643248	0.0059043834917247295	0.012257817201316357	0.019246626645326614	0.006677489262074232	0.005471338517963886	0.008007531985640526	0.007080438081175089	0.006472044158726931	0.004894906189292669	0.06360220909118652	0.7908878326416016	0.04862285032868385	0.006472044158726931	0.006716729141771793	water	nli		NA	0.9531879425048828	2009	United States
SRR6398728	0.00755444448441267	0.005814863368868828	0.011954653076827526	0.01826430670917034	0.006732198875397444	0.00549466023221612	0.008057386614382267	0.007138448767364025	0.00653782719746232	0.004954326432198286	0.06606196612119675	0.7888479828834534	0.048877816647291183	0.006653766147792339	0.007055283989757299	water	nli		NA	0.9525741338729858	2009	United States
SRR14190372	0.0007376200519502163	0.000671610701829195	0.0011672587133944035	0.0008391044684685767	0.0013226773589849472	0.0017938165692612529	0.0009288038709200919	0.0012844892917200923	0.0010816483991220593	0.003404065268114209	0.02194940485060215	0.958716630935669	0.0016332885716110468	0.0005438869702629745	0.003925715573132038	water	nli		NA	0.9959692358970642	2016	United States
SRR6260848	0.008272936567664146	0.006256948225200176	0.012738515622913837	0.01980702020227909	0.006939350161701441	0.005674805957823992	0.008289109915494919	0.00743030896410346	0.006871913094073534	0.005136782303452492	0.07087647914886475	0.7781620025634766	0.049794841557741165	0.006686554756015539	0.0070624095387756824	water	nli		NA	0.952175498008728	2009	United States
ERR4224700	0.004669342190027237	0.004201953299343586	0.006780596915632486	0.006921087391674519	0.003970566671341658	0.002921999664977193	0.0022535407915711403	0.002043872606009245	0.0019502767827361822	0.0011736972955986857	0.10488186031579971	0.8086086511611938	0.045507341623306274	0.0025140061043202877	0.0016011237166821957	water	nli		NA	0.9944558143615723	2019	Netherlands
ERR4224464	0.0037501531187444925	0.004142940975725651	0.004997340962290764	0.0033813705667853355	0.0035160689149051905	0.0025976551696658134	0.002411841182038188	0.0023104024585336447	0.00213260343298316	0.002062956802546978	0.060053400695323944	0.885932207107544	0.01923174411058426	0.0015450834762305021	0.0019341874867677689	water	nli		NA	0.9962126016616821	2018	Netherlands
ERR4224388	0.0067144776694476604	0.0045967972837388515	0.015444822609424591	0.014637150801718235	0.003636365756392479	0.0030264516826719046	0.001684474409557879	0.002158687449991703	0.001996459439396858	0.00096354098059237	0.13141851127147675	0.7976019978523254	0.012716976925730705	0.0015855107922106981	0.001817797077819705	water	nli		NA	0.9913054704666138	2018	Netherlands
SRR5209458	0.007155808620154858	0.006265834905207157	0.016999071463942528	0.015447631478309631	0.008300883695483208	0.006669946946203709	0.007086267229169607	0.008156243711709976	0.008045491762459278	0.011592360213398933	0.3044213354587555	0.5596431493759155	0.019738536328077316	0.0015505775809288025	0.0189268346875906	water	nli		NA	0.926835298538208	2011	Canada
ERR4224423	0.006630485877394676	0.004548170603811741	0.015296371653676033	0.015192165039479733	0.003626117715612054	0.0029537761583924294	0.0017028498696163297	0.0021568122319877148	0.0019561436492949724	0.0009664719691500068	0.13265767693519592	0.7953541278839111	0.013512189500033855	0.0016090798890218139	0.0018376270309090614	water	nli		NA	0.9909622669219971	2018	Netherlands
SRR6398641	0.007821555249392986	0.006079548504203558	0.012257060967385769	0.019170409068465233	0.006612189579755068	0.005407262127846479	0.007975822314620018	0.0071077123284339905	0.006496974267065525	0.004828142002224922	0.06344321370124817	0.7892959713935852	0.05021222308278084	0.006509676575660706	0.006782225798815489	water	nli		NA	0.9526182413101196	2009	United States
SRR7128223	0.0082431361079216	0.006271046586334705	0.013019029051065445	0.02000734582543373	0.006807157304137945	0.005676495376974344	0.008291576988995075	0.007360291667282581	0.006900862790644169	0.004980222322046757	0.06888425350189209	0.7806773781776428	0.0491333045065403	0.006887397728860378	0.006860546302050352	water	nli		NA	0.9520419239997864	2010	United States
ERR4224642	0.009767953306436539	0.005742283537983894	0.013429669663310051	0.011220908723771572	0.005901465192437172	0.003847664687782526	0.00403231754899025	0.00562022952362895	0.005137305706739426	0.0018973060650750995	0.08727362751960754	0.03521011769771576	0.7951421737670898	0.0032590986229479313	0.012517827562987804	wastewater	nli		NA	0.976557731628418	2019	Netherlands
ERR4224460	0.010003739967942238	0.006716193165630102	0.01435770932585001	0.01169555727392435	0.006103231571614742	0.003994787111878395	0.004065629094839096	0.005823744460940361	0.005251048598438501	0.00197756290435791	0.08286533504724503	0.03444235771894455	0.7970271110534668	0.003298883093520999	0.012377120554447174	wastewater	nli		NA	0.9753666520118713	2018	Netherlands
ERR4224337	0.006891614757478237	0.004736532922834158	0.01597660966217518	0.015621758997440338	0.003568346379324794	0.002975647570565343	0.0016987876733765006	0.0021941049490123987	0.002013423712924123	0.0009679400245659053	0.13176091015338898	0.79500812292099	0.013154841028153896	0.0016052413266152143	0.0018260962096974254	water	nli		NA	0.9910319447517395	2018	Netherlands
ERR4224474	0.007148088421672583	0.006019294261932373	0.009423553943634033	0.007461927831172943	0.006598002277314663	0.003818630473688245	0.003086387412622571	0.003693921957165003	0.003240829799324274	0.00295657804235816	0.04069490358233452	0.4800432622432709	0.41951972246170044	0.0038485804107040167	0.002446306636556983	water	nli		NA	0.9779887795448303	2018	Netherlands
ERR4224506	0.0103136682882905	0.006763869430869818	0.014431417919695377	0.011686916463077068	0.006134563125669956	0.0040310099720954895	0.004118550568819046	0.005876550916582346	0.005288322921842337	0.0019607238937169313	0.08310791850090027	0.03335801884531975	0.797216534614563	0.003368034726008773	0.012343845330178738	wastewater	nli		NA	0.9752254486083984	2018	Netherlands
ERR4224444	0.006519527640193701	0.004623036831617355	0.015011044219136238	0.014478336088359356	0.003736544633284211	0.0030437279492616653	0.001700720051303506	0.0021966013591736555	0.0020117813255637884	0.000978550873696804	0.12999260425567627	0.799027681350708	0.013221352361142635	0.0016516173491254449	0.0018068748759105802	water	nli		NA	0.9911355376243591	2018	Netherlands
SRR8434632	0.007601528894156218	0.005885491147637367	0.011842668056488037	0.01823512278497219	0.006630172021687031	0.0054325684905052185	0.008348647505044937	0.00722515257075429	0.006630172021687031	0.004994951654225588	0.06618223339319229	0.7898982763290405	0.04706792160868645	0.006813967600464821	0.007211055140942335	water	nli		NA	0.9510513544082642	2010	United States
ERR4224390	0.006487500388175249	0.004467506892979145	0.014792142435908318	0.013950319029390812	0.0036249705590307713	0.00296439859084785	0.0016956743784248829	0.0021815455984324217	0.0020018985960632563	0.0009661660878919065	0.13094276189804077	0.7997750043869019	0.012764083221554756	0.0015774581115692854	0.00180856476072222	water	nli		NA	0.9913390874862671	2018	Netherlands
ERR4224349	0.006708976346999407	0.0046110074035823345	0.015402058139443398	0.01441248506307602	0.003676215885207057	0.003023972501978278	0.0017029342707246542	0.002208068734034896	0.0019987241830676794	0.0009703026153147221	0.1302889883518219	0.7985066771507263	0.013033317402005196	0.0016186158172786236	0.0018377179512754083	water	nli		NA	0.9911355376243591	2018	Netherlands
SRR6314031	0.00797525979578495	0.006102912127971649	0.012719560414552689	0.019432934001088142	0.006624648347496986	0.0054813106544315815	0.008260626345872879	0.007261556573212147	0.006755308713763952	0.004903827793896198	0.06872773170471191	0.7838634848594666	0.0485689714550972	0.006433382630348206	0.006888544652611017	water	nli		NA	0.9531880021095276	2009	United States
ERR4224430	0.010175648145377636	0.006686398759484291	0.01432196144014597	0.011530518531799316	0.0062081110663712025	0.003923061769455671	0.00399263110011816	0.005696882959455252	0.005146704614162445	0.001942056231200695	0.08324632048606873	0.03486357256770134	0.7965969443321228	0.003322962438687682	0.012346303090453148	wastewater	nli		NA	0.9754602909088135	2018	Netherlands
ERR4224412	0.007019407581537962	0.0050558894872665405	0.016162006184458733	0.015436962246894836	0.0037207051645964384	0.0030072396621108055	0.001723542925901711	0.0022087546531111	0.002042764099314809	0.0009839650010690093	0.12843425571918488	0.7971961498260498	0.013517055660486221	0.001635007793083787	0.001856328803114593	water	nli		NA	0.9910838603973389	2018	Netherlands
SRR9030821	0.00410681264474988	0.003154957899823785	0.007612827233970165	0.002895152196288109	0.006460922304540873	0.006999580189585686	0.0034650436136871576	0.005569663364440203	0.007524134591221809	0.009418965317308903	0.4831007421016693	0.4338953197002411	0.011699218302965164	0.001397272339090705	0.01269938237965107	environment	nli		NA	0.9270337224006653	2015	Australia
SRR9030830	0.0038991551846265793	0.002995430724695325	0.007242023013532162	0.0028638478834182024	0.0064160763286054134	0.007032932713627815	0.0033942677546292543	0.00552021199837327	0.007341715041548014	0.009317121468484402	0.4704683721065521	0.4484858810901642	0.011460253968834877	0.001363396062515676	0.01219937764108181	environment	nli		NA	0.9246876835823059	2015	Australia
ERR4224491	0.010561414062976837	0.006765895523130894	0.014981505461037159	0.012132393196225166	0.006269664037972689	0.004008660092949867	0.004040100611746311	0.005982554517686367	0.005425941664725542	0.0019766944460570812	0.08190392702817917	0.03336801379919052	0.7966769337654114	0.003388842334970832	0.012517517432570457	wastewater	nli		NA	0.9758315682411194	2018	Netherlands
SRR5209487	0.007468894589692354	0.006228317506611347	0.017096471041440964	0.01565799117088318	0.008028619922697544	0.00641348771750927	0.0072816419415175915	0.008139139972627163	0.00790414772927761	0.011842378415167332	0.2945803105831146	0.5705977082252502	0.019035276025533676	0.001490958034992218	0.018234675750136375	water	nli		NA	0.9345744848251343	2006	Canada
SRR6261989	0.0081170117482543	0.00630920147523284	0.01294563990086317	0.0193201694637537	0.007065969984978437	0.00576707674190402	0.008342023938894272	0.007565886713564396	0.00697002187371254	0.005099377129226923	0.0697106271982193	0.7800763845443726	0.049143437296152115	0.006637864746153355	0.006929301656782627	water	nli		NA	0.9510513544082642	2010	United States
SRR6261893	0.007845509797334671	0.0061220345087349415	0.012439524754881859	0.019342122599482536	0.006856354419142008	0.005673026200383902	0.008158039301633835	0.00742797926068306	0.006816298235207796	0.004967467859387398	0.06921292096376419	0.7840192914009094	0.047918982803821564	0.006567985285073519	0.0066324397921562195	water	nli		NA	0.9523087739944458	2010	United States
SRR5209546	0.01676817797124386	0.011457260698080063	0.03723818063735962	0.050675369799137115	0.01039128191769123	0.0073397960513830185	0.013110182248055935	0.012756557203829288	0.012509822845458984	0.015844816341996193	0.27368107438087463	0.47357168793678284	0.04219638183712959	0.0017129771877080202	0.020746417343616486	water	nli		NA	0.9132132530212402	2007	Canada
ERR4224647	0.006105331238359213	0.005051621235907078	0.008626729249954224	0.0063237897120416164	0.005325164645910263	0.003980581648647785	0.0037394105456769466	0.0035891393199563026	0.0034923283383250237	0.002438038121908903	0.09950203448534012	0.8363809585571289	0.010799231939017773	0.001756052952259779	0.002889592433348298	water	nli		NA	0.9908567070960999	2019	Netherlands
ERR4224500	0.00681091845035553	0.004754787310957909	0.015712624415755272	0.01515501830726862	0.0037613464519381523	0.003028235398232937	0.001725436537526548	0.002246002433821559	0.002045008586719632	0.0009927720529958606	0.13181740045547485	0.7949606776237488	0.013465994969010353	0.0016690873308107257	0.0018547422951087356	water	nli		NA	0.9911011457443237	2018	Netherlands
SRR7012236	0.007754708174616098	0.005969012156128883	0.012176064774394035	0.019343622028827667	0.0067111412063241005	0.005542040336877108	0.008174622431397438	0.007428555749356747	0.006750579457730055	0.0049388292245566845	0.0669904574751854	0.7863805294036865	0.04801638796925545	0.0067902496084570885	0.007033215370029211	water	nli		NA	0.9515940546989441	2010	United States
ERR4224395	0.0065044984221458435	0.0045143431052565575	0.014991075731813908	0.01419326476752758	0.0036132351960986853	0.0029896320775151253	0.0016934891464188695	0.002178734401240945	0.002003227826207876	0.0009820325067266822	0.12950314581394196	0.800305962562561	0.013139449059963226	0.0016096386825665832	0.0017782311188057065	water	nli		NA	0.9913725852966309	2018	Netherlands
SRR6261842	0.007908020168542862	0.006098921410739422	0.012711241841316223	0.019081836566329002	0.006978804245591164	0.005707070231437683	0.00825522467494011	0.0074579743668437	0.006857201457023621	0.004968082066625357	0.0694923996925354	0.7818223834037781	0.04930155351758003	0.006568796932697296	0.006790562532842159	water	nli		NA	0.9528820514678955	2010	United States
SRR6314326	0.009807426482439041	0.006270613521337509	0.015013068914413452	0.017483627423644066	0.006846686825156212	0.00688692182302475	0.010645860806107521	0.010338494554162025	0.008146537467837334	0.006344529800117016	0.1072048470377922	0.009195247665047646	0.7610525488853455	0.005599027965217829	0.019164541736245155	wastewater	nli		NA	0.7978719472885132	1996	Brazil
ERR4224438	0.006748809013515711	0.004702235106378794	0.015223534777760506	0.014441531151533127	0.0038453557062894106	0.00313848746009171	0.0017536681843921542	0.002260567620396614	0.0020825325045734644	0.0009992100531235337	0.12959888577461243	0.7985547184944153	0.013136329129338264	0.0016799111617729068	0.001834242488257587	water	nli		NA	0.9910492897033691	2018	Netherlands
ERR4224496	0.006394263822585344	0.006125329528003931	0.009431669488549232	0.006444414611905813	0.005776735953986645	0.004120391793549061	0.003939391579478979	0.0037007159553468227	0.003586857346817851	0.002588567091152072	0.0995602160692215	0.8325904607772827	0.010919582098722458	0.0018938361899927258	0.002927507506683469	water	nli		NA	0.9901592135429382	2018	Netherlands
ERR4224690	0.007014658767729998	0.005473702680319548	0.008781186304986477	0.007237328682094812	0.006386919878423214	0.0038138041272759438	0.003070468781515956	0.003603791818022728	0.0032684970647096634	0.002901389030739665	0.03973105177283287	0.48131299018859863	0.4210403859615326	0.00389662804082036	0.002467190846800804	water	nli		NA	0.9779255986213684	2019	Netherlands
SRR14190376	0.0015214908635243773	0.0014632034581154585	0.0018641696078702807	0.0016133043682202697	0.0019921648781746626	0.0021709382999688387	0.001961279194802046	0.0021965287160128355	0.002104145707562566	0.005889707710593939	0.04803064092993736	0.9196448922157288	0.0027176537550985813	0.001286238431930542	0.0055436850525438786	water	nli		NA	0.9766023755073547	2014	United States
ERR4224345	0.006923086475580931	0.00473036477342248	0.016175447031855583	0.015299658291041851	0.00367682334035635	0.003018571063876152	0.0017132244538515806	0.002221411792561412	0.0020384821109473705	0.0009780743857845664	0.13120438158512115	0.7955250144004822	0.013010036200284958	0.0016220483230426908	0.0018633233848959208	water	nli		NA	0.9910319447517395	2018	Netherlands
ERR4224671	0.0034391179215162992	0.0035482868552207947	0.004381549544632435	0.0031130581628531218	0.0032944728154689074	0.0024674462620168924	0.002363668754696846	0.002229152014479041	0.002053590724244714	0.0019981989171355963	0.0596349835395813	0.8888269066810608	0.019172493368387222	0.0015440885908901691	0.0019329418428242207	water	nli		NA	0.9963428974151611	2019	Netherlands
SRR16091611	0.004921509884297848	0.004032541066408157	0.013017200864851475	0.016487454995512962	0.0031528377439826727	0.0021839067339897156	0.003579617477953434	0.007008551154285669	0.003993351943790913	0.0025136610493063927	0.0710609033703804	0.0067400578409433365	0.840704619884491	0.00395454466342926	0.01664925366640091	wastewater	nli		NA	0.9621075987815857		United States
ERR321060	0.08289938420057297	0.03202304244041443	0.07294443994760513	0.08332549780607224	0.019103167578577995	0.012528163380920887	0.02649623341858387	0.02342855930328369	0.02910042181611061	0.020255936309695244	0.03489673510193825	0.3552088141441345	0.11613170057535172	0.06852495670318604	0.023133007809519768	water	nli		NA	0.8702117204666138		unknown
SRR12686264	0.007368579972535372	0.005497295409440994	0.01820182241499424	0.02622612938284874	0.005738656036555767	0.00540150748565793	0.005605719983577728	0.008029823191463947	0.005583865102380514	0.005255811382085085	0.04448163881897926	0.0049761016853153706	0.8368517160415649	0.003035895060747862	0.0177454873919487	wastewater	nli		NA	0.9184070825576782	1995	Brazil
ERR4224397	0.010494865477085114	0.0066839843057096004	0.014570677652955055	0.011776669882237911	0.00619376078248024	0.003998992498964071	0.004069908522069454	0.005852692294865847	0.0053917523473501205	0.001999071566388011	0.08132825791835785	0.03404366597533226	0.7978661060333252	0.0033152808900922537	0.012414373457431793	wastewater	nli		NA	0.9757161736488342	2018	Netherlands
ERR4224470	0.0068084606900811195	0.0047997161746025085	0.015358095057308674	0.015208843164145947	0.0038043109234422445	0.0031232344917953014	0.0017519760876893997	0.002206070814281702	0.002044270746409893	0.0009982457850128412	0.13384491205215454	0.793123185634613	0.01339556835591793	0.0016717471880838275	0.0018613296560943127	water	nli		NA	0.9907140135765076	2018	Netherlands
SRR1635285	0.010890858247876167	0.012340961024165154	0.02500256896018982	0.011868185363709927	0.012707860209047794	0.0142043586820364	0.007829085923731327	0.008751051500439644	0.01106236595660448	0.013875315897166729	0.8127502202987671	0.0035634757950901985	0.007441440597176552	0.005840853787958622	0.04187142103910446	environment	nli		NA	0.948822557926178	2011	United Kingdom
SRR8434292	0.007787963841110468	0.005936354398727417	0.012085817754268646	0.01897655986249447	0.006622481159865856	0.005447504576295614	0.008145790547132492	0.007316115777939558	0.006596663035452366	0.0049406723119318485	0.06565511226654053	0.7897528409957886	0.046875789761543274	0.006713645067065954	0.007146638818085194	water	nli		NA	0.9514138102531433	2010	United States
SRR9030874	0.004008387681096792	0.0030080131255090237	0.0073151797987520695	0.0029040996450930834	0.006417908240109682	0.006791914813220501	0.0035098616499453783	0.005393875762820244	0.007358167786151171	0.008703974075615406	0.47429364919662476	0.4455576241016388	0.011689623817801476	0.001426445902325213	0.011621329933404922	environment	nli		NA	0.9222025275230408	2014	Australia
SRR8434366	0.007628318388015032	0.0059525552205741405	0.012261654250323772	0.019215084612369537	0.006811322644352913	0.0056357658468186855	0.008183990605175495	0.007307481952011585	0.006837980821728706	0.004983269609510899	0.06879191845655441	0.7849786281585693	0.048259563744068146	0.006627598311752081	0.00652484642341733	water	nli		NA	0.9527942538261414	2010	United States
SRR9030829	0.004010022152215242	0.0030506642069667578	0.006969413720071316	0.0027399437967687845	0.006198725197464228	0.006915177684277296	0.003483967622742057	0.005502502433955669	0.007318162824958563	0.009287232533097267	0.4744870364665985	0.4448695480823517	0.011513084173202515	0.001375041902065277	0.012279575690627098	environment	nli		NA	0.924891471862793	2015	Australia
SRR9879555	0.006639409810304642	0.0053453450091183186	0.011053958907723427	0.013333620503544807	0.005701215006411076	0.005160687956959009	0.00687697809189558	0.005070765037089586	0.005366266239434481	0.004236783366650343	0.06582293659448624	0.8081768155097961	0.04829838126897812	0.0036027405876666307	0.0053141163662076	water	nli		NA	0.9572378993034363	2015	Canada
SRR9030879	0.0040429565124213696	0.0030877573881298304	0.007436135783791542	0.002872490556910634	0.006435438524931669	0.0068237814120948315	0.003547052154317498	0.005526066292077303	0.007450673263520002	0.009040041826665401	0.48119527101516724	0.4372783899307251	0.012260113842785358	0.0014415605692192912	0.011562388390302658	environment	nli		NA	0.9242786169052124	2014	Australia
SRR7345807	0.007506130263209343	0.005949446465820074	0.012327267788350582	0.01898130215704441	0.006821074523031712	0.005610862746834755	0.008147827349603176	0.007389757316559553	0.0068077645264565945	0.00490344874560833	0.06848792731761932	0.786870539188385	0.0472552515566349	0.006483339238911867	0.006458062678575516	water	nli		NA	0.9527063369750977	2010	United States
SRR6367412	0.007760265376418829	0.006103010382503271	0.012161013670265675	0.01876191608607769	0.00691561633720994	0.0056886314414441586	0.008037938736379147	0.007219248916953802	0.00663770642131567	0.004913493990898132	0.06574182957410812	0.7900240421295166	0.04666348546743393	0.0064966208301484585	0.006875213701277971	water	nli		NA	0.9510513544082642	2009	United States
SRR12686236	0.006906426046043634	0.00528500834479928	0.01773981563746929	0.024919617921113968	0.005538640543818474	0.005243879742920399	0.005452772136777639	0.007841305807232857	0.00547411385923624	0.005033150315284729	0.04534446820616722	0.005033150315284729	0.8406791687011719	0.0030054310336709023	0.01650306209921837	wastewater	nli		NA	0.9203612208366394	1996	Brazil
SRR6311922	0.008116560988128185	0.006235349923372269	0.013434323482215405	0.019777236506342888	0.007093231193721294	0.005755503661930561	0.008357868529856205	0.007535971701145172	0.006996912881731987	0.005099093541502953	0.06733156740665436	0.7807950973510742	0.04986584186553955	0.006676501128822565	0.006928916554898024	water	nli		NA	0.9512781500816345	2009	United States
ERR4224391	0.01004463154822588	0.0068098255433142185	0.014332177117466927	0.011674756184220314	0.006176243536174297	0.003979901783168316	0.004042576067149639	0.0058934129774570465	0.00536601385101676	0.0019817722495645285	0.08129649609327316	0.033815037459135056	0.7987236380577087	0.0033383474219590425	0.012525185942649841	wastewater	nli		NA	0.9753666520118713	2018	Netherlands
SRR7904961	0.007687413599342108	0.005894144531339407	0.012308469042181969	0.01910100132226944	0.006823986768722534	0.005504688248038292	0.008263514377176762	0.007278296630829573	0.006486107129603624	0.0048768832348287106	0.06709358096122742	0.7887455821037292	0.04686174541711807	0.006473450921475887	0.00660112826153636	water	nli		NA	0.9522199034690857	2010	United States
ERR4224688	0.004869135562330484	0.004181092604994774	0.0070225573144853115	0.007280941586941481	0.003981842193752527	0.002930297516286373	0.002295529004186392	0.0020337258465588093	0.0019866146612912416	0.0011885809944942594	0.10574615746736526	0.8061673641204834	0.04619989171624184	0.0024917731061577797	0.0016245977021753788	water	nli		NA	0.9943909049034119	2019	Netherlands
SRR9030816	0.004095348063856363	0.003170826705172658	0.007473879959434271	0.0030553159303963184	0.006208177190274	0.006673423107713461	0.0036070800852030516	0.005554114934056997	0.0074302153661847115	0.009103691205382347	0.47987404465675354	0.43821218609809875	0.012322344817221165	0.001415314502082765	0.011804082430899143	environment	nli		NA	0.9253649711608887	2014	Australia
SRR5209548	0.01709793321788311	0.011959617026150227	0.03902306780219078	0.05064776912331581	0.010451756417751312	0.0074258954264223576	0.013058331795036793	0.01342032104730606	0.012631873600184917	0.016604283824563026	0.27206677198410034	0.46940112113952637	0.0437464602291584	0.001719584339298308	0.02074524387717247	water	nli		NA	0.9114165306091309	2006	Canada
ERR4224434	0.006371446419507265	0.005904145538806915	0.009234257973730564	0.006272666156291962	0.00557902455329895	0.004026276990771294	0.003894787048920989	0.0036303407978266478	0.0035462439991533756	0.0025592574384063482	0.09591827541589737	0.837760865688324	0.010515003465116024	0.0018760531675070524	0.0029113690834492445	water	nli		NA	0.9903290271759033	2018	Netherlands
ERR4224427	0.006703880149871111	0.004680062644183636	0.015300442464649677	0.014122985303401947	0.003804863663390279	0.003093332052230835	0.0017352021532133222	0.0022150271106511354	0.0020646320190280676	0.0009983908385038376	0.13146762549877167	0.7963430285453796	0.013944823294878006	0.001678534084931016	0.0018471130169928074	water	nli		NA	0.9909447431564331	2018	Netherlands
ERR4224353	0.009961144998669624	0.006687596440315247	0.014380592852830887	0.011898667551577091	0.006136883515864611	0.004056232050061226	0.0040011536329984665	0.005924881435930729	0.005321412812918425	0.001992354169487953	0.08407831192016602	0.033830009400844574	0.7959619164466858	0.0033235575538128614	0.012445365078747272	wastewater	nli		NA	0.9752489924430847	2018	Netherlands
SRR6398687	0.007738815154880285	0.005945155397057533	0.012294341810047626	0.01911637932062149	0.0066843181848526	0.005455581471323967	0.007953342981636524	0.007157234009355307	0.006529476027935743	0.004880809225142002	0.06345001608133316	0.7909238934516907	0.04857761040329933	0.006516735535115004	0.006776333320885897	water	nli		NA	0.9525299668312073	2009	United States
SRR5209541	0.016564207151532173	0.01154111698269844	0.037073712795972824	0.05246131867170334	0.010325203649699688	0.007250513415783644	0.01277485117316246	0.013361805118620396	0.012478921562433243	0.016085967421531677	0.2724723219871521	0.47240185737609863	0.04271327331662178	0.0017187875928357244	0.02077616937458515	water	nli		NA	0.913058340549469	2007	Canada
SRR9030837	0.004066378343850374	0.003111716825515032	0.007421011105179787	0.002975025912746787	0.006285840645432472	0.006809902843087912	0.0035606399178504944	0.0054399422369897366	0.007377655711025	0.009056963957846165	0.4802165627479553	0.4380969703197479	0.011998528614640236	0.0014190936926752329	0.012163697741925716	environment	nli		NA	0.9243468642234802	2014	Australia
ERR4224501	0.005195991601794958	0.004909866955131292	0.007515955716371536	0.0072989556938409805	0.004062480293214321	0.002914686920121312	0.0023374471347779036	0.0020911856554448605	0.001945396070368588	0.0011868764413520694	0.10626691579818726	0.8018727898597717	0.04838896542787552	0.0024400732945650816	0.0015723558608442545	water	nli		NA	0.9943581223487854	2018	Netherlands
ERR4224358	0.006563024129718542	0.00611741142347455	0.009511915035545826	0.006627430208027363	0.0055158366449177265	0.004043362103402615	0.0039036821108311415	0.0036386316642165184	0.0035060790833085775	0.0025953389704227448	0.09750832617282867	0.8347685933113098	0.010916119441390038	0.0018260490614920855	0.0029581869021058083	water	nli		NA	0.9902350306510925	2018	Netherlands
ERR4224632	0.0063944533467292786	0.003939507994800806	0.013953136280179024	0.01418671291321516	0.003524461993947625	0.0028934862930327654	0.0016746214823797345	0.002175603061914444	0.0019770439248532057	0.00096165417926386	0.13020403683185577	0.802283525466919	0.01237387116998434	0.001629451522603631	0.0018284667748957872	water	nli		NA	0.9914721846580505	2019	Netherlands
SRR8787406	0.027481023222208023	0.030717233195900917	0.02726716548204422	0.013872409239411354	0.03785670921206474	0.034943416714668274	0.03626450523734093	0.024442125111818314	0.022124791517853737	0.32607534527778625	0.16157670319080353	0.11844315379858017	0.030717233195900917	0.038452863693237305	0.06976526975631714	wildbird	nli		NA	0.0960254818201065	1979	United States
SRR29316403	0.028690384700894356	0.03328142687678337	0.03175735846161842	0.020265210419893265	0.05909924954175949	0.06670714169740677	0.02327960543334484	0.02492663823068142	0.0454903170466423	0.04540155455470085	0.22922110557556152	0.18168331682682037	0.053496103733778	0.06133359298110008	0.09536711126565933	environment	nli		NA	0.028114058077335358	2018	United States
SRR8787349	0.033760346472263336	0.03171490877866745	0.022097375243902206	0.014267138205468655	0.02634398825466633	0.02608797512948513	0.026292584836483	0.02162769064307213	0.019349107518792152	0.3737487494945526	0.1421363800764084	0.1077100858092308	0.02865203656256199	0.04016978666186333	0.08604184538125992	wildbird	nli		NA	0.07483763247728348	1979	United States
ERR2197811	0.029083246365189552	0.014796357601881027	0.009350190870463848	0.008580217137932777	0.01181974820792675	0.009992181323468685	0.010846409946680069	0.008991990238428116	0.0088525814935565	0.27674373984336853	0.22258712351322174	0.287346750497818	0.041174475103616714	0.016346117481589317	0.04348891228437424	water	nli		NA	0.1138748899102211	2014	Luxembourg
SRR29316407	0.04238978773355484	0.049849916249513626	0.03569578006863594	0.026371873915195465	0.07112832367420197	0.06301620602607727	0.024581290781497955	0.02930525317788124	0.040527697652578354	0.044597987085580826	0.21866315603256226	0.14452752470970154	0.0651436522603035	0.05033911392092705	0.09386234730482101	environment	nli		NA	0.02080448903143406	2018	United States
SRR8787404	0.028046315535902977	0.031226877123117447	0.027503851801156998	0.01407505664974451	0.03833477199077606	0.03531564772129059	0.03693826124072075	0.024750787764787674	0.02253585122525692	0.31940969824790955	0.16345743834972382	0.11900550872087479	0.030563142150640488	0.04009610414505005	0.06874071061611176	wildbird	nli		NA	0.08795474469661713	1979	United States
SRR8787412	0.025418756529688835	0.027323657646775246	0.022084198892116547	0.01273152232170105	0.024636702612042427	0.024975847452878952	0.029428739100694656	0.01874261535704136	0.016866527497768402	0.4034835994243622	0.15708333253860474	0.09352433681488037	0.030067836865782738	0.0409376323223114	0.07269471138715744	wildbird	nli		NA	0.11353044211864471	1979	United States
SRR5209482	0.006845255848020315	0.005331090651452541	0.007547467481344938	0.0062815602868795395	0.0065317885018885136	0.006017365958541632	0.010478622280061245	0.005457514431327581	0.006040917243808508	0.034492552280426025	0.7189937829971313	0.08161976933479309	0.026498058810830116	0.0070901899598538876	0.07077411562204361	environment	nli		NA	0.6555014252662659	2006	Canada
SRR8787361	0.023372570052742958	0.025669744238257408	0.02234586328268051	0.013659750111401081	0.027973299846053123	0.027485881000757217	0.025972330942749977	0.02111535705626011	0.018238162621855736	0.33879366517066956	0.16903042793273926	0.14345423877239227	0.029893970116972923	0.039294879883527756	0.07369983941316605	wildbird	nli		NA	0.0754484310746193	1979	United States
SRR8787357	0.023362407460808754	0.026889964938163757	0.022336149588227272	0.014763292856514454	0.0296484362334013	0.02829073742032051	0.031010672450065613	0.022292567417025566	0.01801784336566925	0.3272671103477478	0.16585089266300201	0.13339513540267944	0.03137621656060219	0.043476566672325134	0.08202201128005981	wildbird	nli		NA	0.05926467105746269	1979	United States
SRR29316423	0.03514533117413521	0.053173188120126724	0.03875067085027695	0.02313908189535141	0.06376439332962036	0.0764651820063591	0.026999544352293015	0.028350593522191048	0.04665102809667587	0.0487944595515728	0.2399403303861618	0.102494016289711	0.05749392509460449	0.055943116545677185	0.10289516299962997	environment	nli		NA	0.029986506327986717	2018	United States
SRR2915957	0.025930242612957954	0.024454547092318535	0.02633858099579811	0.023888057097792625	0.03342539817094803	0.165492445230484	0.0289272740483284	0.017891328781843185	0.02252858504652977	0.19310274720191956	0.2262013703584671	0.05597701668739319	0.023334691300988197	0.035029519349336624	0.09747818857431412	environment	nli		NA	0.01747598871588707	2009	United States
SRR29316425	0.028583785519003868	0.03606278821825981	0.030249519273638725	0.01900375261902809	0.06110570579767227	0.06504669040441513	0.022479532286524773	0.0245926845818758	0.04199730232357979	0.040388405323028564	0.23886211216449738	0.1924942433834076	0.05618337169289589	0.054561253637075424	0.08838886022567749	environment	nli		NA	0.0363224633038044	2018	United States
SRR2915955	0.026138298213481903	0.024458928033709526	0.027179529890418053	0.024268588051199913	0.0337594710290432	0.16359372437000275	0.02881966158747673	0.017964571714401245	0.02262081205844879	0.19276049733161926	0.22624191641807556	0.0565364733338356	0.02324788272380829	0.03510429337620735	0.09730542451143265	environment	nli		NA	0.017309095710515976	2009	United States
SRR8787409	0.024029530584812164	0.02696440927684307	0.022007711231708527	0.01286207977682352	0.02696440927684307	0.026339782401919365	0.027017127722501755	0.018787460401654243	0.017240343615412712	0.42076581716537476	0.1487884819507599	0.09157644957304001	0.027389036491513252	0.03946353867650032	0.06980389356613159	wildbird	nli		NA	0.1174708679318428	1979	United States
SRR29316436	0.05167558789253235	0.06967304646968842	0.05719966068863869	0.036004986613988876	0.11599872261285782	0.13325320184230804	0.030319232493638992	0.04309232160449028	0.07518753409385681	0.03252779319882393	0.12789832055568695	0.04087875410914421	0.02484268881380558	0.031281668692827225	0.13016639649868011	unknown	nli		NA	NA	2018	United States
SRR21995114	0.034903544932603836	0.02766495756804943	0.04705967754125595	0.03970569744706154	0.04855351150035858	0.04472959041595459	0.02859893999993801	0.03008873574435711	0.037887439131736755	0.10481509566307068	0.12867321074008942	0.12218277901411057	0.08504778891801834	0.09646594524383545	0.12362302839756012	unknown	nli		NA	NA	2017	China
SRR13367297	0.008574570529162884	0.007305624894797802	0.00881226547062397	0.008641822263598442	0.008541140705347061	0.008181911893188953	0.01026241760700941	0.007868467830121517	0.007776797749102116	0.08779220283031464	0.6588568091392517	0.060930777341127396	0.03805510699748993	0.00949118472635746	0.06890889257192612	environment	nli		NA	0.4036550521850586	2007	United Kingdom
SRR8787347	0.033678293228149414	0.03219887986779213	0.021829446777701378	0.014232462272047997	0.026589738205075264	0.026486076414585114	0.026228683069348335	0.021701915189623833	0.019453469663858414	0.3706621825695038	0.14318236708641052	0.10850273817777634	0.028415413573384285	0.03999396786093712	0.08684450387954712	wildbird	nli		NA	0.07362963259220123	1979	United States
SRR11515394	0.013821249827742577	0.009994035586714745	0.005784104578197002	0.0031202901154756546	0.008733995258808136	0.009705489501357079	0.007737890817224979	0.005064730532467365	0.010251039639115334	0.8443034291267395	0.02928817644715309	0.02149055339396	0.007198433857411146	0.007753018755465746	0.01575356349349022	wildbird	nli		NA	0.9431384205818176	2017	Italy
ERR1163670	0.01305388379842043	0.007948569022119045	0.00801091082394123	0.007351224776357412	0.009184555150568485	0.007734169717878103	0.007614262867718935	0.006987240631133318	0.006512823980301619	0.7340863943099976	0.08825396001338959	0.044594090431928635	0.01689298078417778	0.013977445662021637	0.027797473594546318	wildbird	nli		NA	0.6092045307159424	2013	United Kingdom
SRR8787350	0.0233328677713871	0.026646969839930534	0.022177578881382942	0.014744625426828861	0.029094992205500603	0.02798037976026535	0.03121437318623066	0.02213430218398571	0.017924904823303223	0.3230453133583069	0.16973493993282318	0.13718733191490173	0.03152069076895714	0.04308367520570755	0.08017710596323013	wildbird	nli		NA	0.058399517089128494	1979	United States
ERR1163655	0.013222040608525276	0.007988307625055313	0.00801957305520773	0.007330483291298151	0.009122934192419052	0.007772836368530989	0.0075631774961948395	0.006994795985519886	0.006545384414494038	0.7325515151023865	0.08817699551582336	0.04614945873618126	0.016714226454496384	0.013802558183670044	0.028045784682035446	wildbird	nli		NA	0.6033769249916077	2013	United Kingdom
SRR29316455	0.05358210951089859	0.0668143779039383	0.04719378054141998	0.03762615844607353	0.1042957752943039	0.10573147237300873	0.03180841729044914	0.04100266844034195	0.05782302841544151	0.030351802706718445	0.16764357686042786	0.05223875492811203	0.027207178995013237	0.034125447273254395	0.14255543053150177	unknown	nli		NA	NA	2018	United States
SRR8787395	0.03336028754711151	0.031708505004644394	0.022136107087135315	0.014208645559847355	0.026701239868998528	0.026287274435162544	0.026184789836406708	0.021750392392277718	0.019345201551914215	0.37221646308898926	0.14210768043994904	0.10874512791633606	0.02842332050204277	0.03961632400751114	0.08720867335796356	wildbird	nli		NA	0.07517640292644501	1979	United States
SRR29316452	0.027959393337368965	0.03268783912062645	0.028846917673945427	0.01944270357489586	0.06263935565948486	0.06812731176614761	0.02194557711482048	0.024577882140874863	0.044072289019823074	0.043135520070791245	0.23639847338199615	0.18773849308490753	0.05192985013127327	0.0551711767911911	0.09532724320888519	environment	nli		NA	0.030386749655008316	2018	United States
ERR1163662	0.013517860323190689	0.008409840054810047	0.008344393223524094	0.007597657386213541	0.009604339487850666	0.008087662979960442	0.007869512774050236	0.007137337699532509	0.006810495629906654	0.7241284251213074	0.08695058524608612	0.05071781575679779	0.017561879009008408	0.01464486587792635	0.028617309406399727	wildbird	nli		NA	0.5856640338897705	2013	United Kingdom
SRR21995109	0.03416102007031441	0.026243368163704872	0.04845786467194557	0.03350028395652771	0.04941360652446747	0.04922096058726311	0.02357039414346218	0.028766464442014694	0.04080561548471451	0.11601755023002625	0.12904830276966095	0.11211910843849182	0.0838913694024086	0.09884818643331528	0.1259358525276184	unknown	nli		NA	NA	2017	China
SRR29316406	0.027477677911520004	0.033930402249097824	0.029479244723916054	0.01859232597053051	0.06048748269677162	0.06301999092102051	0.021357880905270576	0.023826437070965767	0.04076831415295601	0.039979781955480576	0.24562440812587738	0.19736474752426147	0.05306815728545189	0.05422062799334526	0.09080246835947037	environment	nli		NA	0.037326887249946594	2018	United States
ERR2601935	0.029704032465815544	0.01583743654191494	0.024196423590183258	0.012479600496590137	0.14989502727985382	0.5293521285057068	0.014877895824611187	0.015683526173233986	0.05394486337900162	0.04234180971980095	0.025908319279551506	0.0056249964982271194	0.008057435974478722	0.029878588393330574	0.04221794381737709	goat	nli		NA	0.7471089363098145	2007	Finland
ERR12188774	0.09381580352783203	0.0913744643330574	0.08463144302368164	0.05643178150057793	0.09048648178577423	0.07705781608819962	0.041895605623722076	0.019751468673348427	0.05083272233605385	0.04297298192977905	0.058280009776353836	0.11135463416576385	0.06388317048549652	0.06820280104875565	0.04902878403663635	unknown	nli		NA	NA	2003	United Kingdom
SRR5209566	0.009936120361089706	0.00637776218354702	0.006478196941316128	0.005246203858405352	0.006014802493155003	0.005349676124751568	0.010352129116654396	0.004909138660877943	0.00554109551012516	0.02770373597741127	0.7661603689193726	0.0591665543615818	0.01720164157450199	0.006580214016139507	0.0629824623465538	environment	nli		NA	0.7203682661056519	2004	Canada
SRR29316409	0.034383293241262436	0.03835733234882355	0.028616316616535187	0.0201340913772583	0.05377648398280144	0.054410386830568314	0.02155858278274536	0.022681627422571182	0.030700823292136192	0.049541227519512177	0.2528225779533386	0.18824909627437592	0.06666500866413116	0.05081521347165108	0.08728785812854767	environment	nli		NA	0.038214147090911865	2018	United States
SRR8787363	0.02359074354171753	0.025607509538531303	0.022335268557071686	0.013573508709669113	0.027688318863511086	0.027312345802783966	0.026266025379300117	0.021023061126470566	0.018193943426012993	0.3412889540195465	0.1655207723379135	0.14465203881263733	0.030232010409235954	0.04005090519785881	0.07266461104154587	wildbird	nli		NA	0.0781484916806221	1979	United States
SRR13367282	0.008385210298001766	0.007116435561329126	0.00861765630543232	0.00825520884245634	0.008418028242886066	0.007938956841826439	0.010193822905421257	0.007605054881423712	0.007545871194452047	0.08551869541406631	0.6671776175498962	0.05543112754821777	0.037653371691703796	0.00924539566040039	0.07089748978614807	environment	nli		NA	0.429524689912796	2007	United Kingdom
ERR1163759	0.012740430422127247	0.00775770703330636	0.007879872806370258	0.007174705620855093	0.008894254453480244	0.007637434173375368	0.007402454968541861	0.006532643921673298	0.006356437224894762	0.7338079214096069	0.08843611925840378	0.04705989360809326	0.01687832921743393	0.013668486848473549	0.027773363515734673	wildbird	nli		NA	0.6190683245658875	2013	United Kingdom
SRR13367291	0.008665724657475948	0.007383290212601423	0.00904619600623846	0.008836640976369381	0.008767873048782349	0.008301256224513054	0.010742624290287495	0.008014485239982605	0.007890232838690281	0.07471437752246857	0.6647645831108093	0.06003469228744507	0.04038417711853981	0.009896569885313511	0.0725572258234024	environment	nli		NA	0.40744391083717346	2007	United Kingdom
ERR12188769	0.1072489321231842	0.0963723286986351	0.07288786768913269	0.06610643118619919	0.06216191500425339	0.028739089146256447	0.04041004553437233	0.027423029765486717	0.05143348500132561	0.053482357412576675	0.0658487007021904	0.1297464668750763	0.07331620156764984	0.07023261487483978	0.05459048971533775	unknown	nli		NA	NA	2007	United Kingdom
SRR21995110	0.03302355110645294	0.025270629674196243	0.049574218690395355	0.03481176123023033	0.048237044364213943	0.04880564287304878	0.02346298284828663	0.029029563069343567	0.041582923382520676	0.11503860354423523	0.13137821853160858	0.1108478382229805	0.08318351209163666	0.0996548980474472	0.12609867751598358	unknown	nli		NA	NA	2017	China
SRR10239225	0.025328438729047775	0.0529438816010952	0.043635591864585876	0.03557956963777542	0.01688886061310768	0.036888666450977325	0.015407545492053032	0.02041168324649334	0.16859453916549683	0.09323753416538239	0.289727121591568	0.11384722590446472	0.05126487836241722	0.0052115279249846935	0.031033048406243324	environment	nli		NA	0.7107287049293518	2005	United States
SRR21995113	0.03502294421195984	0.026748333126306534	0.04834046587347984	0.03585348650813103	0.04910171777009964	0.048719603568315506	0.02517686039209366	0.03133310750126839	0.04291100800037384	0.11206614971160889	0.12823377549648285	0.11283484846353531	0.08467461913824081	0.10084863007068634	0.11813448369503021	unknown	nli		NA	NA	2017	China
SRR29316445	0.05886052921414375	0.0626567006111145	0.04656251147389412	0.03785504773259163	0.10071351379156113	0.11104508489370346	0.03101731836795807	0.039056695997714996	0.05874566733837128	0.034873705357313156	0.16220201551914215	0.04729576036334038	0.026843249797821045	0.034873705357313156	0.147398442029953	unknown	nli		NA	NA	2018	United States
SRR29316426	0.030570488423109055	0.03266948089003563	0.028718316927552223	0.019737793132662773	0.055790167301893234	0.05557266250252724	0.02044403925538063	0.023211421445012093	0.032415248453617096	0.03971599042415619	0.24979013204574585	0.1995394080877304	0.0595044307410717	0.062116991728544235	0.09020333737134933	environment	nli		NA	0.03416481241583824	2018	United States
SRR13367287	0.009205498732626438	0.007904698140919209	0.009572204202413559	0.009277698583900928	0.009534885175526142	0.008818327449262142	0.011456428095698357	0.008447440341114998	0.008349023759365082	0.09011177718639374	0.6408804655075073	0.05784063786268234	0.04045821726322174	0.010309670120477676	0.07783307880163193	environment	nli		NA	0.36198192834854126	2007	United Kingdom
SRR13367278	0.008477653376758099	0.007336797658354044	0.008780996315181255	0.008577585220336914	0.008712662383913994	0.00821682345122099	0.010387038812041283	0.007902042008936405	0.00784054771065712	0.10029710084199905	0.6486524939537048	0.05615180358290672	0.03777223825454712	0.009494521655142307	0.07139966636896133	environment	nli		NA	0.3939823508262634	2007	United Kingdom
SRR29316444	0.049091726541519165	0.06567420065402985	0.052360039204359055	0.035152867436409	0.11684848368167877	0.14012271165847778	0.030422268435359	0.041017673909664154	0.07398384809494019	0.03584619238972664	0.1280825436115265	0.04400554299354553	0.025920096784830093	0.03213232383131981	0.12933947145938873	unknown	nli		NA	NA	2018	United States
SRR6197701	0.005625656805932522	0.005182597786188126	0.005625656805932522	0.004279774148017168	0.005295147188007832	0.005714247934520245	0.0037474953569471836	0.0033265873789787292	0.004221659153699875	0.43125224113464355	0.3699518144130707	0.11211501061916351	0.017026303336024284	0.006337461061775684	0.020298372954130173	wildbird	nli		NA	0.8207569718360901	2002	Sweden
SRR29316416	0.033238962292671204	0.0372258685529232	0.02939062938094139	0.020358292385935783	0.05469484627246857	0.05654137581586838	0.02146068587899208	0.02284478209912777	0.03177884593605995	0.046418920159339905	0.25488999485969543	0.18430893123149872	0.06740733981132507	0.05118074268102646	0.08825983852148056	environment	nli		NA	0.038142427802085876	2018	United States
SRR29316433	0.037309762090444565	0.04904275760054588	0.035880446434020996	0.023761892691254616	0.060323625802993774	0.0632186159491539	0.026873214170336723	0.027889197692275047	0.03841899335384369	0.044566810131073	0.2646053731441498	0.11030390113592148	0.06664188206195831	0.051900748163461685	0.0992627814412117	environment	nli		NA	0.037502747029066086	2018	United States
SRR29316417	0.03299076110124588	0.0439625009894371	0.028163433074951172	0.019168317317962646	0.06139456480741501	0.06703480333089828	0.022852035239338875	0.023762356489896774	0.040184978395700455	0.053132571280002594	0.2319270670413971	0.18204164505004883	0.05756232514977455	0.047534797340631485	0.08828786760568619	environment	nli		NA	0.03416481986641884	2018	United States
SRR29316458	0.03089824505150318	0.040298908948898315	0.02802349254488945	0.019832856953144073	0.056941673159599304	0.05874919891357422	0.023323221132159233	0.02541620284318924	0.03563319146633148	0.04539785906672478	0.2028638869524002	0.19281941652297974	0.06881905347108841	0.07240402698516846	0.09857875108718872	environment	nli		NA	0.02373468689620495	2018	United States
SRR8787399	0.03333215415477753	0.031619951128959656	0.021945318207144737	0.01425222773104906	0.026316458359360695	0.026162710040807724	0.026162710040807724	0.02164732664823532	0.01932888850569725	0.37335821986198425	0.1433812379837036	0.10717803239822388	0.028178345412015915	0.03966030105948448	0.08747615665197372	wildbird	nli		NA	0.07450025528669357	1979	United States
ERR1163661	0.013210287317633629	0.007934578694403172	0.007996811531484127	0.00728117860853672	0.009132645092904568	0.007660475559532642	0.007512308191508055	0.0068400343880057335	0.006476014386862516	0.7423378825187683	0.08203679323196411	0.04399697855114937	0.0166018083691597	0.01403484120965004	0.026947392150759697	wildbird	nli		NA	0.6196150779724121	2013	United Kingdom
SRR29316428	0.028876738622784615	0.03607834130525589	0.030321724712848663	0.019123675301671028	0.05902022495865822	0.06444233655929565	0.022843383252620697	0.025285320356488228	0.043011777102947235	0.041202761232852936	0.2348012775182724	0.18922169506549835	0.05469149723649025	0.05731619894504547	0.09376305341720581	environment	nli		NA	0.032009802758693695	2018	United States
SRR11515393	0.013879925012588501	0.00990017969161272	0.005865662358701229	0.0031828826759010553	0.008944067172706127	0.009977826848626137	0.007893111556768417	0.005268224980682135	0.01066291332244873	0.8412894010543823	0.029701150953769684	0.022266866639256477	0.007371571846306324	0.0076952227391302586	0.016100995242595673	wildbird	nli		NA	0.9429811239242554	2017	Italy
SRR13367283	0.008726499043405056	0.007406082935631275	0.009038745425641537	0.00876065343618393	0.008726499043405056	0.008262082934379578	0.01056736521422863	0.00803922675549984	0.007914590649306774	0.0832812637090683	0.6568595170974731	0.05917072296142578	0.04058804735541344	0.009735112078487873	0.07292351126670837	environment	nli		NA	0.3997091054916382	2007	United Kingdom
SRR4379981	0.0026013602036982775	0.003920388408005238	0.003131716977804899	0.0015563799533993006	0.00828326866030693	0.007796622812747955	0.004784633405506611	0.0033928132615983486	0.005850816611200571	0.8565472960472107	0.07433437556028366	0.009590009227395058	0.0029534902423620224	0.002477391855791211	0.012779359705746174	wildbird	nli		NA	0.9823893904685974	2000	Sweden
SRR29316456	0.0372796431183815	0.044012028723955154	0.03232591599225998	0.020708758383989334	0.06146373599767685	0.07754584401845932	0.0242583267390728	0.027812303975224495	0.049969665706157684	0.055203452706336975	0.17305397987365723	0.17087088525295258	0.06366300582885742	0.06206690892577171	0.09976550191640854	unknown	nli		NA	NA	2018	United States
SRR29316418	0.03535569831728935	0.0399070605635643	0.029483146965503693	0.02002737671136856	0.05594918131828308	0.05562231317162514	0.021235914900898933	0.022916696965694427	0.03321360424160957	0.04575366899371147	0.24637769162654877	0.1854315996170044	0.06683174520730972	0.05266214907169342	0.08923208713531494	environment	nli		NA	0.039268750697374344	2018	United States
SRR27387502	0.02847326174378395	0.03264475613832474	0.0460364855825901	0.0296653900295496	0.042245447635650635	0.040232233703136444	0.10394764691591263	0.03013255074620247	0.037208735942840576	0.060988426208496094	0.12081711739301682	0.10094647854566574	0.05006982386112213	0.032772522419691086	0.24381907284259796	other_animal	nli		NA	0.019851703196763992	2022	Peru
SRR29316404	0.03025929071009159	0.0334286242723465	0.02979016676545143	0.020594779402017593	0.055006951093673706	0.05912921950221062	0.022355422377586365	0.02361203171312809	0.03489631786942482	0.03969747573137283	0.24293917417526245	0.18481837213039398	0.05912921950221062	0.06570623815059662	0.09863674640655518	environment	nli		NA	0.028490042313933372	2018	United States
ERR1163780	0.01372322253882885	0.008843090385198593	0.008740064688026905	0.00805172510445118	0.010542531497776508	0.008877701126039028	0.007834544405341148	0.007359873037785292	0.007245768792927265	0.6482348442077637	0.11060924082994461	0.08896385133266449	0.020560799166560173	0.015369280241429806	0.03504347801208496	wildbird	nli		NA	0.5099778771400452	2013	United Kingdom
ERR1163473	0.015535885468125343	0.00918674748390913	0.009009059518575668	0.008075668476521969	0.010450691916048527	0.008663928136229515	0.008430233225226402	0.00776629475876689	0.0072389827109873295	0.7093290686607361	0.0952618196606636	0.04539573937654495	0.01852152869105339	0.015873275697231293	0.03126100078225136	wildbird	nli		NA	0.5462021231651306	2013	United Kingdom
ERR12188771	0.10836619138717651	0.09742383658885956	0.07820584625005722	0.059495870023965836	0.06592027097940445	0.03197048231959343	0.03822631016373634	0.02681688778102398	0.05529401823878288	0.05250491946935654	0.06502514332532883	0.12515579164028168	0.07389932870864868	0.06741765141487122	0.054277513176202774	unknown	nli		NA	NA	2007	United Kingdom
SRR2962355	0.025787068530917168	0.024414706975221634	0.026709772646427155	0.02366354689002037	0.03389646112918854	0.1665187031030655	0.02865540236234665	0.01772317662835121	0.022404193878173828	0.19506070017814636	0.22429433465003967	0.05534271523356438	0.023115379735827446	0.03490421175956726	0.09750965237617493	environment	nli		NA	0.017242776229977608	2009	United States
SRR27387504	0.02833956852555275	0.03223862871527672	0.04546374827623367	0.029410989955067635	0.04204709827899933	0.0397317111492157	0.10245414078235626	0.030108453705906868	0.036961764097213745	0.060347434133291245	0.12286128848791122	0.10106293857097626	0.05022559314966202	0.032491475343704224	0.24625520408153534	other_animal	nli		NA	0.020023440942168236	2022	Peru
SRR13367289	0.008272471837699413	0.006993385031819344	0.00863567739725113	0.008435631170868874	0.00804933626204729	0.0078016845509409904	0.010096129961311817	0.007532170973718166	0.007444418501108885	0.0769689530134201	0.6746395230293274	0.05742233991622925	0.03832630813121796	0.009300990961492062	0.07008103281259537	environment	nli		NA	0.4433443248271942	2007	United Kingdom
SRR8787364	0.0339815728366375	0.032807666808366776	0.022416625171899796	0.014248873107135296	0.027465423569083214	0.026881640776991844	0.0265684574842453	0.02198304794728756	0.019705478101968765	0.37036556005477905	0.13975362479686737	0.10947982966899872	0.028783515095710754	0.039961956441402435	0.08559668064117432	wildbird	nli		NA	0.0753123015165329	1979	United States
ERR1163751	0.013900654390454292	0.008784173056483269	0.008480720221996307	0.007752005476504564	0.009876311756670475	0.008251966908574104	0.008029383607208729	0.00714148161932826	0.006894776597619057	0.7133158445358276	0.09252175688743591	0.05225599557161331	0.018165316432714462	0.014913225546479225	0.029716474935412407	wildbird	nli		NA	0.5712957978248596	2013	United Kingdom
SRR5209561	0.009893548674881458	0.006813023239374161	0.00673364894464612	0.005347603000700474	0.00610715476796031	0.005495844408869743	0.010593516752123833	0.005004023667424917	0.005692493636161089	0.028349723666906357	0.7666117548942566	0.05539775639772415	0.017161425203084946	0.00678646145388484	0.06401199102401733	environment	nli		NA	0.7181498408317566	2004	Canada
SRR13132260	0.04435782507061958	0.040230799466371536	0.05552861839532852	0.03585197031497955	0.1580318957567215	0.048527609556913376	0.08583658933639526	0.043926745653152466	0.07938586920499802	0.08752956986427307	0.12140415608882904	0.033352505415678024	0.023012537509202957	0.028751658275723457	0.1142716109752655	unknown	nli		NA	NA	1978	United States
SRR15194602	0.0211543720215559	0.02265104465186596	0.037272386252880096	0.02216959185898304	0.047579094767570496	0.05806785449385643	0.03250955790281296	0.035704758018255234	0.08237002789974213	0.08172900974750519	0.16917745769023895	0.11302713304758072	0.07999184727668762	0.09762595593929291	0.09896986186504364	unknown	nli		NA	NA	2009	Bangladesh
SRR8787410	0.0114096375182271	0.013391423970460892	0.011725923046469688	0.007224131841212511	0.014997684396803379	0.014650263823568821	0.015353343449532986	0.010449642315506935	0.008816683664917946	0.6974950432777405	0.07353338599205017	0.05897044762969017	0.012312686070799828	0.011817890219390392	0.03785174340009689	wildbird	nli		NA	0.5996609926223755	1979	United States
SRR13367284	0.007913177832961082	0.006715826690196991	0.008228402584791183	0.008006454445421696	0.008100832812488079	0.007610027678310871	0.009809713810682297	0.007233229465782642	0.007176939398050308	0.0783744603395462	0.6861627697944641	0.05282406881451607	0.03588243946433067	0.008793370798230171	0.06716829538345337	environment	nli		NA	0.47403764724731445	2007	United Kingdom
SRR29316449	0.04933779314160347	0.06600338220596313	0.04625813663005829	0.035122666507959366	0.11583954840898514	0.13837125897407532	0.02969200909137726	0.04090246930718422	0.07508436590433121	0.034175291657447815	0.13411402702331543	0.04598788544535637	0.025999190285801888	0.03210471570491791	0.13100728392601013	unknown	nli		NA	NA	2018	United States
SRR13367296	0.008543900214135647	0.007307985797524452	0.009059475734829903	0.008815113455057144	0.00864461436867714	0.008120862767100334	0.010591601952910423	0.007840323261916637	0.007718770299106836	0.07001667469739914	0.6690910458564758	0.06106961891055107	0.039583832025527954	0.009643764235079288	0.0739523395895958	environment	nli		NA	0.4247959554195404	2007	United Kingdom
ERR1163626	0.013482557609677315	0.00812980905175209	0.008161629550158978	0.007431247271597385	0.009104954078793526	0.007818360812962055	0.007637249305844307	0.007090945262461901	0.006635356694459915	0.7345070242881775	0.08800321817398071	0.04284748062491417	0.016616251319646835	0.014047051779925823	0.028486881405115128	wildbird	nli		NA	0.601593554019928	2013	United Kingdom
SRR29316437	0.050679031759500504	0.0688653290271759	0.055660031735897064	0.036360424011945724	0.11265616118907928	0.13352146744728088	0.03061855025589466	0.04343281686306	0.07578164339065552	0.03375951200723648	0.1279057264328003	0.04152490943670273	0.02528470754623413	0.03146732598543167	0.1324823945760727	unknown	nli		NA	NA	2018	United States
SRR13367285	0.00883433036506176	0.00752694346010685	0.009258299134671688	0.00897345133125782	0.008903619833290577	0.008495893329381943	0.010697945021092892	0.00820239819586277	0.008106837049126625	0.07425845414400101	0.6645705103874207	0.059551917016506195	0.03990325331687927	0.00989398080855608	0.07282216846942902	environment	nli		NA	0.3912023901939392	2007	United Kingdom
ERR12188775	0.09563922882080078	0.09068213403224945	0.08160509169101715	0.059732720255851746	0.09130416065454483	0.07828747481107712	0.041416071355342865	0.02068343013525009	0.05454682558774948	0.044650446623563766	0.05705304071307182	0.10539877414703369	0.06108955293893814	0.07051993161439896	0.04739110544323921	unknown	nli		NA	NA	2003	United Kingdom
SRR29316441	0.03061201423406601	0.03877286612987518	0.033229030668735504	0.019687548279762268	0.06281178444623947	0.07243725657463074	0.02310716174542904	0.024741992354393005	0.042917653918266296	0.04087240621447563	0.2207384556531906	0.185336634516716	0.054892513900995255	0.054252997040748596	0.09558964520692825	environment	nli		NA	0.03299238160252571	2018	United States
ERR1163752	0.013124516233801842	0.008101587183773518	0.00813329592347145	0.007463531568646431	0.009434787556529045	0.007944888435304165	0.007730588782578707	0.006848921068012714	0.00663820281624794	0.7232531309127808	0.08960223942995071	0.052213508635759354	0.01745520904660225	0.014053074643015862	0.02800251729786396	wildbird	nli		NA	0.5921802520751953	2013	United Kingdom
ERR12188772	0.06604434549808502	0.07120204716920853	0.1009024828672409	0.05270659178495407	0.04583701491355896	0.03777821734547615	0.0317813940346241	0.025913897901773453	0.256533682346344	0.034532081335783005	0.048366282135248184	0.0817931592464447	0.050489820539951324	0.05422058701515198	0.041898421943187714	cat	nli		NA	0.6196439266204834	2003	United Kingdom
SRR13367281	0.010525156743824482	0.009002644568681717	0.010732746683061123	0.0104432487860322	0.010566351935267448	0.010082483291625977	0.012305156327784061	0.009848921559751034	0.009583264589309692	0.1024278774857521	0.5943449139595032	0.07136666029691696	0.04286540672183037	0.011650287546217442	0.08425487577915192	environment	nli		NA	0.2585599422454834	2007	United Kingdom
SRR29316429	0.02963457815349102	0.045364197343587875	0.03673704341053963	0.023260448127985	0.05928173288702965	0.07150741666555405	0.026720372959971428	0.026668235659599304	0.04379706829786301	0.04653076454997063	0.2580115497112274	0.11789580434560776	0.06080620735883713	0.0545063316822052	0.09927823394536972	environment	nli		NA	0.034782394766807556	2018	United States
SRR21995118	0.01592390239238739	0.011903179809451103	0.015283985063433647	0.012233148328959942	0.014959121122956276	0.014959121122956276	0.010628342628479004	0.010922971181571484	0.010628342628479004	0.5306851267814636	0.09547236561775208	0.07523041218519211	0.03512232005596161	0.06261231005191803	0.08343527466058731	wildbird	nli		NA	0.295738160610199	2010	China
ERR1163781	0.013401627540588379	0.008160312660038471	0.008160312660038471	0.007459129672497511	0.00946612749248743	0.007878410629928112	0.007695906329900026	0.006818195804953575	0.006608421914279461	0.7297417521476746	0.08963687717914581	0.04623132199048996	0.017107496038079262	0.014349793083965778	0.02728435955941677	wildbird	nli		NA	0.5950808525085449	2013	United Kingdom
SRR12634062	0.008782269433140755	0.004955357406288385	0.005213495809584856	0.004859511740505695	0.005506548564881086	0.005013769492506981	0.01010833028703928	0.004373087082058191	0.00491679459810257	0.6076209545135498	0.18869230151176453	0.07527682185173035	0.013789490796625614	0.007720110472291708	0.05317116156220436	wildbird	nli		NA	0.6565481424331665	2017	United States
SRR8787351	0.023438960313796997	0.02697807550430298	0.022321971133351326	0.014811666682362556	0.02945651486515999	0.02821761555969715	0.031234052032232285	0.022321971133351326	0.018147632479667664	0.3245141804218292	0.164938285946846	0.13727383315563202	0.031540561467409134	0.043789736926555634	0.0810149610042572	wildbird	nli		NA	0.0569663867354393	1979	United States
SRR8787362	0.023350751027464867	0.025446206331253052	0.022412380203604698	0.013754034414887428	0.028001828119158745	0.0272997934371233	0.026408236473798752	0.02113688737154007	0.018221136182546616	0.3388080894947052	0.1688726395368576	0.14192752540111542	0.03021811880171299	0.039643462747335434	0.0744989737868309	wildbird	nli		NA	0.07463503628969193	1979	United States
ERR1163640	0.013920341618359089	0.008443114347755909	0.008279809728264809	0.007538852747529745	0.009567303583025932	0.008056476712226868	0.007839166559278965	0.007137642242014408	0.006679053418338299	0.7268161773681641	0.08953946083784103	0.045023269951343536	0.017155788838863373	0.01493434701114893	0.0290692076086998	wildbird	nli		NA	0.5963449478149414	2013	United Kingdom
SRR29316460	0.027110908180475235	0.030185392126441002	0.027110908180475235	0.01995132490992546	0.04986459016799927	0.05297701060771942	0.021826814860105515	0.021741719916462898	0.03257450461387634	0.03734685108065605	0.2512626051902771	0.20648126304149628	0.06254421174526215	0.06365334242582321	0.09536852687597275	environment	nli		NA	0.03041553869843483	2018	United States
SRR2584003	0.025688383728265762	0.02422645315527916	0.02640049159526825	0.023572983220219612	0.033766742795705795	0.16394884884357452	0.028713490813970566	0.017655350267887115	0.022231442853808403	0.19989590346813202	0.22321787476539612	0.05513092130422592	0.022758645936846733	0.034702789038419724	0.09808973222970963	environment	nli		NA	0.017627546563744545	2009	United States
SRR8787346	0.025189172476530075	0.027342593297362328	0.02167205698788166	0.012616532854735851	0.024414187297225	0.02470197156071663	0.028766941279172897	0.01842879317700863	0.01671419106423855	0.4063342213630676	0.15888985991477966	0.09231830388307571	0.0295643899589777	0.0407266691327095	0.07232008874416351	wildbird	nli		NA	0.11362875998020172	1979	United States
SRR13367298	0.007942143827676773	0.006819864735007286	0.008226326666772366	0.007973228581249714	0.008162309415638447	0.007697789929807186	0.009655192494392395	0.007345282938331366	0.007259707897901535	0.08052676171064377	0.684316873550415	0.05654710531234741	0.03524831309914589	0.008825560100376606	0.0634535625576973	environment	nli		NA	0.4556072950363159	2007	United Kingdom
SRR29316453	0.052388083189725876	0.06431271880865097	0.046232324093580246	0.03773372620344162	0.1054142639040947	0.12641102075576782	0.030319899320602417	0.03923686221241951	0.06089004874229431	0.03369242325425148	0.15609677135944366	0.04292525723576546	0.02634238451719284	0.0347619354724884	0.14324243366718292	unknown	nli		NA	NA	2018	United States
SRR29316434	0.04918742924928665	0.05465862154960632	0.04006728157401085	0.031082775443792343	0.0873442217707634	0.08482243865728378	0.02931384928524494	0.034004662185907364	0.04077781364321709	0.03756628558039665	0.1403958797454834	0.13163240253925323	0.0352214016020298	0.06352906674146652	0.1403958797454834	unknown	nli		NA	NA	2018	United States
SRR29316442	0.047385264188051224	0.06326762586832047	0.05163753405213356	0.03535155951976776	0.11389356106519699	0.1310906857252121	0.030834177508950233	0.03913060948252678	0.06464159488677979	0.03386472165584564	0.14285454154014587	0.04975641891360283	0.027424484491348267	0.03466780111193657	0.13419941067695618	unknown	nli		NA	NA	2018	United States
SRR29316459	0.027891630306839943	0.03518952801823616	0.02911621704697609	0.018399270251393318	0.06163903325796127	0.06651764363050461	0.022764483466744423	0.023997172713279724	0.039874959737062454	0.03910370543599129	0.2381397783756256	0.19135069847106934	0.053344134241342545	0.0581311471760273	0.09454063326120377	environment	nli		NA	0.032161448150873184	2018	United States
SRR8787354	0.03299940004944801	0.03136548772454262	0.02172623574733734	0.01424841396510601	0.026258079335093498	0.026053737848997116	0.026002900674939156	0.021473117172718048	0.019173339009284973	0.37692126631736755	0.1419498324394226	0.10631551593542099	0.02800622768700123	0.03988269716501236	0.0876237228512764	wildbird	nli		NA	0.07668381184339523	1979	United States
SRR13736822	0.0016864556819200516	0.0021824354771524668	0.0013926699757575989	0.0012338371016085148	0.0023643888998776674	0.00252179941162467	0.001318553346209228	0.0014999645063653588	0.0015117289731279016	0.9137443900108337	0.05165071412920952	0.003156873397529125	0.001647388911806047	0.0010803837794810534	0.01300843246281147	wildbird	nli		NA	0.9824904203414917	2018	unknown
SRR1816118	0.006823451723903418	0.005893683061003685	0.008986793458461761	0.00624933373183012	0.008693302050232887	0.009326552040874958	0.007523426786065102	0.005515017081052065	0.0070538148283958435	0.8457211256027222	0.02520408108830452	0.008642514236271381	0.007012604735791683	0.0109679214656353	0.03638634458184242	wildbird	nli		NA	0.826641857624054		unknown
SRR11515454	0.008872831240296364	0.011282224208116531	0.005910580512136221	0.005530830007046461	0.015330879017710686	0.042578671127557755	0.005585106089711189	0.005853141192346811	0.008872831240296364	0.8049712777137756	0.03264620155096054	0.015211574733257294	0.006218478549271822	0.00843350775539875	0.022701866924762726	wildbird	nli		NA	0.9345744848251343	2019	Italy
SRR3619935	0.004552619997411966	0.004243508446961641	0.005480792839080095	0.004243508446961641	0.005610766354948282	0.006259261630475521	0.0058115278370678425	0.0037448827642947435	0.00529145635664463	0.8890175223350525	0.018980976194143295	0.0053747850470244884	0.004660582635551691	0.008455722592771053	0.028272081166505814	wildbird	nli		NA	0.9041439294815063		unknown
SRR11515421	0.00896115880459547	0.013192103244364262	0.006737866438925266	0.006110979709774256	0.01849515736103058	0.04797279089689255	0.005574988201260567	0.006039784289896488	0.008434688672423363	0.7833681106567383	0.03526943922042847	0.01824401505291462	0.006777461618185043	0.007487327791750431	0.027334071695804596	wildbird	nli		NA	0.9276260137557983	2016	Italy
SRR23244655	0.005113334394991398	0.020302781835198402	0.0017228176584467292	0.0012457557022571564	0.0022734645754098892	0.002616741694509983	0.0015747828874737024	0.001336500747129321	0.0013106506085023284	0.9298067688941956	0.013967517763376236	0.0046104989014565945	0.002678795950487256	0.0012506315251812339	0.01018896047025919	wildbird	nli		NA	0.9858139753341675	2018	France
ERR3546043	0.012185831554234028	0.016462009400129318	0.010838301852345467	0.009416480548679829	0.01292117778211832	0.0131760248914361	0.010838301852345467	0.010261498391628265	0.010880723595619202	0.7433103919029236	0.05870585888624191	0.021808618679642677	0.014641612768173218	0.021428611129522324	0.033124521374702454	wildbird	nli		NA	0.39516332745552063	2017	Sweden
SRR1815361	0.006749059539288282	0.005840823985636234	0.008699880912899971	0.006002738140523434	0.00843221414834261	0.009117396548390388	0.007369086612015963	0.005444246344268322	0.007142364047467709	0.8471879959106445	0.02411515824496746	0.008252985775470734	0.0066574146039783955	0.010827177204191685	0.038161419332027435	wildbird	nli		NA	0.8275495767593384		unknown
SRR4067224	0.009363815188407898	0.007627611979842186	0.010862216353416443	0.009698867797851562	0.006904445122927427	0.006164975464344025	0.008779327385127544	0.002929241396486759	0.003645499935373664	0.6906507015228271	0.08477306365966797	0.08988865464925766	0.02126719057559967	0.02308531291782856	0.024359149858355522	wildbird	nli		NA	0.9269014596939087		unknown
ERR10497225	0.0009904480539262295	0.0014955761143937707	0.0009904480539262295	0.0006470192456617951	0.0009789089672267437	0.0012374569196254015	0.0009450921206735075	0.0007505555986426771	0.0008504909346811473	0.9736259579658508	0.010361098684370518	0.0019505990203469992	0.0011422274401411414	0.0008740673074498773	0.0031599567737430334	wildbird	nli		NA	0.9954350590705872	2008	Spain
ERR4225107	0.0016176628414541483	0.005031650420278311	0.001056753215380013	0.0008795080939307809	0.0010945653775706887	0.0011881395475938916	0.0009398956899531186	0.0009003650629892945	0.0008933583740144968	0.9275482892990112	0.04827812314033508	0.003911007195711136	0.0016625060234218836	0.0009472673991695046	0.004050948657095432	wildbird	nli		NA	0.989751398563385	2019	Netherlands
ERR4225086	0.001570647582411766	0.005109878256917	0.0010240379488095641	0.0008589646313339472	0.0010483223013579845	0.0011379430070519447	0.0009251412702724338	0.0008793344022706151	0.0008657015860080719	0.9165610671043396	0.0594584122300148	0.0039026050362735987	0.001649242709390819	0.0009107982623390853	0.0040978905744850636	wildbird	nli		NA	0.9899282455444336	2019	Netherlands
SRR1816119	0.00674347672611475	0.005847401451319456	0.008726706728339195	0.006200260017067194	0.008491319604218006	0.009253313764929771	0.007449783384799957	0.00545037817209959	0.0070258150808513165	0.8477280735969543	0.025104036554694176	0.008625037036836147	0.006984768435359001	0.010967142879962921	0.03540236875414848	wildbird	nli		NA	0.8298370242118835		unknown
SRR13736827	0.0016737586120143533	0.002050731796771288	0.0014205003390088677	0.0012584937503561378	0.0023835415486246347	0.0025273747742176056	0.0013396594440564513	0.001488671638071537	0.001494498224928975	0.9121942520141602	0.05265716090798378	0.0031515180598944426	0.0017404335085302591	0.001089135417714715	0.013530082069337368	wildbird	nli		NA	0.9817706346511841	2018	unknown
SRR23244644	0.004011466633528471	0.014459962025284767	0.0019703663419932127	0.0012921977322548628	0.0024330776650458574	0.002969446824863553	0.0015956512652337551	0.0016081661451607943	0.0014699827879667282	0.9347965717315674	0.013717182911932468	0.0042535364627838135	0.0027249176055192947	0.0012475582771003246	0.011449946090579033	wildbird	nli		NA	0.9849563241004944	2017	France
SRR25523034	0.0015336668584495783	0.002235834486782551	0.0016262150602415204	0.0009979760507121682	0.0022754836827516556	0.003855637740343809	0.00235690432600677	0.0013067004038020968	0.002104478422552347	0.9179956316947937	0.029798509553074837	0.01120032463222742	0.0034561713691800833	0.0008081856067292392	0.01844818703830242	wildbird	nli		NA	0.9918910264968872	2022	United States
SRR11515410	0.015740258619189262	0.013728898018598557	0.03794373944401741	0.009380597621202469	0.01943662390112877	0.08991793543100357	0.016113528981804848	0.00949117448180914	0.06853969395160675	0.6028867959976196	0.036312397569417953	0.027356551960110664	0.009109762497246265	0.008743679150938988	0.03529844060540199	wildbird	nli		NA	0.9062390923500061	2015	Italy
SRR1816048	0.006653402931988239	0.006225926335901022	0.008660741150379181	0.005848716013133526	0.009346221573650837	0.010007468052208424	0.007824327796697617	0.005537452641874552	0.007422407157719135	0.8396785259246826	0.022508172318339348	0.007422407157719135	0.006959100719541311	0.011229743249714375	0.04467550292611122	wildbird	nli		NA	0.8278281092643738		unknown
SRR3619961	0.004682756029069424	0.004381891805678606	0.005726238712668419	0.004450897220522165	0.005942726507782936	0.006655538454651833	0.006024532485753298	0.0038670063950121403	0.005410915240645409	0.8854307532310486	0.019409483298659325	0.005528423003852367	0.004917080979794264	0.008886311203241348	0.02868535928428173	wildbird	nli		NA	0.9016178846359253		unknown
SRR29025236	0.035427045077085495	0.03175659477710724	0.03460637852549553	0.03683829680085182	0.03556570038199425	0.030659550800919533	0.04109608754515648	0.036551620811223984	0.029485005885362625	0.15002994239330292	0.22478216886520386	0.05045042932033539	0.03998759388923645	0.0848192349076271	0.13794437050819397	environment	nli		NA	0.005922556854784489	2009	United States
SRR11515440	0.009495409205555916	0.011679553426802158	0.006059272214770317	0.005203055217862129	0.01612071879208088	0.045968521386384964	0.005669967737048864	0.0053997645154595375	0.009970559738576412	0.7982718348503113	0.03317461907863617	0.014822126366198063	0.006130697205662727	0.008578388020396233	0.023455508053302765	wildbird	nli		NA	0.9313377141952515	2016	Italy
SRR11515356	0.004009933676570654	0.0036510860081762075	0.00261441501788795	0.0017968594329431653	0.0037376692052930593	0.004235333763062954	0.003672541817650199	0.0021929750218987465	0.0025290336925536394	0.9307961463928223	0.01595279574394226	0.006174422334879637	0.003594481386244297	0.004227070137858391	0.010815304704010487	wildbird	nli		NA	0.9753431677818298	2016	Italy
SRR3619924	0.004667349625378847	0.004367475397884846	0.0056189135648310184	0.004367475397884846	0.005911618005484343	0.006659605074673891	0.005911618005484343	0.0038242896553128958	0.005403656978160143	0.8868374824523926	0.019082937389612198	0.005446037743240595	0.0047594052739441395	0.008551102131605148	0.028590982779860497	wildbird	nli		NA	0.9014878869056702		unknown
SRR12495827	0.01079820841550827	0.008360521867871284	0.009585385210812092	0.006757345981895924	0.02065211534500122	0.018440263345837593	0.008609081618487835	0.007523654960095882	0.007392559200525284	0.776479959487915	0.06563228368759155	0.018189866095781326	0.005191165953874588	0.005080826580524445	0.031306736171245575	wildbird	nli		NA	0.8847382068634033	2009	United States
SRR3619952	0.004717216361314058	0.004379787016659975	0.005690048914402723	0.00439692847430706	0.005916714668273926	0.006652340292930603	0.00605702493339777	0.003850079607218504	0.005493483506143093	0.8850054740905762	0.01955231837928295	0.005547394044697285	0.004866956267505884	0.008864710107445717	0.02900955080986023	wildbird	nli		NA	0.9010969400405884		unknown
ERR4225099	0.0015596846351400018	0.0047667804174125195	0.0010208701714873314	0.0008563075680285692	0.0010615370701998472	0.00114779535215348	0.0009151021367870271	0.0008766143000684679	0.0008664014167152345	0.9263038635253906	0.05021970346570015	0.003785592271015048	0.0016281631542369723	0.0009222794906236231	0.004069287795573473	wildbird	nli		NA	0.9901782274246216	2019	Netherlands
SRR23244669	0.0055893161334097385	0.019719326868653297	0.002084499690681696	0.0013994670007377863	0.0027293406892567873	0.0032159495167434216	0.0017013191245496273	0.0017553246580064297	0.0015250525902956724	0.9235997796058655	0.015614512376487255	0.004679178819060326	0.003050752216950059	0.0013406071811914444	0.011995467357337475	wildbird	nli		NA	0.9850572943687439	2017	France
SRR11515427	0.008904630318284035	0.01285533420741558	0.006800798233598471	0.006168057210743427	0.01874096691608429	0.0505467914044857	0.005627058912068605	0.005931761581450701	0.00871535949409008	0.7807103395462036	0.03484219312667847	0.01805824600160122	0.006814094725996256	0.007586839143186808	0.027697356417775154	wildbird	nli		NA	0.9275603890419006	2016	Italy
SRR6197703	0.010195254348218441	0.02345140278339386	0.008065110072493553	0.006804781034588814	0.014805064536631107	0.01616518385708332	0.012837763875722885	0.005575638264417648	0.021583354100584984	0.4324561357498169	0.33222389221191406	0.06118576228618622	0.02071600779891014	0.0056745135225355625	0.02826017700135708	wildbird	nli		NA	0.8447934985160828	2011	Sweden
SRR11515453	0.00904469657689333	0.011212421581149101	0.006036845501512289	0.00582830049097538	0.015206299722194672	0.04210912436246872	0.005771659780293703	0.005931657273322344	0.009241118095815182	0.8023381233215332	0.03344143554568291	0.01562783494591713	0.006376180332154036	0.008647382259368896	0.023186838254332542	wildbird	nli		NA	0.9322068691253662	2019	Italy
ERR4224019	0.0050620208494365215	0.013612979091703892	0.0013282671570777893	0.001054858323186636	0.0018049192149192095	0.0023040224332362413	0.0011676216963678598	0.0011141523718833923	0.0012236570473760366	0.8731928467750549	0.08218701183795929	0.008527107536792755	0.002636420540511608	0.0010589868761599064	0.0037252174224704504	wildbird	nli		NA	0.9872527122497559	2018	Netherlands
SRR14242059	0.00981578603386879	0.006094759795814753	0.006825807970017195	0.004432970657944679	0.007139427121728659	0.011656532995402813	0.010654933750629425	0.004765181802213192	0.012359939515590668	0.3905615508556366	0.3901803195476532	0.050980985164642334	0.027155237272381783	0.014879844151437283	0.052496667951345444	wildbird	nli		NA	0.6811967492103577	2018	Finland
ERR3546047	0.012190896086394787	0.01611880213022232	0.01097061950713396	0.009568745270371437	0.013181503862142563	0.013389081694185734	0.011013559065759182	0.01034628041088581	0.011013559065759182	0.7406299114227295	0.05965512990951538	0.02220458723604679	0.014820362441241741	0.021105162799358368	0.03379188850522041	wildbird	nli		NA	0.3847676217556	2017	Sweden
ERR4225115	0.001544971950352192	0.004749563056975603	0.0010211640037596226	0.0008565539610572159	0.0010535792680457234	0.0011436495697125793	0.0009153655264526606	0.0008734480361454189	0.0008666507783345878	0.926570475101471	0.050074975937604904	0.003757213708013296	0.0015909044304862618	0.0009189481497742236	0.004062516614794731	wildbird	nli		NA	0.9901782274246216	2019	Netherlands
SRR11515359	0.009120400995016098	0.012563884258270264	0.006123148370534182	0.005278483498841524	0.01693960651755333	0.04258616641163826	0.005403658840805292	0.0057409415021538734	0.00851777009665966	0.8004092574119568	0.03265194967389107	0.014832815155386925	0.005981305614113808	0.008271845057606697	0.025578800588846207	wildbird	nli		NA	0.9337940216064453	2018	Italy
SRR11515457	0.008526217192411423	0.011207499541342258	0.005987237673252821	0.005668601952493191	0.01525911409407854	0.040795646607875824	0.005859977100044489	0.005814373958855867	0.009076109156012535	0.8059113621711731	0.03274822607636452	0.015110824257135391	0.006311443634331226	0.008410440757870674	0.023312857374548912	wildbird	nli		NA	0.9336126446723938	2019	Italy
SRR14242051	0.008920472115278244	0.005861625541001558	0.007181813474744558	0.004364506341516972	0.0070981429889798164	0.01143176294863224	0.011188778094947338	0.0046641770750284195	0.011566516011953354	0.3958650827407837	0.3891572654247284	0.04687706381082535	0.02678811363875866	0.01502676960080862	0.054007887840270996	wildbird	nli		NA	0.6952863335609436	2018	Finland
SRR11515420	0.00977392215281725	0.007884304970502853	0.007807685062289238	0.0029004737734794617	0.007899719290435314	0.015466898679733276	0.009908467531204224	0.006985107436776161	0.25084495544433594	0.6118190884590149	0.022438373416662216	0.017732888460159302	0.0055908095091581345	0.007450144737958908	0.015497136861085892	wildbird	nli		NA	0.9303950071334839	2015	Italy
ERR4225117	0.0015545502537861466	0.004854266997426748	0.0010254901135340333	0.0008601825102232397	0.001062183640897274	0.0011440167436376214	0.0009156595333479345	0.0008771481807343662	0.0008703221683390439	0.9250595569610596	0.051416825503110886	0.0037510863039642572	0.001594526576809585	0.0009264529799111187	0.0040877023711800575	wildbird	nli		NA	0.9900057911872864	2019	Netherlands
ERR4224018	0.004935550037771463	0.013285835273563862	0.001330982311628759	0.0010570145677775145	0.0017840497894212604	0.0022907652892172337	0.0011654470581561327	0.0011207994539290667	0.0012213779846206307	0.8749777674674988	0.0807325467467308	0.008645257912576199	0.0026366550009697676	0.0010611516190692782	0.003754768520593643	wildbird	nli		NA	0.9872034192085266	2018	Netherlands
SRR14242054	0.009351487271487713	0.006097025703638792	0.007470232434570789	0.004602276720106602	0.00789013784378767	0.012244374491274357	0.011390743777155876	0.005005490966141224	0.012125384993851185	0.3870043158531189	0.3913750648498535	0.048616986721754074	0.027593128383159637	0.015208638273179531	0.05402471870183945	environment	nli		NA	0.6695287823677063	2018	Finland
SRR13736830	0.0016655208310112357	0.0021850138437002897	0.0013915946474298835	0.001252299640327692	0.0023950859904289246	0.002524778712540865	0.001297108712606132	0.001487142639234662	0.001487142639234662	0.9112573266029358	0.05356205627322197	0.003216651501134038	0.0016655208310112357	0.001096550258807838	0.013516184873878956	wildbird	nli		NA	0.981979250907898	2018	unknown
SRR12495820	0.010437268763780594	0.008096863515675068	0.009228864684700966	0.0066084666177630424	0.020756985992193222	0.018104566261172295	0.008452358655631542	0.007459179498255253	0.0073149059899151325	0.7811854481697083	0.06418626010417938	0.0176851749420166	0.005136637017130852	0.005027456674724817	0.030319444835186005	wildbird	nli		NA	0.8871557116508484	2009	United States
ERR3546042	0.012217676267027855	0.016537295654416084	0.010909156873822212	0.009478040039539337	0.013056551106274128	0.013262162916362286	0.010866625234484673	0.010328582488000393	0.010951853357255459	0.74216628074646	0.058629803359508514	0.021822942420840263	0.014679874293506145	0.021027950569987297	0.034065134823322296	wildbird	nli		NA	0.3875744044780731	2017	Sweden
SRR11515374	0.009452170692384243	0.011649098247289658	0.006198884453624487	0.005502644926309586	0.014725838787853718	0.0344398133456707	0.00585753470659256	0.006150644738227129	0.008196164853870869	0.8063625693321228	0.03505054861307144	0.016589077189564705	0.007107056677341461	0.009001725353300571	0.023716386407613754	wildbird	nli		NA	0.9296961426734924	2018	Italy
SRR23244646	0.0037634691689163446	0.012706810608506203	0.0018813355127349496	0.001231402507983148	0.0021866539027541876	0.0026531079784035683	0.0015325050335377455	0.0014853548491373658	0.0013737287372350693	0.9408894181251526	0.01241245772689581	0.003982787020504475	0.0026273250114172697	0.0012218195479363203	0.010051914490759373	wildbird	nli		NA	0.9854544401168823	2017	France
SRR11515385	0.008730157278478146	0.01163354329764843	0.006070870440453291	0.005399544257670641	0.015472261235117912	0.03848165646195412	0.0056586735881865025	0.00558183528482914	0.008645315654575825	0.8037145733833313	0.034326713532209396	0.017260557040572166	0.006589867174625397	0.007467298302799463	0.024967240169644356	wildbird	nli		NA	0.9314625263214111	2017	Italy
SRR13736807	0.0016695125959813595	0.002110461937263608	0.0014058705419301987	0.0012750691967085004	0.0022730566561222076	0.0024102230090647936	0.0013258621329441667	0.001484895241446793	0.0014965414302423596	0.9098802208900452	0.05491001531481743	0.0032306648790836334	0.0016760467551648617	0.0011164880124852061	0.013735086657106876	wildbird	nli		NA	0.9810219407081604	2018	unknown
ERR3546046	0.012201130390167236	0.016132334247231483	0.010937023907899857	0.009502251632511616	0.013141137547791004	0.013348078355193138	0.010937023907899857	0.010314595885574818	0.010979829356074333	0.7423382997512817	0.05877957120537758	0.02196432091295719	0.01477497722953558	0.021288549527525902	0.03336101770401001	wildbird	nli		NA	0.3852590024471283	2017	Sweden
SRR6197705	0.01063258945941925	0.024964116513729095	0.008313078433275223	0.006986655294895172	0.014761890284717083	0.01640387251973152	0.012976531870663166	0.005680110305547714	0.02152041159570217	0.4270046353340149	0.3307701647281647	0.06393513083457947	0.02139468491077423	0.005669026635587215	0.02898717299103737	wildbird	nli		NA	0.8436375856399536	2012	Sweden
ERR4223916	0.005028683692216873	0.013696105219423771	0.001324684009887278	0.0010520126670598984	0.0017930325120687485	0.002329437993466854	0.001169029506854713	0.0011111467611044645	0.001220356090925634	0.8708373308181763	0.08427603542804718	0.008688786998391151	0.0026499300729483366	0.0010644134599715471	0.0037589611019939184	wildbird	nli		NA	0.9872280955314636	2018	Netherlands
SRR11515387	0.009285729378461838	0.011288576759397984	0.006432036869227886	0.00638198247179389	0.01711246185004711	0.04194214940071106	0.005632080137729645	0.00638198247179389	0.009923295117914677	0.7952640652656555	0.034805238246917725	0.016233429312705994	0.00648248428478837	0.008843216113746166	0.023991450667381287	wildbird	nli		NA	0.9316492676734924	2017	Italy
SRR1815406	0.0066108377650380135	0.005754823796451092	0.008605333045125008	0.005937501788139343	0.008291847072541714	0.00908904429525137	0.007246417459100485	0.005343172699213028	0.007037200499325991	0.8503464460372925	0.023993253707885742	0.00825952086597681	0.0066108377650380135	0.01035975944250822	0.03651396185159683	wildbird	nli		NA	0.8380842804908752		unknown
SRR11515378	0.008759538643062115	0.011446927674114704	0.006103211548179388	0.005733436439186335	0.016079822555184364	0.040981143712997437	0.005666640121489763	0.005812362302094698	0.00869137141853571	0.8024916052818298	0.03328491374850273	0.015861477702856064	0.00635874317958951	0.008590114302933216	0.024138672277331352	wildbird	nli		NA	0.934035062789917	2016	Italy
ERR4225118	0.0015521188033744693	0.004808957222849131	0.00102388602681458	0.0008588371565565467	0.0010563876712694764	0.0011422274401411414	0.0009178054751828313	0.0008757762261666358	0.0008655731217004359	0.9254183769226074	0.05111130326986313	0.0037672286853194237	0.0015951450914144516	0.0009250040166079998	0.004081308841705322	wildbird	nli		NA	0.9901782274246216	2019	Netherlands
SRR1816039	0.0066080656833946705	0.006147375795990229	0.00855147186666727	0.005774925462901592	0.009228304959833622	0.009804310277104378	0.0078166788443923	0.005467589478939772	0.007314461749047041	0.8413187265396118	0.022354796528816223	0.007473309058696032	0.0068311565555632114	0.01119687408208847	0.04411184787750244	wildbird	nli		NA	0.8320320248603821		unknown
SRR1816047	0.006505019497126341	0.00605151429772377	0.008401695638895035	0.005729458760470152	0.008961043320596218	0.009557629935443401	0.007679771166294813	0.005424542352557182	0.0071165128611028194	0.8428861498832703	0.022265600040555	0.007487232331186533	0.0067115118727087975	0.011372155509889126	0.04385010898113251	wildbird	nli		NA	0.8358858227729797		unknown
SRR11515384	0.009066113270819187	0.011393683962523937	0.005992334336042404	0.005085628014057875	0.015064725652337074	0.038619689643383026	0.00559638999402523	0.005413623061031103	0.0084011759608984	0.805810272693634	0.03391575068235397	0.016773127019405365	0.006581291556358337	0.00754548842087388	0.024740705266594887	wildbird	nli		NA	0.9322686195373535	2017	Italy
SRR11515424	0.008942622691392899	0.013268068432807922	0.0069509330205619335	0.006529796868562698	0.018968544900417328	0.048579998314380646	0.005695390049368143	0.006242956966161728	0.008752546273171902	0.7794608473777771	0.03516212850809097	0.01863802596926689	0.007032868452370167	0.0076043433509767056	0.028170909732580185	wildbird	nli		NA	0.925969660282135	2016	Italy
SRR11515423	0.008960395120084286	0.013088325038552284	0.006843389477580786	0.006366293411701918	0.018969155848026276	0.04825059324502945	0.005629218183457851	0.006134374067187309	0.00866776704788208	0.7825368046760559	0.035300884395837784	0.018135882914066315	0.006724146194756031	0.007589750457555056	0.026803096756339073	wildbird	nli		NA	0.9276260137557983	2016	Italy
SRR11515422	0.007727241609245539	0.01150969136506319	0.005087482742965221	0.004250750876963139	0.013937676325440407	0.03259650245308876	0.004998835735023022	0.004377126228064299	0.006221150979399681	0.8308808207511902	0.02970845066010952	0.013403731398284435	0.005479434505105019	0.007330307736992836	0.022490911185741425	wildbird	nli		NA	0.9403530359268188	2015	Italy
SRR11515458	0.008884520269930363	0.011013857088983059	0.0059415302239358425	0.0056473445147275925	0.01502478402107954	0.040169164538383484	0.005713914055377245	0.005883790086954832	0.008884520269930363	0.8076074123382568	0.03246650472283363	0.014820764772593975	0.006324725691229105	0.008527488447725773	0.02308974601328373	wildbird	nli		NA	0.933854341506958	2019	Italy
ERR4225103	0.001549969194456935	0.004830517806112766	0.001022467971779406	0.00085764768300578	0.0010631984332576394	0.0011451098835095763	0.0009201215580105782	0.0008745632949285209	0.0008677574223838747	0.9241366982460022	0.05253230780363083	0.003689246717840433	0.0015898275887593627	0.0009237229241989553	0.003996826242655516	wildbird	nli		NA	0.990121066570282	2019	Netherlands
SRR13736820	0.0017232887912541628	0.002243206836283207	0.0014120122650638223	0.0012509735533967614	0.002527036005631089	0.0026586761232465506	0.0013368662912398577	0.0015507920179516077	0.001532724709250033	0.9102923274040222	0.053270723670721054	0.003206975292414427	0.0016702687134966254	0.0010911185527220368	0.014232991263270378	wildbird	nli		NA	0.9821513295173645	2018	unknown
SRR29025215	0.00973514374345541	0.00872652605175972	0.00969719048589468	0.009621726348996162	0.011834925040602684	0.010444283485412598	0.011337162926793098	0.007791911251842976	0.00797669030725956	0.7641150951385498	0.06213180720806122	0.012354541569948196	0.010567398741841316	0.02267913706600666	0.04098648205399513	wildbird	nli		NA	0.4849593937397003	2008	United States
SRR23244651	0.005189142655581236	0.021783197298645973	0.0017620720900595188	0.0012494962429627776	0.002253724494948983	0.0025587971322238445	0.00154896080493927	0.001421406283043325	0.0013300817226991057	0.9271500706672668	0.014667454175651073	0.0044385092332959175	0.0026973551139235497	0.0012397724203765392	0.010710000991821289	wildbird	nli		NA	0.9859228134155273	2018	France
SRR11515380	0.004484381061047316	0.004163606557995081	0.003167505143210292	0.002093592891469598	0.004279026295989752	0.004992927424609661	0.00405130023136735	0.0025751632638275623	0.0029755954165011644	0.9231104254722595	0.016857896000146866	0.006238117814064026	0.004139281809329987	0.004963757004588842	0.011907435022294521	wildbird	nli		NA	0.9703243374824524	2018	Italy
SRR11515452	0.008943824097514153	0.010767260566353798	0.00576329929754138	0.005351042374968529	0.014545642770826817	0.040318991988897324	0.005575081799179316	0.005673947744071484	0.008805162273347378	0.8114118576049805	0.03195730596780777	0.014208692125976086	0.006063525564968586	0.00843482930213213	0.022179454565048218	wildbird	nli		NA	0.9349913001060486	2019	Italy
SRR11515412	0.015613609924912453	0.013671733438968658	0.03834332525730133	0.009142983704805374	0.019431451335549355	0.088026262819767	0.016426963731646538	0.009232706390321255	0.07146009057760239	0.601550281047821	0.03602021932601929	0.02756377123296261	0.009036463685333729	0.008809911087155342	0.03567017242312431	wildbird	nli		NA	0.9065704345703125	2015	Italy
SRR29025277	0.03607570379972458	0.03196130320429802	0.034965772181749344	0.03722086921334267	0.03607570379972458	0.03097795881330967	0.041848551481962204	0.0365009531378746	0.02990780770778656	0.14157181978225708	0.22142253816127777	0.05127391591668129	0.04040287435054779	0.08739038556814194	0.1424037665128708	environment	nli		NA	0.005312205757945776	2009	United States
SRR1816124	0.006688034627586603	0.005788011476397514	0.008671879768371582	0.006185420788824558	0.00840507447719574	0.00907031912356615	0.007388534490019083	0.00545861478894949	0.0070227026008069515	0.8485947847366333	0.024511640891432762	0.008520776405930519	0.0069816745817661285	0.011048262007534504	0.03566422685980797	wildbird	nli		NA	0.8308687806129456		unknown
SRR1815850	0.03016728349030018	0.04617965593934059	0.02987411804497242	0.01624227687716484	0.059064675122499466	0.0612977109849453	0.02784573845565319	0.03293871507048607	0.0410730354487896	0.3864687383174896	0.07222634553909302	0.02308492921292782	0.025853890925645828	0.031246718019247055	0.11643625795841217	wildbird	nli		NA	0.18032309412956238		unknown
ERR4225090	0.0016105833929032087	0.0049512661062181	0.001029765116982162	0.0008637685677967966	0.001062453375197947	0.0011577961267903447	0.000926688255276531	0.0008842522511258721	0.000877370941452682	0.9252945184707642	0.0508183017373085	0.0038862929213792086	0.0016295684035867453	0.000926688255276531	0.00408076262101531	wildbird	nli		NA	0.9899864196777344	2019	Netherlands
SRR12495816	0.010802067816257477	0.00844558421522379	0.009701840579509735	0.006786217447370291	0.021356971934437752	0.01862787827849388	0.008833627216517925	0.007780437357723713	0.0075410581193864346	0.7752417922019958	0.06533593684434891	0.018303299322724342	0.005264507606625557	0.005326563958078623	0.030652256682515144	wildbird	nli		NA	0.8823772072792053	2009	United States
SRR23244640	0.004118296317756176	0.013662547804415226	0.002030756324529648	0.0013188599841669202	0.0024735983461141586	0.0029837293550372124	0.001706731622107327	0.001647771685384214	0.0015239397762343287	0.9338051080703735	0.014096244238317013	0.004401061683893204	0.0028029540553689003	0.0013240218395367265	0.012104346416890621	wildbird	nli		NA	0.9843964576721191	2016	France
ERR4225094	0.0015671345172449946	0.004696911200881004	0.0010257464600726962	0.0008603977621532977	0.0010666076559573412	0.0011487817391753197	0.0009230719297192991	0.00087736762361601	0.0008705398649908602	0.9289124011993408	0.047785837203264236	0.003730104537680745	0.0015980436000972986	0.000919473182875663	0.0040174806490540504	wildbird	nli		NA	0.990121066570282	2019	Netherlands
ERR4223921	0.00468056183308363	0.012404107488691807	0.001338386908173561	0.001054623513482511	0.0018257887568324804	0.0023535345681011677	0.0011857451172545552	0.0011270347749814391	0.001232979935593903	0.8712950944900513	0.08526221662759781	0.008642565459012985	0.0026825761888176203	0.0010796331334859133	0.003835115348920226	wildbird	nli		NA	0.9870045781135559	2018	Netherlands
SRR3619941	0.004562844522297382	0.004236457869410515	0.0054823835380375385	0.004236457869410515	0.005700776353478432	0.006422086618840694	0.005813214462250471	0.003724084934219718	0.0052007646299898624	0.8884075284004211	0.01906079612672329	0.0052723572589457035	0.004634699318557978	0.008294581435620785	0.02895093522965908	wildbird	nli		NA	0.9050709009170532		unknown
SRR11515448	0.008801077492535114	0.010995987802743912	0.0059901028871536255	0.005943487863987684	0.015506829135119915	0.04239964112639427	0.005738167092204094	0.006013547535985708	0.009368699043989182	0.8031537532806396	0.032988641411066055	0.014883672818541527	0.006289847195148468	0.00878390483558178	0.023142507299780846	wildbird	nli		NA	0.9327601790428162	2019	Italy
ERR3546019	0.01214369386434555	0.01650148816406727	0.010800824500620365	0.009383919648826122	0.01292689424008131	0.013130463659763336	0.010843097232282162	0.01018614787608385	0.010843097232282162	0.7446385025978088	0.05816107615828514	0.021818267181515694	0.014534097164869308	0.02127125859260559	0.03281712532043457	wildbird	nli		NA	0.3958929777145386	2017	Sweden
ERR4224022	0.004781709052622318	0.012922095134854317	0.0013123629614710808	0.0010381644824519753	0.0017902875551953912	0.0023032687604427338	0.0011672397376969457	0.0011094457004219294	0.0012184877414256334	0.8729072213172913	0.08300691843032837	0.00891597755253315	0.0026822956278920174	0.001054513268172741	0.0037900381721556187	wildbird	nli		NA	0.9873993396759033	2018	Netherlands
SRR25523029	0.0016480054473504424	0.0022791088558733463	0.001697000814601779	0.0010619561653584242	0.002248161006718874	0.003578545292839408	0.0023560526315122843	0.001331991283223033	0.001964714378118515	0.9194579720497131	0.028730638325214386	0.009263928048312664	0.003421347588300705	0.0008838382782414556	0.020076816901564598	wildbird	nli		NA	0.9907855987548828	2022	United States
SRR29025259	0.01011759415268898	0.009104848839342594	0.010276922956109047	0.009999721311032772	0.01225191354751587	0.010812275111675262	0.011874961666762829	0.008129715919494629	0.008290058933198452	0.753662645816803	0.06482542306184769	0.013508760370314121	0.011199155822396278	0.023432400077581406	0.04251354560256004	wildbird	nli		NA	0.45228174328804016	2009	United States
SRR1815867	0.006460928358137608	0.00612904317677021	0.00847615860402584	0.005735255777835846	0.00900521781295538	0.009794182144105434	0.007702571339905262	0.005366768687963486	0.007165577262639999	0.8429155349731445	0.022331703454256058	0.007509459741413593	0.006904541049152613	0.011119959875941277	0.043383095413446426	wildbird	nli		NA	0.8346765637397766		unknown
SRR12495815	0.010154311545193195	0.008111550472676754	0.009137891232967377	0.006685424130409956	0.02132939174771309	0.019082235172390938	0.008770677261054516	0.007313876412808895	0.0072004846297204494	0.7727299928665161	0.06758636236190796	0.018137408420443535	0.005330084823071957	0.005330084823071957	0.0331001915037632	wildbird	nli		NA	0.8851855993270874	2009	United States
SRR11515369	0.009056111797690392	0.011651011183857918	0.00610378198325634	0.005160017404705286	0.0160499457269907	0.04027082771062851	0.005767669063061476	0.005503548309206963	0.0084577277302742	0.8041356801986694	0.03335310518741608	0.015344907529652119	0.006009152624756098	0.008277956396341324	0.024858644232153893	wildbird	nli		NA	0.9324533343315125	2018	Italy
SRR1815854	0.006575422361493111	0.006189113948494196	0.008509228006005287	0.005723994690924883	0.009093479253351688	0.009755878709256649	0.00777806481346488	0.005398241337388754	0.007264127489179373	0.8404393792152405	0.022506576031446457	0.007553497329354286	0.00685072410851717	0.011163344606757164	0.04519892483949661	wildbird	nli		NA	0.8310744762420654		unknown
SRR13736833	0.0016617750516161323	0.0021171565167605877	0.00138846505433321	0.0012494834372773767	0.002158913528546691	0.0022625220008194447	0.0013145722914487123	0.0014437752543017268	0.001472251140512526	0.9092079401016235	0.05809535086154938	0.00311067420989275	0.0016617750516161323	0.0011156630935147405	0.011739562265574932	wildbird	nli		NA	0.9813464879989624	2018	unknown
ERR4225121	0.0015540897147729993	0.00486231641843915	0.0010211893822997808	0.0008565752650611103	0.00105772924143821	0.0011392191518098116	0.0009153882856480777	0.0008734697476029396	0.0008666723151691258	0.9265934824943542	0.049905356019735336	0.003749975934624672	0.0016034217551350594	0.0009225678513757885	0.004078518133610487	wildbird	nli		NA	0.9901971817016602	2019	Netherlands
SRR12495830	0.010453593917191029	0.008093702606856823	0.009135611355304718	0.006440271623432636	0.02050715684890747	0.018239440396428108	0.00851532630622387	0.007340670097619295	0.007198689039796591	0.782407283782959	0.0637241080403328	0.01771283522248268	0.005104634910821915	0.004996134899556637	0.030130548402667046	wildbird	nli		NA	0.8880811333656311	2009	United States
SRR23244663	0.005390909034758806	0.020949941128492355	0.001770802540704608	0.0012556868605315685	0.0023050550371408463	0.002647925401106477	0.001581148593686521	0.001411806675605476	0.0013262697029858828	0.9263002276420593	0.014841234311461449	0.004256239160895348	0.002653102157637477	0.0012556868605315685	0.012054059654474258	wildbird	nli		NA	0.9856768250465393	2017	France
SRR11515463	0.007739929482340813	0.012368371710181236	0.005216680001467466	0.004594721365720034	0.014208131469786167	0.0331965908408165	0.005105798132717609	0.004777754191309214	0.006292517762631178	0.8265752196311951	0.030492668971419334	0.013744121417403221	0.0056405761279165745	0.007342343684285879	0.022704526782035828	wildbird	nli		NA	0.9369228482246399	2015	Italy
SRR13736803	0.0016989789437502623	0.0020493597257882357	0.0014703437918797135	0.001307750935666263	0.002358798636123538	0.002496258821338415	0.0013705111341550946	0.0015052120434120297	0.0015529925003647804	0.9169409871101379	0.0490729920566082	0.0030884945299476385	0.0017597711412236094	0.0011361936340108514	0.012191398069262505	wildbird	nli		NA	0.9808025360107422	2017	unknown
SRR1816131	0.006826414726674557	0.005907769314944744	0.008851307444274426	0.006095301825553179	0.008413049392402172	0.008834036998450756	0.00745354825630784	0.005593363661319017	0.006879954598844051	0.8448498845100403	0.025165829807519913	0.008629396557807922	0.006853132043033838	0.010972685180604458	0.03867426887154579	wildbird	nli		NA	0.8239666819572449		unknown
SRR13736811	0.00168549211230129	0.0021473728120326996	0.0014193266397342086	0.001282254932448268	0.0022198690567165613	0.0023722872138023376	0.0013490509008988738	0.0014816425973549485	0.0015167788369581103	0.9096621870994568	0.055354438722133636	0.003325916128233075	0.0017120348056778312	0.0011360147036612034	0.013335331343114376	wildbird	nli		NA	0.9806178212165833	2018	unknown
ERR4225112	0.001578775467351079	0.004796937573701143	0.0010293371742591262	0.0008634096593596041	0.0010703413281589746	0.0011528030736371875	0.000922691891901195	0.0008838848443701863	0.0008735872688703239	0.9249100089073181	0.051370877772569656	0.0038695335388183594	0.0016257127281278372	0.0009408904588781297	0.004111059475690126	wildbird	nli		NA	0.9899476766586304	2019	Netherlands
SRR11515433	0.007899523712694645	0.012163541279733181	0.005140317603945732	0.0041954051703214645	0.01558782160282135	0.03293503075838089	0.0050016664899885654	0.00452746357768774	0.005939626134932041	0.8305397629737854	0.029093457385897636	0.012722410261631012	0.005334655288606882	0.007150575984269381	0.02176872454583645	wildbird	nli		NA	0.9394150376319885	2015	Italy
SRR1815856	0.006620142608880997	0.006255595479160547	0.008583850227296352	0.005762924440205097	0.009227130562067032	0.010015956126153469	0.00784627441316843	0.005477582104504108	0.007342156488448381	0.8383415937423706	0.022527262568473816	0.007516271434724331	0.006883859634399414	0.011195451952517033	0.046403855085372925	wildbird	nli		NA	0.8268516659736633		unknown
ERR4224017	0.004983648657798767	0.01306621078401804	0.0013000625185668468	0.001032459200359881	0.0017631460214033723	0.002281680703163147	0.0011608251370489597	0.001099047134630382	0.0012070670491084456	0.8749186992645264	0.08127091825008392	0.008460930548608303	0.0026364768855273724	0.0010569432051852345	0.0037618556525558233	wildbird	nli		NA	0.9875443577766418	2018	Netherlands
SRR11515368	0.008690224029123783	0.011423085816204548	0.006162292789667845	0.005270888563245535	0.015552636235952377	0.04089578613638878	0.005480856169015169	0.00569918891415	0.008406421169638634	0.8078896403312683	0.03250958025455475	0.014468364417552948	0.0057663689367473125	0.00811601709574461	0.023668663576245308	wildbird	nli		NA	0.9362849593162537	2018	Italy
ERR12726479	0.07679329812526703	0.057684276252985	0.07349167764186859	0.23204989731311798	0.044228069484233856	0.0206686370074749	0.037793345749378204	0.0337127223610878	0.037499234080314636	0.038313597440719604	0.058079954236745834	0.1143832877278328	0.06200718507170677	0.068501777946949	0.04479313641786575	cattle	nli		NA	0.5067439675331116	2004	United Kingdom
SRR9971615	0.11620423942804337	0.06099659577012062	0.09775826334953308	0.19536714255809784	0.029524846002459526	0.011294258758425713	0.04083137586712837	0.05559229478240013	0.029352353885769844	0.036960192024707794	0.04510802775621414	0.062443092465400696	0.049930039793252945	0.12675592303276062	0.04188138619065285	unknown	nli		NA	NA		United States
ERR976125	0.068986676633358	0.06318221241235733	0.07096832990646362	0.07643590122461319	0.0845242515206337	0.09681294858455658	0.04573119431734085	0.04511021822690964	0.05320475995540619	0.046360716223716736	0.060112521052360535	0.0970969870686531	0.0665384978055954	0.07606358826160431	0.048871129751205444	unknown	nli		NA	NA		unknown
SRR9864928	0.07698710262775421	0.04327027499675751	0.07631342113018036	0.16076858341693878	0.03848538175225258	0.016455654054880142	0.04960962012410164	0.06066437438130379	0.03490472957491875	0.04798947647213936	0.05437919497489929	0.06604376435279846	0.0610208734869957	0.16029827296733856	0.05280916392803192	unknown	nli		NA	NA		United States
ERR10372741	0.13846653699874878	0.08728713542222977	0.07646848261356354	0.0715903788805008	0.04397653043270111	0.026131678372621536	0.04143333435058594	0.04103068262338638	0.12339547276496887	0.04506338760256767	0.048157475888729095	0.07236357033252716	0.06505659967660904	0.07543013244867325	0.04414865002036095	unknown	nli		NA	NA		unknown
ERR226207	0.04083222523331642	0.04338086396455765	0.07236603647470474	0.08073015511035919	0.05494575947523117	0.020056113600730896	0.05803428962826729	0.04801823943853378	0.02741345763206482	0.05325525254011154	0.07569097727537155	0.11451679468154907	0.08080903440713882	0.16276118159294128	0.06718958914279938	unknown	nli		NA	NA		unknown
SRR13169053	0.08658858388662338	0.049723636358976364	0.07478994876146317	0.1303025633096695	0.05365915969014168	0.025897245854139328	0.036807410418987274	0.04721551761031151	0.027087124064564705	0.03172996640205383	0.04919235780835152	0.11293278634548187	0.10103477537631989	0.13722433149814606	0.035814594477415085	unknown	nli		NA	NA	2020	unknown
SRR10063337	0.11542258411645889	0.05866493284702301	0.09911256283521652	0.20666924118995667	0.027684306725859642	0.010507777333259583	0.04083491861820221	0.054256193339824677	0.029469789937138557	0.03631932660937309	0.04432588443160057	0.06550940871238708	0.04811529442667961	0.12179155647754669	0.04131626710295677	cattle	nli		NA	0.18075652420520782		United States
SRR28095900	0.09337584674358368	0.04192370921373367	0.0808100625872612	0.21510049700737	0.018639903515577316	0.00920941773802042	0.035789281129837036	0.04920561611652374	0.023243088275194168	0.035580191761255264	0.050274211913347244	0.07502960413694382	0.05769598111510277	0.1694951206445694	0.04462755471467972	cattle	nli		NA	0.15668468177318573	2022	United States
SRR16969880	0.09300974011421204	0.04051407799124718	0.10086256265640259	0.22035787999629974	0.017054516822099686	0.008263149298727512	0.03458591178059578	0.04419287294149399	0.02233034186065197	0.03236379101872444	0.044976573437452316	0.09596218168735504	0.06087825074791908	0.13846996426582336	0.04617824777960777	cattle	nli		NA	0.2607187330722809	2021	United States
ERR1163442	0.2177603542804718	0.15426449477672577	0.16421370208263397	0.09863273054361343	0.039851218461990356	0.03233559429645538	0.03208395838737488	0.027070220559835434	0.050573837012052536	0.018032655119895935	0.04267069697380066	0.01875099539756775	0.016742752864956856	0.032652921974658966	0.05436387658119202	chicken	nli		NA	0.026155618950724602	2012	United Kingdom
SRR9899056	0.32380762696266174	0.10136952996253967	0.17515084147453308	0.11782059818506241	0.029471419751644135	0.024195225909352303	0.025907039642333984	0.030585629865527153	0.03776821494102478	0.014251447282731533	0.030111446976661682	0.012357711791992188	0.009775754995644093	0.019403476268053055	0.04802406206727028	chicken	nli		NA	0.23370635509490967	2018	United Kingdom
SRR29294247	0.08691512793302536	0.051798123866319656	0.09734031558036804	0.15524587035179138	0.039482977241277695	0.012255167588591576	0.041458699852228165	0.06612154096364975	0.024419957771897316	0.046522315591573715	0.057000331580638885	0.08014820516109467	0.06334055960178375	0.12377280741930008	0.05417805537581444	unknown	nli		NA	NA		unknown
ERR450239	0.06752988696098328	0.06239398196339607	0.06946969777345657	0.07562988996505737	0.08730487525463104	0.10107782483100891	0.045559342950582504	0.043899647891521454	0.05254099890589714	0.04636727273464203	0.05827128887176514	0.09777683764696121	0.06583685427904129	0.07727234065532684	0.049069344997406006	unknown	nli		NA	NA		unknown
SRR8791352	0.11161835491657257	0.057624783366918564	0.09840670973062515	0.208428755402565	0.028249114751815796	0.011346991173923016	0.03999355807900429	0.054985955357551575	0.030306877568364143	0.036485739052295685	0.0449659638106823	0.06415965408086777	0.04977278783917427	0.1222301721572876	0.04142458736896515	cattle	nli		NA	0.18839862942695618		United States
ERR1512684	0.08691783994436264	0.06402663886547089	0.09198300540447235	0.0814128965139389	0.055410437285900116	0.048141419887542725	0.05230807512998581	0.04227771610021591	0.047720152884721756	0.05915715917944908	0.066317617893219	0.0844908282160759	0.07625658810138702	0.09243325144052505	0.051146287471055984	unknown	nli		NA	NA		unknown
ERR12072144	0.09471160918474197	0.06983596086502075	0.082770437002182	0.10121456533670425	0.055136993527412415	0.02630046010017395	0.04753106087446213	0.0408145934343338	0.04190507158637047	0.043319810181856155	0.07031498849391937	0.11598644405603409	0.07361754775047302	0.08188605308532715	0.05465451627969742	unknown	nli		NA	NA	2021	United Kingdom
SRR25517464	0.11279389262199402	0.0566609688103199	0.09905540943145752	0.20324847102165222	0.02666039764881134	0.011715510860085487	0.04153509438037872	0.055619336664676666	0.03068592958152294	0.03715917095541954	0.04517406225204468	0.06630810350179672	0.048940300941467285	0.1218402162194252	0.04260319471359253	cattle	nli		NA	0.17119969427585602		United States
ERR11003616	0.0360460989177227	0.041488803923130035	0.09506160765886307	0.20626947283744812	0.03625792637467384	0.018054453656077385	0.04309942200779915	0.05301319435238838	0.02300197072327137	0.044035401195287704	0.06155646592378616	0.09807918965816498	0.06954855471849442	0.12860828638076782	0.045879099518060684	cattle	nli		NA	0.25423112511634827		unknown
ERR137056	0.0451035350561142	0.04270316660404205	0.06665869802236557	0.07321026176214218	0.053144946694374084	0.01887553744018078	0.05712767317891121	0.04915104806423187	0.026154955849051476	0.0554782897233963	0.0777798593044281	0.1085151880979538	0.0798579677939415	0.17786605656147003	0.06837287545204163	unknown	nli		NA	NA		unknown
SRR10019064	0.1012517437338829	0.0907614678144455	0.20222529768943787	0.12466346472501755	0.05668624863028526	0.0604601725935936	0.0042699165642261505	0.0797065794467926	0.19029800593852997	0.02428540401160717	0.011404591612517834	0.0041063386015594006	0.006188471335917711	0.007377754431217909	0.03631458058953285	pig	nli		NA	0.39303550124168396	2016	United Kingdom
SRR12972551	0.0883038341999054	0.04630618914961815	0.09372395277023315	0.15911874175071716	0.03427768126130104	0.01132567785680294	0.04249294474720955	0.05830829590559006	0.027275225147604942	0.044013410806655884	0.05618416890501976	0.09851004183292389	0.06523846089839935	0.11917442828416824	0.05574693903326988	unknown	nli		NA	NA		unknown
SRR1816221	0.04306213557720184	0.043569739907979965	0.11456699669361115	0.12363474816083908	0.03406495228409767	0.027966391295194626	0.020420726388692856	0.03269602358341217	0.02710595540702343	0.0172295942902565	0.05265788361430168	0.06060885637998581	0.024202894419431686	0.32786840200424194	0.050344739109277725	laboratory	nli		NA	0.3760930895805359		unknown
SRR15123871	0.08295221626758575	0.047403424978256226	0.09208913892507553	0.16130612790584564	0.03270738199353218	0.010955600067973137	0.04094420000910759	0.06134459376335144	0.022348102182149887	0.04567655548453331	0.05807989090681076	0.09603851288557053	0.06717675179243088	0.12501341104507446	0.05596408620476723	unknown	nli		NA	NA		unknown
SRR14633216	0.09679801017045975	0.058140408247709274	0.10314164310693741	0.16741539537906647	0.03988131135702133	0.012475894764065742	0.04195883497595787	0.0613485723733902	0.02703780308365822	0.042953863739967346	0.050513263791799545	0.07816009968519211	0.05825407803058624	0.11228766292333603	0.04963309317827225	unknown	nli		NA	NA		unknown
SRR10990438	0.09507036209106445	0.05296632647514343	0.0810801088809967	0.16156230866909027	0.031875696033239365	0.014451934956014156	0.0383744090795517	0.05103680491447449	0.04173646494746208	0.037632182240486145	0.051336728036403656	0.059203725308179855	0.05464765802025795	0.18604788184165955	0.04297729581594467	unknown	nli		NA	NA		United States
ERR473837	0.06714839488267899	0.061618831008672714	0.07140932232141495	0.08171144127845764	0.0914231464266777	0.10198989510536194	0.043994009494781494	0.0425572507083416	0.05188826099038124	0.04646693542599678	0.05771619826555252	0.09609174728393555	0.06508244574069977	0.07296010851860046	0.04794195666909218	unknown	nli		NA	NA		unknown
SRR24880177	0.059258442372083664	0.04855463281273842	0.10512503981590271	0.1491212695837021	0.04005713388323784	0.019107336178421974	0.05643447861075401	0.05043954774737358	0.04096703603863716	0.04664895683526993	0.06216299161314964	0.10159260034561157	0.061981141567230225	0.0955306738615036	0.06301871687173843	unknown	nli		NA	NA		unknown
ERR470695	0.0681263878941536	0.0622725673019886	0.07118698209524155	0.0777268335223198	0.0863725021481514	0.09796849638223648	0.04450419172644615	0.0423833392560482	0.05208151042461395	0.0465489886701107	0.05844255909323692	0.10510484129190445	0.06726697087287903	0.07132615894079208	0.048687733709812164	unknown	nli		NA	NA		unknown
ERR713723	0.045743148773908615	0.049556832760572433	0.06853461265563965	0.06974997371435165	0.05517676845192909	0.02264449931681156	0.05931175872683525	0.04793841019272804	0.030293485149741173	0.057711925357580185	0.07395899295806885	0.09487253427505493	0.07615780830383301	0.18127134442329407	0.0670778900384903	unknown	nli		NA	NA		unknown
SRR12835194	0.10408137738704681	0.04955016076564789	0.09796656668186188	0.18920466303825378	0.0245770663022995	0.01134045235812664	0.04221726953983307	0.05368124321103096	0.03243238478899002	0.036464713513851166	0.04897289350628853	0.0718841552734375	0.053367629647254944	0.1389668732881546	0.04529251530766487	unknown	nli		NA	NA		United States
ERR226238	0.04498914256691933	0.04267813265323639	0.0657150074839592	0.08258622884750366	0.05198485031723976	0.020317837595939636	0.05555417388677597	0.04472630098462105	0.028374293819069862	0.053950220346450806	0.07556368410587311	0.11266173422336578	0.07888133078813553	0.17500586807727814	0.06701112538576126	unknown	nli		NA	NA		unknown
ERR946747	0.7919613718986511	0.0024598457384854555	0.0060407985001802444	0.003969397395849228	0.0035930625163018703	0.0040161870419979095	0.012989755719900131	0.005500209052115679	0.0058435178361833096	0.006544428877532482	0.025557195767760277	0.038553688675165176	0.026993779465556145	0.04751455783843994	0.0184621661901474	chicken	nli		NA	0.9642541408538818		unknown
SRR29931273	0.09473744034767151	0.06803718954324722	0.0812709778547287	0.08467365801334381	0.06763970851898193	0.04401400312781334	0.04881430044770241	0.060750383883714676	0.0439281165599823	0.0496799498796463	0.06206968426704407	0.07443292438983917	0.06685168296098709	0.10273614525794983	0.05036383494734764	unknown	nli		NA	NA		unknown
SRR13923227	0.09760982543230057	0.058628007769584656	0.10309652239084244	0.16410547494888306	0.04268423467874527	0.013378828763961792	0.04210463538765907	0.05978434532880783	0.03165833652019501	0.042269427329301834	0.05019618943333626	0.07881559431552887	0.05851361155509949	0.10783340781927109	0.04932154715061188	unknown	nli		NA	NA		unknown
SRR18072425	0.09629026055335999	0.04323221370577812	0.10041980445384979	0.20929284393787384	0.01770784519612789	0.008886690251529217	0.03563137352466583	0.045351240783929825	0.026686668395996094	0.03263338282704353	0.04482288658618927	0.09251105785369873	0.06126561388373375	0.1398281455039978	0.04543989896774292	cattle	nli		NA	0.22665522992610931	2022	United States
SRR11853953	0.11145758628845215	0.05720560625195503	0.10059525072574615	0.19888877868652344	0.027581900358200073	0.011035794392228127	0.041083116084337234	0.05479961261153221	0.03149951994419098	0.0368986651301384	0.04538613557815552	0.0633208379149437	0.048219021409749985	0.1300528645515442	0.04197531193494797	unknown	nli		NA	NA		United States
ERR1163719	0.0030119377188384533	0.003243984654545784	0.00533799035474658	0.0032758191227912903	0.005828384775668383	0.004314401652663946	0.002453475259244442	0.003218739526346326	0.003590763546526432	0.002846081042662263	0.9518837332725525	0.0015085929771885276	0.0017845139373093843	0.0016763957682996988	0.006025153677910566	environment	nli		NA	0.9830850958824158	2014	United Kingdom
ERR670848	0.0688694640994072	0.0644446387887001	0.07238633185625076	0.0726696327328682	0.08504243940114975	0.09942467510700226	0.04442206397652626	0.04556440934538841	0.05464007332921028	0.044857993721961975	0.05810728296637535	0.09608379751443863	0.06488668918609619	0.08186440914869308	0.04673612862825394	unknown	nli		NA	NA		unknown
ERR694574	0.06492681056261063	0.05871379375457764	0.07916251569986343	0.15147623419761658	0.051311198621988297	0.02733113057911396	0.04320836439728737	0.04320836439728737	0.028419874608516693	0.04295593127608299	0.06135152652859688	0.09890493005514145	0.08426804840564728	0.12805500626564026	0.036706287413835526	unknown	nli		NA	NA		unknown
ERR10703458	0.10407159477472305	0.0342375747859478	0.09027008712291718	0.4401143789291382	0.01857832260429859	0.012818658724427223	0.01941295899450779	0.013779299333691597	0.020786426961421967	0.024902401491999626	0.03789753466844559	0.09159094840288162	0.03763935714960098	0.03819477558135986	0.01570574939250946	cattle	nli		NA	0.9160345792770386	2020	Denmark
SRR25382606	0.09040537476539612	0.050318166613578796	0.07228891551494598	0.17307373881340027	0.03512774407863617	0.0181884728372097	0.037908028811216354	0.04220695048570633	0.023722242563962936	0.030105093494057655	0.05232261121273041	0.08813880383968353	0.09737040847539902	0.15536971390247345	0.033453717827796936	unknown	nli		NA	NA	2023	United States
SRR25052815	0.08960511535406113	0.040152229368686676	0.10486134141683578	0.2086944729089737	0.016478441655635834	0.008666585199534893	0.035992227494716644	0.04563193395733833	0.024022864177823067	0.0331575907766819	0.04563193395733833	0.0932656079530716	0.06279927492141724	0.14473500847816467	0.04630528390407562	cattle	nli		NA	0.21946293115615845	2023	United States
SRR9856010	0.10843441635370255	0.0573645643889904	0.0987306609749794	0.20437052845954895	0.0284530408680439	0.011384345591068268	0.04020365700125694	0.054898250848054886	0.028176529332995415	0.03682096302509308	0.045202188193798065	0.06706596910953522	0.04916244000196457	0.12726885080337524	0.042463526129722595	cattle	nli		NA	0.17773950099945068		United States
SRR9077775	0.029941603541374207	0.04692110791802406	0.022294212132692337	0.016861453652381897	0.017739811912178993	0.016152283176779747	0.01238438580185175	0.017533136531710625	0.01940741576254368	0.4281207025051117	0.2067730724811554	0.07126721739768982	0.05374281108379364	0.011840366758406162	0.029020395129919052	wildbird	nli		NA	0.8483451008796692		unknown
SRR25436740	0.09207143634557724	0.06696736067533493	0.07844583690166473	0.08093597739934921	0.06580048054456711	0.03808239847421646	0.04693372920155525	0.05716845020651817	0.042817190289497375	0.04996069520711899	0.0664462149143219	0.07707896083593369	0.07100845873355865	0.11402662098407745	0.05225618928670883	unknown	nli		NA	NA		unknown
ERR470518	0.06746090203523636	0.06263532489538193	0.0718117505311966	0.07910118997097015	0.08721568435430527	0.09739118814468384	0.044285163283348083	0.04250552877783775	0.05102171376347542	0.046229515224695206	0.05878300592303276	0.10489442944526672	0.06772492825984955	0.07049158960580826	0.048448123037815094	unknown	nli		NA	NA		unknown
SRR24863315	0.08847461640834808	0.049581319093704224	0.07256433367729187	0.10861328989267349	0.04712637513875961	0.03571208566427231	0.04740332067012787	0.05055922269821167	0.03999563679099083	0.03543417155742645	0.06110529601573944	0.10213242471218109	0.0631682351231575	0.15227444469928741	0.04585522413253784	unknown	nli		NA	NA		unknown
SRR19383128	0.09579909592866898	0.05675908550620079	0.10187805444002151	0.16625498235225677	0.041283223778009415	0.013667046092450619	0.0434337854385376	0.06113193929195404	0.03183895722031593	0.04234485328197479	0.05048257112503052	0.08306927978992462	0.05631737783551216	0.10603991895914078	0.04969991743564606	unknown	nli		NA	NA		unknown
ERR326230	0.051641806960105896	0.04504279047250748	0.07491858303546906	0.0835777148604393	0.061446063220500946	0.021028824150562286	0.05627605691552162	0.049857813864946365	0.029887987300753593	0.05475810170173645	0.07419051229953766	0.09973679482936859	0.07535884529352188	0.15875759720802307	0.06352051347494125	unknown	nli		NA	NA		unknown
ERR713652	0.05278847739100456	0.05361977964639664	0.06884916126728058	0.06993337720632553	0.05521390959620476	0.02183426357805729	0.05900494381785393	0.04939686134457588	0.030492017045617104	0.05586475506424904	0.07271920144557953	0.09237565100193024	0.07591196149587631	0.17719142138957977	0.06480425596237183	unknown	nli		NA	NA		unknown
ERR467052	0.10303311049938202	0.06856786459684372	0.07709292322397232	0.0606292262673378	0.06447647511959076	0.08812889456748962	0.04401209577918053	0.0490032434463501	0.04366959258913994	0.03816376253962517	0.057290591299533844	0.0864243283867836	0.06903818994760513	0.10871843248605728	0.04175128415226936	unknown	nli		NA	NA		unknown
SRR4069948	0.0709264799952507	0.03951510414481163	0.08488787710666656	0.14299586415290833	0.03483791649341583	0.028656888753175735	0.0384492501616478	0.0371210016310215	0.05229790508747101	0.037193574011325836	0.08614051342010498	0.10767574608325958	0.06253130733966827	0.11768264323472977	0.059087928384542465	unknown	nli		NA	NA		unknown
SRR12158718	0.10149425268173218	0.05908556282520294	0.07881256192922592	0.14510013163089752	0.046467456966638565	0.02678845264017582	0.04547978192567825	0.052041079849004745	0.03107515163719654	0.03426295518875122	0.05103451386094093	0.06167973205447197	0.07057817280292511	0.15735095739364624	0.03874925523996353	unknown	nli		NA	NA		United States
SRR12422695	0.11740086227655411	0.05984549596905708	0.09847601503133774	0.193277969956398	0.029654614627361298	0.011277626268565655	0.040691692382097244	0.05578213557600975	0.03433283045887947	0.03778095543384552	0.04557253420352936	0.06351882964372635	0.04975922405719757	0.12089122086763382	0.041738111525774	unknown	nli		NA	NA		United States
SRR27042677	0.0871698409318924	0.051747389137744904	0.07326114177703857	0.1713382601737976	0.03549603372812271	0.018307514488697052	0.03830547630786896	0.0413372777402401	0.02430093102157116	0.030242998152971268	0.052306268364191055	0.08828355371952057	0.09677131474018097	0.1574592888355255	0.033672671765089035	unknown	nli		NA	NA	2023	United States
SRR11072035	0.07085376977920532	0.04197947308421135	0.07653640955686569	0.15643028914928436	0.03807372599840164	0.016184527426958084	0.051635630428791046	0.05920054763555527	0.030953718349337578	0.04985184967517853	0.05715543404221535	0.06794007867574692	0.061438705772161484	0.16733422875404358	0.05443168058991432	unknown	nli		NA	NA		United States
SRR4070139	0.0710720345377922	0.040259044617414474	0.08564555644989014	0.147765651345253	0.03480728715658188	0.029598312452435493	0.0374523289501667	0.03701600059866905	0.05286785587668419	0.036264609545469284	0.08572923392057419	0.10427115857601166	0.06114838272333145	0.11798175424337387	0.058120712637901306	unknown	nli		NA	NA		unknown
SRR15178534	0.10310414433479309	0.04865541309118271	0.0977124273777008	0.20615136623382568	0.022319620475172997	0.011244951747357845	0.04065312072634697	0.05502622574567795	0.0354582816362381	0.0354582816362381	0.04651808738708496	0.06728799641132355	0.050396379083395004	0.13699156045913696	0.04302219673991203	cattle	nli		NA	0.1605948507785797		United States
ERR221328	0.037918783724308014	0.038818005472421646	0.06251750886440277	0.06786210834980011	0.05452873185276985	0.019104037433862686	0.05815901607275009	0.049358922988176346	0.026061173528432846	0.056922830641269684	0.0804310068488121	0.11442720144987106	0.08106184005737305	0.18267565965652466	0.07015316188335419	unknown	nli		NA	NA		unknown
ERR148287	0.04317070543766022	0.04159803315997124	0.06660342216491699	0.08510393649339676	0.05156775563955307	0.021163364872336388	0.0557580403983593	0.04631540924310684	0.030138013884425163	0.05510843172669411	0.07532430440187454	0.10863719880580902	0.07756371796131134	0.175991490483284	0.06595616787672043	unknown	nli		NA	NA		unknown
ERR11721283	0.09795916080474854	0.06755680590867996	0.0742691233754158	0.09090760350227356	0.04748574644327164	0.02346128225326538	0.04670391604304314	0.038267821073532104	0.03672999143600464	0.04149877652525902	0.07114546000957489	0.14842474460601807	0.08180798590183258	0.078750841319561	0.055030666291713715	unknown	nli		NA	NA	2019	United Kingdom
SRR13202276	0.04653151333332062	0.028527596965432167	0.05785288289189339	0.27079451084136963	0.007852507755160332	0.003687591291964054	0.015195345506072044	0.01850895769894123	0.012450620532035828	0.011582610197365284	0.043034616857767105	0.09109316021203995	0.042720574885606766	0.3316223621368408	0.01854514330625534	laboratory	nli		NA	0.8738621473312378	2020	United States
ERR356059	0.044287897646427155	0.042757946997880936	0.06622480601072311	0.07132691890001297	0.05436874181032181	0.01949969306588173	0.057762302458286285	0.04960009083151817	0.026600917801260948	0.05664507672190666	0.07818444073200226	0.10531146824359894	0.07926072180271149	0.17984198033809662	0.06832700967788696	unknown	nli		NA	NA		unknown
SRR6398721	0.0043860385194420815	0.004614518955349922	0.010940690524876118	0.007880283519625664	0.0064191496931016445	0.005971631500869989	0.003558866214007139	0.004605515394359827	0.0049700322560966015	0.0037296595983207226	0.9288014769554138	0.002681131474673748	0.002927443478256464	0.002691625151783228	0.0058219158090651035	environment	nli		NA	0.9707432985305786	2009	United States
SRR17857257	0.10805421322584152	0.06085015460848808	0.0988660454750061	0.1595378965139389	0.042067427188158035	0.012930466793477535	0.04331810399889946	0.05984828993678093	0.034807074815034866	0.04149619862437248	0.05005396902561188	0.07752510905265808	0.05682946741580963	0.10472973436117172	0.049085844308137894	unknown	nli		NA	NA		unknown
ERR12084056	0.10235098004341125	0.06689438968896866	0.08204078674316406	0.10747262090444565	0.05010157451033592	0.02380538545548916	0.04752795398235321	0.04145462438464165	0.04277053102850914	0.042979881167411804	0.06928796321153641	0.12309768795967102	0.07247147709131241	0.07303988188505173	0.054704342037439346	unknown	nli		NA	NA	2019	United Kingdom
ERR439920	0.06763321906328201	0.06146059185266495	0.06998486071825027	0.07391874492168427	0.08466553688049316	0.09908074885606766	0.04576292634010315	0.043838199228048325	0.05160360783338547	0.04603185877203941	0.05968610942363739	0.10152949392795563	0.06789792329072952	0.07761763036251068	0.049288611859083176	unknown	nli		NA	NA		unknown
SRR27559027	0.09184814989566803	0.06654451787471771	0.07948794960975647	0.08121418207883835	0.06538501381874084	0.03754745051264763	0.04727938026189804	0.05505970120429993	0.04148014634847641	0.05003460869193077	0.06693557649850845	0.07764661312103271	0.07139184325933456	0.11509096622467041	0.05305391550064087	unknown	nli		NA	NA		unknown
ERR3145269	0.1625610738992691	0.09329400211572647	0.1809961199760437	0.07484953850507736	0.04703158140182495	0.07631416618824005	0.028442643582820892	0.04498754441738129	0.12638652324676514	0.025897325947880745	0.026589244604110718	0.041892074048519135	0.017746882513165474	0.03664612025022507	0.0163651704788208	unknown	nli		NA	NA	2016	Denmark
SRR15230816	0.11654187738895416	0.052735138684511185	0.10036730766296387	0.19950680434703827	0.024813197553157806	0.011675228364765644	0.03865727782249451	0.054515495896339417	0.035473909229040146	0.03519785404205322	0.04528329148888588	0.06354862451553345	0.0507148839533329	0.12925229966640472	0.04171692207455635	unknown	nli		NA	NA		United States
SRR21388670	0.08963610231876373	0.043770551681518555	0.09863846749067307	0.2672285735607147	0.018192904070019722	0.008695018477737904	0.03268672525882721	0.047419775277376175	0.023497428745031357	0.03307202458381653	0.040679290890693665	0.08306191861629486	0.05218225345015526	0.12055967003107071	0.040679290890693665	cattle	nli		NA	0.37799978256225586	2022	United States
ERR12953173	0.007381976582109928	0.023875899612903595	0.007527573499828577	0.002576178405433893	0.005163525231182575	0.007030187640339136	0.004331172443926334	0.004013511352241039	0.006438674870878458	0.46890902519226074	0.03948019817471504	0.35917404294013977	0.0405152402818203	0.006131838075816631	0.017450932413339615	wildbird	nli		NA	0.9369805455207825	2021	Luxembourg
SRR10699576	0.08528442680835724	0.046640824526548386	0.07563163340091705	0.16681581735610962	0.04060147702693939	0.016892189159989357	0.04821544885635376	0.054316066205501556	0.03821612894535065	0.046823374927043915	0.05213332548737526	0.06215216591954231	0.057257261127233505	0.1591767817735672	0.04984322562813759	unknown	nli		NA	NA		United States
ERR976146	0.06871188431978226	0.06274645030498505	0.07285826653242111	0.0778607726097107	0.0833694264292717	0.09511793404817581	0.045460157096385956	0.0437186062335968	0.05304460600018501	0.04617605358362198	0.06010741367936134	0.10164880752563477	0.0669238269329071	0.07271610200405121	0.04953967407345772	unknown	nli		NA	NA		unknown
SRR24939988	0.026810720562934875	0.02660207822918892	0.46729281544685364	0.1504904329776764	0.03272111341357231	0.040722087025642395	0.004160022828727961	0.0819401666522026	0.0824216976761818	0.005889533553272486	0.01579202339053154	0.0039232755079865456	0.004192649852484465	0.0068053435534238815	0.05023597925901413	pig	nli		NA	0.5951102375984192	2019	United States
ERR1658689	0.07338913530111313	0.06727991998195648	0.0744720846414566	0.0721103623509407	0.07789379358291626	0.08613639324903488	0.04104714095592499	0.043354421854019165	0.053535569459199905	0.040096282958984375	0.05501962825655937	0.0950653925538063	0.08563318103551865	0.09178131818771362	0.04318539798259735	unknown	nli		NA	NA		unknown
SRR1815315	0.04089116305112839	0.02766834758222103	0.11763123422861099	0.25146913528442383	0.03376780450344086	0.02777663804590702	0.02032182179391384	0.03253766521811485	0.03409918397665024	0.019696583971381187	0.050641998648643494	0.0552404448390007	0.020006760954856873	0.22100159525871277	0.047249652445316315	cattle	nli		NA	0.30383506417274475		unknown
SRR1993248	0.10460758954286575	0.05643156170845032	0.09884721040725708	0.22826094925403595	0.02593737281858921	0.012204179540276527	0.03916541486978531	0.05311618372797966	0.034428615123033524	0.03291624039411545	0.042182810604572296	0.06438396126031876	0.044293638318777084	0.12265747785568237	0.0405668169260025	cattle	nli		NA	0.1916300356388092		United States
ERR4879520	0.10046738386154175	0.05334479734301567	0.10887008160352707	0.2866944372653961	0.02287619188427925	0.013123869895935059	0.03914239630103111	0.022172367200255394	0.0346105732023716	0.028414329513907433	0.03933399170637131	0.14192405343055725	0.0598309226334095	0.024020913988351822	0.025173701345920563	cattle	nli		NA	0.7251136898994446	2019	Denmark
SRR9945146	0.28677380084991455	0.10081463307142258	0.1719946265220642	0.11626378446817398	0.033018652349710464	0.02824234776198864	0.028077349066734314	0.038078535348176956	0.04566314443945885	0.014173435047268867	0.03308320418000221	0.012194424867630005	0.010369507595896721	0.02169649489223957	0.059555958956480026	chicken	nli		NA	0.1695433259010315	2017	United Kingdom
SRR7411500	0.11038412898778915	0.05777207016944885	0.09846572577953339	0.20501989126205444	0.027936749160289764	0.011069146916270256	0.040727194398641586	0.05534225329756737	0.028376687318086624	0.03650762140750885	0.045169029384851456	0.06552829593420029	0.04817618802189827	0.1271754801273346	0.04234958440065384	cattle	nli		NA	0.17398883402347565		United States
SRR12341582	0.10693435370922089	0.05176059901714325	0.09679599851369858	0.18557973206043243	0.02425970323383808	0.011504323221743107	0.0422457680106163	0.05403316020965576	0.033419154584407806	0.037354644387960434	0.04871964082121849	0.0691094622015953	0.05456341803073883	0.1389249563217163	0.044795066118240356	unknown	nli		NA	NA		United States
SRR23980959	0.08548082411289215	0.03730735182762146	0.10371547937393188	0.21897681057453156	0.016077062115073204	0.008389684371650219	0.03594827279448509	0.0453542061150074	0.021298648789525032	0.032987989485263824	0.046068429946899414	0.09508176892995834	0.06302960216999054	0.14385412633419037	0.04642975330352783	cattle	nli		NA	0.23270227015018463	2023	United States
SRR9969039	0.29578155279159546	0.10372774302959442	0.16112805902957916	0.11041761189699173	0.037788473069667816	0.028524233028292656	0.02841302938759327	0.03749440237879753	0.04426557198166847	0.01603192649781704	0.034005943685770035	0.012932434678077698	0.010721364058554173	0.02291986718773842	0.05584774166345596	chicken	nli		NA	0.18140819668769836	2017	United Kingdom
ERR1906113	0.07424357533454895	0.05183037370443344	0.07712575048208237	0.07742761820554733	0.048690129071474075	0.0378459207713604	0.05469034984707832	0.043730877339839935	0.04398787021636963	0.04802897199988365	0.07231156527996063	0.09477370232343674	0.08051197230815887	0.13952036201953888	0.055281009525060654	unknown	nli		NA	NA		unknown
ERR213031	0.10137235373258591	0.06076911464333534	0.08404063433408737	0.06752854585647583	0.061545513570308685	0.06687229871749878	0.04591575264930725	0.04600552096962929	0.03689434006810188	0.036607228219509125	0.058384042233228683	0.10469245165586472	0.07394862920045853	0.11498216539621353	0.040441446006298065	unknown	nli		NA	NA		unknown
ERR12072012	0.0997072160243988	0.06456469744443893	0.0784907117486	0.09777870029211044	0.05192987993359566	0.02585822343826294	0.047006454318761826	0.042177483439445496	0.043093446642160416	0.04279986768960953	0.06926780939102173	0.1284022480249405	0.07592736184597015	0.07750055193901062	0.055495426058769226	unknown	nli		NA	NA	2020	United Kingdom
ERR278336	0.0403229184448719	0.03985314071178436	0.06519538164138794	0.06980796158313751	0.056092269718647	0.020715957507491112	0.05719859525561333	0.04940467327833176	0.027124447748064995	0.054472777992486954	0.07802866399288177	0.11220835149288177	0.08097865432500839	0.1805383861064911	0.06805780529975891	unknown	nli		NA	NA		unknown
ERR3446633	0.07525027543306351	0.05608533322811127	0.07932504266500473	0.09201867133378983	0.06945933401584625	0.04816008359193802	0.043339382857084274	0.05047133192420006	0.04410794377326965	0.05022549256682396	0.059353724122047424	0.09512525796890259	0.08780482411384583	0.09112441539764404	0.058148909360170364	unknown	nli		NA	NA		unknown
SRR15223897	0.10285362601280212	0.05278962478041649	0.09264867752790451	0.16284185647964478	0.03750663250684738	0.012392555363476276	0.03316419571638107	0.05848987400531769	0.02706782892346382	0.03685309737920761	0.045774925500154495	0.09959185868501663	0.06287316232919693	0.12261975556612015	0.052532490342855453	unknown	nli		NA	NA	2021	unknown
SRR28868230	0.08950086683034897	0.050009697675704956	0.07276369631290436	0.10638875514268875	0.04670530557632446	0.03286128491163254	0.04828209429979324	0.050303589552640915	0.03887160122394562	0.035323936492204666	0.06163324788212776	0.10181470960378647	0.06346561014652252	0.15555241703987122	0.046523213386535645	unknown	nli		NA	NA		unknown
ERR3144883	0.16923096776008606	0.09168414026498795	0.18111561238765717	0.07588830590248108	0.04649162292480469	0.07266992330551147	0.028184834867715836	0.04715464264154434	0.12490501254796982	0.026219891384243965	0.026219891384243965	0.04037291184067726	0.01650441251695156	0.036724068224430084	0.016633858904242516	unknown	nli		NA	NA	2015	Denmark
ERR330642	0.041552476584911346	0.045192964375019073	0.06877658516168594	0.07785800844430923	0.05408889427781105	0.0195133276283741	0.05768989771604538	0.049248501658439636	0.028391722589731216	0.05547983571887016	0.07575792819261551	0.10725393891334534	0.07978224009275436	0.17223021388053894	0.06718338280916214	unknown	nli		NA	NA		unknown
ERR148380	0.040874678641557693	0.04071532562375069	0.06519010663032532	0.07329520583152771	0.05425601452589035	0.019765704870224	0.0577552355825901	0.04949725419282913	0.02654576487839222	0.0568598210811615	0.07802233844995499	0.10674808919429779	0.08065640926361084	0.1822953075170517	0.06752271205186844	unknown	nli		NA	NA		unknown
SRR9945233	0.2774806022644043	0.10059499740600586	0.1673172563314438	0.11398907005786896	0.03704299405217171	0.03125431016087532	0.03288242965936661	0.03821886330842972	0.04381813853979111	0.016926424577832222	0.03726068139076233	0.013156590983271599	0.011231470853090286	0.02300051599740982	0.05582576245069504	chicken	nli		NA	0.15700756013393402	2017	United Kingdom
ERR1658511	0.07228800654411316	0.06659483164548874	0.0732831060886383	0.06951870024204254	0.08001553267240524	0.08813770115375519	0.04262061044573784	0.04617396742105484	0.05537103861570358	0.04212406277656555	0.05757677182555199	0.08745181560516357	0.07954806089401245	0.09557919204235077	0.04371663182973862	unknown	nli		NA	NA		unknown
ERR594006	0.07108765095472336	0.05756853148341179	0.09047961980104446	0.08118464052677155	0.05922219902276993	0.038611963391304016	0.0568978413939476	0.05272477865219116	0.04269782826304436	0.05520115792751312	0.06684591621160507	0.09380868077278137	0.0665203109383583	0.10526613146066666	0.06188276782631874	unknown	nli		NA	NA		unknown
ERR12757156	0.08903901278972626	0.0607786551117897	0.07084958255290985	0.18586796522140503	0.046102702617645264	0.021734880283474922	0.041406985372304916	0.0358697734773159	0.0355558916926384	0.03781210631132126	0.0629534125328064	0.12343748658895493	0.06981930881738663	0.06988751888275146	0.048884741961956024	unknown	nli		NA	NA	2022	United Kingdom
ERR1701073	0.048427511006593704	0.04030494764447212	0.07326848059892654	0.09444680064916611	0.03914127126336098	0.01622118428349495	0.051651597023010254	0.04392184317111969	0.01933852583169937	0.04611968994140625	0.06756404042243958	0.11594487726688385	0.08582700043916702	0.19974872469902039	0.05807345360517502	unknown	nli		NA	NA		unknown
