run_accession	chicken	turkey	pig	cattle	sheep	goat	human	dog	cat	wildbird	waterbird	environment	water	wastewater	laboratory	other_animal	best_hit	source_method	source_evidence	year	country
ERR4224313	0.003011025721207261	0.0035065212287008762	0.0031740712001919746	0.0013947979314252734	0.005431006662547588	0.003339417278766632	0.004935339093208313	0.0009623816004022956	0.748376190662384	0.005872318521142006	0.005072151776403189	0.056193120777606964	0.1173168495297432	0.024530986323952675	0.00940228346735239	0.007481527980417013	cat	nli		2016	Netherlands
ERR4224555	0.0035398772452026606	0.004414061550050974	0.003941313363611698	0.0014470989117398858	0.005939769558608532	0.003519196528941393	0.006152302958071232	0.0009434862295165658	0.7496158480644226	0.006422421429306269	0.0053139859810471535	0.054714519530534744	0.11101315915584564	0.02476433664560318	0.009995930828154087	0.008262674324214458	cat	nli		2018	Netherlands
SRR28564538	NA	NA	NA	NA	NA	NA	NA	NA	NA	NA	NA	NA	NA	NA	NA	NA	cat	host_tax_id	host_tax_id=9685; Felis catus	2022	United States
SRR6627731	0.004332799930125475	0.00377176096662879	0.005075459834188223	0.0027702797669917345	0.0033546737395226955	0.0035156679805368185	0.004191298969089985	0.0016285633901134133	0.7733905911445618	0.006750207860022783	0.005640009883791208	0.11165915429592133	0.03589047119021416	0.01578693464398384	0.00537123391404748	0.016870876774191856	cat	nli		2017	United States
ERR4224319	0.0030896044336259365	0.003591010347008705	0.003360290313139558	0.0014117638347670436	0.005507815163582563	0.0033341404050588608	0.004927540197968483	0.0009589859400875866	0.7545261383056641	0.006156424526125193	0.005174113903194666	0.05483143776655197	0.11065442860126495	0.025269687175750732	0.00942416675388813	0.007782449014484882	cat	nli		2016	Netherlands
ERR4224530	0.003312561195343733	0.004003522917628288	0.003805294632911682	0.0014585007447749376	0.005847890395671129	0.0035469247959554195	0.005667969584465027	0.0009677832131274045	0.7409090399742126	0.006744039710611105	0.005591005552560091	0.05831654369831085	0.11751539260149002	0.024500615894794464	0.009850924834609032	0.007961956784129143	cat	nli		2017	Netherlands
ERR4224584	0.0035162693820893764	0.004401784390211105	0.004086918197572231	0.0015421565622091293	0.006087446119636297	0.0035996551159769297	0.006195398513227701	0.0009556784061715007	0.753393828868866	0.006633722223341465	0.005499549675732851	0.05387403070926666	0.10790255665779114	0.023865636438131332	0.010026705451309681	0.008418632671236992	cat	nli		2018	Netherlands
ERR4224321	0.0030947302002459764	0.0035759536549448967	0.0032878948841243982	0.0014224160695448518	0.005484721157699823	0.0033462007995694876	0.005003659054636955	0.0009624549420550466	0.7528313994407654	0.006154605653136969	0.005102347582578659	0.05445509031414986	0.11272097378969193	0.025286905467510223	0.009551076218485832	0.007719605229794979	cat	nli		2016	Netherlands
ERR4224598	0.003344442928209901	0.004121777601540089	0.0038269406650215387	0.0014244482154026628	0.00576740363612771	0.0034708846360445023	0.005722521338611841	0.0009341758559457958	0.7451236248016357	0.006248242221772671	0.005210415460169315	0.05769673362374306	0.11522087454795837	0.02423429861664772	0.009630328975617886	0.00802290067076683	cat	nli		2018	Netherlands
ERR4224544	0.003696062369272113	0.004736578091979027	0.004099166486412287	0.001386523130349815	0.006058175582438707	0.0036530019715428352	0.006361324805766344	0.0009381685522384942	0.7395901679992676	0.006563256029039621	0.005702255759388208	0.05967327207326889	0.11534664034843445	0.024219324812293053	0.009775940328836441	0.008200072683393955	cat	nli		2018	Netherlands
ERR4224591	0.003325025551021099	0.004203225951641798	0.0037824937608093023	0.0013699285918846726	0.005778890568763018	0.0034777973778545856	0.005801508668810129	0.0009323871927335858	0.7495298385620117	0.006285190116614103	0.0053550489246845245	0.05692925676703453	0.11019039899110794	0.025176003575325012	0.009839828126132488	0.008023195900022984	cat	nli		2018	Netherlands
ERR4224614	0.0033148799557238817	0.004190400708466768	0.0038303364999592304	0.001400869688950479	0.005829169414937496	0.0034671861212700605	0.00566087057814002	0.0009460264118388295	0.7531034350395203	0.006193011067807674	0.005144224036484957	0.05710301548242569	0.1077820286154747	0.0241140928119421	0.009906072169542313	0.00801435112953186	cat	nli		2018	Netherlands
SRR5209498	NA	NA	NA	NA	NA	NA	NA	NA	NA	NA	NA	NA	NA	NA	NA	NA	cat	host_tax_id	host_tax_id=9685; Felis catus	2004	Canada
ERR4224509	0.0034854828845709562	0.004423308186233044	0.003965028095990419	0.0014416584745049477	0.00598719110712409	0.003638514084741473	0.00571301719173789	0.0009528780356049538	0.7482575178146362	0.006537226028740406	0.005377375520765781	0.056197937577962875	0.11211822181940079	0.023633591830730438	0.010214434936642647	0.008056645281612873	cat	nli		2018	Netherlands
ERR4224592	0.0032454351894557476	0.0040154121816158295	0.00372090982273221	0.0013371370732784271	0.005618572235107422	0.003335401648655534	0.005774325225502253	0.0009244004031643271	0.74747633934021	0.00608700281009078	0.005319557618349791	0.055722784250974655	0.11485330015420914	0.025156116113066673	0.009427734650671482	0.007985602132976055	cat	nli		2018	Netherlands
ERR4224525	0.0032919286750257015	0.004033355042338371	0.0038261697627604008	0.0014048226876184344	0.0058456179685890675	0.003608421655371785	0.005470041185617447	0.0009598787873983383	0.7435197830200195	0.00678103556856513	0.005470041185617447	0.05707572400569916	0.11652711778879166	0.024419447407126427	0.009760929271578789	0.008005633018910885	cat	nli		2017	Netherlands
ERR4224528	0.0033349073491990566	0.0040700845420360565	0.0035988586023449898	0.0014626154443249106	0.005864387843757868	0.00354999047704041	0.005552290473133326	0.0009648433770053089	0.7401024699211121	0.00676306476816535	0.0055198525078594685	0.05817488208413124	0.11825039237737656	0.024738263338804245	0.009927069768309593	0.00812600925564766	cat	nli		2017	Netherlands
ERR4224527	0.0033467551693320274	0.004140770528465509	0.0037190194707363844	0.0014005956472828984	0.005839422345161438	0.003541788551956415	0.005442940164357424	0.0009644962847232819	0.74128258228302	0.006708018947392702	0.005432319827377796	0.05686231702566147	0.11884444952011108	0.02456088922917843	0.010040471330285072	0.007873164489865303	cat	nli		2017	Netherlands
SRR8399251	0.010028313845396042	0.008611243218183517	0.01110033132135868	0.004043898545205593	0.0072231232188642025	0.009738776832818985	0.006094370968639851	0.0026058426592499018	0.8267660737037659	0.01195552758872509	0.007452408783137798	0.022097213193774223	0.03218266740441322	0.008411763235926628	0.0166635699570179	0.01502490695565939	cat	nli		2018	United States
SRR8607992	0.009610987268388271	0.00838285218924284	0.011752651073038578	0.0033344679977744818	0.0070866975001990795	0.011502847075462341	0.005297334864735603	0.0023783869110047817	0.8592594861984253	0.01093329954892397	0.006644347216933966	0.013085447251796722	0.014287589117884636	0.005875078495591879	0.012682849541306496	0.017885684967041016	cat	nli		2009	United States
SRR5750634	0.007893647067248821	0.007257779128849506	0.1878214329481125	0.7022850513458252	0.0025328355841338634	0.003264953847974539	0.002669987501576543	0.009920206852257252	0.006660112179815769	0.0036352125462144613	0.0034216423518955708	0.029587361961603165	0.00747355492785573	0.007257779128849506	0.0035998853854835033	0.014718498103320599	cattle	nli		2017	United States
SRR8606599	0.003615905996412039	0.0034909925889223814	0.01109435223042965	0.9146537184715271	0.0012278496287763119	0.0013697650283575058	0.0019241474801674485	0.003279484109953046	0.0033507042098790407	0.0030928482301533222	0.002206045901402831	0.022965088486671448	0.007897865027189255	0.006702830083668232	0.0033376410137861967	0.009790731593966484	cattle	nli		2018	United States
SRR7465511	0.007797092664986849	0.006827363278716803	0.23938362300395966	0.6548557877540588	0.0026788609102368355	0.00345993903465569	0.0025214767083525658	0.009534558281302452	0.00686748418956995	0.0034531878773123026	0.0033404137939214706	0.028548449277877808	0.006934878416359425	0.006894363090395927	0.003844793187454343	0.013057674281299114	cattle	nli		2018	United States
SRR5164537	0.0028884955681860447	0.003038965631276369	0.010422209277749062	0.9182361364364624	0.0012326587457209826	0.0013644287828356028	0.001886936603114009	0.002991850720718503	0.003015316091477871	0.0026976377703249454	0.00217609666287899	0.02387998253107071	0.0073760319501161575	0.006272196304053068	0.0031785941682755947	0.009342407807707787	cattle	nli		2016	United States
SRR23803202	0.017548691481351852	0.020257683470845222	0.19314029812812805	0.5406184196472168	0.002820331370458007	0.003329659579321742	0.0019083318766206503	0.008755367249250412	0.17178255319595337	0.00288721383549273	0.003303747856989503	0.012179388664662838	0.0036072591319680214	0.00416817981749773	0.0021164603531360626	0.011576344259083271	cattle	nli		2023	United States
SRR14503779	0.004973092116415501	0.003499007085338235	0.013491887599229813	0.9060729742050171	0.0011720205657184124	0.0012139573227614164	0.002433177549391985	0.0038130017928779125	0.004397318232804537	0.0024714944884181023	0.002172582782804966	0.030404439195990562	0.005580487195402384	0.0060575613752007484	0.003820456098765135	0.008426533080637455	cattle	nli		2021	United States
SRR3611737	0.002817464293912053	0.0029933233745396137	0.0106746144592762	0.9186881184577942	0.0012724132975563407	0.0014250354142859578	0.001910118735395372	0.00301091349683702	0.0029700289014726877	0.002615927020087838	0.0021143085323274136	0.02336108684539795	0.007138658780604601	0.0060703447088599205	0.003293949645012617	0.00964371208101511	cattle	nli		2016	United States
ERR2601882	NA	NA	NA	NA	NA	NA	NA	NA	NA	NA	NA	NA	NA	NA	NA	NA	cattle	host_tax_id	host_tax_id=9913; Bos taurus	2003	Finland
SRR8841108	0.002902145031839609	0.0024295737966895103	0.007781726773828268	0.9100475907325745	0.0010049153352156281	0.0010655563091859221	0.003597696777433157	0.003256602445617318	0.003156407503411174	0.0030118650756776333	0.0023273888509720564	0.03009374625980854	0.010995447635650635	0.0029593848157674074	0.003733712946996093	0.011636213399469852	cattle	nli		2019	United States
SRR21602127	0.014200842007994652	0.009836635552346706	0.14232467114925385	0.7398343682289124	0.0031012860126793385	0.00432256143540144	0.0027745503466576338	0.014173133298754692	0.018110020086169243	0.0029020304791629314	0.003256474155932665	0.0172807015478611	0.005024062003940344	0.004521166440099478	0.002801778493449092	0.015535769052803516	cattle	nli		2022	United States
SRR2423693	0.011210215277969837	0.009476893581449986	0.1474359780550003	0.7093055844306946	0.0031930161640048027	0.0026471037417650223	0.0031068900134414434	0.013364562764763832	0.009551222436130047	0.0045648603700101376	0.004238329362124205	0.040369533002376556	0.007949232123792171	0.009739603847265244	0.003784402273595333	0.020062586292624474	cattle	nli		2015	United States
SRR7163773	0.002878702012822032	0.0029126349836587906	0.01024582888931036	0.9223001599311829	0.001218919176608324	0.0013598025543615222	0.0018732071621343493	0.0028451639227569103	0.002970081754028797	0.002610869240015745	0.0021061033476144075	0.022204792127013206	0.006680122576653957	0.005769883282482624	0.003242939244955778	0.008780855685472488	cattle	nli		2018	United States
SRR16465102	0.013423689641058445	0.009840180166065693	0.12781597673892975	0.7532256245613098	0.003157420316711068	0.004603000823408365	0.0028804840985685587	0.014233733527362347	0.017219534143805504	0.00319463899359107	0.0035292431712150574	0.017835674807429314	0.005105018615722656	0.004739849362522364	0.002908752067014575	0.016287213191390038	cattle	nli		2021	United States
SRR15275302	0.018312780186533928	0.011074770241975784	0.1882324069738388	0.5730417966842651	0.002889026189222932	0.0033447900786995888	0.0020090024918317795	0.009021326899528503	0.14897680282592773	0.002946007065474987	0.0033513293601572514	0.013904445804655552	0.0037606486584991217	0.004328479990363121	0.002232466358691454	0.012573892250657082	cattle	nli		2021	United States
SRR6322613	NA	NA	NA	NA	NA	NA	NA	NA	NA	NA	NA	NA	NA	NA	NA	NA	cattle	host_tax_id	host_tax_id=9913; Bos taurus	2014	United States
SRR2962345	NA	NA	NA	NA	NA	NA	NA	NA	NA	NA	NA	NA	NA	NA	NA	NA	cattle	host_tax_id	host_tax_id=9913; Bos taurus	2011	United States
SRR11457120	0.008972522802650928	0.007237842772156	0.018865425139665604	0.6708999276161194	0.006892920471727848	0.0032055058982223272	0.011210189200937748	0.01012756209820509	0.009257340803742409	0.012616269290447235	0.012420671992003918	0.14315703511238098	0.05068409815430641	0.012204247526824474	0.004663983825594187	0.017584510147571564	cattle	nli		2013	United States
SRR7163778	0.012010475620627403	0.010475723072886467	0.15411822497844696	0.696679949760437	0.0034748271573334932	0.002748814644291997	0.0033286805264651775	0.013850998133420944	0.011349101550877094	0.004435700364410877	0.0044617666862905025	0.03922729939222336	0.008384662680327892	0.010173267684876919	0.003952906467020512	0.021327514201402664	cattle	nli		2018	United States
SRR3774242	0.012739408761262894	0.012420019134879112	0.11776597052812576	0.7127383947372437	0.0031835006084293127	0.003025874961167574	0.0033822068944573402	0.017412709072232246	0.013936955481767654	0.0056200516410171986	0.005798451602458954	0.04301277920603752	0.01031668670475483	0.012061430141329765	0.0036073795054107904	0.022978156805038452	cattle	nli		2016	United States
SRR6498630	0.0073140766471624374	0.007200682535767555	0.21022938191890717	0.6668039560317993	0.0022393979597836733	0.0032329487148672342	0.002618121448904276	0.011895128525793552	0.008601272478699684	0.004603929352015257	0.004929658025503159	0.031833015382289886	0.009880687110126019	0.009191842749714851	0.003543771104887128	0.015882080420851707	cattle	nli		2017	United States
SRR11457294	0.009658395312726498	0.007478020619601011	0.02028770186007023	0.6666082739830017	0.006755828391760588	0.003141751978546381	0.011424911208450794	0.010402500629425049	0.009073222987353802	0.012883062474429607	0.012474503368139267	0.14448124170303345	0.05028615519404411	0.012683328241109848	0.00454451609402895	0.017816627398133278	cattle	nli		2013	United States
SRR12828244	0.002463471842929721	0.00238302000798285	0.009333431720733643	0.9372761845588684	0.001088897231966257	0.0011959196999669075	0.0016346281627193093	0.002305195201188326	0.002282793400809169	0.0019872025586664677	0.0017063970444723964	0.01650916039943695	0.0054654511623084545	0.004149782937020063	0.002203933196142316	0.008014554157853127	cattle	nli		2020	United States
SRR12828245	0.002701567718759179	0.0029040256049484015	0.010116267018020153	0.9195739030838013	0.0011894842609763145	0.0013373729307204485	0.0020312999840825796	0.003031527390703559	0.0026857845950871706	0.0027873245999217033	0.002213585190474987	0.020940473303198814	0.007532468531280756	0.006966395303606987	0.002547821030020714	0.011440864764153957	cattle	nli		2020	United States
SRR6652913	0.014283103868365288	0.01395223569124937	0.09614098072052002	0.7226359248161316	0.0032119869720190763	0.0031070904806256294	0.0035139245446771383	0.019946660846471786	0.015204285271465778	0.005670340731739998	0.006024268455803394	0.04293396323919296	0.010655844584107399	0.012753377668559551	0.0038743962068110704	0.0260916780680418	cattle	nli		2017	United States
SRR17900481	0.011913182213902473	0.00831674225628376	0.16688315570354462	0.6068669557571411	0.0016122738597914577	0.0019071581773459911	0.0076021174900233746	0.02536841295659542	0.009296133182942867	0.021614158526062965	0.016299299895763397	0.028999945148825645	0.03138705715537071	0.021487882360816002	0.021975982934236526	0.01846952550113201	cattle	nli		2018	New Zealand
SRR4022329	0.0043718875385820866	0.0027465650346130133	0.03851223737001419	0.622771143913269	0.0014388823183253407	0.0019286791794002056	0.004934683442115784	0.005494295619428158	0.005101281218230724	0.0035266592167317867	0.0038506488781422377	0.26279813051223755	0.019327383488416672	0.005263212602585554	0.001769855385646224	0.01616441085934639	cattle	nli		2011	United States
SRR11459624	0.003036229405552149	0.0031510184053331614	0.010912545956671238	0.9192029237747192	0.001250942936167121	0.0014119775732979178	0.001945081283338368	0.0032006397377699614	0.003302238881587982	0.0028190433513373137	0.002182646654546261	0.021158095449209213	0.007383798249065876	0.006580125540494919	0.0032194482628256083	0.009243287146091461	cattle	nli		2020	United States
SRR5941988	0.011719374917447567	0.010221818462014198	0.15579228103160858	0.6965950727462769	0.003344566561281681	0.0027404397260397673	0.003222726285457611	0.014219336211681366	0.0103423111140728	0.004448172636330128	0.004396349657326937	0.03987911343574524	0.008165477775037289	0.010505178943276405	0.0038797648157924414	0.020528007298707962	cattle	nli		2017	United States
SRR5890889	0.0028853563126176596	0.00310158752836287	0.010472062043845654	0.9208281636238098	0.0012434025993570685	0.001392544712871313	0.0018885707249864936	0.002913672011345625	0.002913672011345625	0.0026789626572281122	0.0021652569994330406	0.02256249636411667	0.006734911352396011	0.005862832069396973	0.003275929018855095	0.009080532006919384	cattle	nli		2017	United States
SRR4018340	0.0030047607142478228	0.003070014761760831	0.010757343843579292	0.9168108105659485	0.0012550195679068565	0.0014221234014257789	0.0019514202140271664	0.00302832736633718	0.0032808042597025633	0.0027092783711850643	0.002126537263393402	0.02368048205971718	0.00753922900184989	0.006274702958762646	0.0034652198664844036	0.009624005295336246	cattle	nli		2016	United States
SRR3402099	0.0025924735236912966	0.002797662513330579	0.01426330953836441	0.9051322340965271	0.0012269917642697692	0.0013958055060356855	0.0019530830904841423	0.003139358712360263	0.0032707988284528255	0.003013201057910919	0.002537369728088379	0.02683015540242195	0.00892575178295374	0.007370858918875456	0.0033746252302080393	0.012176250107586384	cattle	nli		2015	United States
SRR2976804	0.008228529244661331	0.0075361886993050575	0.20553673803806305	0.6783860921859741	0.0029801754280924797	0.003701651468873024	0.002713480731472373	0.010753006674349308	0.007233340293169022	0.00409735506400466	0.0037526078522205353	0.03135889396071434	0.007760242093354464	0.0075361886993050575	0.003955809865146875	0.014469752088189125	cattle	nli		2015	United States
SRR12302131	0.006985647603869438	0.008475817739963531	0.018261505290865898	0.709084689617157	0.003154834033921361	0.003154834033921361	0.004380053374916315	0.008592493832111359	0.0065368241630494595	0.01876773126423359	0.012046564370393753	0.11575488746166229	0.024145357310771942	0.020692994818091393	0.008071900345385075	0.03189382329583168	cattle	nli		2012	Germany
SRR6916748	0.012847136706113815	0.011404184624552727	0.13014806807041168	0.7131719589233398	0.003484879620373249	0.002740661147981882	0.0032673536334186792	0.016082478687167168	0.011205472983419895	0.0047912574373185635	0.0048667085357010365	0.0391109436750412	0.008658917620778084	0.01107492484152317	0.0037680533714592457	0.023377027362585068	cattle	nli		2018	United States
SRR18771549	0.017016686499118805	0.010732290334999561	0.22823727130889893	0.5882565379142761	0.002584233181551099	0.003644352313131094	0.0020442965906113386	0.010545284487307072	0.08535895496606827	0.003723496338352561	0.004482629708945751	0.01606394350528717	0.005069574806839228	0.005880809389054775	0.0025791905354708433	0.013780533336102962	cattle	nli		2022	United States
SRR18319608	0.018281055614352226	0.011574842035770416	0.19179962575435638	0.5692625641822815	0.0030253813602030277	0.0035717396531254053	0.002059105085209012	0.009246310219168663	0.14641304314136505	0.0030910831410437822	0.0037212825845927	0.014320965856313705	0.0039612846449017525	0.004586204420775175	0.0022482722997665405	0.01283723022788763	cattle	nli		2022	United States
SRR18769954	0.004602482076734304	0.0031020536553114653	0.013580391183495522	0.9102369546890259	0.0011234894627705216	0.001172816613689065	0.0023142730351537466	0.0036408628802746534	0.003898453898727894	0.0023324242793023586	0.002050332259386778	0.029749326407909393	0.005380846094340086	0.005672216881066561	0.003420274006202817	0.00772277545183897	cattle	nli		2022	United States
SRR17988521	0.003922719042748213	0.003455032594501972	0.013479365035891533	0.8990649580955505	0.0012488883221521974	0.0012935753911733627	0.002542610513046384	0.004283094312995672	0.005278594791889191	0.0028364870231598616	0.002379249082878232	0.03011040948331356	0.007801258470863104	0.007877815514802933	0.004151316825300455	0.010274608619511127	cattle	nli		2022	United States
SRR7465516	0.011063638143241405	0.010132755152881145	0.15801997482776642	0.7000311613082886	0.0034407691564410925	0.0027325258124619722	0.003120642388239503	0.013476258143782616	0.009444765746593475	0.004199283197522163	0.00437510060146451	0.03861589357256889	0.00766355823725462	0.009389586746692657	0.0035638855770230293	0.020730240270495415	cattle	nli		2018	United States
SRR5517169	0.00817164033651352	0.008013586513698101	0.18395356833934784	0.6849737763404846	0.0026842150837183	0.0038675558753311634	0.0030895129311829805	0.011751147918403149	0.008939801715314388	0.004656060133129358	0.004530470818281174	0.03420289233326912	0.010451686568558216	0.009666230529546738	0.00414928188547492	0.0168986227363348	cattle	nli		2017	United States
SRR14503780	0.006359372287988663	0.004379273392260075	0.02077028714120388	0.8979595303535461	0.001348709687590599	0.001402436406351626	0.0034039269667118788	0.005428845528513193	0.008086240850389004	0.0026769961696118116	0.0023670594673603773	0.01949283294379711	0.0051499768160283566	0.006273019593209028	0.004837954882532358	0.010063490830361843	cattle	nli		2021	United States
SRR5646894	0.00266478955745697	0.002909600269049406	0.013799832202494144	0.9088284969329834	0.001208173343911767	0.0013690395280718803	0.0019534132443368435	0.0031831124797463417	0.0032970092725008726	0.003097253618761897	0.002518049208447337	0.02530752122402191	0.008272507227957249	0.007173254620283842	0.0032206340692937374	0.011197293177247047	cattle	nli		2017	United States
SRR10257508	0.020920587703585625	0.017041567713022232	0.0375874862074852	0.5879672169685364	0.003938546869903803	0.0064808959141373634	0.07066984474658966	0.024578364565968513	0.02694137953221798	0.026549607515335083	0.019386209547519684	0.03297704830765724	0.0529034286737442	0.0182829350233078	0.017343776300549507	0.03643104061484337	cattle	nli		2018	Egypt
ERR2834479	0.0014210492372512817	0.0011666424106806517	0.0029617208056151867	0.9563406705856323	0.0005510827759280801	0.0007329235086217523	0.001355974585749209	0.0011989828199148178	0.002071656519547105	0.001440610853023827	0.0016008522361516953	0.01068641897290945	0.006282221060246229	0.0035935111809521914	0.0015186193631961942	0.00707709975540638	cattle	nli		2014	Finland
ERR4224938	0.002270209137350321	0.002003452507779002	0.008032884448766708	0.9194523692131042	0.0010434454306960106	0.0010557452915236354	0.00306685664691031	0.0028308446053415537	0.002454681321978569	0.00420009158551693	0.003195261349901557	0.018695266917347908	0.010641844011843204	0.006195221561938524	0.007271295879036188	0.007590543944388628	cattle	nli		2017	Netherlands
SRR8172917	0.012078356929123402	0.01253499835729599	0.14496053755283356	0.6877376437187195	0.00324450246989727	0.0029197363182902336	0.0032891654409468174	0.017781060189008713	0.01334343571215868	0.005124296527355909	0.005595059599727392	0.04142303392291069	0.009686294943094254	0.012173088267445564	0.0035425706300884485	0.02456631325185299	cattle	nli		2018	United States
SRR25790765	0.002958260476589203	0.002395672257989645	0.008088641799986362	0.8714411854743958	0.0014138552360236645	0.0013973833993077278	0.00488688237965107	0.0038357581943273544	0.0031367747578769922	0.003326061647385359	0.0025057445745915174	0.05988427251577377	0.007138201035559177	0.005356717389076948	0.008394445292651653	0.013840100727975368	cattle	nli		2023	United States
SRR7903408	0.01319197379052639	0.013089312240481377	0.12033768743276596	0.7063263058662415	0.003121152287349105	0.0029898809734731913	0.0033879787661135197	0.018933573737740517	0.01398803386837244	0.005607695318758488	0.005946088116616011	0.040952831506729126	0.010294005274772644	0.012637135572731495	0.003543643280863762	0.02565266750752926	cattle	nli		2018	United States
SRR6973053	0.012674943543970585	0.011676705442368984	0.11073140054941177	0.7266574501991272	0.004019629210233688	0.0030046887695789337	0.0034516274463385344	0.01596016436815262	0.011540668085217476	0.00503190653398633	0.005131151992827654	0.042214009910821915	0.008796840906143188	0.011012180708348751	0.003949588630348444	0.02414695732295513	cattle	nli		2018	United States
SRR6313961	0.003012853441759944	0.0033479772973805666	0.014429776929318905	0.8979848623275757	0.00140384619589895	0.0015907660126686096	0.002243340015411377	0.004282128065824509	0.003952593542635441	0.003793755080550909	0.002658833982422948	0.026879508048295975	0.00894216913729906	0.009334777481853962	0.0035569495521485806	0.012585874646902084	cattle	nli		2017	United States
SRR5297186	0.009600766934454441	0.00937836617231369	0.1980854570865631	0.6796708106994629	0.0028104016091674566	0.003947850316762924	0.002655642805621028	0.011490612290799618	0.008148065768182278	0.004438687115907669	0.0039865924045443535	0.029862653464078903	0.007990467362105846	0.008505809120833874	0.004025714471936226	0.015402030199766159	cattle	nli		2017	United States
SRR14518549	0.005115517880767584	0.0035365016665309668	0.013583299703896046	0.9068825840950012	0.0011548810871317983	0.0012008864432573318	0.0024069789797067642	0.0037867091596126556	0.004257511347532272	0.0024069789797067642	0.002144996775314212	0.03037222847342491	0.005413626786321402	0.005819328594952822	0.0036630432587116957	0.008254795335233212	cattle	nli		2021	United States
SRR10245648	0.0029899326618760824	0.0033420317340642214	0.014180836267769337	0.9034207463264465	0.0012439574347808957	0.0014040927635505795	0.002003428991883993	0.0034819573629647493	0.0034548602998256683	0.00354370498098433	0.0027170528192073107	0.026133541017770767	0.008601111359894276	0.007575644180178642	0.003220283892005682	0.012686816044151783	cattle	nli		2019	United States
SRR7882485	0.0028883302584290504	0.0021090242080390453	0.005545697174966335	0.941795289516449	0.0008947630412876606	0.0009487569914199412	0.002253831597045064	0.0025340509600937366	0.002470519859343767	0.0035113163758069277	0.0019315730314701796	0.007790195289999247	0.006728697568178177	0.0034232845064252615	0.009107663296163082	0.006067011039704084	cattle	nli		2010	United States
SRR10287017	0.012292210012674332	0.011502442881464958	0.13852550089359283	0.7088566422462463	0.0034943704959005117	0.00282982736825943	0.003453659825026989	0.0140381446108222	0.010473093017935753	0.005124155431985855	0.0045486255548894405	0.04117988795042038	0.008220424875617027	0.009781082160770893	0.004021995700895786	0.02165793813765049	cattle	nli		2019	United States
SRR7716478	0.00216495874337852	0.001742994412779808	0.005368800833821297	0.9279225468635559	0.0008781460346654058	0.0009384402655996382	0.0026370661798864603	0.002581014996394515	0.0018554077250882983	0.004189400468021631	0.002131394576281309	0.01226532831788063	0.009759691543877125	0.007826830260455608	0.008851655758917332	0.008886300958693027	cattle	nli		2018	United States
SRR3726434	0.002730294829234481	0.003063763491809368	0.01481760386377573	0.9025200009346008	0.0012210635468363762	0.0013999560615047812	0.0019665576983243227	0.0033127181231975555	0.0034178749192506075	0.0033321857918053865	0.0026879652868956327	0.027467498555779457	0.008830730803310871	0.007320933043956757	0.003261358942836523	0.01264943741261959	cattle	nli		2016	United States
SRR10082192	0.003455936210229993	0.003607670310884714	0.012815307825803757	0.9090126752853394	0.0013854583958163857	0.0015577125595882535	0.0021291407756507397	0.003323541721329093	0.003323541721329093	0.002996710827574134	0.0024315551854670048	0.024581830948591232	0.007316217292100191	0.006661491934210062	0.003455936210229993	0.011945179663598537	cattle	nli		2019	United States
SRR6916764	0.01236776728183031	0.012152263894677162	0.07631868869066238	0.7525685429573059	0.0029433451127260923	0.0028864156920462847	0.0034344044979661703	0.01788986288011074	0.012735463678836823	0.0053610303439199924	0.00569565175101161	0.045283615589141846	0.01017344743013382	0.011824478395283222	0.0037207365967333317	0.02464432828128338	cattle	nli		2018	United States
SRR5209911	0.013349310494959354	0.012130970135331154	0.13745304942131042	0.7091882824897766	0.0034552759025245905	0.002870124764740467	0.003329402534291148	0.014349719509482384	0.010895390063524246	0.004704389721155167	0.004436661954969168	0.039737094193696976	0.008272603154182434	0.009843165054917336	0.003953763749450445	0.022030798718333244	cattle	nli		2016	United States
SRR8754439	0.0030959821306169033	0.003071889514103532	0.010250955820083618	0.917370617389679	0.0012582410126924515	0.001414678292348981	0.0019412040710449219	0.0032067615538835526	0.0032067615538835526	0.0029831980355083942	0.0022606495767831802	0.02298836223781109	0.007543832994997501	0.006217518821358681	0.003426940180361271	0.009762445464730263	cattle	nli		2019	United States
SRR22222924	0.014274967834353447	0.0096212700009346	0.19043822586536407	0.6945562958717346	0.0029805307276546955	0.004129983019083738	0.002529543824493885	0.013048377819359303	0.018419140949845314	0.0027457934338599443	0.003111391793936491	0.017869887873530388	0.00483787851408124	0.004370659589767456	0.002650938695296645	0.014415057376027107	cattle	nli		2022	United States
SRR5828129	NA	NA	NA	NA	NA	NA	NA	NA	NA	NA	NA	NA	NA	NA	NA	NA	cattle	host_tax_id	host_tax_id=9913; Bos taurus	2015	United States
SRR10386699	0.00851138960570097	0.007511274889111519	0.21526587009429932	0.6702268123626709	0.002976130461320281	0.003997006919234991	0.002741740085184574	0.010347218252718449	0.007237644400447607	0.004205222241580486	0.0035550117027014494	0.030412165448069572	0.007380394730716944	0.007280177436769009	0.003958163782954216	0.014393775723874569	cattle	nli		2019	United States
SRR19344124	0.0041619413532316685	0.003050894010812044	0.010774189606308937	0.9146667122840881	0.0011785241076722741	0.0012206935789436102	0.0023255355190485716	0.0034503706265240908	0.0037747167516499758	0.0023483573459088802	0.0021423837170004845	0.02835850417613983	0.0055244555696845055	0.005903768818825483	0.0030808341689407825	0.008038035593926907	cattle	nli		2022	United States
SRR6160548	0.0030972103122621775	0.0030731079168617725	0.011219028383493423	0.9159438610076904	0.00127606769092381	0.0014403366949409246	0.001976412022486329	0.003226885572075844	0.00342161045409739	0.0028255553916096687	0.002200544811785221	0.023110046982765198	0.007473484613001347	0.006582457106560469	0.003461943008005619	0.00967140682041645	cattle	nli		2017	United States
SRR6269763	0.0026470075827091932	0.0027310324367135763	0.010266626253724098	0.9241721630096436	0.0012237811461091042	0.0013867256930097938	0.0018880398711189628	0.0028067396488040686	0.0028958350885659456	0.00253567798063159	0.001978648826479912	0.021460264921188354	0.006628632079809904	0.0055168368853628635	0.0030288873240351677	0.008833116851747036	cattle	nli		2017	United States
SRR9045758	0.012595906853675842	0.011312971822917461	0.1198280081152916	0.7263699173927307	0.0033506457693874836	0.002821526722982526	0.003423411399126053	0.015134328976273537	0.010586121119558811	0.00547059578821063	0.004808961879462004	0.04026494547724724	0.008212337270379066	0.010003181174397469	0.003796779550611973	0.02202032133936882	cattle	nli		2019	United States
SRR8838824	0.012867288663983345	0.011624625883996487	0.1216648742556572	0.7234166264533997	0.0035108572337776423	0.0028823171742260456	0.0035453105811029673	0.01489719282835722	0.011070653796195984	0.005555812269449234	0.00489342026412487	0.04037630185484886	0.008307745680212975	0.009923669509589672	0.004144888371229172	0.02131841331720352	cattle	nli		2019	United States
SRR5241742	0.0026350358966737986	0.002745360601693392	0.009676285088062286	0.9235932230949402	0.0012254056055098772	0.0013617088552564383	0.0018395513761788607	0.0027239960618317127	0.002794045489281416	0.002465736586600542	0.002036198042333126	0.022301165387034416	0.007204863242805004	0.005417312495410442	0.003135300474241376	0.008844840340316296	cattle	nli		2016	United States
SRR6844235	0.012101355940103531	0.010996909812092781	0.1395767480134964	0.7088400721549988	0.003556255018338561	0.0027642101049423218	0.003238007426261902	0.014769085682928562	0.010826418176293373	0.004469263833016157	0.004530787002295256	0.03975639119744301	0.008188186213374138	0.010350837372243404	0.003712393343448639	0.02232310362160206	cattle	nli		2018	United States
SRR10138273	0.00322891166433692	0.0034844737965613604	0.013150266371667385	0.8996700048446655	0.0013698803959414363	0.001564452308230102	0.0022762648295611143	0.004336498212069273	0.003925358410924673	0.004170369356870651	0.002917079022154212	0.026254786178469658	0.008573771454393864	0.008915312588214874	0.0034912857227027416	0.0126712117344141	cattle	nli		2019	United States
ERR10497142	0.0018405300797894597	0.0018262070370838046	0.005537903867661953	0.9404718279838562	0.0011790877906605601	0.0012070490047335625	0.001990087330341339	0.0018841769779101014	0.0016179295489564538	0.002845106180757284	0.0023586759343743324	0.011340869590640068	0.009531334973871708	0.004746080841869116	0.004877646919339895	0.006745541002601385	cattle	nli		2015	Spain
SRR10186879	0.0031757696997374296	0.0031204333063215017	0.0109553849324584	0.9192137718200684	0.0012460806174203753	0.0014010060112923384	0.00196803268045187	0.003054107539355755	0.0031449070665985346	0.0028972241561859846	0.0021446403115987778	0.02172365039587021	0.006815652828663588	0.006073818542063236	0.0033216839656233788	0.009743922390043736	cattle	nli		2019	United States
SRR5754163	0.0032525246497243643	0.0032908644061535597	0.01011679694056511	0.9115748405456543	0.0014153830707073212	0.0015728179132565856	0.002200768096372485	0.0038174695800989866	0.003442066954448819	0.003509955480694771	0.0024986728094518185	0.02429264597594738	0.007007700391113758	0.007756817154586315	0.003565229242667556	0.010685467161238194	cattle	nli		2017	United States
SRR6010310	0.00807471014559269	0.007125905714929104	0.22374659776687622	0.668310284614563	0.0026836409233510494	0.003646672470495105	0.0025358623825013638	0.010088469833135605	0.0071677821688354015	0.0037771558854728937	0.0033268241677433252	0.027827968820929527	0.007125905714929104	0.007112002000212669	0.003660944988951087	0.013789303600788116	cattle	nli		2017	United States
SRR26806985	0.013980469666421413	0.009627411141991615	0.1266808956861496	0.75220787525177	0.002941934857517481	0.004356398247182369	0.0028625810518860817	0.014396111480891705	0.01828746497631073	0.003119463799521327	0.0034127042163163424	0.01933428645133972	0.005485533736646175	0.005093146115541458	0.002919040387496352	0.015294679440557957	cattle	nli		2023	United States
SRR8252759	0.012463320046663284	0.01256107073277235	0.11681398749351501	0.7131308317184448	0.0030423603020608425	0.0028804491739720106	0.003387375734746456	0.01856406033039093	0.013293072581291199	0.005349947605282068	0.005784673150628805	0.04134736582636833	0.010332454927265644	0.012709136120975018	0.003577782306820154	0.024762077257037163	cattle	nli		2018	United States
SRR6269730	0.009560701437294483	0.010098113678395748	0.18022111058235168	0.6794834733009338	0.002450600266456604	0.0036359273362904787	0.0028818787541240454	0.01480790413916111	0.010479887947440147	0.005208225920796394	0.005620446987450123	0.032949160784482956	0.010520905256271362	0.010398332960903645	0.004064100328832865	0.01761920005083084	cattle	nli		2017	United States
SRR3215112	0.0029234876856207848	0.003057811176404357	0.011033128015697002	0.916740357875824	0.0012598347384482622	0.0014109479961916804	0.0019135293550789356	0.0031120367348194122	0.0030458897817879915	0.002610380994156003	0.0020934075582772493	0.02279379591345787	0.007823660038411617	0.00669193034991622	0.003325711702927947	0.010164194740355015	cattle	nli		2016	United States
SRR3129728	0.0027793501503765583	0.0028508235700428486	0.010186316445469856	0.9241347908973694	0.0012047592317685485	0.0013545472174882889	0.0018370384350419044	0.002895717043429613	0.0028508235700428486	0.0026781007181853056	0.0021020653657615185	0.021271610632538795	0.006602521054446697	0.005559879820793867	0.0030465631280094385	0.008645014837384224	cattle	nli		2015	United States
SRR8699411	0.00871906615793705	0.009688899852335453	0.16441631317138672	0.6953520774841309	0.002587438328191638	0.003613413078710437	0.0030014810618013144	0.013933027163147926	0.009482958354055882	0.006146621890366077	0.005662533920258284	0.035858284682035446	0.010579006746411324	0.010016001760959625	0.004070611670613289	0.016872219741344452	cattle	nli		2019	United States
SRR5582449	0.010918200947344303	0.009999553672969341	0.16523192822933197	0.6915038228034973	0.003503324231132865	0.002649618312716484	0.003183589316904545	0.01337725855410099	0.009541640058159828	0.0044199759140610695	0.0043514505960047245	0.03908824175596237	0.007894864305853844	0.009672990068793297	0.0037002479657530785	0.020963333547115326	cattle	nli		2017	United States
SRR7009076	0.0029298479203134775	0.002941315295174718	0.00995034072548151	0.9223305583000183	0.0012285198317840695	0.0013866679510101676	0.0019027686212211847	0.0028900643810629845	0.003082471899688244	0.0026468969881534576	0.002122691832482815	0.022401554509997368	0.006563941016793251	0.005549026653170586	0.0032748717349022627	0.008798313327133656	cattle	nli		2018	United States
ERR4224946	0.0012835650704801083	0.0012105171335861087	0.0042832824401557446	0.9376636743545532	0.000878741149790585	0.0008719027973711491	0.002055141143500805	0.001670817844569683	0.0016675579827278852	0.003013665322214365	0.002213474130257964	0.017376352101564407	0.008857655338943005	0.005037092138081789	0.006699180230498314	0.005217327270656824	cattle	nli		2017	Netherlands
SRR6313958	0.012023760005831718	0.0107150599360466	0.14878608286380768	0.6974503993988037	0.0036670395638793707	0.002987110521644354	0.0032172445207834244	0.014560187235474586	0.010569562204182148	0.004782720934599638	0.004510535392910242	0.04184427112340927	0.008410346694290638	0.010631674900650978	0.0038580652326345444	0.021985875442624092	cattle	nli		2017	United States
SRR5427956	0.002918119076639414	0.0028228196315467358	0.010674036107957363	0.9240367412567139	0.0012823236174881458	0.0014305351069197059	0.0019174908520653844	0.0031184793915599585	0.0030942114535719156	0.0025601861998438835	0.0021558927837759256	0.0201570987701416	0.006336521357297897	0.005161627195775509	0.002987320302054286	0.009346499107778072	cattle	nli		2017	United States
SRR12302135	0.007374325301498175	0.00855436734855175	0.0180037971585989	0.6983955502510071	0.0030620917677879333	0.0031224859412759542	0.00442928820848465	0.008706066757440567	0.006571684032678604	0.017483994364738464	0.011399293318390846	0.12953761219978333	0.023758165538311005	0.02032143622636795	0.007989135570824146	0.03129057586193085	cattle	nli		2012	Germany
SRR3995966	0.0029268134385347366	0.0030792788602411747	0.010519294068217278	0.9177830219268799	0.0012886583572253585	0.0014488776214420795	0.0019496778259053826	0.0030553159303963184	0.003158465027809143	0.00264932494610548	0.0021707790438085794	0.023247085511684418	0.007401247508823872	0.006244659889489412	0.0034621262457221746	0.009615412913262844	cattle	nli		2016	United States
SRR5858791	0.0031976234167814255	0.003009761916473508	0.011030774563550949	0.9219309091567993	0.0012794013600796461	0.001427275245077908	0.001958489418029785	0.0031603698153048754	0.003241641214117408	0.0026149265468120575	0.0021848527248948812	0.020709073171019554	0.006472005043178797	0.005568330641835928	0.002998027950525284	0.009216557256877422	cattle	nli		2017	United States
SRR20988051	0.010986866429448128	0.007913541980087757	0.0533970408141613	0.6122915148735046	0.0023346745874732733	0.0031724784057587385	0.010986866429448128	0.017083395272493362	0.013098292984068394	0.009601650759577751	0.007536421529948711	0.14730802178382874	0.03864869847893715	0.014958719722926617	0.005892343353480101	0.04478951543569565	cattle	nli		2019	United States
SRR6973059	0.01288837194442749	0.011463155969977379	0.12410103529691696	0.7189629673957825	0.003984841052442789	0.0029497374780476093	0.003349025035277009	0.015637703239917755	0.011351755820214748	0.004901438020169735	0.005047159269452095	0.0397377647459507	0.008502071723341942	0.010560354217886925	0.003765409579500556	0.02279720827937126	cattle	nli		2018	United States
SRR5129712	0.0027815860230475664	0.002881115535274148	0.010355050675570965	0.9212722182273865	0.0012199410703033209	0.0013609424931928515	0.0018313485197722912	0.0029725718777626753	0.0029725718777626753	0.0026438601780682802	0.0021078691352158785	0.022115163505077362	0.007061531767249107	0.005923222750425339	0.003164286259561777	0.009336755611002445	cattle	nli		2016	United States
SRR8256677	0.002959304256364703	0.003156321821734309	0.010168850421905518	0.9189533591270447	0.0012702974490821362	0.001422665547579527	0.0019829063676297665	0.0029420151840895414	0.0031317591201514006	0.0027583749033510685	0.0022425430361181498	0.02316335216164589	0.007085150573402643	0.005896784830838442	0.0032949005253612995	0.00957142747938633	cattle	nli		2018	United States
SRR8188915	0.007996014319360256	0.00738067552447319	0.22275926172733307	0.6656861305236816	0.0029820622876286507	0.003829043824225664	0.002662682207301259	0.009990149177610874	0.007181594148278236	0.0037770497146993876	0.0035620974376797676	0.02921966090798378	0.007252070587128401	0.007366274017840624	0.003904565004631877	0.014450660906732082	cattle	nli		2018	United States
SRR2239877	0.01250443235039711	0.012286548502743244	0.10009916126728058	0.7281713485717773	0.003118684748187661	0.0030109481886029243	0.003465580055490136	0.017946790903806686	0.013389121741056442	0.005713775288313627	0.005895149894058704	0.044030044227838516	0.010447844862937927	0.012701348401606083	0.003674708306789398	0.02354458160698414	cattle	nli		2015	United States
SRR11600433	0.0031828938517719507	0.0030609588138759136	0.010314719751477242	0.9194782376289368	0.0012151896953582764	0.0013556419871747494	0.001980167580768466	0.003084966680034995	0.0032903498504310846	0.002825400559231639	0.0021620828192681074	0.023063689470291138	0.006884518079459667	0.005842814687639475	0.0032967824954539537	0.008961583487689495	cattle	nli		2019	United States
SRR8832618	0.008491738699376583	0.007493933197110891	0.20999875664710999	0.6772225499153137	0.0026460769586265087	0.0034309725742787123	0.0026930011808872223	0.01058880053460598	0.007421106565743685	0.004090326838195324	0.0036808960139751434	0.02949471026659012	0.007220934610813856	0.007363353855907917	0.0037461714819073677	0.014416747726500034	cattle	nli		2019	United States
SRR11457287	0.002369002439081669	0.0021443995647132397	0.004248021636158228	0.883899986743927	0.000991412322036922	0.0010149229783564806	0.0019373035756871104	0.002074368065223098	0.0023829240817576647	0.0031261828262358904	0.0033408289309591055	0.05639558285474777	0.013659321703016758	0.004665539134293795	0.003095802618190646	0.014654312282800674	cattle	nli		2013	United States
SRR3139476	0.003974339924752712	0.003035352099686861	0.2071559578180313	0.6346673369407654	0.001167949172668159	0.0012628539698198438	0.00591976149007678	0.06333344429731369	0.009779118932783604	0.009779118932783604	0.006012984085828066	0.025069590657949448	0.005474884994328022	0.004339457489550114	0.003852062625810504	0.015175807289779186	cattle	nli		2015	United States
SRR9670813	0.6904205083847046	0.006464995909482241	0.014712067320942879	0.01214918214827776	0.006302911788225174	0.0055190143175423145	0.008682627230882645	0.008204507641494274	0.006644212640821934	0.011083581484854221	0.00936984084546566	0.13355036079883575	0.022742033004760742	0.016284773126244545	0.01177539024502039	0.03609408065676689	chicken	nli		2019	United States
SRR11615623	0.6977630257606506	0.006258950103074312	0.014354887418448925	0.01314708311110735	0.006161913741379976	0.005239772144705057	0.008405904285609722	0.007804617751389742	0.006369942799210548	0.011489508673548698	0.009656257927417755	0.12976832687854767	0.020886240527033806	0.015491051599383354	0.01111428439617157	0.036088183522224426	chicken	nli		2019	United States
SRR8663512	0.6362332105636597	0.003930046223104	0.010134208016097546	0.005969241727143526	0.005774298682808876	0.005340352654457092	0.010682973079383373	0.005237061530351639	0.00390708539634943	0.02984432876110077	0.02290480025112629	0.15800409018993378	0.037763629108667374	0.02105971798300743	0.008255161345005035	0.03495977073907852	chicken	nli		2018	United States
ERR11203555	0.8798649311065674	0.0030220644548535347	0.006863741669803858	0.0035125103313475847	0.0030816697981208563	0.0025498089380562305	0.002827898832038045	0.0028113778680562973	0.0029348121024668217	0.010384509339928627	0.005242096725851297	0.019212279468774796	0.020075395703315735	0.008459053002297878	0.009566660039126873	0.019591206684708595	chicken	nli		2019	Sweden
SRR8662861	0.8324252963066101	0.0035756544675678015	0.005929901264607906	0.004196724854409695	0.004954617936164141	0.0043724351562559605	0.009292674250900745	0.004839844536036253	0.0047185043804347515	0.017497163265943527	0.012286771088838577	0.04176906496286392	0.013868455775082111	0.011165404692292213	0.007794708479195833	0.02131272852420807	chicken	nli		2018	United States
SRR12179540	0.7504569292068481	0.0038769831880927086	0.009804011322557926	0.009373342618346214	0.005166350863873959	0.0038618685211986303	0.008584680035710335	0.005521077197045088	0.0048249829560518265	0.011044496670365334	0.005842819344252348	0.12096328288316727	0.013988847844302654	0.010194558650255203	0.011066090315580368	0.02542966976761818	chicken	nli		2020	United States
SRR24482067	0.8798094987869263	0.0022130105644464493	0.0032073582988232374	0.001863541780039668	0.003201100043952465	0.0028638485819101334	0.0036988640204072	0.001960618654266	0.0021449236664921045	0.0034075528383255005	0.002685087500140071	0.057185880839824677	0.009317123331129551	0.00827065110206604	0.0057065775617957115	0.01246431190520525	chicken	nli		2023	United States
SRR9962624	0.6849324703216553	0.006084152031689882	0.014229209162294865	0.011935481801629066	0.006774118635803461	0.005358768627047539	0.008397658355534077	0.00815520342439413	0.0064387088641524315	0.011322377249598503	0.009534398093819618	0.14248713850975037	0.021867122501134872	0.015811942517757416	0.01159088034182787	0.03508032485842705	chicken	nli		2019	United States
SRR8662758	0.7965085506439209	0.0021536238491535187	0.004532585386186838	0.0032838841434568167	0.004094849806278944	0.003757645608857274	0.00922788679599762	0.0040868595242500305	0.003239292884245515	0.020373238250613213	0.01239324826747179	0.07434049248695374	0.014460905455052853	0.00972757302224636	0.00744383642449975	0.03037549927830696	chicken	nli		2018	United States
SRR22197412	0.8744072318077087	0.002240612870082259	0.003184552537277341	0.0019390886882320046	0.0026400871574878693	0.0023804663214832544	0.004009957425296307	0.0019696250092238188	0.0022231759503483772	0.0037670067977160215	0.0028268734458833933	0.05784262344241142	0.010585485957562923	0.009433332830667496	0.005996190011501312	0.014553668908774853	chicken	nli		2022	United States
SRR22987937	0.10909789055585861	0.062956303358078	0.5346439480781555	0.0720389187335968	0.011600342579185963	0.007957234047353268	0.020359236747026443	0.018902909010648727	0.022360244765877724	0.008145934902131557	0.011623022146522999	0.016911396756768227	0.020359236747026443	0.012518486939370632	0.024510009214282036	0.04601486027240753	pig	nli		2022	United States
SRR13592140	0.8146709203720093	0.003204955719411373	0.006824763957411051	0.0041313511319458485	0.004279177635908127	0.003957592416554689	0.009328346699476242	0.004830039571970701	0.004440958146005869	0.00925575289875269	0.005494573153555393	0.08241510391235352	0.010549775324761868	0.007978957146406174	0.007554325275123119	0.02108342945575714	chicken	nli		2021	United States
SRR23517257	0.8769675493240356	0.002385105472058058	0.0033701136708259583	0.0019581059459596872	0.002933729672804475	0.002589007606729865	0.004033498000353575	0.001988941803574562	0.0021844254806637764	0.004057201556861401	0.003068523481488228	0.055653538554906845	0.010160037316381931	0.009054191410541534	0.006162374280393124	0.013433598913252354	chicken	nli		2023	United States
SRR21757000	0.8744127750396729	0.002260406967252493	0.003521560225635767	0.0022870516404509544	0.002896756399422884	0.003705007955431938	0.0037340668495744467	0.0019562188535928726	0.002131766639649868	0.0036833621561527252	0.0027966867201030254	0.054232433438301086	0.010575219988822937	0.00906314980238676	0.006364279426634312	0.01637922041118145	chicken	nli		2022	United States
SRR17871415	0.8318497538566589	0.0029106559231877327	0.005948994774371386	0.0028880052268505096	0.002876745769754052	0.0025736666284501553	0.0047060418874025345	0.0036436568479985	0.003350144252181053	0.004561252426356077	0.003524662461131811	0.08686669170856476	0.00943248625844717	0.00792745128273964	0.007203942164778709	0.01973593235015869	chicken	nli		2022	United States
SRR20438527	0.8104345798492432	0.002767330501228571	0.007025341037660837	0.00437920680269599	0.004336648620665073	0.0034439985174685717	0.010004544630646706	0.005292658228427172	0.0046525453217327595	0.009849438443779945	0.0056450203992426395	0.08283154666423798	0.010817492380738258	0.00821345578879118	0.007914245128631592	0.022391995415091515	chicken	nli		2022	United States
SRR12698365	0.8909992575645447	0.00275397882796824	0.0028358553536236286	0.002170083113014698	0.0031822165474295616	0.003226021770387888	0.004240525886416435	0.002360208425670862	0.0025470140390098095	0.013608613982796669	0.006658266298472881	0.018967637792229652	0.014743187464773655	0.010272320359945297	0.007284165825694799	0.014150720089673996	chicken	nli		2019	United States
SRR12625768	0.8018504977226257	0.0030336722265928984	0.008508143946528435	0.005847556050866842	0.006261270027607679	0.004625797737389803	0.009716604836285114	0.0055580236949026585	0.004492242354899645	0.011227516457438469	0.006092383526265621	0.0799775943160057	0.011382071301341057	0.008625264279544353	0.008230284787714481	0.024571092799305916	chicken	nli		2020	United States
SRR7665260	0.6847380995750427	0.006355679128319025	0.015068856999278069	0.015638558194041252	0.006765585392713547	0.005565219558775425	0.008535814471542835	0.00822486076503992	0.006418050732463598	0.011003098450601101	0.009634635411202908	0.1348000019788742	0.02214021608233452	0.016261527314782143	0.011735636740922928	0.037114109843969345	chicken	nli		2018	United States
SRR14920260	0.7726559638977051	0.003130036871880293	0.006626287940889597	0.003731558797881007	0.0034646352287381887	0.002778480527922511	0.006422419100999832	0.003351486986503005	0.0034109207335859537	0.005180756561458111	0.00394901679828763	0.1381411850452423	0.011032113805413246	0.008198370225727558	0.010262995958328247	0.017663734033703804	chicken	nli		2021	United States
SRR19842112	0.8058426380157471	0.003229596186429262	0.007040322758257389	0.004261839669197798	0.004536704625934362	0.004295265767723322	0.010045479983091354	0.005100754089653492	0.004680715035647154	0.010045479983091354	0.005836633034050465	0.0839046835899353	0.011162852868437767	0.008459142409265041	0.008247063495218754	0.023310868069529533	chicken	nli		2022	United States
SRR15998504	0.8157216310501099	0.0027076073456555605	0.006900626700371504	0.004251353442668915	0.004284696653485298	0.003436132799834013	0.009450478479266167	0.0050882031209766865	0.0044815619476139545	0.009017709642648697	0.005523191764950752	0.08244085311889648	0.010440315119922161	0.007804177235811949	0.0076681929640471935	0.020783333107829094	chicken	nli		2021	United States
SRR17478232	0.8379254341125488	0.0024834286887198687	0.005046144127845764	0.0030726203694939613	0.0029955869540572166	0.002582357032224536	0.007530904375016689	0.0034749412443488836	0.0034010803792625666	0.007256558630615473	0.0038917495403438807	0.07786313444375992	0.009048588573932648	0.006724340375512838	0.007472298573702574	0.019230837002396584	chicken	nli		2021	United States
SRR9898424	0.6934359073638916	0.0060582710430026054	0.014168678782880306	0.01179222110658884	0.005999396089464426	0.005131555255502462	0.008814731612801552	0.00801024492830038	0.006324260961264372	0.010467753745615482	0.008901234716176987	0.13761654496192932	0.02110418491065502	0.015837207436561584	0.011746247299015522	0.03459163382649422	chicken	nli		2019	United States
SRR26896508	0.6300268173217773	0.0034783000592142344	0.002940485952422023	0.0029926311690360308	0.00470806984230876	0.003623930737376213	0.0061284988187253475	0.0031608487479388714	0.0031608487479388714	0.01959078572690487	0.011228089220821857	0.258184015750885	0.015257319435477257	0.009736099280416965	0.0031240235548466444	0.022659223526716232	chicken	nli		2017	Brazil
SRR8796760	0.8437780737876892	0.018120959401130676	0.012849683873355389	0.004035443067550659	0.0055808150209486485	0.005668700207024813	0.004329398740082979	0.004346343223005533	0.007524489890784025	0.004754913970828056	0.015379057265818119	0.028397126123309135	0.008900715969502926	0.005940747447311878	0.01209475938230753	0.018298789858818054	chicken	nli		2016	United Kingdom
SRR27990989	0.8859427571296692	0.002259114058688283	0.0032360313925892115	0.0018655696185305715	0.0025850331876426935	0.0023353826254606247	0.0038654652889817953	0.0019098102347925305	0.002122241072356701	0.0034582195803523064	0.0027143878396600485	0.052303459495306015	0.009309060871601105	0.008056321181356907	0.005848261993378401	0.012188824824988842	chicken	nli		2024	United States
SRR10119176	0.7178448438644409	0.004116982687264681	0.010762394405901432	0.009497780352830887	0.00451279804110527	0.0036688789259642363	0.006464284844696522	0.0056053102016448975	0.00453046103939414	0.0075280508026480675	0.005727039184421301	0.15452635288238525	0.015628637745976448	0.011636923998594284	0.010169748216867447	0.027779553085565567	chicken	nli		2019	United States
SRR12788365	0.8275718688964844	0.0028731527272611856	0.006973580457270145	0.0038436620961874723	0.0029183984734117985	0.0025454724673181772	0.004573385696858168	0.0037326884921640158	0.0033656235318630934	0.004458725918084383	0.0036391059402376413	0.08909793943166733	0.00964411161839962	0.008411743678152561	0.007394396234303713	0.018956158310174942	chicken	nli		2020	United States
SRR12819058	0.9187995195388794	0.0023612729273736477	0.0039543877355754375	0.0022708140313625336	0.002686144784092903	0.002513561863452196	0.00293291755951941	0.002513561863452196	0.0025731693021953106	0.005269498564302921	0.0035377738531678915	0.016294723376631737	0.010623909533023834	0.005913096014410257	0.007518779952079058	0.010236888192594051	chicken	nli		2020	United States
SRR12634079	0.8271126747131348	0.002482701325789094	0.0034671451430767775	0.003570224391296506	0.0037488779053092003	0.003206585068255663	0.00906362384557724	0.002169684274122119	0.002373641589656472	0.020545221865177155	0.013421355746686459	0.035360563546419144	0.03991255164146423	0.014841587282717228	0.004408638458698988	0.014314890839159489	chicken	nli		2017	United States
SRR7987219	0.6901370882987976	0.006154377944767475	0.014966817572712898	0.012578732334077358	0.0066155921667814255	0.005505984649062157	0.00871303305029869	0.008346574380993843	0.006312643177807331	0.010949958115816116	0.009663303382694721	0.13120146095752716	0.02259988710284233	0.016214627772569656	0.011932588182389736	0.03810729831457138	chicken	nli		2018	United States
SRR24698312	0.8458775877952576	0.0023758960887789726	0.0049036708660423756	0.0029975539073348045	0.0031291625928133726	0.0025589410215616226	0.007079275790601969	0.00329860532656312	0.003209630958735943	0.006888324394822121	0.0036726798862218857	0.07358787208795547	0.00855593103915453	0.006395592819899321	0.0071069831028580666	0.018362244591116905	chicken	nli		2023	United States
SRR5414427	0.6996819376945496	0.0025382761377841234	0.004979419521987438	0.002865030663087964	0.003422301495447755	0.003037919057533145	0.006077127531170845	0.0028818671125918627	0.002588339149951935	0.018682343885302544	0.011921700090169907	0.17056676745414734	0.027772972360253334	0.014606771059334278	0.00492140743881464	0.023455806076526642	chicken	nli		2015	United States
SRR21897644	0.8445253968238831	0.0024932310916483402	0.005922827869653702	0.004410076420754194	0.0031826691702008247	0.0025976188480854034	0.007130353711545467	0.0034345712047070265	0.0033289005514234304	0.006938023958355188	0.0037721386179327965	0.07082834839820862	0.00865139253437519	0.006075138226151466	0.007590221706777811	0.01911912113428116	chicken	nli		2022	United States
SRR14054907	0.6946203708648682	0.04676445201039314	0.03176625818014145	0.012512948364019394	0.016674380749464035	0.011527467519044876	0.005773777142167091	0.014572086744010448	0.015421278774738312	0.005552587099373341	0.008650553412735462	0.07986035943031311	0.011939939111471176	0.014917653053998947	0.010807924903929234	0.01863798126578331	chicken	nli		2021	United States
SRR10758621	0.7282382845878601	0.005479314364492893	0.013855943456292152	0.011331001296639442	0.007118511945009232	0.005832699127495289	0.011198990978300571	0.007742177229374647	0.006418491248041391	0.016262641176581383	0.009883075021207333	0.10223247855901718	0.01694353111088276	0.01173644233494997	0.011599707417190075	0.03412674739956856	chicken	nli		2019	United States
SRR5414733	0.8186787366867065	0.002087593777105212	0.0042418367229402065	0.0032144386786967516	0.004151675850152969	0.003578968346118927	0.008224403485655785	0.0038773526903241873	0.0029153688810765743	0.018016455695033073	0.010684825479984283	0.06697194278240204	0.012322202324867249	0.009283137507736683	0.006442812737077475	0.025308221578598022	chicken	nli		2015	United States
SRR8662779	0.677241325378418	0.0034411342348903418	0.00744308577850461	0.003838862292468548	0.0039995894767344	0.0034749035257846117	0.007830816321074963	0.0038689710199832916	0.0031270745676010847	0.021495258435606956	0.015123803168535233	0.15984107553958893	0.03421540930867195	0.018548177555203438	0.006403821054846048	0.03010665997862816	chicken	nli		2018	United States
ERR2197471	0.7544233202934265	0.017846601083874702	0.005919768940657377	0.0038520670495927334	0.006036526057869196	0.005004455801099539	0.005919768940657377	0.005093202460557222	0.005692985374480486	0.012779325246810913	0.00782711710780859	0.05688278377056122	0.055946234613657	0.022037608548998833	0.007842419669032097	0.026895776391029358	chicken	nli		2014	France
SRR23704415	NA	NA	NA	NA	NA	NA	NA	NA	NA	NA	NA	NA	NA	NA	NA	NA	chicken	host_tax_id	host_tax_id=9031; Gallus gallus	2015	Italy
SRR26952112	0.8998338580131531	0.0020032848697155714	0.003251652466133237	0.002026899252086878	0.002217434346675873	0.0020427964627742767	0.0032326553482562304	0.0017001657979562879	0.0018745752749964595	0.002633268479257822	0.002191600389778614	0.04570600762963295	0.008417687378823757	0.007143998518586159	0.005329748149961233	0.01039445772767067	chicken	nli		2023	United States
SRR21602128	0.8286219239234924	0.0025067392271012068	0.004433969501405954	0.003011916298419237	0.003156461287289858	0.0025067392271012068	0.004189806990325451	0.0026580069679766893	0.002890879986807704	0.007706234697252512	0.004230923485010862	0.0906822606921196	0.010595072992146015	0.010050824843347073	0.008749379776418209	0.01400880329310894	chicken	nli		2022	United States
SRR8662873	0.8171424269676208	0.00272826268337667	0.004506938625127077	0.003435401013121009	0.0036498301196843386	0.0029789044056087732	0.005087119992822409	0.0033167239744216204	0.002842490328475833	0.014893585816025734	0.00921158492565155	0.07630356401205063	0.014407191425561905	0.012419775128364563	0.00553281232714653	0.021543435752391815	chicken	nli		2018	United States
SRR9298923	0.6914377808570862	0.006011389661580324	0.014086522161960602	0.010570943355560303	0.005929762031883001	0.005263749044388533	0.00834598857909441	0.0075842817313969135	0.006202211603522301	0.011121612973511219	0.009494258090853691	0.14123061299324036	0.021312227472662926	0.015501264482736588	0.010906500741839409	0.03500093147158623	chicken	nli		2019	United States
ERR11203677	0.8715255260467529	0.003217751393094659	0.007599312346428633	0.004115566611289978	0.0034656545612961054	0.002790175611153245	0.0028563428204506636	0.0029470131266862154	0.002935523632913828	0.011209140531718731	0.005849399138242006	0.020099883899092674	0.02114693820476532	0.008954178541898727	0.010407334193587303	0.020880170166492462	chicken	nli		2019	Sweden
SRR25648167	0.1344880610704422	0.04937885329127312	0.020745614543557167	0.01205363217741251	0.012831024825572968	0.013525818474590778	0.014314043335616589	0.013316121883690357	0.014884250238537788	0.012460569851100445	0.015507428906857967	0.5205411911010742	0.05465741455554962	0.02835589088499546	0.013846575282514095	0.06909344345331192	environment	nli		2018	United States
SRR14286421	0.8098927736282349	0.00300483382306993	0.007963204756379128	0.0053987083956599236	0.005419837776571512	0.004163658712059259	0.008900965563952923	0.0052020372822880745	0.004354962147772312	0.009643053635954857	0.005657798144966364	0.08322195708751678	0.010549533180892467	0.007718202657997608	0.008010001853108406	0.02089845761656761	chicken	nli		2021	United States
SRR8753499	0.7250479459762573	0.0051953354850411415	0.013957854360342026	0.011753691360354424	0.007045920006930828	0.005541217979043722	0.01112817320972681	0.0075591690838336945	0.006415382958948612	0.016159802675247192	0.00974415335804224	0.10435110330581665	0.0176788792014122	0.011938787065446377	0.011869038455188274	0.034613560885190964	chicken	nli		2019	United States
SRR23803163	0.8420974016189575	0.0024379785172641277	0.00513104721903801	0.0029987646266818047	0.003210927126929164	0.00259521440602839	0.007193662691861391	0.003306388622149825	0.003287072293460369	0.0071237534284591675	0.0037539543118327856	0.07580625265836716	0.008694176562130451	0.006448356434702873	0.007509502116590738	0.018405571579933167	chicken	nli		2023	United States
SRR29807932	0.8795925378799438	0.002408654196187854	0.0032986763399094343	0.002004659967496991	0.0028436370193958282	0.0026043762918561697	0.003940294962376356	0.0020203827880322933	0.0022893936838954687	0.003917275462299585	0.003062717616558075	0.05197929963469505	0.010900774970650673	0.009526412934064865	0.005938235204666853	0.013672634959220886	chicken	nli		2024	United States
SRR7525350	0.717280924320221	0.0042651076801121235	0.011041263118386269	0.010494571179151535	0.004557953681796789	0.003705590032041073	0.006465517915785313	0.005287318956106901	0.004504851531237364	0.007100982125848532	0.005773057695478201	0.15476350486278534	0.01578501984477043	0.011414021253585815	0.010392583906650543	0.027167735621333122	chicken	nli		2018	United States
SRR18230626	0.8304544687271118	0.0028916201554238796	0.006340598687529564	0.0028859777376055717	0.003018577117472887	0.00267953984439373	0.004602780565619469	0.003793545998632908	0.003522188402712345	0.004638880491256714	0.0038532856851816177	0.08706039935350418	0.009649393148720264	0.008015266619622707	0.007101132534444332	0.019492311403155327	chicken	nli		2022	United States
SRR10987399	0.7230861783027649	0.005493939854204655	0.014333938248455524	0.012284435331821442	0.007524005603045225	0.005646237172186375	0.011813826858997345	0.008119515143334866	0.0066269561648368835	0.016401873901486397	0.010304202325642109	0.10295682400465012	0.01858575828373432	0.012924366630613804	0.011721891351044178	0.03217609226703644	chicken	nli		2020	United States
SRR9998277	0.7695246934890747	0.002172016305848956	0.0045445882715284824	0.00311735225841403	0.003191277850419283	0.002376193180680275	0.0057001905515789986	0.0024853700306266546	0.0025492829736322165	0.011950031854212284	0.006509821861982346	0.1266685426235199	0.01715109683573246	0.01272074319422245	0.005689068231731653	0.02364971488714218	chicken	nli		2019	United States
SRR11629880	0.8115405440330505	0.0017206193879246712	0.0028202487155795097	0.0020876596681773663	0.0023472190368920565	0.0021921261213719845	0.004419575911015272	0.0020116078667342663	0.002128835301846266	0.012813467532396317	0.006076343823224306	0.10106910765171051	0.013142975978553295	0.008772226050496101	0.005854986608028412	0.02100241556763649	chicken	nli		2019	United States
SRR22880083	0.8180630207061768	0.003646812168881297	0.006552134640514851	0.0036754144821316004	0.003718739375472069	0.0031498947646468878	0.009061274118721485	0.0044944253750145435	0.004390311893075705	0.009186009876430035	0.005162958055734634	0.08211423456668854	0.010307954624295235	0.007585778366774321	0.007512059528380632	0.021378979086875916	chicken	nli		2022	United States
SRR24016088	0.916071355342865	0.0022181125823408365	0.004641037434339523	0.0022840576712042093	0.0022929972037672997	0.002333660377189517	0.00287045119330287	0.0023843401577323675	0.0023611688520759344	0.005753346718847752	0.003946497570723295	0.016518305987119675	0.01100356224924326	0.006493979133665562	0.007562631741166115	0.011264505796134472	chicken	nli		2023	United States
SRR29234623	NA	NA	NA	NA	NA	NA	NA	NA	NA	NA	NA	NA	NA	NA	NA	NA	chicken	host_tax_id	host_tax_id=9031; Gallus gallus	2019	United States
ERR11203907	0.8754116892814636	0.0034204504918307066	0.0074855568818748	0.003481107298284769	0.0036696079187095165	0.003169584320858121	0.003308745799586177	0.0034405512269586325	0.0034472777042537928	0.010764531791210175	0.007269434630870819	0.01865401677787304	0.019133716821670532	0.007456373888999224	0.010433342307806015	0.019454017281532288	chicken	nli		2020	Sweden
SRR16012019	0.8855361342430115	0.0020103375427424908	0.003951455000787973	0.003590820822864771	0.0035076395142823458	0.0034871469251811504	0.0036616434808820486	0.0029136203229427338	0.0029307426884770393	0.009442091919481754	0.0057944259606301785	0.023760611191391945	0.016571389511227608	0.0107621680945158	0.005749332718551159	0.01633041352033615	chicken	nli		2021	United States
SRR20875039	0.8421078324317932	0.002693363931030035	0.00484855892136693	0.0029008672572672367	0.0029407995752990246	0.002520316746085882	0.007436616346240044	0.0032298367004841566	0.003351945197209716	0.0073213218711316586	0.0037393656093627214	0.07437726110219955	0.009022985585033894	0.006666139699518681	0.00736434618011117	0.019478406757116318	chicken	nli		2022	United States
ERR4225077	0.8768810033798218	0.003690153593197465	0.005063582677394152	0.01224217377603054	0.0028682867996394634	0.0024677934125065804	0.0032060611993074417	0.0026475556660443544	0.0024012287613004446	0.004399317316710949	0.0034328901674598455	0.031878065317869186	0.026171015575528145	0.006617069244384766	0.009817669168114662	0.006216160953044891	chicken	nli		2018	Netherlands
SRR11544496	0.7254491448402405	0.004394464194774628	0.011090921238064766	0.009105341508984566	0.004696191288530827	0.004016865510493517	0.006494596600532532	0.005653635133057833	0.004788815509527922	0.007077410351485014	0.005765143316239119	0.14716817438602448	0.0159491915255785	0.011510230600833893	0.010337874293327332	0.026502009481191635	chicken	nli		2020	United States
SRR9417526	0.7581706643104553	0.013083319179713726	0.018199903890490532	0.010329563170671463	0.013818740844726562	0.011982503347098827	0.004775628447532654	0.011278526857495308	0.01241125538945198	0.011935788206756115	0.01080416701734066	0.06115002557635307	0.013657745905220509	0.01971725933253765	0.008381489664316177	0.020303457975387573	chicken	nli		2019	United States
SRR29101205	0.8551607728004456	0.0019508820259943604	0.003377411747351289	0.0024565313942730427	0.0024184463545680046	0.0019738785922527313	0.0032039210200309753	0.0020285965874791145	0.002167881466448307	0.00503064040094614	0.0029286209028214216	0.08403397351503372	0.008101990446448326	0.007108209654688835	0.007715888321399689	0.010342385619878769	chicken	nli		2024	United States
SRR7138715	0.8080238699913025	0.009965047240257263	0.014414351433515549	0.009602027013897896	0.011204003356397152	0.007929325103759766	0.004162170924246311	0.009453161619603634	0.008181029930710793	0.008742745034396648	0.007290584500879049	0.04987077787518501	0.009715214371681213	0.015047216787934303	0.008069941774010658	0.018328526988625526	chicken	nli		2018	United States
SRR5414819	0.839058518409729	0.001772027462720871	0.0028650707099586725	0.00240322551690042	0.0027877900283783674	0.002389185130596161	0.005742562003433704	0.002553228521719575	0.0022053236607462168	0.01242101565003395	0.006418815813958645	0.07593948394060135	0.011047480627894402	0.007864497601985931	0.004605275113135576	0.019926412031054497	chicken	nli		2015	United States
ERR2197483	0.7541148066520691	0.018351737409830093	0.005946312099695206	0.003907310776412487	0.00608732458204031	0.005086150020360947	0.005865567829459906	0.005026895087212324	0.005854122806340456	0.012248793616890907	0.007680085022002459	0.05786783993244171	0.05543399602174759	0.02183583565056324	0.007939367555081844	0.026753822341561317	chicken	nli		2014	France
SRR21598450	0.8458055257797241	0.0024775785859674215	0.0053068604320287704	0.00394372409209609	0.0029079196974635124	0.0024775785859674215	0.006948540918529034	0.0032886748667806387	0.0032376889139413834	0.007513163611292839	0.003829861292615533	0.07069366425275803	0.008852670900523663	0.006527550518512726	0.00755731575191021	0.01863161474466324	chicken	nli		2022	United States
SRR24339384	0.8196868300437927	0.0029161099810153246	0.006701167672872543	0.003565921215340495	0.004064463544636965	0.0033433365169912577	0.009177317842841148	0.0047148605808615685	0.004335057456046343	0.009213235229253769	0.005501474719494581	0.08203653246164322	0.010198121890425682	0.007578601595014334	0.007519624195992947	0.019447363913059235	chicken	nli		2023	United States
SRR9007373	0.7116565108299255	0.004256531596183777	0.011368843726813793	0.011127196252346039	0.004638505633920431	0.003712613135576248	0.006465132813900709	0.005551564507186413	0.004495793953537941	0.007072876673191786	0.005795307457447052	0.1561775952577591	0.016158387064933777	0.012364889495074749	0.010827059857547283	0.028331171721220016	chicken	nli		2018	United States
SRR6108377	0.7552298307418823	0.002731775864958763	0.0044601671397686005	0.002689423505216837	0.0034668035805225372	0.00286847329698503	0.004583807196468115	0.0025413264520466328	0.0024727785494178534	0.01653919368982315	0.009205448441207409	0.1356741189956665	0.018999353051185608	0.012387285009026527	0.00423932820558548	0.021910876035690308	chicken	nli		2016	United States
SRR7503394	0.7738819718360901	0.0021129793021827936	0.004285041708499193	0.003098479239270091	0.002888100454583764	0.0024130982346832752	0.005577842704951763	0.0025289051700383425	0.002639937447384	0.011785253882408142	0.0065594809129834175	0.12348160892724991	0.01683221198618412	0.012447708286345005	0.005822739098221064	0.02364468015730381	chicken	nli		2017	United States
ERR11203419	0.8760908842086792	0.002979859709739685	0.006534085143357515	0.0033307725097984076	0.002997370669618249	0.002499510534107685	0.002815769286826253	0.0027613071724772453	0.002910831244662404	0.010199564509093761	0.004855719860643148	0.02113352157175541	0.02163468860089779	0.008308397606015205	0.010080734267830849	0.020866919308900833	chicken	nli		2017	Sweden
SRR11966499	0.70794677734375	0.005765097215771675	0.015070807188749313	0.012641414068639278	0.006368929985910654	0.005321440286934376	0.008553609251976013	0.008306650444865227	0.0064692264422774315	0.010791677050292492	0.009864391759037971	0.12227412313222885	0.020679974928498268	0.015549205243587494	0.011156009510159492	0.033240705728530884	chicken	nli		2020	United States
SRR8074988	0.7269337177276611	0.004132627975195646	0.01074017770588398	0.008012661710381508	0.004407759755849838	0.0035975086502730846	0.0062769376672804356	0.005368949379771948	0.004425011575222015	0.006694828625768423	0.00556105887517333	0.148916557431221	0.015235085040330887	0.011081106960773468	0.010594338178634644	0.028021613135933876	chicken	nli		2018	United States
SRR24327307	0.812021017074585	0.003169671166688204	0.0074565778486430645	0.00440065236762166	0.004795559216290712	0.003648269223049283	0.009725211188197136	0.005297842901200056	0.004461230710148811	0.009574435651302338	0.005672665778547525	0.08389002829790115	0.010392951779067516	0.008031049743294716	0.007663281634449959	0.019799547269940376	chicken	nli		2023	United States
SRR21598161	0.8927010893821716	0.0019932363647967577	0.0030631599947810173	0.001947062904946506	0.002289724536240101	0.0021135169081389904	0.00320390029810369	0.001745335990563035	0.0019243790302425623	0.002735094167292118	0.002321244217455387	0.050092972815036774	0.008213466964662075	0.007868019863963127	0.00548204593360424	0.012305816635489464	chicken	nli		2022	United States
SRR22007717	0.8730837106704712	0.00225476804189384	0.003280667820945382	0.0018987050279974937	0.0034990806598216295	0.0030819023959338665	0.004043180029839277	0.002077189739793539	0.0022284991573542356	0.0037102303467690945	0.0029580534901469946	0.05789624899625778	0.01004613284021616	0.009075923822820187	0.006105199456214905	0.014760480262339115	chicken	nli		2022	United States
SRR19486114	0.8423081636428833	0.0023867557756602764	0.00493571488186717	0.0030408059246838093	0.003119002329185605	0.0025706372689455748	0.007280280347913504	0.003333155531436205	0.0033592975232750177	0.007351725362241268	0.0037548940163105726	0.07349233329296112	0.008954898454248905	0.0067463219165802	0.0076147811487317085	0.01975123956799507	chicken	nli		2022	United States
SRR8255905	0.7361743450164795	0.0041162543930113316	0.010844885371625423	0.008380278013646603	0.0045473878271877766	0.0037332805804908276	0.006119179539382458	0.005389620084315538	0.004511999897658825	0.007015673443675041	0.0058962623588740826	0.13805316388607025	0.015595383010804653	0.01149931363761425	0.010348261334002018	0.027774639427661896	chicken	nli		2018	United States
SRR16817007	0.8352340459823608	0.0028023167978972197	0.0060613397508859634	0.002879999577999115	0.0028023167978972197	0.00249243201687932	0.0047113653272390366	0.003584217745810747	0.0033604910131543875	0.0044868444092571735	0.0036264676600694656	0.08641466498374939	0.008547859266400337	0.00729710515588522	0.006881825625896454	0.018816674128174782	chicken	nli		2021	United States
SRR8942631	0.8002740740776062	0.010373465716838837	0.014430287294089794	0.008650442585349083	0.012464006431400776	0.01070275530219078	0.004603197332471609	0.009937171824276447	0.008549661375582218	0.009593887254595757	0.0073702698573470116	0.053510408848524094	0.00957516860216856	0.014430287294089794	0.008094658143818378	0.017440279945731163	chicken	nli		2019	United States
SRR11521675	0.7565456628799438	0.003836587071418762	0.009664035402238369	0.007750118616968393	0.006095030345022678	0.004467937164008617	0.008314662612974644	0.005410455167293549	0.004728308413177729	0.010929419659078121	0.0061188857071101665	0.11653102189302444	0.013655117712914944	0.009739830158650875	0.010551857762038708	0.025661038234829903	chicken	nli		2020	United States
SRR11085356	0.6943833231925964	0.005897150840610266	0.015296046622097492	0.013900034129619598	0.006921452470123768	0.005897150840610266	0.009295658208429813	0.008630726486444473	0.006881015840917826	0.011168990284204483	0.009837367571890354	0.12704455852508545	0.023006977513432503	0.01683226227760315	0.011727886274456978	0.033279385417699814	chicken	nli		2020	United States
SRR28745426	0.8146515488624573	0.011207998730242252	0.013001506216824055	0.008057067170739174	0.006905048154294491	0.004829924087971449	0.010673880577087402	0.0058716945350170135	0.007393579930067062	0.010884401388466358	0.009112037718296051	0.046774521470069885	0.01131798792630434	0.00810441467911005	0.008329077623784542	0.02288530208170414	chicken	nli		2024	United States
ERR2197617	0.7515575289726257	0.016620291396975517	0.012668768875300884	0.005470095667988062	0.006407692562788725	0.006138193886727095	0.006043029483407736	0.005960972048342228	0.006546847056597471	0.013805640861392021	0.007346455939114094	0.05104433372616768	0.049136821180582047	0.022940175607800484	0.010857357643544674	0.027455799281597137	chicken	nli		2014	Poland
SRR10200146	0.6009836792945862	0.007729561999440193	0.018506072461605072	0.016427526250481606	0.011356811039149761	0.008053186349570751	0.011072085238993168	0.008861985988914967	0.0069694509729743	0.013887505047023296	0.011115419678390026	0.18830454349517822	0.024902643635869026	0.016948992386460304	0.017350923269987106	0.037529610097408295	chicken	nli		2019	United States
SRR24674592	0.8444929122924805	0.0022789102513343096	0.00490042706951499	0.0030726040713489056	0.0030427444726228714	0.002542307833209634	0.0072282301262021065	0.0034817163832485676	0.0033878032118082047	0.00707459170371294	0.003706268034875393	0.0740436241030693	0.008735955692827702	0.006645964924246073	0.007370793726295233	0.01799517311155796	chicken	nli		2023	United States
SRR21728318	0.8404204249382019	0.0022767966147512197	0.00553693575784564	0.003933951258659363	0.0031548510305583477	0.0025951096322387457	0.007054239511489868	0.003574914298951626	0.0033517684787511826	0.007627451326698065	0.003964805509895086	0.07451873272657394	0.008987334556877613	0.006783995311707258	0.007777889259159565	0.018440812826156616	chicken	nli		2022	United States
SRR18339700	0.795976459980011	0.003840432967990637	0.008603988215327263	0.0040563056245446205	0.003715011989697814	0.0033236180897802114	0.006030060350894928	0.005331913474947214	0.004472416825592518	0.006635673344135284	0.005177970975637436	0.10060582309961319	0.011714408174157143	0.009339540265500546	0.007788251619786024	0.02338806353509426	chicken	nli		2022	United States
ERR2197355	0.9097784757614136	0.003040522104129195	0.0018550074892118573	0.0016053749714046717	0.0021226266399025917	0.0019979216158390045	0.0026210942305624485	0.0018120361492037773	0.0019440311007201672	0.007222951855510473	0.0029126417357474566	0.02183925174176693	0.013053555972874165	0.008248869329690933	0.007069426588714123	0.012876302935183048	chicken	nli		2014	United Kingdom
SRR2920319	0.6119444966316223	0.007250675931572914	0.016149288043379784	0.01669449731707573	0.009129979647696018	0.0062749371863901615	0.010927154682576656	0.008394519798457623	0.00657607801258564	0.012825139798223972	0.010590961202979088	0.19351713359355927	0.024101318791508675	0.016467804089188576	0.017258109524846077	0.0318978950381279	chicken	nli		2015	United States
SRR13187284	0.8067519068717957	0.0029931804165244102	0.007000249810516834	0.003732356010004878	0.004654073156416416	0.003660165937617421	0.00964325200766325	0.004993092268705368	0.004458329174667597	0.010205217637121677	0.005559327080845833	0.08668695390224457	0.01099145133048296	0.008576886728405952	0.0076284403912723064	0.022465066984295845	chicken	nli		2020	United States
SRR16026962	0.8331315517425537	0.0024740479420870543	0.004550470970571041	0.003007677150890231	0.0033032873179763556	0.0025476019363850355	0.004393272567540407	0.002685553627088666	0.002869945950806141	0.007924173958599567	0.004462456330657005	0.08481934666633606	0.011087914928793907	0.009978041984140873	0.00885733775794506	0.013907358050346375	chicken	nli		2021	United States
ERR11204032	0.8898129463195801	0.003032448934391141	0.006394667085260153	0.0035177026875317097	0.003456408390775323	0.0028542918153107166	0.0028992402367293835	0.002985435537993908	0.002985435537993908	0.009231779724359512	0.005405924748629332	0.017029661685228348	0.01601351611316204	0.0074761235155165195	0.009808003902435303	0.01709631271660328	chicken	nli		2021	Sweden
SRR13849948	0.728489339351654	0.004579716362059116	0.00936033297330141	0.004771461710333824	0.005000449251383543	0.0038565080612897873	0.008037653751671314	0.00483714509755373	0.004697487689554691	0.007010565139353275	0.005938180256634951	0.15987169742584229	0.013645831495523453	0.010668978095054626	0.010140719823539257	0.0190939512103796	chicken	nli		2021	United States
SRR24111455	0.8180406093597412	0.003064848016947508	0.0067467475309967995	0.003881905460730195	0.00402866629883647	0.003733192104846239	0.009385243989527225	0.004700798541307449	0.0043221283704042435	0.008885770104825497	0.005264644045382738	0.08247361332178116	0.01036824844777584	0.007934099063277245	0.007570770103484392	0.019598769024014473	chicken	nli		2023	United States
SRR18776851	0.8323506712913513	0.002875668229535222	0.007007003761827946	0.004039532504975796	0.002920953556895256	0.002567682648077607	0.0045417677611112595	0.003678035456687212	0.003322828561067581	0.004436558578163385	0.003642292460426688	0.08586441725492477	0.009032384492456913	0.007740911096334457	0.007117346860468388	0.018861908465623856	chicken	nli		2022	United States
SRR6741488	0.004452073015272617	0.0037784259766340256	0.007647551596164703	0.007156202103942633	0.002668859204277396	0.0019449667306616902	0.003975254017859697	0.9031330347061157	0.001841457560658455	0.007114393170922995	0.003238177392631769	0.006936028134077787	0.01691720075905323	0.010052517056465149	0.00812489166855812	0.011018986813724041	dog	nli		2018	United States
ERR4224593	0.0019295756937935948	0.0021568057127296925	0.0029365106020122766	0.0017061737598851323	0.0028075161390006542	0.002018232364207506	0.001809131819754839	0.9334998726844788	0.0011635094415396452	0.005163812544196844	0.00284616369754076	0.016140369698405266	0.009992465376853943	0.0052246819250285625	0.003974728286266327	0.006630466785281897	dog	nli		2018	Netherlands
SRR8787372	NA	NA	NA	NA	NA	NA	NA	NA	NA	NA	NA	NA	NA	NA	NA	NA	dog	host_tax_id	host_tax_id=9615; Canis lupus familiaris	1979	United States
SRR23097466	0.055911313742399216	0.018455607816576958	0.10654229670763016	0.024931933730840683	0.011020347476005554	0.005476819351315498	0.013768723234534264	0.514150857925415	0.0069098393432796	0.023080799728631973	0.012009292840957642	0.03922343999147415	0.06320133060216904	0.03322355076670647	0.04869532957673073	0.023398524150252342	dog	nli		2022	United States
ERR4224589	0.0019366656197234988	0.0021817083470523357	0.003023092169314623	0.0017326283268630505	0.0028734083753079176	0.0020535325165838003	0.0018371829064562917	0.9314560294151306	0.0011632316745817661	0.005484814755618572	0.003005430568009615	0.016438720747828484	0.01034754142165184	0.005538639612495899	0.00391217228025198	0.007015184964984655	dog	nli		2018	Netherlands
ERR4224545	0.0019253192003816366	0.0021436577662825584	0.003028952283784747	0.0017024100525304675	0.00286215846426785	0.002041501458734274	0.0018335676286369562	0.9332616329193115	0.0011700481409206986	0.005213156342506409	0.00283988518640399	0.016342410817742348	0.009835036471486092	0.005223348271101713	0.00393509678542614	0.006641733925789595	dog	nli		2018	Netherlands
SRR28564537	NA	NA	NA	NA	NA	NA	NA	NA	NA	NA	NA	NA	NA	NA	NA	NA	dog	host_tax_id	host_tax_id=9615; Canis lupus familiaris	2022	United States
ERR4224318	0.0018801699625328183	0.001958889653906226	0.0027570868842303753	0.0016919698100537062	0.0027678776532411575	0.001993627520278096	0.001797578064724803	0.9348130226135254	0.0011674240231513977	0.004590276163071394	0.002698484342545271	0.016594916582107544	0.009909277781844139	0.005160986445844173	0.0038578580133616924	0.006360533181577921	dog	nli		2016	Netherlands
SRR12623862	NA	NA	NA	NA	NA	NA	NA	NA	NA	NA	NA	NA	NA	NA	NA	NA	dog	host_tax_id	host_tax_id=9615; Canis lupus familiaris	2019	Peru
SRR8787352	NA	NA	NA	NA	NA	NA	NA	NA	NA	NA	NA	NA	NA	NA	NA	NA	dog	host_tax_id	host_tax_id=9615; Canis lupus familiaris	1979	United States
SRR6219838	0.005591893568634987	0.005002760328352451	0.008460265584290028	0.005657808855175972	0.005121397320181131	0.004354970995336771	0.004123203922063112	0.8680418133735657	0.003610397921875119	0.0072223288007080555	0.004973533097654581	0.046592291444540024	0.005473036784678698	0.004608759190887213	0.009624257683753967	0.011541247367858887	dog	nli		2017	United States
ERR4224322	0.0019029263639822602	0.0020098909735679626	0.0028288697358220816	0.0017124483129009604	0.0028454940766096115	0.0020415419712662697	0.00181578507181257	0.9332801103591919	0.00117694737855345	0.004859292414039373	0.0028013784904032946	0.016927504912018776	0.01004882249981165	0.005264420062303543	0.0039583006873726845	0.006526134442538023	dog	nli		2016	Netherlands
SRR27989230	NA	NA	NA	NA	NA	NA	NA	NA	NA	NA	NA	NA	NA	NA	NA	NA	dog	host_tax_id	host_tax_id=9615; Canis lupus familiaris	2023	United States
SRR6171586	0.008957948535680771	0.00818822905421257	0.016220752149820328	0.009838382713496685	0.008317174389958382	0.010637828148901463	0.01339504960924387	0.6458824872970581	0.04602847248315811	0.02937198616564274	0.018344655632972717	0.03641151636838913	0.018488535657525063	0.016031775623559952	0.0808614119887352	0.033023811876773834	dog	nli			United States
SRR8397531	NA	NA	NA	NA	NA	NA	NA	NA	NA	NA	NA	NA	NA	NA	NA	NA	dog	host_tax_id	host_tax_id=9615; Canis lupus familiaris	2018	United States
ERR4224535	0.0019279512343928218	0.002138219540938735	0.0029744275379925966	0.0017114094225689769	0.0027833227068185806	0.0020283833146095276	0.0018432606011629105	0.9327139258384705	0.0011854586191475391	0.0052509605884552	0.00293403840623796	0.016221553087234497	0.009984053671360016	0.005644471850246191	0.003994720056653023	0.00666381511837244	dog	nli		2017	Netherlands
ERR4224519	0.0019381304737180471	0.0021411289926618338	0.0029668626375496387	0.0017004015389829874	0.0027708266861736774	0.002047073794528842	0.00183140451554209	0.9339829683303833	0.0011686676880344748	0.004968559835106134	0.0027762437239289284	0.016515543684363365	0.009804265573620796	0.005116276443004608	0.0038544326089322567	0.006417248398065567	dog	nli		2018	Netherlands
SRR13042628	NA	NA	NA	NA	NA	NA	NA	NA	NA	NA	NA	NA	NA	NA	NA	NA	dog	host_tax_id	host_tax_id=9615; Canis lupus familiaris	2020	United States
SRR8041688	NA	NA	NA	NA	NA	NA	NA	NA	NA	NA	NA	NA	NA	NA	NA	NA	dog	host_tax_id	host_tax_id=9615; Canis lupus familiaris	2018	United States
SRR6814034	NA	NA	NA	NA	NA	NA	NA	NA	NA	NA	NA	NA	NA	NA	NA	NA	dog	host_tax_id	host_tax_id=9615; Canis lupus familiaris	2018	United States
SRR6297976	0.005469456315040588	0.004921977873891592	0.008438234217464924	0.005720756947994232	0.0051581887528300285	0.004318253602832556	0.0041044424287974834	0.8683214783668518	0.003593969624489546	0.007359958253800869	0.005038699600845575	0.04561666026711464	0.0054908632300794125	0.004596757236868143	0.009903905913233757	0.011946390382945538	dog	nli		2017	United States
SRR10537310	0.00132094812579453	0.0014909945894032717	0.0019598756916821003	0.0013470014091581106	0.00161845947150141	0.00136821367777884	0.0021651515271514654	0.9012119174003601	0.0009008082561194897	0.008155252784490585	0.003256632015109062	0.05158055201172829	0.004756917245686054	0.007935279048979282	0.001378944842144847	0.009553097188472748	dog	nli		2019	Australia
SRR28564533	NA	NA	NA	NA	NA	NA	NA	NA	NA	NA	NA	NA	NA	NA	NA	NA	dog	host_tax_id	host_tax_id=9615; Canis lupus familiaris	2023	United States
SRR6903158	NA	NA	NA	NA	NA	NA	NA	NA	NA	NA	NA	NA	NA	NA	NA	NA	dog	host_tax_id	host_tax_id=9615; Canis lupus familiaris	2018	United States
SRR7066541	0.0029330572579056025	0.0030618340242654085	0.006101088598370552	0.0034967241808772087	0.0023660019505769014	0.00233843713067472	0.0041524628177285194	0.8853705525398254	0.0018354603089392185	0.004883250221610069	0.0035656907130032778	0.03867319971323013	0.008306687697768211	0.01281549222767353	0.004428915213793516	0.015671230852603912	dog	nli		2018	United States
SRR8388781	0.004790728446096182	0.004073787480592728	0.008181199431419373	0.006769217550754547	0.0027296748012304306	0.002109329216182232	0.0054074423387646675	0.8737000823020935	0.002236615400761366	0.007960524410009384	0.004413426388055086	0.012450496666133404	0.011787894181907177	0.020228898152709007	0.021303469315171242	0.011857166886329651	dog	nli		2018	United States
SRR12488030	NA	NA	NA	NA	NA	NA	NA	NA	NA	NA	NA	NA	NA	NA	NA	NA	dog	host_tax_id	host_tax_id=9615; Canis lupus familiaris	2019	Peru
SRR8041470	NA	NA	NA	NA	NA	NA	NA	NA	NA	NA	NA	NA	NA	NA	NA	NA	dog	host_tax_id	host_tax_id=9615; Canis lupus familiaris	2018	United States
SRR9831452	0.0027109200600534678	0.0028134104795753956	0.005852209869772196	0.0032956404611468315	0.002278369152918458	0.002225590869784355	0.0038006750401109457	0.8908801674842834	0.0017400756478309631	0.004899263847619295	0.0033410072792321444	0.037168145179748535	0.008941000327467918	0.012757459655404091	0.004133658949285746	0.013162423856556416	dog	nli		2019	United States
SRR7499466	0.011696962639689445	0.007914559915661812	0.02466592937707901	0.1418820023536682	0.005756586790084839	0.006574228871613741	0.007478733081370592	0.6791571974754333	0.007761478424072266	0.012044715695083141	0.007930033840239048	0.011359249241650105	0.024283520877361298	0.014136813580989838	0.01389048621058464	0.023467540740966797	dog	nli		2018	United States
ERR4224610	0.001855558017268777	0.0020700248423963785	0.002885192632675171	0.0016730858478695154	0.002637279685586691	0.0019560358487069607	0.0017533790087327361	0.9352760314941406	0.0011320665944367647	0.004965730477124453	0.0027263155207037926	0.015935927629470825	0.009760481305420399	0.0052142152562737465	0.0038073579780757427	0.006351266521960497	dog	nli		2018	Netherlands
SRR7705338	0.01209305226802826	0.007930816151201725	0.02324177697300911	0.11705578118562698	0.006164474878460169	0.006876968778669834	0.007538134697824717	0.701469898223877	0.008392988704144955	0.01209305226802826	0.007977423258125782	0.011743903160095215	0.02540176548063755	0.014558542519807816	0.01408308930695057	0.023378359153866768	dog	nli		2018	United States
ERR4224522	0.0019282703287899494	0.0021469437051564455	0.00301587232388556	0.00172175164334476	0.002827621763572097	0.002048628171905875	0.0018149837851524353	0.9346921443939209	0.0011741325724869967	0.005011331290006638	0.0027621197514235973	0.015771208330988884	0.009417417459189892	0.0053868843242526054	0.003933439031243324	0.006347300950437784	dog	nli		2018	Netherlands
ERR4224557	0.00194149324670434	0.00218714727088809	0.002995320362970233	0.001680222456343472	0.002786497585475445	0.002034667646512389	0.001834582188166678	0.9337778687477112	0.0011593186063691974	0.005095211323350668	0.0028193441685289145	0.01583290286362171	0.010113266296684742	0.005381615366786718	0.004007096402347088	0.006353490054607391	dog	nli		2018	Netherlands
ERR4224515	0.0019366770284250379	0.0021605193614959717	0.0029937312938272953	0.001719155116006732	0.0028455012943595648	0.0020535446237772703	0.0018087105127051473	0.9332825541496277	0.0011769504053518176	0.005233678035438061	0.0028288771864026785	0.016535421833395958	0.009682775475084782	0.005192948970943689	0.003997155465185642	0.0065516941249370575	dog	nli		2018	Netherlands
SRR29692399	NA	NA	NA	NA	NA	NA	NA	NA	NA	NA	NA	NA	NA	NA	NA	NA	dog	host_tax_id	host_tax_id=9615; Canis lupus familiaris	2023	Canada
ERR4224317	0.0018984759226441383	0.001989585580304265	0.0027784984558820724	0.0017051097238436341	0.002751496620476246	0.0020091102924197912	0.0017869396833702922	0.9347416162490845	0.0011673347325995564	0.004625924862921238	0.0027141347527503967	0.016609864309430122	0.009793083183467388	0.005130442790687084	0.003925971686840057	0.006372480653226376	dog	nli		2016	Netherlands
ERR4224517	0.0019185392884537578	0.002148661995306611	0.0029197148978710175	0.001689801225438714	0.002775149652734399	0.0020343123469501734	0.0018128921510651708	0.9336149096488953	0.0011568545596674085	0.00509432191029191	0.0028465145733207464	0.016492919996380806	0.009724135510623455	0.00542287714779377	0.0038453959859907627	0.00650302367284894	dog	nli		2018	Netherlands
SRR10537322	0.0013518044725060463	0.0015139490133151412	0.002029298571869731	0.0013360553421080112	0.0017289839452132583	0.0014389882562682033	0.0020774221047759056	0.9061933159828186	0.0009290805319324136	0.008543666452169418	0.003186305519193411	0.04645803943276405	0.004599969368427992	0.007628635503351688	0.0013784662587568164	0.00960590224713087	dog	nli		2018	Australia
SRR6289217	NA	NA	NA	NA	NA	NA	NA	NA	NA	NA	NA	NA	NA	NA	NA	NA	dog	host_tax_id	host_tax_id=9615; Canis lupus familiaris	2017	United States
ERR4224324	0.00191670807544142	0.0019930610433220863	0.002794245956465602	0.0017047555884346366	0.0027887935284525156	0.0020126199815422297	0.0018005806487053633	0.9345474243164062	0.0011808495037257671	0.0046430653892457485	0.0027188758831471205	0.01688440516591072	0.009714853949844837	0.004991020541638136	0.003925155848264694	0.006383612286299467	dog	nli		2016	Netherlands
ERR4224574	0.0018932133680209517	0.002116161398589611	0.002869940362870693	0.0016871507978066802	0.0027172048576176167	0.001960955560207367	0.0018065168987959623	0.933972954750061	0.0011505369329825044	0.0050369021482765675	0.002759994473308325	0.016211753711104393	0.009765936993062496	0.00558624230325222	0.0038694769609719515	0.006595070008188486	dog	nli		2018	Netherlands
SRR6171587	0.009186295792460442	0.008396954275667667	0.01692921668291092	0.010148461908102036	0.008596081286668777	0.01097310334444046	0.013871302828192711	0.6353417038917542	0.04757198691368103	0.030297713354229927	0.018885906785726547	0.037049099802970886	0.018996890634298325	0.016472579911351204	0.08308476209640503	0.03419795632362366	dog	nli			United States
SRR6232416	0.0022839060984551907	0.0019459122559055686	0.0027388217858970165	0.002881494350731373	0.001900835195556283	0.0016709411283954978	0.0020633372478187084	0.9534307718276978	0.0016579380026087165	0.00262363045476377	0.002393512986600399	0.008569014258682728	0.003329560160636902	0.002754916436970234	0.004882477689534426	0.004872951190918684	dog	nli		2007	United States
ERR4224556	0.0018879815470427275	0.0021310229785740376	0.002862009219825268	0.0016661379486322403	0.0027096960693597794	0.001970874145627022	0.0018156543374061584	0.9368654489517212	0.001136207371018827	0.0048874965868890285	0.0027631400153040886	0.014591370709240437	0.009274838492274284	0.005152152385562658	0.003973506856709719	0.006312549579888582	dog	nli		2018	Netherlands
SRR27150577	NA	NA	NA	NA	NA	NA	NA	NA	NA	NA	NA	NA	NA	NA	NA	NA	dog	host_tax_id	host_tax_id=9615; Canis lupus familiaris	2023	United States
SRR9831419	0.00268173823133111	0.0027614671271294355	0.005800532177090645	0.0033966624177992344	0.0022363041061908007	0.0021930502261966467	0.0037087094970047474	0.8899388313293457	0.0017348454566672444	0.004856001120060682	0.003298594383522868	0.038382358849048615	0.009019201621413231	0.013071698136627674	0.004025766160339117	0.012894201092422009	dog	nli		2019	United States
SRR10611149	0.007758126128464937	0.004826548043638468	0.25930845737457275	0.006622929126024246	0.006597109138965607	0.010358457453548908	0.007203177083283663	0.640855073928833	0.00937638245522976	0.0071610938757658005	0.003323720069602132	0.006661849562078714	0.0038181135896593332	0.004490059334784746	0.0032089008018374443	0.018429916352033615	dog	nli		2018	United States
SRR10898003	0.007600622251629829	0.004673470743000507	0.26455119252204895	0.006437978241592646	0.006475810427218676	0.010511279106140137	0.006961113307625055	0.6383547782897949	0.008282688446342945	0.007070735562592745	0.0032435476314276457	0.006513866130262613	0.003661091672256589	0.004313820041716099	0.0031684106215834618	0.018179606646299362	dog	nli		2018	United States
SRR9029459	NA	NA	NA	NA	NA	NA	NA	NA	NA	NA	NA	NA	NA	NA	NA	NA	dog	host_tax_id	host_tax_id=9615; Canis lupus familiaris	2019	United States
SRR6080585	NA	NA	NA	NA	NA	NA	NA	NA	NA	NA	NA	NA	NA	NA	NA	NA	dog	host_tax_id	host_tax_id=9615; Canis lupus familiaris	2017	United States
SRR12488025	NA	NA	NA	NA	NA	NA	NA	NA	NA	NA	NA	NA	NA	NA	NA	NA	dog	host_tax_id	host_tax_id=9615; Canis lupus familiaris	2019	Peru
ERR4224523	0.001979695400223136	0.0021913228556513786	0.003001038683578372	0.0017368680564686656	0.002775507280603051	0.002010870957747102	0.001830918830819428	0.9319132566452026	0.00118444103281945	0.005195467732846737	0.0029372512362897396	0.01683681458234787	0.01019211858510971	0.005434179212898016	0.004030459560453892	0.0067497496493160725	dog	nli		2017	Netherlands
SRR6058449	0.0023610445205122232	0.002019508508965373	0.0028368602506816387	0.0029672030359506607	0.002011635107919574	0.0017614465905353427	0.0021750961896032095	0.9515835642814636	0.0017409251304343343	0.002776562003418803	0.002533030929043889	0.008653226308524609	0.003558219876140356	0.0029269119258970022	0.005037534050643444	0.005057250615209341	dog	nli		2014	United States
SRR10537312	0.0013407289516180754	0.0015705355908721685	0.002101039281114936	0.0013302952283993363	0.00176235509570688	0.0014840515796095133	0.0023761442862451077	0.9075889587402344	0.000932330556679517	0.0086071090772748	0.00333132385276258	0.044529110193252563	0.0046341270208358765	0.007700307760387659	0.001405071932822466	0.00930650345981121	dog	nli		2018	Australia
SRR10537313	0.001357781351543963	0.0015874073142185807	0.002062297658994794	0.0013211574405431747	0.0017605348257347941	0.0014681116444990039	0.0023414581082761288	0.9048824906349182	0.000936840835493058	0.00873362086713314	0.003373693907633424	0.047305814921855927	0.004647459369152784	0.007617599796503782	0.001379163353703916	0.009224542416632175	dog	nli		2018	Australia
ERR4224605	0.0018692829180508852	0.0020934974309056997	0.002946543740108609	0.001685461145825684	0.0027251075953245163	0.00198208331130445	0.001762901432812214	0.9348617196083069	0.0011493846541270614	0.005131102167069912	0.002741121919825673	0.015484083443880081	0.009586160071194172	0.005526414606720209	0.0038280354347079992	0.006627182941883802	dog	nli		2018	Netherlands
SRR24886328	0.002775501227006316	0.0034609201829880476	0.0062424843199551105	0.0022214832715690136	0.00306022260338068	0.00205052737146616	0.0031205799896270037	0.9192570447921753	0.0012196521274745464	0.0072839632630348206	0.003570781322196126	0.008532464504241943	0.012198342941701412	0.009859244339168072	0.0048144059255719185	0.010332399047911167	dog	nli		2022	United States
ERR4224579	0.001868102583102882	0.0020637663546949625	0.0030086329206824303	0.0017583509907126427	0.0028540855273604393	0.0020080998074263334	0.0018141671316698194	0.9288131594657898	0.0011419481597840786	0.00573172839358449	0.003134599421173334	0.017145231366157532	0.011310194618999958	0.006185383535921574	0.003788440953940153	0.0073740724474191666	dog	nli		2018	Netherlands
SRR6252248	0.0030751130543649197	0.002599639818072319	0.003567193867638707	0.003338003531098366	0.002855145838111639	0.0023762632627040148	0.0026405781973153353	0.9391933679580688	0.0021805816795676947	0.0033839535899460316	0.003286252962425351	0.011292320676147938	0.0042693717405200005	0.002756513189524412	0.007507630158215761	0.005678135436028242	dog	nli		2009	United States
ERR4224597	0.0019052958814427257	0.002138001611456275	0.0030033113434910774	0.0017179327551275492	0.0028103503864258528	0.0020480803214013577	0.001853903871960938	0.9326188564300537	0.0011669609230011702	0.0051287999376654625	0.0028713825158774853	0.016637004911899567	0.010219777002930641	0.005240180995315313	0.0039247144013643265	0.006715396884828806	dog	nli		2018	Netherlands
SRR6902729	NA	NA	NA	NA	NA	NA	NA	NA	NA	NA	NA	NA	NA	NA	NA	NA	dog	host_tax_id	host_tax_id=9615; Canis lupus familiaris	2018	United States
SRR5935033	0.0037174837198108435	0.0034247066359966993	0.005483364686369896	0.003926445264369249	0.0033063984010368586	0.003167335642501712	0.003790804883465171	0.9203608632087708	0.003411355195567012	0.004397410433739424	0.00413098419085145	0.007672606501728296	0.004397410433739424	0.004554756451398134	0.012874318286776543	0.01138375885784626	dog	nli		2017	United States
ERR4224590	0.0019124287646263838	0.0021376395598053932	0.002979434560984373	0.0017142901197075844	0.0027287479024380445	0.001992499455809593	0.0018000730779021978	0.934283971786499	0.0011599467834457755	0.005137956235557795	0.0028319123666733503	0.01585696078836918	0.009693164378404617	0.005218867212533951	0.0039548263885080814	0.006597266066819429	dog	nli		2018	Netherlands
SRR5579133	0.0021085573825985193	0.0017480553360655904	0.0023385232780128717	0.0021168100647628307	0.001853540656156838	0.0015916224801912904	0.0018607954261824489	0.9582843780517578	0.0015547525836154819	0.0022097488399595022	0.0020436837803572416	0.007864903658628464	0.0031406867783516645	0.002533489605411887	0.00450762128457427	0.004242796916514635	dog	nli		2017	United States
SRR7660681	NA	NA	NA	NA	NA	NA	NA	NA	NA	NA	NA	NA	NA	NA	NA	NA	dog	host_tax_id	host_tax_id=9615; Canis lupus familiaris	2018	United States
SRR8260220	0.005237136967480183	0.004462096374481916	0.008873937651515007	0.00703358743339777	0.0030667511746287346	0.0021409376058727503	0.00583104882389307	0.8687914609909058	0.0023058801889419556	0.009048961102962494	0.005237136967480183	0.013906236737966537	0.012637067586183548	0.02055208571255207	0.018458789214491844	0.012416873127222061	dog	nli		2018	United States
SRR22974871	0.011791703291237354	0.008427150547504425	0.05167298763990402	0.010778489522635937	0.007082524709403515	0.0134665472432971	0.009813927114009857	0.6826552152633667	0.03667743504047394	0.03152543306350708	0.01826334558427334	0.048353031277656555	0.016403162851929665	0.012094934470951557	0.006336346734315157	0.03465774282813072	dog	nli		2022	United States
SRR28564534	NA	NA	NA	NA	NA	NA	NA	NA	NA	NA	NA	NA	NA	NA	NA	NA	dog	host_tax_id	host_tax_id=9615; Canis lupus familiaris	2023	United States
ERR4224537	0.001900150440633297	0.0021197712048888206	0.0028860876336693764	0.001709950272925198	0.0027809496968984604	0.0020069589372724295	0.0018202327191829681	0.9337406158447266	0.0011844479013234377	0.005246483720839024	0.0028804561588913202	0.016065895557403564	0.009859323501586914	0.005339522380381823	0.003967996221035719	0.006491208449006081	dog	nli		2017	Netherlands
ERR4224320	0.0018983189947903156	0.001977798528969288	0.0027512693777680397	0.0016917005414143205	0.0027782688848674297	0.002008944284170866	0.0017867920687422156	0.9346643686294556	0.0011626876657828689	0.0047630611807107925	0.0027405433356761932	0.0165599025785923	0.009621648117899895	0.005282535217702389	0.0039027128368616104	0.006409399677067995	dog	nli		2016	Netherlands
SRR6289215	NA	NA	NA	NA	NA	NA	NA	NA	NA	NA	NA	NA	NA	NA	NA	NA	dog	host_tax_id	host_tax_id=9615; Canis lupus familiaris	2017	United States
ERR4224588	0.0019068792462348938	0.002177724614739418	0.003095170482993126	0.0017193604726344347	0.00289065670222044	0.002049782546237111	0.0018124631606042385	0.9315727353096008	0.0011453409679234028	0.00563756562769413	0.0030234712176024914	0.01613854058086872	0.010089382529258728	0.005816521588712931	0.003867078572511673	0.007057294715195894	dog	nli		2018	Netherlands
SRR6813834	NA	NA	NA	NA	NA	NA	NA	NA	NA	NA	NA	NA	NA	NA	NA	NA	dog	host_tax_id	host_tax_id=9615; Canis lupus familiaris	2018	United States
ERR4224559	0.0018644924275577068	0.002133480040356517	0.0032027331180870533	0.0017965704901143909	0.0030086892656981945	0.002012063516303897	0.0017930649919435382	0.9216024875640869	0.0011419695802032948	0.007189332041889429	0.003686323296278715	0.01884910650551319	0.012691820971667767	0.007161303889006376	0.003908772487193346	0.007957865484058857	dog	nli		2018	Netherlands
SRR7242753	NA	NA	NA	NA	NA	NA	NA	NA	NA	NA	NA	NA	NA	NA	NA	NA	dog	host_tax_id	host_tax_id=9615; Canis lupus familiaris	2013	United States
SRR6354173	0.003666271921247244	0.003305737627670169	0.006599975749850273	0.003286425257101655	0.002534596947953105	0.002456615911796689	0.0037900470197200775	0.8901258111000061	0.0019433429697528481	0.005070270039141178	0.003560419660061598	0.022856909781694412	0.014844253659248352	0.013675167225301266	0.004448356572538614	0.01783578097820282	dog	nli		2017	United States
ERR4224510	0.0019225061405450106	0.00214890344068408	0.0030245264060795307	0.0017065759748220444	0.0028524002991616726	0.002054506679996848	0.0018201923230662942	0.9337198138237	0.0011592465452849865	0.005134854465723038	0.002835736144334078	0.016049858182668686	0.009782379493117332	0.005328985396772623	0.0038533469196408987	0.0066061741672456264	dog	nli		2018	Netherlands
SRR6269843	NA	NA	NA	NA	NA	NA	NA	NA	NA	NA	NA	NA	NA	NA	NA	NA	dog	host_tax_id	host_tax_id=9615; Canis lupus familiaris	2017	United States
SRR7213803	0.004660665988922119	0.003917016554623842	0.007866363041102886	0.006090537644922733	0.0026711730752140284	0.0020600948482751846	0.00538538908585906	0.8769614696502686	0.0022449642419815063	0.007535514421761036	0.004318838473409414	0.011423157528042793	0.01129007339477539	0.02098989672958851	0.02107204683125019	0.011512750759720802	dog	nli		2018	United States
SRR6252251	0.002255400875583291	0.0018625034717842937	0.0025507172103971243	0.002308886032551527	0.0020059950184077024	0.0017158184200525284	0.0020375847816467285	0.9544920921325684	0.0016760715516284108	0.002438669791445136	0.0022378491703420877	0.00881635956466198	0.0033594092819839716	0.002725851722061634	0.004907042719423771	0.00460974033921957	dog	nli		2007	United States
ERR4224548	0.0019853822886943817	0.002236589789390564	0.0031173506285995245	0.0017520940164104104	0.0029056903440505266	0.002092890441417694	0.001876054797321558	0.9309468865394592	0.001180904102511704	0.005449790507555008	0.0029514480847865343	0.016770154237747192	0.010221399366855621	0.005801272112876177	0.003956124186515808	0.006755932699888945	dog	nli		2018	Netherlands
SRR6814032	NA	NA	NA	NA	NA	NA	NA	NA	NA	NA	NA	NA	NA	NA	NA	NA	dog	host_tax_id	host_tax_id=9615; Canis lupus familiaris	2018	United States
SRR6814049	NA	NA	NA	NA	NA	NA	NA	NA	NA	NA	NA	NA	NA	NA	NA	NA	dog	host_tax_id	host_tax_id=9615; Canis lupus familiaris	2018	United States
ERR4224316	0.0019191361498087645	0.0020151694770902395	0.0027923262678086758	0.0017035841010510921	0.0027923262678086758	0.002042909851297736	0.0018099176231771708	0.9357311725616455	0.001180038321763277	0.004722157027572393	0.0027760127559304237	0.015974851325154305	0.00931804720312357	0.005056249909102917	0.003922459203749895	0.006243634968996048	dog	nli		2016	Netherlands
ERR4224511	0.0019113813759759068	0.0021448307670652866	0.0029316360596567392	0.0017000179504975677	0.002737927483394742	0.002030684845522046	0.0018202941864728928	0.9337722063064575	0.0011821768712252378	0.0048713600262999535	0.002775616943836212	0.016673853620886803	0.009936985559761524	0.005095180124044418	0.0038989875465631485	0.0065168351866304874	dog	nli		2018	Netherlands
SRR11101933	0.007869387976825237	0.0042121801525354385	0.005802523344755173	0.004019290208816528	0.0033321089576929808	0.0033451502677053213	0.004466361831873655	0.9266120791435242	0.00197420921176672	0.004699026234447956	0.0029578562825918198	0.007494371384382248	0.0038653137162327766	0.0037245030980557203	0.0036028686445206404	0.012022843584418297	dog	nli			Sweden
SRR28564535	NA	NA	NA	NA	NA	NA	NA	NA	NA	NA	NA	NA	NA	NA	NA	NA	dog	host_tax_id	host_tax_id=9615; Canis lupus familiaris	2023	United States
ERR4224533	0.001908102654851973	0.00209564040414989	0.0029151970520615578	0.0016937900800257921	0.002727897372096777	0.0019763773307204247	0.0018278503557667136	0.9339927434921265	0.0011778459884226322	0.0051867603324353695	0.002984328893944621	0.015976347029209137	0.009804368019104004	0.00520706083625555	0.003969066776335239	0.006556679029017687	dog	nli		2017	Netherlands
ERR4224315	0.0018706853734329343	0.001983570633456111	0.0030722145456820726	0.0017780613852664828	0.0030483060982078314	0.0020625870674848557	0.00180959259159863	0.9246634244918823	0.0011706447694450617	0.0068160053342580795	0.0035568769089877605	0.018151726573705673	0.011846208944916725	0.0064532640390098095	0.004038349259644747	0.007678423076868057	dog	nli		2016	Netherlands
ERR4224532	0.0019430648535490036	0.0021549812518060207	0.0029860578943043947	0.0017114027868956327	0.002750885207206011	0.0020283753983676434	0.0018396568484604359	0.9327102899551392	0.0011808323906734586	0.005199911072850227	0.003003605641424656	0.016269084066152573	0.009886988438665867	0.0056444499641656876	0.004065544810146093	0.0066248588263988495	dog	nli		2017	Netherlands
SRR7660781	NA	NA	NA	NA	NA	NA	NA	NA	NA	NA	NA	NA	NA	NA	NA	NA	dog	host_tax_id	host_tax_id=9615; Canis lupus familiaris	2018	United States
SRR10537320	0.0013603005791082978	0.001547455438412726	0.0020143245346844196	0.001328789396211505	0.0017466605640947819	0.0014480323297902942	0.0020620927680283785	0.9047926068305969	0.0009349199826829135	0.008681735023856163	0.0032314795535057783	0.04797567054629326	0.0044777109287679195	0.007339367177337408	0.0013925592647865415	0.009666277095675468	dog	nli		2018	Australia
SRR6366583	0.010474366135895252	0.009118079207837582	0.01256068516522646	0.00888947956264019	0.009820557199418545	0.008498984389007092	0.007529682945460081	0.7506230473518372	0.008924271911382675	0.01035233587026596	0.007663209922611713	0.1084018424153328	0.00854892935603857	0.006869257427752018	0.012609845958650112	0.0191153846681118	dog	nli		2017	United States
ERR4224547	0.001939907786436379	0.002172593493014574	0.002963789040222764	0.001698640058748424	0.002800583839416504	0.002033006167039275	0.0018583179917186499	0.9330154061317444	0.0011766136158257723	0.005091050639748573	0.0028669980820268393	0.01629030704498291	0.010144557803869247	0.005345806013792753	0.003949456382542849	0.006652963347733021	dog	nli		2018	Netherlands
ERR4224603	0.0019032644340768456	0.0021149669773876667	0.0030953430105000734	0.001716101192869246	0.0027800716925412416	0.002002410590648651	0.00179845851380378	0.9316245913505554	0.001134273479692638	0.0056158993393182755	0.0029651569202542305	0.01607651636004448	0.010450977832078934	0.006024980451911688	0.0038297108840197325	0.006867317948490381	dog	nli		2018	Netherlands
SRR24684368	0.05621469020843506	0.017203211784362793	0.09865985065698624	0.02089337259531021	0.01097782514989376	0.005226227454841137	0.012684851884841919	0.5372707843780518	0.006964313797652721	0.021057238802313805	0.012318615801632404	0.03681252524256706	0.05963604524731636	0.0317034050822258	0.051787395030260086	0.020589547231793404	dog	nli		2023	United States
SRR6171584	0.009466812014579773	0.008653366006910801	0.017412131652235985	0.010417585261166096	0.008824038319289684	0.011286118067800999	0.014266989193856716	0.6216408014297485	0.05058087036013603	0.031222892925143242	0.01927347481250763	0.03870602697134018	0.01988527737557888	0.016942469403147697	0.08604096621274948	0.035380177199840546	dog	nli			United States
SRR8112791	0.003349962644279003	0.0033762368839234114	0.007505153305828571	0.0064824954606592655	0.0024943482130765915	0.002465287921950221	0.004770565778017044	0.879419207572937	0.0019426002399995923	0.005384684074670076	0.0036221733316779137	0.03971009701490402	0.009106142446398735	0.010813811793923378	0.00534277968108654	0.014214487746357918	dog	nli		2018	United States
ERR4224619	0.0018760771490633488	0.0020644962787628174	0.002866269089281559	0.0016817047726362944	0.002713728928938508	0.0019738073460757732	0.0017901654355227947	0.9327781796455383	0.0011468230513855815	0.005251322407275438	0.002860676497220993	0.01646205596625805	0.010301691479980946	0.005666954442858696	0.0038494609761983156	0.00671654287725687	dog	nli		2018	Netherlands
ERR4224858	0.002807169919833541	0.0026319464668631554	0.004512205719947815	0.004044715315103531	0.005173269659280777	0.9029021263122559	0.0023181524593383074	0.0021649799309670925	0.0022380708251148462	0.007352698128670454	0.004637288860976696	0.029697516933083534	0.012716736644506454	0.004189440980553627	0.0038821748457849026	0.008731545880436897	goat	nli		2016	Netherlands
SRR28406675	NA	NA	NA	NA	NA	NA	NA	NA	NA	NA	NA	NA	NA	NA	NA	NA	goat	host_tax_id	host_tax_id=9925; Capra hircus	2022	Ethiopia
SRR27218418	NA	NA	NA	NA	NA	NA	NA	NA	NA	NA	NA	NA	NA	NA	NA	NA	goat	host_tax_id	host_tax_id=9925; Capra hircus	2021	Ethiopia
SRR27218416	NA	NA	NA	NA	NA	NA	NA	NA	NA	NA	NA	NA	NA	NA	NA	NA	goat	host_tax_id	host_tax_id=9925; Capra hircus	2022	Ethiopia
ERR4224621	0.0027964776381850243	0.0027747154235839844	0.005204139743000269	0.001397942309267819	0.0055074142292141914	0.8959564566612244	0.0023138378746807575	0.002165175275877118	0.002190697705373168	0.008991947397589684	0.006656196434050798	0.03133904188871384	0.013954228721559048	0.005317157134413719	0.003711974248290062	0.009722612798213959	goat	nli		2018	Netherlands
SRR28406655	NA	NA	NA	NA	NA	NA	NA	NA	NA	NA	NA	NA	NA	NA	NA	NA	goat	host_tax_id	host_tax_id=9925; Capra hircus	2022	Ethiopia
SRR11714421	0.017488455399870872	0.014413734897971153	0.05898959934711456	0.013593444600701332	0.014871274121105671	0.6965302228927612	0.004113503731787205	0.015954550355672836	0.03834779933094978	0.012352824211120605	0.014842258766293526	0.0351899191737175	0.013408862985670567	0.01516458485275507	0.006573360413312912	0.028165655210614204	goat	nli		2020	United States
SRR22867624	0.013998394832015038	0.012621819972991943	0.029289348050951958	0.008759971708059311	0.01646195724606514	0.2926512658596039	0.012209616601467133	0.014988782815635204	0.45017924904823303	0.02584776096045971	0.017117725685238838	0.020130256190896034	0.02305692248046398	0.011248025111854076	0.007038834970444441	0.04440000653266907	cat	nli		2022	United States
ERR4224811	0.002782743191346526	0.002761088078841567	0.004525668919086456	0.001509999274276197	0.005353412590920925	0.9073666334152222	0.002244748640805483	0.002121138386428356	0.0021545414347201586	0.007345885504037142	0.00490298168733716	0.028589144349098206	0.011911910027265549	0.004152987617999315	0.0036721634678542614	0.00860500056296587	goat	nli		2016	Netherlands
SRR27218434	NA	NA	NA	NA	NA	NA	NA	NA	NA	NA	NA	NA	NA	NA	NA	NA	goat	host_tax_id	host_tax_id=9925; Capra hircus	2022	Ethiopia
SRR20114915	0.0156627856194973	0.010618689469993114	0.037609778344631195	0.0070048305206000805	0.007799205370247364	0.815201997756958	0.0031820875592529774	0.008616089820861816	0.02493147924542427	0.005328993778675795	0.00619382644072175	0.021014921367168427	0.0063655260019004345	0.005256632808595896	0.00405408488586545	0.02115907333791256	goat	nli		2022	United States
SRR26678367	NA	NA	NA	NA	NA	NA	NA	NA	NA	NA	NA	NA	NA	NA	NA	NA	goat	host_tax_id	host_tax_id=9925; Capra hircus	2022	Ethiopia
SRR3210434	0.00576202105730772	0.006390445400029421	0.006697129458189011	0.00809407327324152	0.012150643393397331	0.650888979434967	0.007427538279443979	0.005104868207126856	0.11987440288066864	0.02937648631632328	0.018133709207177162	0.08533637225627899	0.0076782964169979095	0.005864202044904232	0.007891146466135979	0.023329665884375572	goat	nli		2015	United States
SRR27218417	NA	NA	NA	NA	NA	NA	NA	NA	NA	NA	NA	NA	NA	NA	NA	NA	goat	host_tax_id	host_tax_id=9925; Capra hircus	2021	Ethiopia
SRR27218419	NA	NA	NA	NA	NA	NA	NA	NA	NA	NA	NA	NA	NA	NA	NA	NA	goat	host_tax_id	host_tax_id=9925; Capra hircus	2021	Ethiopia
ERR4224900	0.0028136842884123325	0.0026329068932682276	0.004505045246332884	0.0047397250309586525	0.0052978829480707645	0.9032316207885742	0.0023144735023379326	0.0022128038108348846	0.002283045556396246	0.007341029588133097	0.004795595537871122	0.028058718889951706	0.012821152806282043	0.004182792734354734	0.003983460832387209	0.008786062709987164	goat	nli		2016	Netherlands
ERR4224867	0.0029286635108292103	0.002888895571231842	0.00467999093234539	0.0015463143354281783	0.005418291315436363	0.9058929681777954	0.0022675201762467623	0.0021934674587100744	0.00222366233356297	0.007464011199772358	0.005001322366297245	0.028086477890610695	0.012463300488889217	0.004286220762878656	0.0037604779936373234	0.008898423984646797	goat	nli		2016	Netherlands
ERR4224868	0.0030272076837718487	0.002827183809131384	0.004923249129205942	0.0038567623123526573	0.005365053191781044	0.898745596408844	0.0024562999606132507	0.0022984843235462904	0.0024324296973645687	0.007898121140897274	0.004932873882353306	0.030693374574184418	0.012857530266046524	0.004387388937175274	0.004010398406535387	0.009288103319704533	goat	nli		2016	Netherlands
ERR4224822	0.00260433042421937	0.002687000436708331	0.004499879200011492	0.0015190924750640988	0.00523015670478344	0.907497763633728	0.0021887868642807007	0.002117305528372526	0.0020046248100697994	0.0076396167278289795	0.005189455579966307	0.027713553979992867	0.012522011995315552	0.004438776057213545	0.0034908466041088104	0.008656819351017475	goat	nli		2016	Netherlands
ERR4224818	0.0028575542382895947	0.0028408595826476812	0.004757544491440058	0.0030837240628898144	0.005369986407458782	0.901330828666687	0.002401606645435095	0.0023141177371144295	0.0023643733002245426	0.007767638191580772	0.005084201227873564	0.029001539573073387	0.013187414966523647	0.004602173343300819	0.003990635275840759	0.009045884013175964	goat	nli		2016	Netherlands
SRR15845037	0.005229518283158541	0.002815609099343419	0.010400139726698399	0.00563241308555007	0.00679398700594902	0.8574205636978149	0.007303134072571993	0.0042184824123978615	0.007078440394252539	0.005363998468965292	0.004931905306875706	0.04884706065058708	0.009675080887973309	0.003098387038335204	0.0043100942857563496	0.01688109152019024	goat	nli		2021	unknown
SRR26351330	NA	NA	NA	NA	NA	NA	NA	NA	NA	NA	NA	NA	NA	NA	NA	NA	goat	host_tax_id	host_tax_id=9925; Capra hircus	2021	Ethiopia
SRR18959245	0.01709115132689476	0.011013345792889595	0.049213994294404984	0.010447612032294273	0.0077186464332044125	0.7973823547363281	0.003094345796853304	0.008678307756781578	0.02530846558511257	0.005212506745010614	0.005658122710883617	0.022378306835889816	0.006250749807804823	0.005161851178854704	0.004449793603271246	0.020940516144037247	goat	nli		2022	United States
SRR26351314	NA	NA	NA	NA	NA	NA	NA	NA	NA	NA	NA	NA	NA	NA	NA	NA	goat	host_tax_id	host_tax_id=9925; Capra hircus	2021	Ethiopia
SRR26351307	NA	NA	NA	NA	NA	NA	NA	NA	NA	NA	NA	NA	NA	NA	NA	NA	goat	host_tax_id	host_tax_id=9925; Capra hircus	2020	Ethiopia
ERR4224891	0.002551733050495386	0.00239713117480278	0.003959927707910538	0.003515160409733653	0.005144584458321333	0.9084798693656921	0.0022695583757013083	0.0020383961964398623	0.0021529754158109426	0.0064275977201759815	0.004030151292681694	0.028568366542458534	0.012820309028029442	0.003584490856155753	0.003741868771612644	0.00831792876124382	goat	nli		2016	Netherlands
ERR4224913	0.0027969672810286283	0.0026584798470139503	0.004539926070719957	0.0037198823411017656	0.005205050576478243	0.9049073457717896	0.0023369535338133574	0.0021910814102739096	0.0022694815415889025	0.007340297568589449	0.004739252384752035	0.028207017108798027	0.012389099225401878	0.004125583916902542	0.0038907965645194054	0.008682835847139359	goat	nli		2016	Netherlands
SRR26351296	NA	NA	NA	NA	NA	NA	NA	NA	NA	NA	NA	NA	NA	NA	NA	NA	goat	host_tax_id	host_tax_id=9925; Capra hircus	2020	Ethiopia
SRR27218439	NA	NA	NA	NA	NA	NA	NA	NA	NA	NA	NA	NA	NA	NA	NA	NA	goat	host_tax_id	host_tax_id=9925; Capra hircus	2021	Ethiopia
SRR27218409	NA	NA	NA	NA	NA	NA	NA	NA	NA	NA	NA	NA	NA	NA	NA	NA	goat	host_tax_id	host_tax_id=9925; Capra hircus	2021	Ethiopia
SRR6169167	NA	NA	NA	NA	NA	NA	NA	NA	NA	NA	NA	NA	NA	NA	NA	NA	goat	host_tax_id	host_tax_id=9925; Capra hircus	2013	United States
SRR11653840	0.018124982714653015	0.014880110509693623	0.05948759242892265	0.014005899429321289	0.013951295986771584	0.693549394607544	0.004424401093274355	0.016215426847338676	0.03986015170812607	0.012877662666141987	0.014735504053533077	0.03456352651119232	0.013815714977681637	0.014996817335486412	0.006603009533137083	0.027908513322472572	goat	nli		2020	United States
SRR26770174	NA	NA	NA	NA	NA	NA	NA	NA	NA	NA	NA	NA	NA	NA	NA	NA	goat	host_tax_id	host_tax_id=9925; Capra hircus	2021	Ethiopia
SRR14882944	0.0143281826749444	0.011356684379279613	0.0367673859000206	0.006915136240422726	0.008195905014872551	0.7930610179901123	0.003403241280466318	0.00973287783563137	0.03525540977716446	0.007805327419191599	0.009470350109040737	0.023053426295518875	0.00786654558032751	0.006807927507907152	0.004260292276740074	0.02172022871673107	goat	nli		2021	United States
SRR26351303	NA	NA	NA	NA	NA	NA	NA	NA	NA	NA	NA	NA	NA	NA	NA	NA	goat	host_tax_id	host_tax_id=9925; Capra hircus	2021	Ethiopia
SRR27218404	NA	NA	NA	NA	NA	NA	NA	NA	NA	NA	NA	NA	NA	NA	NA	NA	goat	host_tax_id	host_tax_id=9925; Capra hircus	2021	Ethiopia
SRR27218468	NA	NA	NA	NA	NA	NA	NA	NA	NA	NA	NA	NA	NA	NA	NA	NA	goat	host_tax_id	host_tax_id=9925; Capra hircus	2021	Ethiopia
ERR4224820	0.00257981289178133	0.002515134634450078	0.004270039498806	0.0035677519626915455	0.005100596696138382	0.9042374491691589	0.002232641912996769	0.002093280665576458	0.002109698485583067	0.007508804555982351	0.005120560061186552	0.029509982094168663	0.012698285281658173	0.0042450930923223495	0.0036523586604744196	0.008558591827750206	goat	nli		2016	Netherlands
SRR13699958	0.01630055531859398	0.01314912736415863	0.03705815225839615	0.007729973178356886	0.010200627148151398	0.7694618105888367	0.003477373393252492	0.011536271311342716	0.03983531519770622	0.009983810596168041	0.010503893718123436	0.025820277631282806	0.009019620716571808	0.007928755134344101	0.0038566268049180508	0.02413775585591793	goat	nli		2020	United States
SRR26351338	NA	NA	NA	NA	NA	NA	NA	NA	NA	NA	NA	NA	NA	NA	NA	NA	goat	host_tax_id	host_tax_id=9925; Capra hircus	2021	Ethiopia
SRR27218466	NA	NA	NA	NA	NA	NA	NA	NA	NA	NA	NA	NA	NA	NA	NA	NA	goat	host_tax_id	host_tax_id=9925; Capra hircus	2021	Ethiopia
SRR26351310	NA	NA	NA	NA	NA	NA	NA	NA	NA	NA	NA	NA	NA	NA	NA	NA	goat	host_tax_id	host_tax_id=9925; Capra hircus	2022	Ethiopia
SRR19487409	0.01540474034845829	0.010987791232764721	0.03574720770120621	0.006875982973724604	0.007822004146873951	0.8175850510597229	0.003135781269520521	0.00849070679396391	0.02515130117535591	0.005514227319508791	0.006211932748556137	0.0203880462795496	0.00637167738750577	0.00548201147466898	0.0040818494744598866	0.020749598741531372	goat	nli		2022	United States
SRR27218437	NA	NA	NA	NA	NA	NA	NA	NA	NA	NA	NA	NA	NA	NA	NA	NA	goat	host_tax_id	host_tax_id=9925; Capra hircus	2022	Ethiopia
ERR4224814	0.0024894378148019314	0.0023615604732185602	0.003993680234998465	0.004864572547376156	0.004874082747846842	0.9055489301681519	0.0020318198949098587	0.0019886333029717207	0.0020357922185212374	0.0066361078061163425	0.0039626010693609715	0.03092571720480919	0.012422120198607445	0.0036576560232788324	0.003686343552544713	0.00852093193680048	goat	nli		2016	Netherlands
ERR4224908	0.0026750322431325912	0.0025876713916659355	0.004393188748508692	0.003290346125140786	0.005299197044223547	0.9052219390869141	0.002297031693160534	0.002132721710950136	0.0021452547516673803	0.007473065052181482	0.004968421533703804	0.027657553553581238	0.012674923986196518	0.004342006053775549	0.003915021661669016	0.00892663560807705	goat	nli		2016	Netherlands
SRR27218444	NA	NA	NA	NA	NA	NA	NA	NA	NA	NA	NA	NA	NA	NA	NA	NA	goat	host_tax_id	host_tax_id=9925; Capra hircus	2022	Ethiopia
SRR3692309	0.005601655691862106	0.003410873468965292	0.013177764602005482	0.005579816643148661	0.007377631962299347	0.8256955146789551	0.008327359333634377	0.005180684383958578	0.007567353546619415	0.005050799809396267	0.004337086342275143	0.06502177566289902	0.014672174118459225	0.004328623879700899	0.006285821087658405	0.018385065719485283	goat	nli		2015	United States
SRR27218435	NA	NA	NA	NA	NA	NA	NA	NA	NA	NA	NA	NA	NA	NA	NA	NA	goat	host_tax_id	host_tax_id=9925; Capra hircus	2022	Ethiopia
SRR22867655	0.016235189512372017	0.013995606452226639	0.02666294388473034	0.008809695951640606	0.020086975768208504	0.3760639727115631	0.011534979566931725	0.02012624777853489	0.3126063346862793	0.041498515754938126	0.027616988867521286	0.028051892295479774	0.018468882888555527	0.013276682235300541	0.008021319285035133	0.05694374442100525	goat	nli		2021	United States
SRR13005034	0.01683063805103302	0.014311902225017548	0.037086017429828644	0.00885181687772274	0.010511793196201324	0.7551465034484863	0.003597474889829755	0.013288150541484356	0.030565766617655754	0.010188378393650055	0.012980330735445023	0.03200137987732887	0.011499937623739243	0.010887921787798405	0.00423059007152915	0.028021343052387238	goat	nli		2020	United States
SRR26351357	NA	NA	NA	NA	NA	NA	NA	NA	NA	NA	NA	NA	NA	NA	NA	NA	goat	host_tax_id	host_tax_id=9925; Capra hircus	2021	Ethiopia
SRR27218429	NA	NA	NA	NA	NA	NA	NA	NA	NA	NA	NA	NA	NA	NA	NA	NA	goat	host_tax_id	host_tax_id=9925; Capra hircus	2022	Ethiopia
SRR16085962	0.005172181408852339	0.0027522947639226913	0.010226016864180565	0.005315559450536966	0.006838656961917877	0.8563417196273804	0.007251332048326731	0.004164089448750019	0.006865422707051039	0.005473591852933168	0.005062244366854429	0.049747806042432785	0.009402266703546047	0.0029875878244638443	0.00420495355501771	0.018194274976849556	goat	nli		2021	unknown
SRR12495807	NA	NA	NA	NA	NA	NA	NA	NA	NA	NA	NA	NA	NA	NA	NA	NA	other_animal	host_tax_id	host_tax_id=9923; Capra aegagrus	2009	United States
SRR3094462	NA	NA	NA	NA	NA	NA	NA	NA	NA	NA	NA	NA	NA	NA	NA	NA	goat	host_tax_id	host_tax_id=9925; Capra hircus	2010	United States
SRR7968358	0.03757981210947037	0.028813444077968597	0.08345592021942139	0.1186147928237915	0.030851995572447777	0.08988557010889053	0.04184150695800781	0.0362108089029789	0.03678104653954506	0.04891768470406532	0.049109142273664474	0.07725952565670013	0.09041378647089005	0.057358358055353165	0.11769171059131622	0.05521488934755325	unknown	nli		2018	United States
ERR4224909	0.002868977375328541	0.0027861446142196655	0.004730144049972296	0.004452246241271496	0.00550853880122304	0.9014058113098145	0.002359956270083785	0.002309794770553708	0.0023370219860225916	0.007485291454941034	0.004880295135080814	0.02830442413687706	0.012895588763058186	0.004323701374232769	0.004198867827653885	0.00915327575057745	goat	nli		2016	Netherlands
SRR27218442	NA	NA	NA	NA	NA	NA	NA	NA	NA	NA	NA	NA	NA	NA	NA	NA	goat	host_tax_id	host_tax_id=9925; Capra hircus	2022	Ethiopia
SRR19545020	0.015019434504210949	0.011951171793043613	0.03809218481183052	0.008795048110187054	0.008165924809873104	0.7801921963691711	0.003286469029262662	0.010588152334094048	0.03984237462282181	0.008343263529241085	0.010262388736009598	0.023675084114074707	0.008086567744612694	0.007164301350712776	0.00429474376142025	0.022240683436393738	goat	nli		2022	United States
ERR4224885	0.002948673442006111	0.0027700222562998533	0.004721179138869047	0.003669682890176773	0.005476662889122963	0.9014562368392944	0.002425512531772256	0.002243232447654009	0.0023693256080150604	0.007241242565214634	0.004487417172640562	0.02979508973658085	0.012858584523200989	0.004182732198387384	0.00403823796659708	0.009316117502748966	goat	nli		2016	Netherlands
SRR26351356	NA	NA	NA	NA	NA	NA	NA	NA	NA	NA	NA	NA	NA	NA	NA	NA	goat	host_tax_id	host_tax_id=9925; Capra hircus	2021	Ethiopia
SRR11654317	0.018463118001818657	0.014634082093834877	0.06053822860121727	0.014211568050086498	0.012864182703197002	0.6948560476303101	0.004225618205964565	0.01604103296995163	0.04280245304107666	0.011827917769551277	0.014748857356607914	0.03336714953184128	0.013041267171502113	0.014720079489052296	0.006557560991495848	0.02710082195699215	goat	nli		2020	United States
SRR12625731	0.017157582566142082	0.013155176304280758	0.04441654682159424	0.009968913160264492	0.010927344672381878	0.7497830986976624	0.0031368574127554893	0.013052800670266151	0.030259888619184494	0.009718981571495533	0.012001340277493	0.03310441970825195	0.011121125891804695	0.010653385892510414	0.004338116385042667	0.027204373851418495	goat	nli		2020	United States
SRR27218459	NA	NA	NA	NA	NA	NA	NA	NA	NA	NA	NA	NA	NA	NA	NA	NA	goat	host_tax_id	host_tax_id=9925; Capra hircus	2022	Ethiopia
SRR3215289	0.005838514305651188	0.006251589860767126	0.006526066921651363	0.007825950160622597	0.012336017563939095	0.6553566455841064	0.007251970935612917	0.0049939462915062904	0.11818946152925491	0.028738174587488174	0.017878824844956398	0.08430138230323792	0.007511457893997431	0.005625821650028229	0.007734774146229029	0.0236393790692091	goat	nli		2015	United States
ERR4224831	0.0026121872942894697	0.0026533231139183044	0.0044783311896026134	0.0015088681830093265	0.005287079140543938	0.908459484577179	0.0021698130294680595	0.0020989514887332916	0.002030404284596443	0.007470554672181606	0.005054830107837915	0.027797164395451546	0.011949576437473297	0.00436605466529727	0.0033804213162511587	0.008682937361299992	goat	nli		2016	Netherlands
SRR27218402	NA	NA	NA	NA	NA	NA	NA	NA	NA	NA	NA	NA	NA	NA	NA	NA	goat	host_tax_id	host_tax_id=9925; Capra hircus	2021	Ethiopia
SRR27218453	NA	NA	NA	NA	NA	NA	NA	NA	NA	NA	NA	NA	NA	NA	NA	NA	goat	host_tax_id	host_tax_id=9925; Capra hircus	2022	Ethiopia
SRR18959247	0.017493855208158493	0.011272845789790154	0.04582090303301811	0.009948249906301498	0.007407364901155233	0.7988225221633911	0.0031672553159296513	0.008643190376460552	0.028064517304301262	0.00513093126937747	0.005917211063206196	0.02162313647568226	0.006140921264886856	0.005110928323119879	0.004457831382751465	0.02097833901643753	goat	nli		2022	United States
SRR3094460	NA	NA	NA	NA	NA	NA	NA	NA	NA	NA	NA	NA	NA	NA	NA	NA	goat	host_tax_id	host_tax_id=9925; Capra hircus	2008	United States
ERR4224914	0.0027812502812594175	0.0026487091090530157	0.0044968146830797195	0.0034010098315775394	0.005329679697751999	0.905110239982605	0.00231928750872612	0.002226084703579545	0.0022744282614439726	0.007228117901831865	0.00457655917853117	0.02857380546629429	0.01217595487833023	0.004102401435375214	0.003968425095081329	0.008787157014012337	goat	nli		2016	Netherlands
ERR4224866	0.002722482429817319	0.002638720441609621	0.0045860931277275085	0.0016740000573918223	0.005319961346685886	0.9069957733154297	0.002252613427117467	0.0022090435959398746	0.0021410787012428045	0.007517014630138874	0.004834428895264864	0.02803841046988964	0.011977015994489193	0.0043846359476447105	0.0038168856408447027	0.008891873992979527	goat	nli		2016	Netherlands
SRR26770208	NA	NA	NA	NA	NA	NA	NA	NA	NA	NA	NA	NA	NA	NA	NA	NA	goat	host_tax_id	host_tax_id=9925; Capra hircus	2022	Ethiopia
SRR27218440	NA	NA	NA	NA	NA	NA	NA	NA	NA	NA	NA	NA	NA	NA	NA	NA	goat	host_tax_id	host_tax_id=9925; Capra hircus	2021	Ethiopia
SRR27218422	NA	NA	NA	NA	NA	NA	NA	NA	NA	NA	NA	NA	NA	NA	NA	NA	goat	host_tax_id	host_tax_id=9925; Capra hircus	2022	Ethiopia
SRR27218449	NA	NA	NA	NA	NA	NA	NA	NA	NA	NA	NA	NA	NA	NA	NA	NA	goat	host_tax_id	host_tax_id=9925; Capra hircus	2021	Ethiopia
ERR4224878	0.002923626685515046	0.0027680338826030493	0.0047270129434764385	0.003941860981285572	0.005387885496020317	0.9008092880249023	0.0024143222253769636	0.0022416221909224987	0.00234461622312665	0.007598136086016893	0.004754791501909494	0.029556430876255035	0.013166920281946659	0.004278849344700575	0.003903553355485201	0.009183019399642944	goat	nli		2016	Netherlands
SRR26770173	NA	NA	NA	NA	NA	NA	NA	NA	NA	NA	NA	NA	NA	NA	NA	NA	goat	host_tax_id	host_tax_id=9925; Capra hircus	2021	Ethiopia
ERR4224815	0.002845547627657652	0.002652341965585947	0.004582836292684078	0.003058795351535082	0.005378848873078823	0.9028181433677673	0.002349844668060541	0.0022422377951443195	0.0022820006124675274	0.007497019600123167	0.004765395540744066	0.029506858438253403	0.012777792289853096	0.004347424954175949	0.0039046250749379396	0.008990299887955189	goat	nli		2016	Netherlands
ERR4224895	0.002822353271767497	0.002677374752238393	0.004635132849216461	0.0043035754933953285	0.00539789255708456	0.9024823904037476	0.0023443878162652254	0.0022900800686329603	0.0023443878162652254	0.007538271602243185	0.004800984635949135	0.028574438765645027	0.012698418460786343	0.004138707648962736	0.003964639268815517	0.00898695643991232	goat	nli		2016	Netherlands
SRR16288478	0.005488318856805563	0.0028584464453160763	0.011151861399412155	0.005618470720946789	0.007033390924334526	0.8519636392593384	0.007472396362572908	0.004265966825187206	0.007060918491333723	0.005499048624187708	0.005075864959508181	0.05108950287103653	0.009860722348093987	0.003042800584807992	0.004257643595337868	0.018261050805449486	goat	nli		2021	unknown
SRR3210432	0.0058455392718315125	0.0035524307750165462	0.014355260878801346	0.006054701749235392	0.007744081784039736	0.8197818994522095	0.008706905879080296	0.005395691841840744	0.007820078171789646	0.005209295079112053	0.004473185166716576	0.06557270139455795	0.014667009934782982	0.004499473143368959	0.006834128405898809	0.019487641751766205	goat	nli		2015	United States
SRR26770196	NA	NA	NA	NA	NA	NA	NA	NA	NA	NA	NA	NA	NA	NA	NA	NA	goat	host_tax_id	host_tax_id=9925; Capra hircus	2022	Ethiopia
SRR28214326	NA	NA	NA	NA	NA	NA	NA	NA	NA	NA	NA	NA	NA	NA	NA	NA	goat	host_tax_id	host_tax_id=9925; Capra hircus	2022	Ethiopia
SRR12798039	0.016946159303188324	0.014270097017288208	0.03818875551223755	0.0072458707727491856	0.010813793167471886	0.7544127106666565	0.0038708674255758524	0.0130184730514884	0.03135192021727562	0.010481087490916252	0.013777129352092743	0.032473739236593246	0.011157060042023659	0.010604635812342167	0.004360642284154892	0.02702704630792141	goat	nli		2020	United States
SRR20994500	0.015830595046281815	0.012449868954718113	0.04652870446443558	0.01120366994291544	0.008440472185611725	0.7672432065010071	0.0031111466232687235	0.011764300055801868	0.0382361114025116	0.008776702918112278	0.010042903944849968	0.024068158119916916	0.00834213849157095	0.007219518069177866	0.004395998083055019	0.022346530109643936	goat	nli		2022	United States
SRR6048565	0.0018011769279837608	0.0015771633479744196	0.0021181642077863216	0.001620883820578456	0.006286725401878357	0.9458766579627991	0.0015049396315589547	0.001458637649193406	0.0017941551050171256	0.003016403876245022	0.002605386544018984	0.015913238748908043	0.0022503745276480913	0.0017254218691959977	0.004237227141857147	0.006213483400642872	goat	nli		2014	United States
SRR11544463	0.017340555787086487	0.012563331983983517	0.06192953512072563	0.017786480486392975	0.011664658784866333	0.7104784846305847	0.0039609563536942005	0.013166258111596107	0.040239330381155014	0.008095668628811836	0.010620792396366596	0.03472236171364784	0.010558743961155415	0.011305775493383408	0.00708880415186286	0.028478281572461128	goat	nli		2020	United States
SRR27218430	NA	NA	NA	NA	NA	NA	NA	NA	NA	NA	NA	NA	NA	NA	NA	NA	goat	host_tax_id	host_tax_id=9925; Capra hircus	2022	Ethiopia
SRR19395871	0.01568608731031418	0.011101399548351765	0.03785010054707527	0.007056477479636669	0.007438583765178919	0.8116451501846313	0.0031743976287543774	0.008429019711911678	0.02933410182595253	0.005223485175520182	0.006350142881274223	0.020043229684233665	0.00617885822430253	0.0052541811019182205	0.004044287838041782	0.021190552040934563	goat	nli		2022	United States
SRR26770179	NA	NA	NA	NA	NA	NA	NA	NA	NA	NA	NA	NA	NA	NA	NA	NA	goat	host_tax_id	host_tax_id=9925; Capra hircus	2022	Ethiopia
SRR11521728	0.017298348248004913	0.012532752007246017	0.05973205342888832	0.014738376252353191	0.011750458739697933	0.7122182250022888	0.003966780379414558	0.013237223960459232	0.04210891202092171	0.008563303388655186	0.010888644494116306	0.03443548455834389	0.011103402823209763	0.01172753144055605	0.0068139382638037205	0.028884535655379295	goat	nli		2020	United States
ERR4224845	0.002770135411992669	0.0025972239673137665	0.004478844348341227	0.0035708460491150618	0.005339575465768576	0.9014931321144104	0.002337248297408223	0.0022085446398705244	0.002292041899636388	0.007369956932961941	0.004576110281050205	0.030847402289509773	0.013241413980722427	0.004315683152526617	0.003861004952341318	0.008700909093022346	goat	nli		2016	Netherlands
SRR11521726	0.01739516668021679	0.012652224861085415	0.0578499436378479	0.014421098865568638	0.011932183988392353	0.7141093611717224	0.003988982178270817	0.013259416446089745	0.042056113481521606	0.008712736889719963	0.011231161653995514	0.033826056867837906	0.011231161653995514	0.011747191660106182	0.00665424345061183	0.028932958841323853	goat	nli		2020	United States
SRR27218428	NA	NA	NA	NA	NA	NA	NA	NA	NA	NA	NA	NA	NA	NA	NA	NA	goat	host_tax_id	host_tax_id=9925; Capra hircus	2022	Ethiopia
SRR28406693	NA	NA	NA	NA	NA	NA	NA	NA	NA	NA	NA	NA	NA	NA	NA	NA	goat	host_tax_id	host_tax_id=9925; Capra hircus	2021	Ethiopia
SRR27218462	NA	NA	NA	NA	NA	NA	NA	NA	NA	NA	NA	NA	NA	NA	NA	NA	goat	host_tax_id	host_tax_id=9925; Capra hircus	2021	Ethiopia
SRR13764597	0.01575951837003231	0.015067236497998238	0.04476335644721985	0.008737295866012573	0.00830468162894249	0.7728018760681152	0.003176824189722538	0.010274963453412056	0.03810162842273712	0.008112305775284767	0.00969021301716566	0.0246242955327034	0.008002148941159248	0.006725336890667677	0.0042333402670919895	0.021625015884637833	goat	nli		2021	United States
SRR28406692	NA	NA	NA	NA	NA	NA	NA	NA	NA	NA	NA	NA	NA	NA	NA	NA	goat	host_tax_id	host_tax_id=9925; Capra hircus	2021	Ethiopia
SRR10056695	NA	NA	NA	NA	NA	NA	NA	NA	NA	NA	NA	NA	NA	NA	NA	NA	human	host_tax_id	host_tax_id=9606; Homo sapiens	2015	United Kingdom
SRR16256362	NA	NA	NA	NA	NA	NA	NA	NA	NA	NA	NA	NA	NA	NA	NA	NA	human	host_tax_id	host_tax_id=9606; Homo sapiens	2018	United States
SRR10859608	NA	NA	NA	NA	NA	NA	NA	NA	NA	NA	NA	NA	NA	NA	NA	NA	human	host_tax_id	host_tax_id=9606; Homo sapiens	2019	Chile
SRR17929591	NA	NA	NA	NA	NA	NA	NA	NA	NA	NA	NA	NA	NA	NA	NA	NA	human	host_tax_id	host_tax_id=9606; Homo sapiens	2018	New Zealand
SRR26328758	NA	NA	NA	NA	NA	NA	NA	NA	NA	NA	NA	NA	NA	NA	NA	NA	human	host_tax_id	host_tax_id=9606; Homo sapiens	2007	Kenya
SRR9877373	NA	NA	NA	NA	NA	NA	NA	NA	NA	NA	NA	NA	NA	NA	NA	NA	human	host_tax_id	host_tax_id=9606; Homo sapiens	2019	United Kingdom
SRR10054163	NA	NA	NA	NA	NA	NA	NA	NA	NA	NA	NA	NA	NA	NA	NA	NA	human	host_tax_id	host_tax_id=9606; Homo sapiens	2016	United Kingdom
SRR9933918	NA	NA	NA	NA	NA	NA	NA	NA	NA	NA	NA	NA	NA	NA	NA	NA	human	host_tax_id	host_tax_id=9606; Homo sapiens	2018	United Kingdom
SRR9934144	NA	NA	NA	NA	NA	NA	NA	NA	NA	NA	NA	NA	NA	NA	NA	NA	human	host_tax_id	host_tax_id=9606; Homo sapiens	2018	United Kingdom
ERR1750947	0.002810884965583682	0.0031113659497350454	0.0025295226369053125	0.0015523179899901152	0.0021259153727442026	0.0019971125293523073	0.9605284929275513	0.001685025286860764	0.0021011477801948786	0.0022852332331240177	0.001724984496831894	0.0026457442436367273	0.0033707658294588327	0.0025344679597765207	0.005915878340601921	0.0030811293981969357	human	nli		2006	New Zealand
SRR5667095	0.05160917341709137	0.0308774895966053	0.12923958897590637	0.1321752965450287	0.03045821003615856	0.02461768314242363	0.2560216188430786	0.056130748242139816	0.042039986699819565	0.0260014571249485	0.01672235317528248	0.032868918031454086	0.018875032663345337	0.013648385182023048	0.027302565053105354	0.11141151189804077	human	nli		2017	United States
SRR17964873	NA	NA	NA	NA	NA	NA	NA	NA	NA	NA	NA	NA	NA	NA	NA	NA	human	host_tax_id	host_tax_id=9606; Homo sapiens	2018	New Zealand
SRR12301978	0.016564998775720596	0.014819796197116375	0.017702365294098854	0.016181273385882378	0.015082603320479393	0.01094879675656557	0.6947973370552063	0.015380081720650196	0.014279922470450401	0.0181575957685709	0.013388571329414845	0.07644632458686829	0.028538022190332413	0.020335540175437927	0.009094616398215294	0.018282145261764526	human	nli		2013	Germany
SRR9924020	NA	NA	NA	NA	NA	NA	NA	NA	NA	NA	NA	NA	NA	NA	NA	NA	human	host_tax_id	host_tax_id=9606; Homo sapiens	2018	United Kingdom
SRR10013357	NA	NA	NA	NA	NA	NA	NA	NA	NA	NA	NA	NA	NA	NA	NA	NA	human	host_tax_id	host_tax_id=9606; Homo sapiens	2016	United Kingdom
SRR9901589	NA	NA	NA	NA	NA	NA	NA	NA	NA	NA	NA	NA	NA	NA	NA	NA	human	host_tax_id	host_tax_id=9606; Homo sapiens	2018	United Kingdom
SRR10006856	NA	NA	NA	NA	NA	NA	NA	NA	NA	NA	NA	NA	NA	NA	NA	NA	human	host_tax_id	host_tax_id=9606; Homo sapiens	2016	United Kingdom
SRR9899111	NA	NA	NA	NA	NA	NA	NA	NA	NA	NA	NA	NA	NA	NA	NA	NA	human	host_tax_id	host_tax_id=9606; Homo sapiens	2018	United Kingdom
SRR2057227	0.06623250991106033	0.028154371306300163	0.1631285697221756	0.2028186172246933	0.01853635348379612	0.016713526099920273	0.21151675283908844	0.04855147376656532	0.03572976216673851	0.022402824833989143	0.013273234479129314	0.028375189751386642	0.016976725310087204	0.012444720603525639	0.021376924589276314	0.09376838058233261	human	nli		2015	United States
SRR8886452	NA	NA	NA	NA	NA	NA	NA	NA	NA	NA	NA	NA	NA	NA	NA	NA	human	host_tax_id	host_tax_id=9606; Homo sapiens	2007	unknown
SRR12077290	NA	NA	NA	NA	NA	NA	NA	NA	NA	NA	NA	NA	NA	NA	NA	NA	human	host_tax_id	host_tax_id=9606; Homo sapiens	2004	South Africa
SRR10013461	NA	NA	NA	NA	NA	NA	NA	NA	NA	NA	NA	NA	NA	NA	NA	NA	human	host_tax_id	host_tax_id=9606; Homo sapiens	2016	United Kingdom
SRR28623835	NA	NA	NA	NA	NA	NA	NA	NA	NA	NA	NA	NA	NA	NA	NA	NA	human	host_tax_id	host_tax_id=9606; Homo sapiens	2021	Spain
SRR9929936	0.05928768962621689	0.04011605307459831	0.14502887427806854	0.1552896797657013	0.03471755608916283	0.02495732344686985	0.0854247659444809	0.0591142512857914	0.045191869139671326	0.049343597143888474	0.03638368472456932	0.061050329357385635	0.06010382995009422	0.0319209024310112	0.03842882812023163	0.07364074885845184	unknown	nli		2019	United States
ERR4224083	0.007199232466518879	0.005706195719540119	0.0042904699221253395	0.0037863263860344887	0.004215711262077093	0.0030963514000177383	0.8927324414253235	0.002880485262721777	0.0031389750074595213	0.005135019775480032	0.002310018753632903	0.013345267623662949	0.03191998600959778	0.008786294609308243	0.007663542404770851	0.003793728770688176	human	nli		2018	Netherlands
SRR6202924	0.05625114217400551	0.031492460519075394	0.1290118396282196	0.14791283011436462	0.027683647349476814	0.02386479452252388	0.2396177351474762	0.059529196470975876	0.0418022945523262	0.027361122891306877	0.017055397853255272	0.032746974378824234	0.01865866407752037	0.013624334707856178	0.027575718238949776	0.10581181198358536	human	nli		2017	United States
SRR11007823	NA	NA	NA	NA	NA	NA	NA	NA	NA	NA	NA	NA	NA	NA	NA	NA	human	host_tax_id	host_tax_id=9606; Homo sapiens	2016	United States
SRR17974319	NA	NA	NA	NA	NA	NA	NA	NA	NA	NA	NA	NA	NA	NA	NA	NA	human	host_tax_id	host_tax_id=9606; Homo sapiens	2019	New Zealand
SRR10738422	NA	NA	NA	NA	NA	NA	NA	NA	NA	NA	NA	NA	NA	NA	NA	NA	human	host_tax_id	host_tax_id=9606; Homo sapiens	2016	United States
SRR9974474	NA	NA	NA	NA	NA	NA	NA	NA	NA	NA	NA	NA	NA	NA	NA	NA	human	host_tax_id	host_tax_id=9606; Homo sapiens	2017	United Kingdom
SRR27385303	NA	NA	NA	NA	NA	NA	NA	NA	NA	NA	NA	NA	NA	NA	NA	NA	human	host_tax_id	host_tax_id=9606; Homo sapiens	2022	Peru
SRR6221087	0.06401248276233673	0.04189850389957428	0.12619006633758545	0.12557537853717804	0.03327416628599167	0.029652513563632965	0.2136109322309494	0.06643257290124893	0.05224547162652016	0.033469703048467636	0.017915040254592896	0.035420164465904236	0.020024746656417847	0.01406167633831501	0.025116659700870514	0.10109993070363998	human	nli		2017	United States
SRR17925379	NA	NA	NA	NA	NA	NA	NA	NA	NA	NA	NA	NA	NA	NA	NA	NA	human	host_tax_id	host_tax_id=9606; Homo sapiens	2018	New Zealand
SRR8126519	NA	NA	NA	NA	NA	NA	NA	NA	NA	NA	NA	NA	NA	NA	NA	NA	human	host_tax_id	host_tax_id=9606; Homo sapiens	2014	France
ERR2986689	0.056039128452539444	0.028013622388243675	0.09248318523168564	0.17653357982635498	0.03989322483539581	0.027364689856767654	0.18392477929592133	0.04213564097881317	0.03320208564400673	0.0511239655315876	0.0298786461353302	0.046639904379844666	0.04313485696911812	0.020335707813501358	0.02752549946308136	0.10177148133516312	unknown	nli		2016	Switzerland
SRR4000220	0.05316998064517975	0.03077242337167263	0.12483708560466766	0.13967445492744446	0.03711862489581108	0.025164823979139328	0.2098810374736786	0.06827160716056824	0.04433849826455116	0.02807338908314705	0.017984487116336823	0.03419528156518936	0.018446968868374825	0.013735424727201462	0.026787811890244484	0.12754815816879272	human	nli		2016	unknown
SRR9942978	NA	NA	NA	NA	NA	NA	NA	NA	NA	NA	NA	NA	NA	NA	NA	NA	human	host_tax_id	host_tax_id=9606; Homo sapiens	2018	United Kingdom
SRR5188912	0.054167844355106354	0.0312277190387249	0.14050069451332092	0.13778315484523773	0.03003140166401863	0.024320170283317566	0.23690833151340485	0.0610215999186039	0.040569841861724854	0.02665836550295353	0.017011409625411034	0.03285445645451546	0.018574224784970284	0.013776258565485477	0.02665836550295353	0.10793622583150864	human	nli		2014	United States
SRR11268237	NA	NA	NA	NA	NA	NA	NA	NA	NA	NA	NA	NA	NA	NA	NA	NA	human	host_tax_id	host_tax_id=9606; Homo sapiens		India
SRR12362453	NA	NA	NA	NA	NA	NA	NA	NA	NA	NA	NA	NA	NA	NA	NA	NA	human	host_tax_id	host_tax_id=9606; Homo sapiens	2019	Ireland
SRR25376760	NA	NA	NA	NA	NA	NA	NA	NA	NA	NA	NA	NA	NA	NA	NA	NA	human	host_tax_id	host_tax_id=9606; Homo sapiens	2018	Australia
SRR9942873	NA	NA	NA	NA	NA	NA	NA	NA	NA	NA	NA	NA	NA	NA	NA	NA	human	host_tax_id	host_tax_id=9606; Homo sapiens	2018	United Kingdom
SRR9962473	NA	NA	NA	NA	NA	NA	NA	NA	NA	NA	NA	NA	NA	NA	NA	NA	human	host_tax_id	host_tax_id=9606; Homo sapiens	2017	United Kingdom
SRR28406690	NA	NA	NA	NA	NA	NA	NA	NA	NA	NA	NA	NA	NA	NA	NA	NA	human	host_tax_id	host_tax_id=9606; Homo sapiens	2022	Ethiopia
SRR12362279	NA	NA	NA	NA	NA	NA	NA	NA	NA	NA	NA	NA	NA	NA	NA	NA	human	host_tax_id	host_tax_id=9606; Homo sapiens	2019	Ireland
SRR9962218	NA	NA	NA	NA	NA	NA	NA	NA	NA	NA	NA	NA	NA	NA	NA	NA	human	host_tax_id	host_tax_id=9606; Homo sapiens	2017	United Kingdom
ERR9766849	0.05857725441455841	0.039946213364601135	0.09601332247257233	0.020764339715242386	0.019166402518749237	0.016014128923416138	0.5323907136917114	0.02056255005300045	0.026248587295413017	0.025740891695022583	0.02056255005300045	0.01691429130733013	0.03654947131872177	0.009675192646682262	0.024538157507777214	0.03633594140410423	human	nli		2014	Switzerland
SRR9993653	NA	NA	NA	NA	NA	NA	NA	NA	NA	NA	NA	NA	NA	NA	NA	NA	human	host_tax_id	host_tax_id=9606; Homo sapiens	2016	United Kingdom
ERR4224188	0.007417632732540369	0.006113506853580475	0.004912340547889471	0.004234702326357365	0.004377668257802725	0.0030740643851459026	0.8932580947875977	0.0029332926496863365	0.0030740643851459026	0.005577294155955315	0.0022799931466579437	0.012967596761882305	0.029886731877923012	0.008621426299214363	0.007534442935138941	0.0037371120415627956	human	nli		2018	Netherlands
SRR5209619	NA	NA	NA	NA	NA	NA	NA	NA	NA	NA	NA	NA	NA	NA	NA	NA	human	host_tax_id	host_tax_id=9606; Homo sapiens	2007	Canada
SRR9968987	NA	NA	NA	NA	NA	NA	NA	NA	NA	NA	NA	NA	NA	NA	NA	NA	human	host_tax_id	host_tax_id=9606; Homo sapiens	2017	United Kingdom
ERR2986658	0.060775890946388245	0.028429506346583366	0.09711959213018417	0.17880478501319885	0.03908688202500343	0.02655101753771305	0.18913236260414124	0.04144555330276489	0.0314071923494339	0.050188545137643814	0.02760869264602661	0.045519035309553146	0.04136468470096588	0.01942514069378376	0.027340389788150787	0.09580081701278687	unknown	nli		2015	Switzerland
SRR12769653	NA	NA	NA	NA	NA	NA	NA	NA	NA	NA	NA	NA	NA	NA	NA	NA	human	host_tax_id	host_tax_id=9606; Homo sapiens	2015	United Kingdom
SRR9974241	NA	NA	NA	NA	NA	NA	NA	NA	NA	NA	NA	NA	NA	NA	NA	NA	human	host_tax_id	host_tax_id=9606; Homo sapiens	2017	United Kingdom
SRR1768072	0.10176656395196915	0.052641358226537704	0.1840956062078476	0.10654635727405548	0.022159529849886894	0.0203744824975729	0.2568424642086029	0.058382581919431686	0.03398781269788742	0.02382018230855465	0.014964630827307701	0.014475916512310505	0.012925539165735245	0.008935789577662945	0.024148086085915565	0.06393315643072128	human	nli		2014	United States
SRR10490230	NA	NA	NA	NA	NA	NA	NA	NA	NA	NA	NA	NA	NA	NA	NA	NA	human	host_tax_id	host_tax_id=9606; Homo sapiens	2015	United Kingdom
SRR12062933	NA	NA	NA	NA	NA	NA	NA	NA	NA	NA	NA	NA	NA	NA	NA	NA	human	host_tax_id	host_tax_id=9606; Homo sapiens	2016	New Zealand
SRR10011173	NA	NA	NA	NA	NA	NA	NA	NA	NA	NA	NA	NA	NA	NA	NA	NA	human	host_tax_id	host_tax_id=9606; Homo sapiens	2016	United Kingdom
SRR10026154	NA	NA	NA	NA	NA	NA	NA	NA	NA	NA	NA	NA	NA	NA	NA	NA	human	host_tax_id	host_tax_id=9606; Homo sapiens	2016	United Kingdom
SRR25377045	NA	NA	NA	NA	NA	NA	NA	NA	NA	NA	NA	NA	NA	NA	NA	NA	human	host_tax_id	host_tax_id=9606; Homo sapiens	2018	Australia
SRR10056842	NA	NA	NA	NA	NA	NA	NA	NA	NA	NA	NA	NA	NA	NA	NA	NA	human	host_tax_id	host_tax_id=9606; Homo sapiens	2015	United Kingdom
SRR9948460	NA	NA	NA	NA	NA	NA	NA	NA	NA	NA	NA	NA	NA	NA	NA	NA	human	host_tax_id	host_tax_id=9606; Homo sapiens	2017	United Kingdom
SRR20336840	NA	NA	NA	NA	NA	NA	NA	NA	NA	NA	NA	NA	NA	NA	NA	NA	human	host_tax_id	host_tax_id=9606; Homo sapiens	2020	Peru
SRR10001221	NA	NA	NA	NA	NA	NA	NA	NA	NA	NA	NA	NA	NA	NA	NA	NA	human	host_tax_id	host_tax_id=9606; Homo sapiens	2016	United Kingdom
SRR9877471	NA	NA	NA	NA	NA	NA	NA	NA	NA	NA	NA	NA	NA	NA	NA	NA	human	host_tax_id	host_tax_id=9606; Homo sapiens	2019	United Kingdom
SRR7761286	0.05901850014925003	0.03415728732943535	0.13274072110652924	0.1594916433095932	0.02950298972427845	0.016975264996290207	0.11852412670850754	0.058559220284223557	0.033041782677173615	0.049023713916540146	0.026138195767998695	0.059830933809280396	0.06041807681322098	0.026601722463965416	0.046596378087997437	0.08937937766313553	unknown	nli		2018	United States
SRR8554697	0.06182326376438141	0.034985851496458054	0.1437433958053589	0.16336049139499664	0.028166882693767548	0.016049005091190338	0.1209259182214737	0.057794686406850815	0.031117059290409088	0.04625828564167023	0.023351164534687996	0.05824797973036766	0.05870481953024864	0.025847384706139565	0.0431174635887146	0.08650629967451096	unknown	nli		2018	United States
SRR9974246	NA	NA	NA	NA	NA	NA	NA	NA	NA	NA	NA	NA	NA	NA	NA	NA	human	host_tax_id	host_tax_id=9606; Homo sapiens	2017	United Kingdom
SRR7280455	NA	NA	NA	NA	NA	NA	NA	NA	NA	NA	NA	NA	NA	NA	NA	NA	human	host_tax_id	host_tax_id=9606; Homo sapiens	2011	New Zealand
SRR10062883	NA	NA	NA	NA	NA	NA	NA	NA	NA	NA	NA	NA	NA	NA	NA	NA	human	host_tax_id	host_tax_id=9606; Homo sapiens	2015	United Kingdom
SRR5581844	0.0577782578766346	0.030328305438160896	0.1390095055103302	0.1463938057422638	0.027186118066310883	0.022714851424098015	0.24420765042304993	0.05857362225651741	0.04129226133227348	0.02524145506322384	0.01626530848443508	0.0313522033393383	0.017794301733374596	0.013405636884272099	0.026556354016065598	0.1019003689289093	human	nli		2017	United States
SRR13001597	NA	NA	NA	NA	NA	NA	NA	NA	NA	NA	NA	NA	NA	NA	NA	NA	human	host_tax_id	host_tax_id=9606; Homo sapiens		United States
SRR6929968	0.05984863266348839	0.03331078216433525	0.137799933552742	0.15149147808551788	0.02894090674817562	0.01658693701028824	0.1284436583518982	0.0542803518474102	0.032160043716430664	0.04743672534823418	0.023806139826774597	0.05996563658118248	0.05778113380074501	0.026094915345311165	0.04725178703665733	0.09480095654726028	unknown	nli		2018	United States
SRR7851637	0.06019211933016777	0.034430667757987976	0.132244274020195	0.14354979991912842	0.029972365126013756	0.017312826588749886	0.1201748251914978	0.058454252779483795	0.03259830176830292	0.05029239505529404	0.025938918814063072	0.06320411711931229	0.06572189182043076	0.027611834928393364	0.045346736907958984	0.09295465052127838	unknown	nli		2018	United States
SRR5097312	0.053392089903354645	0.03012625128030777	0.1299709677696228	0.13700884580612183	0.028746670112013817	0.02444467693567276	0.264091432094574	0.05829714983701706	0.042071953415870667	0.025220638141036034	0.016062553972005844	0.030600668862462044	0.017131928354501724	0.01263229176402092	0.025869205594062805	0.10433266311883926	human	nli		2016	United States
SRR9900234	NA	NA	NA	NA	NA	NA	NA	NA	NA	NA	NA	NA	NA	NA	NA	NA	human	host_tax_id	host_tax_id=9606; Homo sapiens	2018	United Kingdom
ERR083975	NA	NA	NA	NA	NA	NA	NA	NA	NA	NA	NA	NA	NA	NA	NA	NA	human	host_tax_id	host_tax_id=9606; Homo sapiens	2011	United Kingdom
SRR20075845	NA	NA	NA	NA	NA	NA	NA	NA	NA	NA	NA	NA	NA	NA	NA	NA	human	host_tax_id	host_tax_id=9606; Homo sapiens	2022	Denmark
ERR9766650	0.06385980546474457	0.04147328808903694	0.09414853155612946	0.022703303024172783	0.020915264263749123	0.017170855775475502	0.5062358379364014	0.023469775915145874	0.0274121705442667	0.029639622196555138	0.021833552047610283	0.019571471959352493	0.03670743107795715	0.010253187268972397	0.028643665835261345	0.0359623059630394	human	nli		2006	Switzerland
SRR7851632	0.05950656905770302	0.03443976119160652	0.1285855770111084	0.14570654928684235	0.03039298579096794	0.01735125668346882	0.11973793059587479	0.05881330743432045	0.03241641819477081	0.05109788104891777	0.026302935555577278	0.06224067136645317	0.06573925167322159	0.02713788114488125	0.04562527313828468	0.09490568190813065	unknown	nli		2018	United States
SRR10018227	NA	NA	NA	NA	NA	NA	NA	NA	NA	NA	NA	NA	NA	NA	NA	NA	human	host_tax_id	host_tax_id=9606; Homo sapiens	2016	United Kingdom
SRR9924040	NA	NA	NA	NA	NA	NA	NA	NA	NA	NA	NA	NA	NA	NA	NA	NA	human	host_tax_id	host_tax_id=9606; Homo sapiens	2018	United Kingdom
SRR7637763	0.06158457323908806	0.03213740885257721	0.13596580922603607	0.15649569034576416	0.02863948605954647	0.016705263406038284	0.12140381336212158	0.055096335709095	0.03151581436395645	0.04796211048960686	0.024688778445124626	0.06403781473636627	0.05934109166264534	0.026642845943570137	0.04852747172117233	0.0892556756734848	unknown	nli		2018	United States
SRR7764604	0.0573984794318676	0.03481393679976463	0.12972897291183472	0.15941362082958221	0.029145000502467155	0.016900809481739998	0.11823497712612152	0.057735782116651535	0.03176042437553406	0.04919150471687317	0.026330314576625824	0.060981135815382004	0.06074339896440506	0.027325769886374474	0.04749215766787529	0.0928037017583847	unknown	nli		2018	United States
SRR10031344	NA	NA	NA	NA	NA	NA	NA	NA	NA	NA	NA	NA	NA	NA	NA	NA	human	host_tax_id	host_tax_id=9606; Homo sapiens	2016	United Kingdom
SRR8815897	0.06152672693133354	0.03454709053039551	0.15006570518016815	0.17230339348316193	0.027489596977829933	0.015210876241326332	0.10134141147136688	0.055314015597105026	0.03001503087580204	0.046036411076784134	0.02473795786499977	0.06231280416250229	0.06698258221149445	0.0260775089263916	0.03764728456735611	0.08839154243469238	unknown	nli		2019	United States
SRR5230144	0.05027235299348831	0.03067091293632984	0.1251564621925354	0.13934969902038574	0.027763033285737038	0.024215346202254295	0.25806137919425964	0.05923530459403992	0.04225096479058266	0.02717292308807373	0.016938086599111557	0.03329295665025711	0.01820744015276432	0.013346890918910503	0.027014169842004776	0.10705200582742691	human	nli		2016	United States
SRR6322607	0.057890329509973526	0.03159761056303978	0.15089106559753418	0.15766987204551697	0.03068532608449459	0.02267017960548401	0.2064451426267624	0.06296221166849136	0.043868936598300934	0.025890156626701355	0.016650773584842682	0.03122948855161667	0.01864797994494438	0.01393943838775158	0.02484973706305027	0.1041117012500763	human	nli		2014	United States
SRR9898983	NA	NA	NA	NA	NA	NA	NA	NA	NA	NA	NA	NA	NA	NA	NA	NA	human	host_tax_id	host_tax_id=9606; Homo sapiens	2018	United Kingdom
SRR7968374	0.06018169969320297	0.03336557373404503	0.13802661001682281	0.16600480675697327	0.028096629306674004	0.01651715487241745	0.11921899020671844	0.05587681755423546	0.03158989176154137	0.046323511749506	0.024173548445105553	0.061010148376226425	0.06018169969320297	0.026497645303606987	0.046052876859903336	0.08688242733478546	unknown	nli		2018	United States
SRR12362332	NA	NA	NA	NA	NA	NA	NA	NA	NA	NA	NA	NA	NA	NA	NA	NA	human	host_tax_id	host_tax_id=9606; Homo sapiens	2019	Ireland
SRR7157741	0.0580219104886055	0.03731571510434151	0.13609589636325836	0.15542641282081604	0.030635178089141846	0.021055229008197784	0.08986609429121017	0.060451194643974304	0.042532727122306824	0.047727517783641815	0.033976342529058456	0.06796710938215256	0.06985122710466385	0.03210538625717163	0.04261587932705879	0.07435624301433563	unknown	nli		2018	United States
ERR9766817	0.062364231795072556	0.0406208299100399	0.09109456092119217	0.021742764860391617	0.018780076876282692	0.015178894624114037	0.5350745320320129	0.021999061107635498	0.02622677944600582	0.02700650878250599	0.020666204392910004	0.01634831354022026	0.033121392130851746	0.009224464185535908	0.023996639996767044	0.036554791033267975	human	nli		2011	Switzerland
SRR27376378	NA	NA	NA	NA	NA	NA	NA	NA	NA	NA	NA	NA	NA	NA	NA	NA	human	host_tax_id	host_tax_id=9606; Homo sapiens	2022	Peru
SRR10001393	NA	NA	NA	NA	NA	NA	NA	NA	NA	NA	NA	NA	NA	NA	NA	NA	human	host_tax_id	host_tax_id=9606; Homo sapiens	2011	United Kingdom
SRR17925158	NA	NA	NA	NA	NA	NA	NA	NA	NA	NA	NA	NA	NA	NA	NA	NA	human	host_tax_id	host_tax_id=9606; Homo sapiens	2018	New Zealand
SRR17929568	NA	NA	NA	NA	NA	NA	NA	NA	NA	NA	NA	NA	NA	NA	NA	NA	human	host_tax_id	host_tax_id=9606; Homo sapiens	2018	New Zealand
SRR6048548	0.05999414995312691	0.031614694744348526	0.14877726137638092	0.16102375090122223	0.031124558299779892	0.02250591851770878	0.20817682147026062	0.06201958283782005	0.044150594621896744	0.025652416050434113	0.01617877557873726	0.03058222495019436	0.017699632793664932	0.013386504724621773	0.023957427591085434	0.10315568745136261	human	nli		2014	United States
SRR19905474	NA	NA	NA	NA	NA	NA	NA	NA	NA	NA	NA	NA	NA	NA	NA	NA	human	host_tax_id	host_tax_id=9606; Homo sapiens	2006	Bangladesh
SRR10019155	NA	NA	NA	NA	NA	NA	NA	NA	NA	NA	NA	NA	NA	NA	NA	NA	human	host_tax_id	host_tax_id=9606; Homo sapiens	2016	United Kingdom
SRR27474201	NA	NA	NA	NA	NA	NA	NA	NA	NA	NA	NA	NA	NA	NA	NA	NA	other_animal	host_tax_id	host_tax_id=9544; Macaca mulatta	2022	United States
SRR12488519	NA	NA	NA	NA	NA	NA	NA	NA	NA	NA	NA	NA	NA	NA	NA	NA	other_animal	host_tax_id	host_tax_id=10141; Cavia porcellus	2019	Peru
SRR3094502	0.026474609971046448	0.027962757274508476	0.04297253116965294	0.024199750274419785	0.026682252064347267	0.03446202352643013	0.025660071521997452	0.018410198390483856	0.023685377091169357	0.04116516560316086	0.02742191217839718	0.07541914284229279	0.03874669596552849	0.022381111979484558	0.06301505118608475	0.4813413619995117	other_animal	nli		2013	unknown
SRR27474105	NA	NA	NA	NA	NA	NA	NA	NA	NA	NA	NA	NA	NA	NA	NA	NA	other_animal	host_tax_id	host_tax_id=9544; Macaca mulatta	2022	United States
SRR1635242	0.011205248534679413	0.009850043803453445	0.017019351944327354	0.010505815967917442	0.017801322042942047	0.01804637350142002	0.016208289191126823	0.012697209604084492	0.013125872239470482	0.09236583858728409	0.051711440086364746	0.2899765968322754	0.18066701292991638	0.033649276942014694	0.012500355951488018	0.2126699686050415	environment	nli		2011	United Kingdom
SRR12686270	0.025150561705231667	0.025249000638723373	0.026254802942276	0.02656428888440132	0.03695296496152878	0.04058489203453064	0.03229396045207977	0.0212617889046669	0.02564661204814911	0.04885920509696007	0.037242792546749115	0.3303245007991791	0.03444394841790199	0.02584775909781456	0.032042648643255234	0.23128025233745575	environment	nli		2003	Brazil
SRR27474148	NA	NA	NA	NA	NA	NA	NA	NA	NA	NA	NA	NA	NA	NA	NA	NA	other_animal	host_tax_id	host_tax_id=9544; Macaca mulatta	2022	United States
SRR12686252	0.026189852505922318	0.025884732604026794	0.026498569175601006	0.027878951281309128	0.03722328320145607	0.04016943648457527	0.0336284376680851	0.021968085318803787	0.026602281257510185	0.04779564216732979	0.03686155006289482	0.31750360131263733	0.034024834632873535	0.02578381635248661	0.03208848088979721	0.2398984581232071	environment	nli		2007	Brazil
SRR29262348	NA	NA	NA	NA	NA	NA	NA	NA	NA	NA	NA	NA	NA	NA	NA	NA	other_animal	host_tax_id	host_tax_id=30538; Vicugna pacos	2022	Germany
SRR27474206	NA	NA	NA	NA	NA	NA	NA	NA	NA	NA	NA	NA	NA	NA	NA	NA	other_animal	host_tax_id	host_tax_id=9544; Macaca mulatta	2022	United States
SRR27474135	NA	NA	NA	NA	NA	NA	NA	NA	NA	NA	NA	NA	NA	NA	NA	NA	other_animal	host_tax_id	host_tax_id=9544; Macaca mulatta	2022	United States
SRR29262334	NA	NA	NA	NA	NA	NA	NA	NA	NA	NA	NA	NA	NA	NA	NA	NA	other_animal	host_tax_id	host_tax_id=30538; Vicugna pacos	2021	Germany
SRR6314321	NA	NA	NA	NA	NA	NA	NA	NA	NA	NA	NA	NA	NA	NA	NA	NA	other_animal	host_tax_id	host_tax_id=9544; Macaca mulatta	1999	Brazil
SRR1635222	0.009401079267263412	0.008328894153237343	0.014112691394984722	0.009165385738015175	0.017089782282710075	0.016339067369699478	0.013678489252924919	0.010841731913387775	0.011495967395603657	0.08806975930929184	0.045201804488897324	0.3175387680530548	0.1548694223165512	0.0318034403026104	0.01090544369071722	0.24115824699401855	environment	nli		2011	United Kingdom
SRR1635160	0.011558819562196732	0.010180718265473843	0.01790264993906021	0.010752981528639793	0.01909453049302101	0.019169263541698456	0.016460513696074486	0.013021338731050491	0.013619616627693176	0.09715960174798965	0.05386663228273392	0.2845935523509979	0.17169006168842316	0.03450826555490494	0.012645386159420013	0.2137761265039444	environment	nli		2011	United Kingdom
SRR27474144	NA	NA	NA	NA	NA	NA	NA	NA	NA	NA	NA	NA	NA	NA	NA	NA	other_animal	host_tax_id	host_tax_id=9544; Macaca mulatta	2022	United States
SRR1635043	0.01114544179290533	0.009403751231729984	0.014536394737660885	0.010328000411391258	0.015174618922173977	0.01593395508825779	0.015085965394973755	0.012264803051948547	0.011544241569936275	0.0523475706577301	0.04053015261888504	0.2609557509422302	0.3077814280986786	0.039130013436079025	0.01812620460987091	0.1657116562128067	water	nli		2011	United Kingdom
SRR1635167	0.01145280059427023	0.010087339207530022	0.017463434487581253	0.010716964490711689	0.018589727580547333	0.018626071512699127	0.0164053775370121	0.01295239944010973	0.013363552279770374	0.09589312225580215	0.05316447839140892	0.28294867277145386	0.17603030800819397	0.03479808568954468	0.01277652196586132	0.2147311121225357	environment	nli		2011	United Kingdom
SRR12686263	0.025938112288713455	0.02563592605292797	0.026449695229530334	0.026553215458989143	0.037082135677337646	0.040409818291664124	0.03317534923553467	0.02175692468881607	0.026449695229530334	0.048838842660188675	0.037666093558073044	0.3327765464782715	0.03559195622801781	0.02634657733142376	0.03343554958701134	0.2218935638666153	environment	nli		2004	Brazil
SRR27474188	NA	NA	NA	NA	NA	NA	NA	NA	NA	NA	NA	NA	NA	NA	NA	NA	other_animal	host_tax_id	host_tax_id=9544; Macaca mulatta	2022	United States
SRR3094503	0.026569638401269913	0.027682065963745117	0.04380593076348305	0.02428661473095417	0.02590350992977619	0.035475123673677444	0.025954151526093483	0.01847628317773342	0.02395683340728283	0.04590822011232376	0.029010554775595665	0.08345440775156021	0.04212774708867073	0.02344762347638607	0.06141534820199013	0.46252599358558655	other_animal	nli		2013	unknown
SRR11101879	0.051550980657339096	0.03447476029396057	0.0320713110268116	0.02705954760313034	0.03808562085032463	0.05796032398939133	0.03132837638258934	0.03102392517030239	0.027271779254078865	0.08351223915815353	0.02664003148674965	0.10093192756175995	0.028917480260133743	0.023509744554758072	0.01647668331861496	0.3891853392124176	other_animal	nli			Sweden
SRR3094501	0.027171125635504723	0.029321666806936264	0.04514896869659424	0.02532627247273922	0.02781546860933304	0.036066263914108276	0.026335155591368675	0.019042743369936943	0.024403655901551247	0.04550307244062424	0.029958438128232956	0.07970455288887024	0.042001351714134216	0.023377269506454468	0.06416961550712585	0.45465442538261414	other_animal	nli		2013	unknown
SRR1816196	0.05816952884197235	0.05153534933924675	0.07919834554195404	0.04373748600482941	0.045214083045721054	0.07557159662246704	0.09628070890903473	0.02657998725771904	0.06630206853151321	0.050243306905031204	0.025067314505577087	0.0818721279501915	0.03175000846385956	0.036118283867836	0.0568220391869545	0.17553772032260895	unknown	nli			unknown
SRR6314874	NA	NA	NA	NA	NA	NA	NA	NA	NA	NA	NA	NA	NA	NA	NA	NA	other_animal	host_tax_id	host_tax_id=9544; Macaca mulatta	2009	Brazil
SRR3619988	0.04884127900004387	0.038863688707351685	0.09178374707698822	0.051889825612306595	0.043610356748104095	0.06860872358083725	0.11179880052804947	0.024703258648514748	0.05168752372264862	0.05502108111977577	0.024511020630598068	0.09581353515386581	0.024083925411105156	0.028768442571163177	0.05260412395000458	0.18741068243980408	unknown	nli			unknown
SRR1635153	0.011596785858273506	0.010174337774515152	0.018279973417520523	0.010830525308847427	0.019649891182780266	0.019345246255397797	0.016579218208789825	0.013064107857644558	0.013558016158640385	0.09814737737178802	0.05554170906543732	0.2783699035644531	0.17981687188148499	0.03523557260632515	0.01253911480307579	0.20727133750915527	environment	nli		2011	United Kingdom
SRR1635168	0.011240373365581036	0.009938987903296947	0.017072701826691628	0.01053874846547842	0.01792701706290245	0.01831633411347866	0.016195708885788918	0.012687352485954762	0.013141325674951077	0.09420644491910934	0.051570478826761246	0.28876280784606934	0.17617276310920715	0.03388686850667	0.012490654364228249	0.21585136651992798	environment	nli		2011	United Kingdom
SRR12686293	0.026157036423683167	0.02605506218969822	0.027199016883969307	0.027953000739216805	0.036887336522340775	0.03896079212427139	0.03255296126008034	0.021348752081394196	0.027305472642183304	0.057692889124155045	0.03957433998584747	0.3121895492076874	0.03472019359469414	0.026882139965891838	0.033651966601610184	0.23086951673030853	environment	nli		1996	Brazil
SRR12686280	0.02633773908019066	0.026235058903694153	0.026962319388985634	0.027494104579091072	0.037800829857587814	0.04111262783408165	0.032522767782211304	0.021920211613178253	0.026440821588039398	0.048065535724163055	0.03656632825732231	0.3249587118625641	0.03455275297164917	0.026648199185729027	0.037069693207740784	0.2253122627735138	environment	nli		2000	Brazil
SRR27474180	NA	NA	NA	NA	NA	NA	NA	NA	NA	NA	NA	NA	NA	NA	NA	NA	other_animal	host_tax_id	host_tax_id=9544; Macaca mulatta	2022	United States
SRR1635134	0.010542244650423527	0.008877460844814777	0.0170450396835804	0.010000710375607014	0.016328148543834686	0.016075005754828453	0.0156719870865345	0.01173777598887682	0.011376643553376198	0.09544169902801514	0.04932146146893501	0.32477250695228577	0.16046033799648285	0.05209384113550186	0.012841165997087955	0.1874140501022339	environment	nli		2011	United Kingdom
SRR1816194	0.05430355295538902	0.045195434242486954	0.09255405515432358	0.050419144332408905	0.04493138566613197	0.07824336737394333	0.1118597611784935	0.02545156516134739	0.06274764239788055	0.04829857870936394	0.024238664656877518	0.08643852919340134	0.025253497064113617	0.03339017182588577	0.05022258311510086	0.16645200550556183	unknown	nli			unknown
SRR27474153	NA	NA	NA	NA	NA	NA	NA	NA	NA	NA	NA	NA	NA	NA	NA	NA	other_animal	host_tax_id	host_tax_id=9544; Macaca mulatta	2022	United States
SRR27474102	NA	NA	NA	NA	NA	NA	NA	NA	NA	NA	NA	NA	NA	NA	NA	NA	other_animal	host_tax_id	host_tax_id=9544; Macaca mulatta	2022	United States
SRR12686282	0.024143898859620094	0.024524107575416565	0.025600848719477654	0.026207953691482544	0.03805794194340706	0.04371895268559456	0.03052075020968914	0.02033120207488537	0.025105683133006096	0.05451548472046852	0.03828159347176552	0.3243061602115631	0.032489169389009476	0.025203943252563477	0.0308805163949728	0.23611174523830414	environment	nli		1999	Brazil
SRR1635212	0.011146511882543564	0.009817567653954029	0.017163194715976715	0.010636075399816036	0.018886933103203773	0.018997922539711	0.016218077391386032	0.012879770249128342	0.013288616202771664	0.09809449315071106	0.05454450845718384	0.28370726108551025	0.17504319548606873	0.034806303679943085	0.012386352755129337	0.2123831957578659	environment	nli		2011	United Kingdom
SRR27474192	NA	NA	NA	NA	NA	NA	NA	NA	NA	NA	NA	NA	NA	NA	NA	NA	other_animal	host_tax_id	host_tax_id=9544; Macaca mulatta	2022	United States
SRR29262329	NA	NA	NA	NA	NA	NA	NA	NA	NA	NA	NA	NA	NA	NA	NA	NA	other_animal	host_tax_id	host_tax_id=30538; Vicugna pacos	2022	Germany
SRR1635284	0.011769880540668964	0.010067310184240341	0.016958652064204216	0.010674817487597466	0.019865432754158974	0.02017826773226261	0.015562133863568306	0.01384124718606472	0.013441624119877815	0.1010822281241417	0.059539344161748886	0.3142571747303009	0.1547352522611618	0.03230782225728035	0.01030605100095272	0.195412740111351	environment	nli		2011	United Kingdom
SRR3619982	0.05038965493440628	0.03947412222623825	0.09249990433454514	0.05437789857387543	0.0444687157869339	0.06820517033338547	0.10814336687326431	0.02455795556306839	0.05229470878839493	0.05621372535824776	0.024605967104434967	0.09656115621328354	0.024130044505000114	0.029334675520658493	0.050784867256879807	0.183958038687706	unknown	nli			unknown
SRR12686295	0.02584345079958439	0.025742696598172188	0.026768170297145844	0.027083704248070717	0.03709141165018082	0.0412171371281147	0.03254181891679764	0.021508827805519104	0.026768170297145844	0.05230727046728134	0.0383436344563961	0.3213610053062439	0.034237008541822433	0.02655985951423645	0.03318364918231964	0.22944214940071106	environment	nli		1996	Brazil
SRR3619972	0.049342818558216095	0.04003715142607689	0.09040151536464691	0.0527307391166687	0.04440373182296753	0.06904301792383194	0.11033043265342712	0.02476271614432335	0.05304061248898506	0.05483128875494003	0.025399504229426384	0.09585673362016678	0.024522069841623306	0.02923465147614479	0.05201471596956253	0.1840483546257019	unknown	nli			unknown
SRR11101917	0.052698347717523575	0.03362821415066719	0.029968027025461197	0.02403300255537033	0.03462798893451691	0.05555194616317749	0.030380558222532272	0.028707612305879593	0.025284945964813232	0.08825312554836273	0.024602927267551422	0.10541906952857971	0.028989331796765327	0.023157496005296707	0.016072088852524757	0.3986252248287201	other_animal	nli			Sweden
SRR1635047	0.010287963785231113	0.00857914425432682	0.01696198619902134	0.009913182817399502	0.01602794975042343	0.01590322144329548	0.015293977223336697	0.011589683592319489	0.01121118851006031	0.09562812000513077	0.048225920647382736	0.3301280438899994	0.15431293845176697	0.051036302000284195	0.012385440990328789	0.19251497089862823	environment	nli		2011	United Kingdom
SRR27474114	NA	NA	NA	NA	NA	NA	NA	NA	NA	NA	NA	NA	NA	NA	NA	NA	other_animal	host_tax_id	host_tax_id=9544; Macaca mulatta	2022	United States
SRR27474182	NA	NA	NA	NA	NA	NA	NA	NA	NA	NA	NA	NA	NA	NA	NA	NA	other_animal	host_tax_id	host_tax_id=9544; Macaca mulatta	2022	United States
SRR1816195	0.05392620712518692	0.04453210532665253	0.0910177156329155	0.04967915266752243	0.04558815434575081	0.07800377160310745	0.11195369809865952	0.025176169350743294	0.06219003349542618	0.04900456964969635	0.02402326837182045	0.08668024837970734	0.02562263421714306	0.03348354622721672	0.051056310534477234	0.16806240379810333	unknown	nli			unknown
SRR1635062	0.010327894240617752	0.008595637045800686	0.01739761047065258	0.00991285964846611	0.01666588895022869	0.016184713691473007	0.015263639390468597	0.01172591745853424	0.011232741177082062	0.09277348965406418	0.04850774630904198	0.33531588315963745	0.15191558003425598	0.05123438686132431	0.012121791020035744	0.19082416594028473	environment	nli		2011	United Kingdom
SRR1635166	0.011718845926225185	0.010362062603235245	0.01786910556256771	0.010923163965344429	0.01962537132203579	0.019510716199874878	0.016688399016857147	0.013253280892968178	0.01378123089671135	0.0968828871846199	0.05482613295316696	0.2822628617286682	0.1723754107952118	0.034443601965904236	0.012621692381799221	0.21285521984100342	environment	nli		2011	United Kingdom
SRR12686254	0.025821253657341003	0.025420930236577988	0.02653704211115837	0.028581520542502403	0.03698723390698433	0.04102117568254471	0.03341517969965935	0.02174367383122444	0.02653704211115837	0.0481463186442852	0.037277329713106155	0.3286992311477661	0.034543294459581375	0.026433583348989487	0.03226083889603615	0.22657428681850433	environment	nli		2007	Brazil
SRR1814942	0.05183540657162666	0.04468490928411484	0.08869316428899765	0.04859984293580055	0.04628380388021469	0.07705795764923096	0.11124613881111145	0.026115434244275093	0.06072020158171654	0.046193499118089676	0.024058667942881584	0.08817499876022339	0.02626890502870083	0.03269217908382416	0.05133166164159775	0.17604324221611023	unknown	nli			unknown
SRR27474160	NA	NA	NA	NA	NA	NA	NA	NA	NA	NA	NA	NA	NA	NA	NA	NA	other_animal	host_tax_id	host_tax_id=9544; Macaca mulatta	2022	United States
SRR27474145	NA	NA	NA	NA	NA	NA	NA	NA	NA	NA	NA	NA	NA	NA	NA	NA	other_animal	host_tax_id	host_tax_id=9544; Macaca mulatta	2022	United States
SRR1635147	0.008511536754667759	0.00723777012899518	0.014394024387001991	0.008937452919781208	0.015084807761013508	0.013869661837816238	0.01320869941264391	0.009569778107106686	0.009758524596691132	0.09017696976661682	0.043991684913635254	0.3516206443309784	0.14480772614479065	0.04984910786151886	0.010843979194760323	0.20813770592212677	environment	nli		2011	United Kingdom
SRR12686266	0.02614729478955269	0.025943811982870102	0.0269772969186306	0.027402129024267197	0.0381929911673069	0.04294153302907944	0.03383711352944374	0.022104404866695404	0.02676735818386078	0.049232710152864456	0.037600863724946976	0.3182283639907837	0.03504785895347595	0.026249632239341736	0.033442895859479904	0.22988376021385193	environment	nli		2003	Brazil
SRR27474110	NA	NA	NA	NA	NA	NA	NA	NA	NA	NA	NA	NA	NA	NA	NA	NA	other_animal	host_tax_id	host_tax_id=9544; Macaca mulatta	2022	United States
SRR5209462	NA	NA	NA	NA	NA	NA	NA	NA	NA	NA	NA	NA	NA	NA	NA	NA	other_animal	host_tax_id	host_tax_id=9654; Procyon lotor	2011	Canada
SRR27474107	NA	NA	NA	NA	NA	NA	NA	NA	NA	NA	NA	NA	NA	NA	NA	NA	other_animal	host_tax_id	host_tax_id=9544; Macaca mulatta	2022	United States
SRR1635234	0.011456727050244808	0.010130290873348713	0.017435334622859955	0.010762599296867847	0.01845138520002365	0.018778594210743904	0.016539715230464935	0.012931558303534985	0.013394270092248917	0.09573882073163986	0.0529753640294075	0.2805688679218292	0.18026652932167053	0.03535819426178932	0.01280588936060667	0.21240584552288055	environment	nli		2011	United Kingdom
SRR5209460	NA	NA	NA	NA	NA	NA	NA	NA	NA	NA	NA	NA	NA	NA	NA	NA	other_animal	host_tax_id	host_tax_id=9654; Procyon lotor	2011	Canada
SRR1635161	0.011556219309568405	0.010158568620681763	0.01772468350827694	0.010729585774242878	0.018794270232319832	0.018757596611976624	0.016456810757517815	0.013018407858908176	0.013510589487850666	0.09600605815649033	0.0526069775223732	0.28648126125335693	0.17282888293266296	0.03477109223604202	0.012766608968377113	0.21383240818977356	environment	nli		2011	United Kingdom
SRR29262342	NA	NA	NA	NA	NA	NA	NA	NA	NA	NA	NA	NA	NA	NA	NA	NA	other_animal	host_tax_id	host_tax_id=30538; Vicugna pacos	2022	Germany
SRR1635151	0.011701053939759731	0.010305996052920818	0.018552720546722412	0.010864059440791607	0.02006027288734913	0.019787877798080444	0.01672828197479248	0.013259030878543854	0.013760308735072613	0.09758976101875305	0.05528011918067932	0.28183436393737793	0.17775070667266846	0.0352068729698658	0.012528901919722557	0.2047896832227707	environment	nli		2011	United Kingdom
SRR29262332	NA	NA	NA	NA	NA	NA	NA	NA	NA	NA	NA	NA	NA	NA	NA	NA	other_animal	host_tax_id	host_tax_id=30538; Vicugna pacos	2022	Germany
SRR3619973	0.04987289384007454	0.040467262268066406	0.09030814468860626	0.055964190512895584	0.04461854696273804	0.06964855641126633	0.10620137304067612	0.024401238188147545	0.05382023751735687	0.055637236684560776	0.025077663362026215	0.09745585918426514	0.023882584646344185	0.029548710212111473	0.051556628197431564	0.18153886497020721	unknown	nli			unknown
SRR1816201	0.05753813683986664	0.05137576535344124	0.0787990614771843	0.042260557413101196	0.04472330957651138	0.07895310968160629	0.09431014209985733	0.02660139463841915	0.06713763624429703	0.04632357880473137	0.025383226573467255	0.08225876092910767	0.0315282978117466	0.03389105573296547	0.059596940875053406	0.17931905388832092	unknown	nli			unknown
SRR1635210	0.009396916255354881	0.008308961056172848	0.013996663503348827	0.009215163998305798	0.016817377880215645	0.016299962997436523	0.013779665343463421	0.010858114808797836	0.011513341218233109	0.08924256265163422	0.045714374631643295	0.3157750070095062	0.15314681828022003	0.03241634741425514	0.01105066854506731	0.24246801435947418	environment	nli		2011	United Kingdom
SRR1635129	0.010657844133675098	0.008922371082007885	0.016865674406290054	0.010051304474473	0.016156326979398727	0.016156326979398727	0.01568986289203167	0.011751163750886917	0.01145655196160078	0.09416109323501587	0.047952089458703995	0.32753312587738037	0.15939323604106903	0.050945132970809937	0.012931360863149166	0.1893765926361084	environment	nli		2011	United Kingdom
SRR27474163	NA	NA	NA	NA	NA	NA	NA	NA	NA	NA	NA	NA	NA	NA	NA	NA	other_animal	host_tax_id	host_tax_id=9544; Macaca mulatta	2022	United States
SRR27474129	NA	NA	NA	NA	NA	NA	NA	NA	NA	NA	NA	NA	NA	NA	NA	NA	other_animal	host_tax_id	host_tax_id=9544; Macaca mulatta	2022	United States
SRR1635241	0.011547058820724487	0.010170361027121544	0.01781471073627472	0.010721081867814064	0.019299954175949097	0.0191871989518404	0.01663760095834732	0.013059001415967941	0.013605761341750622	0.09649369865655899	0.05402244254946709	0.2822292745113373	0.17747905850410461	0.03467573970556259	0.0127067556604743	0.21035034954547882	environment	nli		2011	United Kingdom
SRR6169171	0.04304377734661102	0.03287414461374283	0.0559207908809185	0.04043588414788246	0.03425052762031555	0.033131975680589676	0.029873840510845184	0.03100326843559742	0.0298155490309	0.056139666587114334	0.03112461231648922	0.336587518453598	0.053048256784677505	0.03405042737722397	0.037033651024103165	0.1216660588979721	environment	nli		2017	United States
SRR27474111	NA	NA	NA	NA	NA	NA	NA	NA	NA	NA	NA	NA	NA	NA	NA	NA	other_animal	host_tax_id	host_tax_id=9544; Macaca mulatta	2022	United States
SRR1635246	0.011272819712758064	0.00990944355726242	0.01756228692829609	0.01056917104870081	0.01847715489566326	0.018658479675650597	0.016274215653538704	0.012649640440940857	0.013282626867294312	0.0951264426112175	0.052842527627944946	0.2846893072128296	0.1791134476661682	0.03438528627157211	0.012380770407617092	0.2128063589334488	environment	nli		2011	United Kingdom
SRR12686250	0.026620913296937943	0.026620913296937943	0.027465956285595894	0.030165450647473335	0.037031739950180054	0.03911330923438072	0.03248946741223335	0.02189776860177517	0.02714596688747406	0.05462256819009781	0.03988475352525711	0.30765002965927124	0.03540501743555069	0.028007671236991882	0.033651988953351974	0.2322264313697815	environment	nli		2009	Brazil
SRR3094508	0.02726827748119831	0.02775183692574501	0.04383065178990364	0.024347830563783646	0.025918129831552505	0.03549514338374138	0.02607043832540512	0.019185630604624748	0.024252906441688538	0.04198719561100006	0.027860457077622414	0.07354603707790375	0.03906000405550003	0.022606195881962776	0.064273402094841	0.4765457808971405	other_animal	nli		2013	unknown
SRR3094510	0.026507187634706497	0.027295250445604324	0.042193226516246796	0.024419564753770828	0.027135787531733513	0.03484303876757622	0.025541547685861588	0.018650133162736893	0.02390052005648613	0.04137713089585304	0.027997169643640518	0.0753645971417427	0.03864312916994095	0.022584404796361923	0.06396110355854034	0.4795861840248108	other_animal	nli		2013	unknown
SRR1635275	0.01138842012733221	0.010089579038321972	0.0175014641135931	0.010803419165313244	0.01907201297581196	0.01877632923424244	0.01653772033751011	0.01305688638240099	0.01349769439548254	0.09610193967819214	0.054225094616413116	0.28135812282562256	0.1791917234659195	0.03426620364189148	0.012581233866512775	0.2115522176027298	environment	nli		2011	United Kingdom
SRR6315299	NA	NA	NA	NA	NA	NA	NA	NA	NA	NA	NA	NA	NA	NA	NA	NA	other_animal	host_tax_id	host_tax_id=9544; Macaca mulatta	2003	Brazil
SRR5054226	NA	NA	NA	NA	NA	NA	NA	NA	NA	NA	NA	NA	NA	NA	NA	NA	other_animal	host_tax_id	host_tax_id=9872; Odocoileus hemionus	2016	United States
SRR27474167	NA	NA	NA	NA	NA	NA	NA	NA	NA	NA	NA	NA	NA	NA	NA	NA	other_animal	host_tax_id	host_tax_id=9544; Macaca mulatta	2022	United States
SRR6314857	NA	NA	NA	NA	NA	NA	NA	NA	NA	NA	NA	NA	NA	NA	NA	NA	other_animal	host_tax_id	host_tax_id=9544; Macaca mulatta	2000	Brazil
SRR4069394	0.06504032760858536	0.06121918559074402	0.08466305583715439	0.06466034054756165	0.052261367440223694	0.07603985071182251	0.04967373237013817	0.028192896395921707	0.06645279377698898	0.07633745670318604	0.0380861721932888	0.06390701979398727	0.06580699980258942	0.03182218223810196	0.04014851897954941	0.13568812608718872	unknown	nli			unknown
SRR6314323	NA	NA	NA	NA	NA	NA	NA	NA	NA	NA	NA	NA	NA	NA	NA	NA	other_animal	host_tax_id	host_tax_id=9544; Macaca mulatta	1999	Brazil
SRR5209461	NA	NA	NA	NA	NA	NA	NA	NA	NA	NA	NA	NA	NA	NA	NA	NA	other_animal	host_tax_id	host_tax_id=9654; Procyon lotor	2011	Canada
SRR1635276	0.011434422805905342	0.01007115188986063	0.01753787137567997	0.010678890161216259	0.018962960690259933	0.01877867616713047	0.0164431594312191	0.012982227839529514	0.013499381020665169	0.09573923796415329	0.05402044579386711	0.28235670924186707	0.17729929089546204	0.03427048400044441	0.012582806870341301	0.21334227919578552	environment	nli		2011	United Kingdom
SRR1635258	0.01108393631875515	0.009781538508832455	0.017133638262748718	0.01043274998664856	0.01848973147571087	0.018345842137932777	0.016064157709479332	0.012658251449465752	0.01308559998869896	0.09640737622976303	0.054132476449012756	0.2829422652721405	0.17766696214675903	0.03374316543340683	0.01214956771582365	0.21588265895843506	environment	nli		2011	United Kingdom
SRR3619993	0.049562808126211166	0.036331817507743835	0.07587005198001862	0.04165463522076607	0.04399606212973595	0.07382358610630035	0.09497667104005814	0.028572922572493553	0.05561622977256775	0.04965970665216446	0.0253142062574625	0.09972929954528809	0.028966249898076057	0.02694683149456978	0.05805807560682297	0.21092084050178528	other_animal	nli			unknown
SRR1816192	0.05768802389502525	0.05090950056910515	0.07808390259742737	0.04228797182440758	0.044927481561899185	0.07732508331537247	0.0956704169511795	0.02682742290198803	0.06731253862380981	0.04745287448167801	0.02530067041516304	0.08199121803045273	0.030938541516661644	0.03404577076435089	0.05768802389502525	0.181550532579422	unknown	nli			unknown
SRR1635090	0.011984828859567642	0.010311408899724483	0.014288040809333324	0.010072545148432255	0.015328829176723957	0.016574416309595108	0.01700063794851303	0.012317060492932796	0.012008260004222393	0.08599977940320969	0.028304381296038628	0.36723607778549194	0.22835633158683777	0.03515664115548134	0.01612734980881214	0.11893337965011597	environment	nli		2011	United Kingdom
SRR1635156	0.011324022896587849	0.009896298870444298	0.017436524853110313	0.010637935250997543	0.01845264434814453	0.018524866551160812	0.016348138451576233	0.012756832875311375	0.013290940783917904	0.09583890438079834	0.05339449644088745	0.28375691175460815	0.17388111352920532	0.03407244756817818	0.012292111292481422	0.2180957794189453	environment	nli		2011	United Kingdom
SRR27474113	NA	NA	NA	NA	NA	NA	NA	NA	NA	NA	NA	NA	NA	NA	NA	NA	other_animal	host_tax_id	host_tax_id=9544; Macaca mulatta	2022	United States
SRR27474152	NA	NA	NA	NA	NA	NA	NA	NA	NA	NA	NA	NA	NA	NA	NA	NA	other_animal	host_tax_id	host_tax_id=9544; Macaca mulatta	2022	United States
SRR1635049	0.010640491731464863	0.00896019209176302	0.016642045229673386	0.010034939274191856	0.017003456130623817	0.01648031547665596	0.015725625678896904	0.011916784569621086	0.011754968203604221	0.09300334006547928	0.047131799161434174	0.32956454157829285	0.1610095351934433	0.05026962235569954	0.013088027015328407	0.18677431344985962	environment	nli		2011	United Kingdom
SRR3094499	0.026879677549004555	0.02789590135216713	0.0443170964717865	0.024189088493585587	0.02595110610127449	0.03471701219677925	0.026052676141262054	0.018838483840227127	0.02409478649497032	0.0414697490632534	0.027624810114502907	0.07263966649770737	0.039262767881155014	0.0226349588483572	0.06511377543210983	0.478318452835083	other_animal	nli		2013	unknown
SRR27474149	NA	NA	NA	NA	NA	NA	NA	NA	NA	NA	NA	NA	NA	NA	NA	NA	other_animal	host_tax_id	host_tax_id=9544; Macaca mulatta	2022	United States
SRR1635207	0.011092069558799267	0.009731528349220753	0.01678176410496235	0.010481268167495728	0.018110008910298347	0.01839520037174225	0.015888655558228493	0.012618155218660831	0.01306965108960867	0.09488965570926666	0.051590606570243835	0.28901663422584534	0.17232710123062134	0.03357065096497536	0.012349952012300491	0.22008708119392395	environment	nli		2011	United Kingdom
SRR1635219	0.01177726686000824	0.010454478673636913	0.01802847348153591	0.01099908072501421	0.019955698400735855	0.0201515331864357	0.016870155930519104	0.013450059108436108	0.01393132284283638	0.09774695336818695	0.055099453777074814	0.2800915241241455	0.1775161772966385	0.03441308066248894	0.013189912773668766	0.20632490515708923	environment	nli		2011	United Kingdom
SRR1635233	0.011554043740034103	0.010156656615436077	0.017721347510814667	0.010854019783437252	0.0189011562615633	0.018975133076310158	0.016485881060361862	0.013298623263835907	0.0136672742664814	0.09674083441495895	0.05416079983115196	0.28088730573654175	0.1751750111579895	0.03429248556494713	0.012395679950714111	0.21473371982574463	environment	nli		2011	United Kingdom
SRR12625727	0.0036728079430758953	0.004344562999904156	0.8246994018554688	0.005281645804643631	0.015493330545723438	0.0047436924651265144	0.003021169686689973	0.008966851979494095	0.005915162619203329	0.0034637877251952887	0.0038944415282458067	0.06554863601922989	0.012449240311980247	0.010943583212792873	0.0033769472502171993	0.02418474666774273	pig	nli		2020	United States
SRR6856173	0.005344805307686329	0.004952800925821066	0.838646411895752	0.0076262312941253185	0.004413723945617676	0.00393332215026021	0.005667333956807852	0.004698384553194046	0.004319909028708935	0.008675474673509598	0.006548591889441013	0.043163374066352844	0.012598112225532532	0.009307424537837505	0.007522675674408674	0.03258141875267029	pig	nli		2010	United States
SRR6659229	0.0046458919532597065	0.005122485104948282	0.7905287742614746	0.006538974121212959	0.01859145425260067	0.005102514289319515	0.003562128869816661	0.00977789331227541	0.006720240693539381	0.004164550453424454	0.004330447409301996	0.08899855613708496	0.011656981892883778	0.011611534282565117	0.00456493953242898	0.024082640185952187	pig	nli		2017	United States
SRR8951824	0.005625443067401648	0.0074670701287686825	0.7661378979682922	0.009311087429523468	0.0263698548078537	0.007423446048051119	0.0036892550997436047	0.014225469902157784	0.008902071975171566	0.005516636651009321	0.006641349755227566	0.07891828566789627	0.0145628172904253	0.014449488371610641	0.0044414084404706955	0.026318402960896492	pig	nli		2019	United States
SRR3215130	0.017168249934911728	0.01651054248213768	0.4346351623535156	0.1656550019979477	0.16748496890068054	0.029896732419729233	0.004236119333654642	0.01989607699215412	0.025077423080801964	0.008229374885559082	0.011380812153220177	0.04106400907039642	0.011537477374076843	0.013227783143520355	0.009020565077662468	0.02497965469956398	pig	nli		2016	United States
SRR6376259	0.005509366746991873	0.005155392922461033	0.8313502073287964	0.007413662504404783	0.004409641493111849	0.0038914945907890797	0.0058418260887265205	0.00469403900206089	0.004307492636144161	0.010536938905715942	0.007708990015089512	0.04427561163902283	0.014123722910881042	0.011304485611617565	0.007399197202175856	0.032077934592962265	pig	nli		2009	United States
SRR7496959	0.0055969893001019955	0.005237386096268892	0.8274284601211548	0.00801731739193201	0.004453601781278849	0.003953386563807726	0.006111177150160074	0.004872255027294159	0.004401715938001871	0.009919419884681702	0.0075906431302428246	0.045023731887340546	0.014602798968553543	0.011328332126140594	0.007443826645612717	0.034018900245428085	pig	nli		2010	United States
ERR4224796	0.0026736892759799957	0.002521529095247388	0.9118637442588806	0.011234688572585583	0.003755806712433696	0.0024060599971562624	0.0018483968451619148	0.0020499888341873884	0.0018775048665702343	0.002415476832538843	0.002090421039611101	0.02302958443760872	0.013380667194724083	0.00458376994356513	0.003959182184189558	0.01030952949076891	pig	nli		2004	Netherlands
SRR10768360	0.005754173267632723	0.0052597401663661	0.821278989315033	0.008982137776911259	0.004614586476236582	0.004080320242792368	0.006482239812612534	0.005147943273186684	0.004472610540688038	0.01113487035036087	0.00845443457365036	0.04202256351709366	0.015519741922616959	0.012373418547213078	0.0076978495344519615	0.036724384874105453	pig	nli		2009	United States
SRR6998296	0.005157490260899067	0.005028186831623316	0.8333144187927246	0.00837143324315548	0.004437359515577555	0.003946669399738312	0.005787407513707876	0.004742031916975975	0.004250730387866497	0.01102555450052023	0.008654056116938591	0.03993787243962288	0.014521151781082153	0.011622583493590355	0.0070494539104402065	0.03215372562408447	pig	nli		2009	United States
SRR7367176	0.016683949157595634	0.017163198441267014	0.4328133463859558	0.24805884063243866	0.09479833394289017	0.02586585469543934	0.0041367728263139725	0.01863047666847706	0.02596709132194519	0.00814700499176979	0.010814128443598747	0.04010096564888954	0.012495700269937515	0.01369706355035305	0.008307688869535923	0.022319544106721878	pig	nli		2018	United States
SRR7543323	0.00529779028147459	0.006503678392618895	0.7576189041137695	0.008515595458447933	0.02943350002169609	0.008253597654402256	0.003771398914977908	0.013687850907444954	0.00875165592879057	0.005573766306042671	0.0063035814091563225	0.08343982696533203	0.015121505595743656	0.016350245103240013	0.004786154720932245	0.026590954512357712	pig	nli		2018	United States
SRR5876891	0.00580242183059454	0.004982499405741692	0.8502921462059021	0.007838571444153786	0.003987942356616259	0.0035747685469686985	0.005813765339553356	0.004345813300460577	0.004154910799115896	0.007179041858762503	0.005836520344018936	0.039807554334402084	0.01204613782465458	0.009004537016153336	0.007597404066473246	0.02773592434823513	pig	nli		2010	United States
SRR7500598	0.005881741177290678	0.005429106764495373	0.8168427348136902	0.008846800774335861	0.004607623443007469	0.004122188314795494	0.006224502343684435	0.005180490668863058	0.004707686137408018	0.011448611505329609	0.00832704920321703	0.04787208512425423	0.015345730818808079	0.01209214422851801	0.008150056004524231	0.03492150455713272	pig	nli		2010	United States
SRR5427952	0.019052136689424515	0.015980960801243782	0.45133882761001587	0.22917456924915314	0.0839594230055809	0.029393482953310013	0.004455121234059334	0.019052136689424515	0.029364794492721558	0.007637854665517807	0.008739758282899857	0.04214535653591156	0.011443407274782658	0.015733199194073677	0.007849583402276039	0.024679385125637054	pig	nli		2017	United States
SRR6398669	0.005244906526058912	0.004888790659606457	0.8302366137504578	0.007601543329656124	0.004382283892482519	0.0038824882358312607	0.005693292710930109	0.00460157310590148	0.004255759529769421	0.010471568442881107	0.007527671288698912	0.045176535844802856	0.014652356505393982	0.011256315745413303	0.007557132747024298	0.032571230083703995	pig	nli		2009	United States
SRR17152128	0.002277838531881571	0.00206590979360044	0.8030856251716614	0.0035975687205791473	0.004297324456274509	0.002621775958687067	0.004628400318324566	0.0028738391119986773	0.0029133998323231936	0.012605893425643444	0.008251016028225422	0.08918451517820358	0.014969868585467339	0.01168133970350027	0.0038370785769075155	0.031108614057302475	pig	nli		2019	South Korea
SRR10768380	0.005770381074398756	0.0054313684813678265	0.8187806606292725	0.008233464322984219	0.004765163641422987	0.004188847728073597	0.00661577470600605	0.0051122745499014854	0.0045826127752661705	0.011408728547394276	0.008395854383707047	0.04322460666298866	0.015839451923966408	0.012802149169147015	0.007659458089619875	0.03718923404812813	pig	nli		2009	United States
SRR8696153	0.016160743311047554	0.01572483591735363	0.4363669753074646	0.23402705788612366	0.10751223564147949	0.024859730154275894	0.0044876765459775925	0.019060617312788963	0.026437213644385338	0.008400475606322289	0.01117237750440836	0.03957086056470871	0.012270457111299038	0.012318482622504234	0.008367725647985935	0.0232625063508749	pig	nli		2019	United States
SRR5865333	0.006125608459115028	0.005128143355250359	0.8473937511444092	0.008323798887431622	0.004017272032797337	0.0036506305914372206	0.005983708892017603	0.004352198913693428	0.004177302122116089	0.007564116269350052	0.006066078785806894	0.041211940348148346	0.011969957500696182	0.008930130861699581	0.007274339906871319	0.02783098630607128	pig	nli		2010	United States
SRR9289356	0.005589086562395096	0.007051481865346432	0.7784769535064697	0.007162526715546846	0.019318250939249992	0.005385480355471373	0.003963255789130926	0.011334454640746117	0.007506263442337513	0.004941994324326515	0.004761961288750172	0.0899394154548645	0.0127188041806221	0.012497183866798878	0.0049323514103889465	0.02442055754363537	pig	nli		2019	United States
SRR6904941	0.005304181016981602	0.006614065263420343	0.7629903554916382	0.009309127926826477	0.02839547209441662	0.007869752123951912	0.003624208737164736	0.013413071632385254	0.008762212470173836	0.005002318881452084	0.006189115811139345	0.081207774579525	0.014222475700080395	0.014559750445187092	0.004635433200746775	0.0279006939381361	pig	nli		2018	United States
SRR7127921	0.005789544899016619	0.0053649223409593105	0.8263275027275085	0.007882518693804741	0.00465202983468771	0.004113428760319948	0.006284491624683142	0.004952060524374247	0.004526549484580755	0.009829130955040455	0.007714973762631416	0.04544944316148758	0.014024689793586731	0.010401928797364235	0.007975434884428978	0.03471143916249275	pig	nli		2009	United States
SRR9010153	0.01696372777223587	0.016798872500658035	0.4443899393081665	0.23532328009605408	0.08230427652597427	0.028743771836161613	0.004468679893761873	0.019793909043073654	0.02561522275209427	0.009295356459915638	0.011796420440077782	0.0443456657230854	0.01389958057552576	0.013630738481879234	0.008283624425530434	0.02434692159295082	pig	nli		2019	United States
SRR3297736	0.004941297695040703	0.0062098936177790165	0.7662996053695679	0.00857121217995882	0.027560347691178322	0.0075052049942314625	0.0035940101370215416	0.012519851326942444	0.008655326440930367	0.00521905068308115	0.006246386095881462	0.08288484811782837	0.0144949434325099	0.0144949434325099	0.004632862284779549	0.026170171797275543	pig	nli		2016	United States
SRR7624020	0.005109783727675676	0.006510033272206783	0.7635610103607178	0.00932519230991602	0.02830592729151249	0.007945163175463676	0.003694843966513872	0.01317633967846632	0.008709028363227844	0.005428723059594631	0.00656109256669879	0.08020414412021637	0.014814555644989014	0.015106746926903725	0.0048001972027122974	0.026747221127152443	pig	nli		2018	United States
SRR11654067	0.017532354220747948	0.016976352781057358	0.43526801466941833	0.25203683972358704	0.08108857274055481	0.02639639936387539	0.004546867683529854	0.019750695675611496	0.024797122925519943	0.00951357651501894	0.011839836835861206	0.04156794026494026	0.012752005830407143	0.013468801975250244	0.008265537209808826	0.02419905550777912	pig	nli		2019	United States
SRR9879527	0.0035422907676547766	0.003473776625469327	0.8039830327033997	0.006061049178242683	0.004365610424429178	0.0028742426075041294	0.005245401058346033	0.005174174904823303	0.004434358328580856	0.009063240140676498	0.0071556237526237965	0.06408955901861191	0.018815772607922554	0.017401745542883873	0.006643772125244141	0.03767630457878113	pig	nli		2018	United States
SRR5865320	0.0059828851372003555	0.0050875348970294	0.8514243960380554	0.007757565006613731	0.003985459916293621	0.0036288027185946703	0.005867164582014084	0.00432617636397481	0.0041604433208703995	0.007188600953668356	0.005787495523691177	0.039511751383543015	0.0112431850284338	0.008470241911709309	0.007174574304372072	0.028403718024492264	pig	nli		2010	United States
SRR10045171	0.0060821776278316975	0.007824939675629139	0.733869731426239	0.00960605964064598	0.03339772671461105	0.007824939675629139	0.004115407355129719	0.014533504843711853	0.009328714571893215	0.006238585337996483	0.006811716128140688	0.08850838243961334	0.015899701043963432	0.016533073037862778	0.0051017398945987225	0.034323543310165405	pig	nli		2019	United States
SRR3583308	0.016778044402599335	0.015608343295753002	0.42725279927253723	0.26245278120040894	0.08556030690670013	0.026421358808875084	0.0041927313432097435	0.01890094205737114	0.027988392859697342	0.008113332092761993	0.011133014224469662	0.039585765451192856	0.012084772810339928	0.013455231674015522	0.008653482422232628	0.021818680688738823	pig	nli		2016	United States
SRR5645350	0.006109321489930153	0.0050155846402049065	0.8517693281173706	0.008498535491526127	0.003929095808416605	0.0036267295945435762	0.005921357311308384	0.00426499405875802	0.0041580661199986935	0.007004371378570795	0.00573917618021369	0.038349051028490067	0.01132489275187254	0.008350452408194542	0.007412554230540991	0.028526438400149345	pig	nli		2010	United States
SRR11544808	0.005562617909163237	0.0069363233633339405	0.7657635807991028	0.009029018692672253	0.02719363197684288	0.007999267429113388	0.0038531124591827393	0.013687176629900932	0.009536544792354107	0.005540931131690741	0.006618686486035585	0.07834234088659286	0.015179942362010479	0.015299000777304173	0.0048423344269394875	0.02461542934179306	pig	nli		2020	United States
SRR6666794	0.005292465444654226	0.0049815308302640915	0.8336840271949768	0.007944930344820023	0.004396185744553804	0.0038948049768805504	0.00571135338395834	0.004744134843349457	0.004361974541097879	0.009984659031033516	0.007449009455740452	0.04341375455260277	0.014274454675614834	0.01129202451556921	0.007304931990802288	0.031269755214452744	pig	nli		2009	United States
ERR4223951	0.002071535913273692	0.002248631091788411	0.9250547289848328	0.002464819233864546	0.0032717389985919	0.0019844097550958395	0.0015515085542574525	0.0017106682062149048	0.001569797401316464	0.0019346587359905243	0.001992176752537489	0.021840348839759827	0.013169449754059315	0.005415297579020262	0.003523801453411579	0.010196457616984844	pig	nli		2017	Netherlands
ERR1163653	0.0053962054662406445	0.00459762429818511	0.8847501277923584	0.004697469994425774	0.003716004779562354	0.0030210905242711306	0.0029742529150098562	0.0030927336774766445	0.003074664855375886	0.00637071393430233	0.00426874915137887	0.02138413116335869	0.013996690511703491	0.006162659265100956	0.006296493578702211	0.02620038390159607	pig	nli		2008	United Kingdom
SRR8609085	0.016998998820781708	0.016866711899638176	0.4572117328643799	0.19626063108444214	0.09929021447896957	0.02998020313680172	0.004683717153966427	0.02074640989303589	0.02925712615251541	0.01005192194133997	0.011936952359974384	0.04616296663880348	0.012461047619581223	0.013632427901029587	0.00894036516547203	0.025518519803881645	pig	nli		2019	United States
SRR3583313	0.005344355944544077	0.006599399261176586	0.7605553865432739	0.009471683762967587	0.02770322933793068	0.007700423710048199	0.0036587982904165983	0.013862205669283867	0.009144480340182781	0.0050698271952569485	0.006484407931566238	0.08182286471128464	0.015434232540428638	0.015374059788882732	0.004818802699446678	0.02695597894489765	pig	nli		2016	United States
SRR6764260	0.005373113323003054	0.00693975854665041	0.770645022392273	0.008065998554229736	0.025608673691749573	0.0076966299675405025	0.0036641450133174658	0.013066863641142845	0.008910826407372952	0.005047573707997799	0.0061243148520588875	0.07773320376873016	0.014073565602302551	0.01449197344481945	0.004542324226349592	0.028015973046422005	pig	nli		2018	United States
SRR17412822	0.005945730954408646	0.006951264571398497	0.8420155644416809	0.005864995531737804	0.031031949445605278	0.006491958629339933	0.002914746757596731	0.010173466056585312	0.005629305262118578	0.003401034977287054	0.004367015790194273	0.04091040790081024	0.008450588211417198	0.007116109132766724	0.0036416584625840187	0.015094255097210407	pig	nli		2021	United States
SRR5760705	0.0060146949253976345	0.004937899298965931	0.8509505987167358	0.00806210283190012	0.003983242902904749	0.003605595091357827	0.0057617248967289925	0.004290121141821146	0.004101665690541267	0.007128690369427204	0.005739261396229267	0.0410628579556942	0.011347201652824879	0.008565316908061504	0.007255106698721647	0.027193954214453697	pig	nli		2010	United States
SRR12070098	NA	NA	NA	NA	NA	NA	NA	NA	NA	NA	NA	NA	NA	NA	NA	NA	pig	host_tax_id	host_tax_id=9825; Sus scrofa domesticus	2016	Italy
SRR6666474	0.0054739187471568584	0.005092296749353409	0.8292341232299805	0.008137468248605728	0.004441580269485712	0.003958146553486586	0.005884138401597738	0.004840160254389048	0.0044242641888558865	0.010286723263561726	0.007629526779055595	0.04503394290804863	0.014450048096477985	0.011453277431428432	0.007570154033601284	0.03209015727043152	pig	nli		2009	United States
SRR12680074	0.018642839044332504	0.016776738688349724	0.5024054050445557	0.21471460163593292	0.07278592884540558	0.020495157688856125	0.004184224177151918	0.020395327359437943	0.03106880374252796	0.007286394946277142	0.009103557094931602	0.030827026814222336	0.009978792630136013	0.010478129610419273	0.005696859676390886	0.025160282850265503	pig	nli		2020	United States
SRR11654077	0.01576489768922329	0.015339665114879608	0.44480210542678833	0.22355136275291443	0.10462304949760437	0.026452846825122833	0.004761297255754471	0.019524164497852325	0.023413049057126045	0.009141859598457813	0.011601623147726059	0.04285342991352081	0.013172063045203686	0.014608650468289852	0.008438341319561005	0.02195160649716854	pig	nli		2020	United States
SRR3113830	0.005398552864789963	0.0064738537184894085	0.766020655632019	0.011745553463697433	0.027442902326583862	0.007208014838397503	0.003761443542316556	0.013231699354946613	0.008711523376405239	0.005222247913479805	0.006286941934376955	0.07979736477136612	0.014223294332623482	0.014617577195167542	0.00494432495906949	0.024913949891924858	pig	nli		2015	United States
SRR20710162	0.005571755580604076	0.006048083305358887	0.8358526825904846	0.006131340749561787	0.036940619349479675	0.0064633493311703205	0.0028624979313462973	0.010389097966253757	0.006024504080414772	0.0034393700771033764	0.004373321309685707	0.041371528059244156	0.00849591288715601	0.007252759765833616	0.003548547625541687	0.015234607271850109	pig	nli		2022	United States
SRR5861818	0.005968827288597822	0.004929039627313614	0.849423885345459	0.008000621572136879	0.003945153672248125	0.0035850945860147476	0.005933955777436495	0.0043244496919214725	0.004134485963732004	0.007227959111332893	0.005841957870870829	0.041472356766462326	0.011527708731591702	0.00866764783859253	0.007227959111332893	0.02778889425098896	pig	nli		2010	United States
ERR10497186	0.0028071242850273848	0.0031132777221500874	0.920695424079895	0.0042057703249156475	0.0033596879802644253	0.0026733505073934793	0.0025860441382974386	0.002683813450857997	0.0019596887286752462	0.004701049067080021	0.004060480277985334	0.011544661596417427	0.009991072118282318	0.00564843975007534	0.008012387901544571	0.011957746930420399	pig	nli		2017	Spain
SRR6659230	0.00564178079366684	0.007145821116864681	0.7631283402442932	0.008738160133361816	0.029102515429258347	0.008018585853278637	0.003614259883761406	0.01423894613981247	0.009211327880620956	0.005126875825226307	0.006064579822123051	0.07922481745481491	0.014266785234212875	0.014434956014156342	0.004622709471732378	0.027419500052928925	pig	nli		2017	United States
SRR17066970	0.016541482880711555	0.013343477621674538	0.5836771726608276	0.18024174869060516	0.08842378109693527	0.012782268226146698	0.003053896129131317	0.01759112998843193	0.018471388146281242	0.003690904239192605	0.0065030911937355995	0.020566117018461227	0.006922504398971796	0.006908997427672148	0.003690904239192605	0.01759112998843193	pig	nli		2021	United States
SRR11600456	0.005764839705079794	0.007818282581865788	0.7609668970108032	0.009320777840912342	0.0269969142973423	0.007652101572602987	0.0038477187044918537	0.013721511699259281	0.008876594714820385	0.005890033207833767	0.006306753493845463	0.08170739561319351	0.014323960058391094	0.014982088468968868	0.004668509587645531	0.027155566960573196	pig	nli		2019	United States
SRR5815736	0.005653488915413618	0.007188677787780762	0.7617307901382446	0.008739209733903408	0.028348594903945923	0.00765230692923069	0.003671617479994893	0.013615095987915993	0.008603720925748348	0.005384070798754692	0.006368815433233976	0.08231023699045181	0.014692701399326324	0.014750207774341106	0.004659525118768215	0.02663104236125946	pig	nli		2017	United States
SRR6664291	0.005463057663291693	0.00525377131998539	0.830828070640564	0.00799541361629963	0.004555650055408478	0.004036081954836845	0.005988288205116987	0.004887498915195465	0.00445881811901927	0.010246283374726772	0.007764571346342564	0.04326502978801727	0.014677122235298157	0.011408251710236073	0.007734300103038549	0.03143773227930069	pig	nli		2009	United States
SRR9856028	0.005874451715499163	0.007058315444737673	0.7392038106918335	0.009857087396085262	0.033476609736680984	0.0076169660314917564	0.004061173647642136	0.013900721445679665	0.009027722291648388	0.005862988997250795	0.006774670910090208	0.08789816498756409	0.014797241427004337	0.01641107350587845	0.004995328839868307	0.03318367153406143	pig	nli		2019	United States
SRR7439653	0.005536835175007582	0.005181096959859133	0.8289934396743774	0.008087578229606152	0.004371451213955879	0.003933880012482405	0.00609291298314929	0.004838754888623953	0.004431627690792084	0.010364393703639507	0.007838749326765537	0.04376375302672386	0.014166444540023804	0.01098982710391283	0.007392645347863436	0.03401673957705498	pig	nli		2010	United States
SRR12782933	0.003835470648482442	0.004736173432320356	0.8298501372337341	0.004554733633995056	0.015499014407396317	0.004329212941229343	0.003118215361610055	0.008987678214907646	0.006298968102782965	0.003332314547151327	0.003988258074969053	0.06296832859516144	0.011676442809402943	0.010144669562578201	0.0033453567884862423	0.023335043340921402	pig	nli		2020	United States
SRR2889269	0.0050628152675926685	0.005838657263666391	0.7714638113975525	0.011588900350034237	0.027342606335878372	0.007111878599971533	0.0037112762220203876	0.013029750436544418	0.008628975600004196	0.005023416131734848	0.006023996043950319	0.07857944816350937	0.014061029069125652	0.01419901568442583	0.004878380335867405	0.023455990478396416	pig	nli		2015	United States
SRR8635363	0.005550585221499205	0.007542426697909832	0.7656009793281555	0.008397767320275307	0.0256656464189291	0.0075571718625724316	0.0036687126848846674	0.013108729384839535	0.008630561642348766	0.005637993570417166	0.006036882288753986	0.08394920825958252	0.014397120103240013	0.014091107994318008	0.004373755306005478	0.025791272521018982	pig	nli		2019	United States
SRR6212386	0.005561971105635166	0.005133945494890213	0.8278915286064148	0.00781305693089962	0.00445174565538764	0.0038828819524496794	0.005863150116056204	0.004766706842929125	0.00434862170368433	0.010071429423987865	0.007617176044732332	0.04602725803852081	0.015001347288489342	0.011257456615567207	0.00751374289393425	0.03279797360301018	pig	nli		2010	United States
SRR5605553	0.017674529924988747	0.016997428610920906	0.45449861884117126	0.21249979734420776	0.09251752495765686	0.02916884422302246	0.0044863116927444935	0.01941167376935482	0.028437552973628044	0.009009651839733124	0.012076545506715775	0.042316265404224396	0.012362932786345482	0.01670125499367714	0.008219419047236443	0.02362164855003357	pig	nli		2017	United States
SRR6289028	0.00573153467848897	0.005352822132408619	0.8317421078681946	0.00795744638890028	0.004596431273967028	0.004072212148457766	0.005936617963016033	0.004921628627926111	0.004455014131963253	0.010000388137996197	0.007519260048866272	0.044123779982328415	0.01407529041171074	0.01113447081297636	0.0077277012169361115	0.030653323978185654	pig	nli		2009	United States
SRR18426075	0.005652444437146187	0.00672556646168232	0.833996057510376	0.00583187211304903	0.03548116981983185	0.006673227529972792	0.002961226971819997	0.010175456292927265	0.006052355747669935	0.003441799199208617	0.004376410041004419	0.04296596720814705	0.00892734806984663	0.0075322771444916725	0.0035999363753944635	0.015606897883117199	pig	nli		2022	United States
SRR5195803	0.005362134426832199	0.006778372451663017	0.7675696611404419	0.00873766839504242	0.027849722653627396	0.007606258615851402	0.003678146516904235	0.013116792775690556	0.008652754127979279	0.005207319278270006	0.006076094228774309	0.0803108811378479	0.014490636996924877	0.014405978843569756	0.0047505879774689674	0.025407036766409874	pig	nli		2016	United States
SRR9007403	0.005427164025604725	0.006968616042286158	0.7655813097953796	0.008982900530099869	0.026949258521199226	0.007246214896440506	0.0038110357709228992	0.013172553852200508	0.008372984826564789	0.00553420465439558	0.006137782242149115	0.08260522782802582	0.014076991938054562	0.01469504740089178	0.0047988188453018665	0.025639934465289116	pig	nli		2019	United States
SRR12070221	NA	NA	NA	NA	NA	NA	NA	NA	NA	NA	NA	NA	NA	NA	NA	NA	pig	host_tax_id	host_tax_id=9825; Sus scrofa domesticus	2013	Italy
SRR8754469	0.017403122037649155	0.017369166016578674	0.45102939009666443	0.22513680160045624	0.08390185981988907	0.027782967314124107	0.004748465493321419	0.0213853120803833	0.02579561248421669	0.01039187889546156	0.012461766600608826	0.04199325293302536	0.012461766600608826	0.01384790614247322	0.00911722332239151	0.025173459202051163	pig	nli		2019	United States
SRR6443378	0.0055146305821835995	0.005231354385614395	0.8240576982498169	0.008458222262561321	0.0046166544780135155	0.004050381015986204	0.0060095032677054405	0.004962630569934845	0.004396646283566952	0.011096429079771042	0.00818199384957552	0.04726840555667877	0.014614496380090714	0.011674473062157631	0.00753760663792491	0.032328829169273376	pig	nli		2009	United States
SRR6261965	0.005600958131253719	0.005190166179090738	0.8272068500518799	0.007685565389692783	0.0044307224452495575	0.0039024692960083485	0.006067920010536909	0.004800119437277317	0.004448064137250185	0.010043463669717312	0.007745844312012196	0.04536471888422966	0.014641722664237022	0.011559956707060337	0.007730730809271336	0.03358076140284538	pig	nli		2010	United States
SRR13921952	0.006499915849417448	0.0055488236248493195	0.7676036357879639	0.0066931587643921375	0.0042295753955841064	0.0036319068167358637	0.007069385144859552	0.004059606231749058	0.004537671804428101	0.011815890669822693	0.009365413337945938	0.10884276777505875	0.016468947753310204	0.012602541595697403	0.009041882120072842	0.02198893018066883	pig	nli		2009	United States
SRR23513629	0.00563570111989975	0.0060344273224473	0.8347799777984619	0.005860201548784971	0.033493392169475555	0.006423613987863064	0.002964010927826166	0.009737618267536163	0.00584876723587513	0.0035061275120824575	0.0044235121458768845	0.04695729911327362	0.008576650172472	0.007250530645251274	0.0036600646562874317	0.014848093502223492	pig	nli		2023	United States
SRR3185261	0.005028777290135622	0.006394328083842993	0.7670259475708008	0.009177357889711857	0.02715878002345562	0.007461139466613531	0.00360093149356544	0.013043656013906002	0.008791371248662472	0.0054162065498530865	0.006344566121697426	0.08147800713777542	0.014954624697566032	0.014409840106964111	0.00459667481482029	0.025117766112089157	pig	nli		2016	United States
SRR12070156	0.019227489829063416	0.027009395882487297	0.264650821685791	0.01863592118024826	0.030605653300881386	0.024930866435170174	0.02972201071679592	0.02274419367313385	0.022087523713707924	0.0569559708237648	0.0554196834564209	0.12513434886932373	0.051154814660549164	0.042408835142850876	0.10434965789318085	0.10496287047863007	pig	nli		2018	Italy
SRR6793679	0.005483144428580999	0.006850591395050287	0.7585177421569824	0.008762040175497532	0.02714758738875389	0.007854240946471691	0.003731883130967617	0.013974379748106003	0.009164621122181416	0.005110852885991335	0.006473354063928127	0.0848543718457222	0.014417973347008228	0.015198699198663235	0.0048294165171682835	0.027629008516669273	pig	nli		2018	United States
SRR2727701	0.015843329951167107	0.01514736469835043	0.4383689761161804	0.26112377643585205	0.08289159834384918	0.027188321575522423	0.004108833614736795	0.018360644578933716	0.023970190435647964	0.008447261527180672	0.010595238767564297	0.040103331208229065	0.01150102261453867	0.013393635861575603	0.008171390742063522	0.020785026252269745	pig	nli		2015	United States
SRR17656269	0.0061497469432652	0.006546371150761843	0.8326504826545715	0.006271038670092821	0.033050984144210815	0.006495425943285227	0.003092286642640829	0.010502014309167862	0.006222237832844257	0.003587115556001663	0.004508046433329582	0.04504318907856941	0.00903563667088747	0.007534826640039682	0.003759264713153243	0.015551315620541573	pig	nli		2021	United States
SRR13921953	0.00632944842800498	0.005382233764976263	0.7674432992935181	0.006750834174454212	0.003968610893934965	0.0035228680353611708	0.006803781725466251	0.003960866946727037	0.004453322850167751	0.01212905440479517	0.009119796566665173	0.108713798224926	0.016257792711257935	0.012489654123783112	0.008787568658590317	0.023887086659669876	pig	nli		2009	United States
SRR5963909	0.005846186075359583	0.005438611842691898	0.8263028860092163	0.007928604260087013	0.004606683272868395	0.004065384157001972	0.006259804125875235	0.005000507924705744	0.004491189494729042	0.010421954095363617	0.007866903208196163	0.043920934200286865	0.01464001089334488	0.011491076089441776	0.00758031802251935	0.034138914197683334	pig	nli		2010	United States
SRR7500639	0.005661561619490385	0.005246325396001339	0.823194146156311	0.00815747119486332	0.004540316294878721	0.004022497218102217	0.00624234601855278	0.005025672260671854	0.004549192730337381	0.010639348067343235	0.008141553960740566	0.04545431211590767	0.015092057175934315	0.011730772443115711	0.007891064509749413	0.03441137820482254	pig	nli		2010	United States
SRR5427944	0.005210608709603548	0.006163626443594694	0.7733227610588074	0.007206010166555643	0.023906109854578972	0.006009098142385483	0.00380472419783473	0.011857518926262856	0.007670757360756397	0.004809621721506119	0.005220795050263405	0.08434168249368668	0.014872661791741848	0.014901736751198769	0.004625367932021618	0.02607685700058937	pig	nli		2017	United States
SRR6860706	0.005349075887352228	0.0050644041039049625	0.836861252784729	0.0072402688674628735	0.004425887484103441	0.003830286208540201	0.0057163480669260025	0.004720543511211872	0.004223211668431759	0.009333075024187565	0.00721204187721014	0.04261128976941109	0.013187477365136147	0.009723835624754429	0.007282816804945469	0.033218130469322205	pig	nli		2010	United States
SRR4301153	0.004774398636072874	0.005895595531910658	0.7669101357460022	0.008395712822675705	0.030590515583753586	0.008594811893999577	0.003479406703263521	0.012239571660757065	0.008105679415166378	0.005082320887595415	0.0060118758119642735	0.08327553421258926	0.01362758781760931	0.013950755819678307	0.004389799665659666	0.024676373228430748	pig	nli		2016	United States
SRR6930614	0.006553278304636478	0.005561695899814367	0.7596784830093384	0.007296446710824966	0.004173661582171917	0.0036120028235018253	0.0071135167963802814	0.004100936930626631	0.004521626979112625	0.011568951420485973	0.009080573916435242	0.11483438313007355	0.01650715060532093	0.012631776742637157	0.00902752298861742	0.0237379502505064	pig	nli		2009	United States
SRR13921946	0.006404590327292681	0.005372179672122002	0.7660095691680908	0.00672507518902421	0.0040078903548419476	0.003495743963867426	0.0068309796042740345	0.0039767008274793625	0.004453693516552448	0.0116881737485528	0.008857226930558681	0.11081310361623764	0.015789715573191643	0.01224910095334053	0.008702893741428852	0.024623339995741844	pig	nli		2009	United States
SRR13276339	0.003711551893502474	0.004459531977772713	0.684866189956665	0.005549977067857981	0.012098611332476139	0.0025961464270949364	0.001705923117697239	0.0034460588358342648	0.002526120049878955	0.007541600614786148	0.007765814196318388	0.21634617447853088	0.01323592197149992	0.01370952371507883	0.0049362522549927235	0.015504610724747181	pig	nli		2018	United States
SRR10823769	0.006086958572268486	0.0057181683368980885	0.825760543346405	0.00825513992458582	0.004621678497642279	0.004054788034409285	0.006466890685260296	0.0050858440808951855	0.00455892039462924	0.010703830048441887	0.007709679659456015	0.04188213869929314	0.014291488565504551	0.011305497959256172	0.007709679659456015	0.035788726061582565	pig	nli		2009	United States
SRR7014281	0.0050902715884149075	0.005080339498817921	0.8386751413345337	0.006434706039726734	0.004413875285536051	0.003827358828857541	0.0057343351654708385	0.004370980430394411	0.0041708191856741905	0.00973539985716343	0.007234734948724508	0.04155178740620613	0.01322897244244814	0.010064071975648403	0.007291476707905531	0.03309563919901848	pig	nli		2009	United States
SRR6745536	0.0055412896908819675	0.005084972828626633	0.8345358967781067	0.007984175346791744	0.004443863406777382	0.0039601814933121204	0.005887161940336227	0.004730467684566975	0.004374967887997627	0.010014399886131287	0.007544516120105982	0.043458111584186554	0.013849412091076374	0.010849317535758018	0.007283887825906277	0.030457397922873497	pig	nli		2009	United States
SRR5815730	0.005028632935136557	0.007880307734012604	0.7722650766372681	0.008421375416219234	0.02634815126657486	0.0072455136105418205	0.0035519329831004143	0.01274113543331623	0.008226294070482254	0.0052187480032444	0.00625823438167572	0.07858427613973618	0.014103149995207787	0.014241550117731094	0.004472558852285147	0.025413116440176964	pig	nli		2017	United States
SRR8420065	0.005291143897920847	0.008340410888195038	0.758147656917572	0.008947955444455147	0.028603650629520416	0.008115442469716072	0.0036436559166759253	0.01356429047882557	0.009106634184718132	0.0055994875729084015	0.006444969680160284	0.0822838693857193	0.014495625160634518	0.014839379116892815	0.004770822823047638	0.02780495025217533	pig	nli		2018	United States
SRR6973039	0.005389081779867411	0.005072471220046282	0.8308596611022949	0.007902565412223339	0.004415654577314854	0.003904420416802168	0.00596516951918602	0.004737306386232376	0.004372742958366871	0.009682425297796726	0.00745282880961895	0.04412003606557846	0.014309696853160858	0.011166191659867764	0.007540680933743715	0.03310898691415787	pig	nli		2010	United States
SRR6213864	0.005615483969449997	0.005193473771214485	0.8317855596542358	0.0075712320394814014	0.0043904599733650684	0.0038070548325777054	0.005989337805658579	0.004719484597444534	0.004222264513373375	0.009552258998155594	0.00730968127027154	0.0443853996694088	0.014200286008417606	0.010866492986679077	0.007439307402819395	0.03295223414897919	pig	nli		2010	United States
SRR6793437	0.016221094876527786	0.015538854524493217	0.42286571860313416	0.25899797677993774	0.09686321020126343	0.029660850763320923	0.0042563918977975845	0.018095938488841057	0.02527136355638504	0.007844007574021816	0.010658850893378258	0.03887440264225006	0.011752274818718433	0.012806903570890427	0.008077212609350681	0.022214950993657112	pig	nli		2018	United States
SRR3350820	0.017351320013403893	0.016784660518169403	0.43585139513015747	0.23409320414066315	0.09196361899375916	0.02810901775956154	0.004451837856322527	0.019912822172045708	0.02810901775956154	0.009116754867136478	0.012388325296342373	0.04105845093727112	0.01414791215211153	0.014370708726346493	0.009010541252791882	0.023280445486307144	pig	nli		2016	United States
SRR23979057	0.015985531732439995	0.012596296146512032	0.5808296203613281	0.18455971777439117	0.09029926359653473	0.013861371204257011	0.002997731789946556	0.01681826263666153	0.019662540405988693	0.003484227927401662	0.006223451346158981	0.018853962421417236	0.006624829955399036	0.006534872110933065	0.0036018574610352516	0.017066435888409615	pig	nli		2023	United States
SRR5876880	0.00582197867333889	0.004989538341760635	0.8523253202438354	0.007519499398767948	0.0040013836696743965	0.0036361925303936005	0.005810619331896305	0.004334986209869385	0.0041770655661821365	0.007091563660651445	0.005787965375930071	0.0390164740383625	0.011714869178831577	0.008654891513288021	0.007504827808588743	0.0276128388941288	pig	nli		2010	United States
SRR6236257	0.005816573742777109	0.005379450973123312	0.8318082690238953	0.00801267009228468	0.0046373773366212845	0.004084485583007336	0.006119574885815382	0.004917216952890158	0.004459722433239222	0.010409748181700706	0.007660689763724804	0.04297899082303047	0.014680097810924053	0.011795789934694767	0.007468629162758589	0.029770677909255028	pig	nli		2010	United States
ERR4223940	0.0021091531962156296	0.0022233629133552313	0.9254414439201355	0.0024658499751240015	0.003285917453467846	0.0019775000400841236	0.0015370736364275217	0.0016815635608509183	0.0015612790593877435	0.0019392516696825624	0.00199690624140203	0.021849481388926506	0.012857197783887386	0.0053754025138914585	0.0034978410694748163	0.010200721211731434	pig	nli		2017	Netherlands
SRR12070099	NA	NA	NA	NA	NA	NA	NA	NA	NA	NA	NA	NA	NA	NA	NA	NA	pig	host_tax_id	host_tax_id=9825; Sus scrofa domesticus	2013	Italy
SRR12301966	0.013876802287995815	0.014373334124684334	0.5435855984687805	0.018673278391361237	0.019379248842597008	0.013528895564377308	0.00721326470375061	0.013555346056818962	0.010892026126384735	0.02612861432135105	0.02287897653877735	0.18544304370880127	0.02937719039618969	0.024738075211644173	0.010454321280121803	0.04590195044875145	pig	nli		2015	Germany
SRR17900535	NA	NA	NA	NA	NA	NA	NA	NA	NA	NA	NA	NA	NA	NA	NA	NA	sheep	host_tax_id	host_tax_id=9940; Ovis aries	2018	New Zealand
SRR26678371	NA	NA	NA	NA	NA	NA	NA	NA	NA	NA	NA	NA	NA	NA	NA	NA	sheep	host_tax_id	host_tax_id=9940; Ovis aries	2020	Ethiopia
SRR3094483	NA	NA	NA	NA	NA	NA	NA	NA	NA	NA	NA	NA	NA	NA	NA	NA	sheep	host_tax_id	host_tax_id=9940; Ovis aries	2008	United Kingdom
SRR28199248	0.013081006705760956	0.011188779026269913	0.10311640799045563	0.03247079625725746	0.7212074398994446	0.006590403150767088	0.003268864005804062	0.013708777725696564	0.009607726708054543	0.0046824319288134575	0.005082731135189533	0.03708280622959137	0.01008849497884512	0.007001758087426424	0.005919148679822683	0.015902459621429443	sheep	nli		2024	United States
SRR3094464	NA	NA	NA	NA	NA	NA	NA	NA	NA	NA	NA	NA	NA	NA	NA	NA	sheep	host_tax_id	host_tax_id=9940; Ovis aries	2008	United States
SRR3094423	NA	NA	NA	NA	NA	NA	NA	NA	NA	NA	NA	NA	NA	NA	NA	NA	sheep	host_tax_id	host_tax_id=9940; Ovis aries	2005	United States
ERR4224567	0.002326931804418564	0.0025307987816631794	0.004296633880585432	0.001436383812688291	0.9187979698181152	0.00483083538711071	0.0019442244665697217	0.0021269882563501596	0.0014590035425499082	0.004582684952765703	0.002839901717379689	0.025435663759708405	0.011886578984558582	0.003942812792956829	0.003100799862295389	0.008461836725473404	sheep	nli		2018	Netherlands
SRR10218167	0.009456397034227848	0.009642907418310642	0.01876959390938282	0.012774777598679066	0.6507573127746582	0.010736450552940369	0.00685121351853013	0.008296485990285873	0.0060461750254035	0.028620213270187378	0.02009754441678524	0.12624748051166534	0.03422047570347786	0.019252270460128784	0.005894591100513935	0.03233607858419418	sheep	nli		2014	United Kingdom
SRR17925224	NA	NA	NA	NA	NA	NA	NA	NA	NA	NA	NA	NA	NA	NA	NA	NA	sheep	host_tax_id	host_tax_id=9940; Ovis aries	2018	New Zealand
SRR28440137	0.006162793841212988	0.00610290328040719	0.011094183661043644	0.005000540520995855	0.828732430934906	0.005438646767288446	0.0032097287476062775	0.005049612373113632	0.004715958144515753	0.005343880504369736	0.004971325397491455	0.07522499561309814	0.014356938190758228	0.008456510491669178	0.004073358606547117	0.012066164053976536	sheep	nli		2024	United States
SRR14228718	0.00683141965419054	0.006075990851968527	0.010705431923270226	0.004613350611180067	0.8154654502868652	0.0048253159038722515	0.0031276517547667027	0.004241724498569965	0.0038621341809630394	0.004159682895988226	0.0040003275498747826	0.09729839861392975	0.012012953869998455	0.006804786156862974	0.004079226870089769	0.01189621165394783	sheep	nli		2021	United States
SRR3094452	NA	NA	NA	NA	NA	NA	NA	NA	NA	NA	NA	NA	NA	NA	NA	NA	sheep	host_tax_id	host_tax_id=9940; Ovis aries	2009	United States
ERR4224309	0.002236601198092103	0.002366940025240183	0.0048377118073403835	0.0014216701965779066	0.9076118469238281	0.0046523818746209145	0.0019168065628036857	0.002267389791086316	0.0014783033402636647	0.006321900524199009	0.003849434433504939	0.027487916871905327	0.014915760606527328	0.005059985443949699	0.003172649070620537	0.01040271483361721	sheep	nli		2016	Netherlands
SRR12063032	NA	NA	NA	NA	NA	NA	NA	NA	NA	NA	NA	NA	NA	NA	NA	NA	sheep	host_tax_id	host_tax_id=9940; Ovis aries	2016	New Zealand
SRR28440155	0.013594569638371468	0.011030742898583412	0.08266912400722504	0.025126632302999496	0.7665477395057678	0.006187685299664736	0.0031174463219940662	0.011425440199673176	0.0072341375052928925	0.0034305390436202288	0.0035671961959451437	0.03325488790869713	0.007821967825293541	0.005386464763432741	0.004616294987499714	0.014989151619374752	sheep	nli		2024	United States
SRR11654312	0.014106626622378826	0.013942279852926731	0.08618180453777313	0.02243252471089363	0.6910735368728638	0.010003095492720604	0.003955710679292679	0.01691642962396145	0.01113748736679554	0.008556101471185684	0.00977137591689825	0.05344622582197189	0.016204947605729103	0.014384856447577477	0.0072614699602127075	0.020625486969947815	sheep	nli		2020	United States
SRR29740313	0.006222141906619072	0.006185790523886681	0.011444270610809326	0.005280663724988699	0.8293914794921875	0.005534087307751179	0.003323974087834358	0.005270360037684441	0.004742810502648354	0.005249812733381987	0.004951045382767916	0.07314689457416534	0.014637445099651814	0.008323892019689083	0.004136752337217331	0.012158592231571674	sheep	nli		2024	United States
SRR12063017	NA	NA	NA	NA	NA	NA	NA	NA	NA	NA	NA	NA	NA	NA	NA	NA	sheep	host_tax_id	host_tax_id=9940; Ovis aries	2016	New Zealand
SRR17925216	NA	NA	NA	NA	NA	NA	NA	NA	NA	NA	NA	NA	NA	NA	NA	NA	sheep	host_tax_id	host_tax_id=9940; Ovis aries	2018	New Zealand
SRR29740293	0.013344964012503624	0.011616973206400871	0.07989312708377838	0.023216193541884422	0.7635771036148071	0.006428044755011797	0.003315342590212822	0.011962349526584148	0.007241374347358942	0.0037714792415499687	0.0038684653118252754	0.03620459511876106	0.008768951520323753	0.005921792238950729	0.00492855254560709	0.01594066619873047	sheep	nli		2024	United States
SRR12347652	NA	NA	NA	NA	NA	NA	NA	NA	NA	NA	NA	NA	NA	NA	NA	NA	sheep	host_tax_id	host_tax_id=9940; Ovis aries	2017	New Zealand
SRR13699956	0.01555357500910759	0.01312302891165018	0.07837288826704025	0.023189619183540344	0.7530815005302429	0.007275590673089027	0.003463700646534562	0.012018872424960136	0.008374153636395931	0.0038414623122662306	0.00408921530470252	0.03860842064023018	0.008984155021607876	0.006888390053063631	0.004808871541172266	0.018326591700315475	sheep	nli		2020	United States
SRR13362775	NA	NA	NA	NA	NA	NA	NA	NA	NA	NA	NA	NA	NA	NA	NA	NA	sheep	host_tax_id	host_tax_id=9940; Ovis aries	2015	Spain
SRR12347669	NA	NA	NA	NA	NA	NA	NA	NA	NA	NA	NA	NA	NA	NA	NA	NA	sheep	host_tax_id	host_tax_id=9940; Ovis aries	2017	New Zealand
SRR13362783	NA	NA	NA	NA	NA	NA	NA	NA	NA	NA	NA	NA	NA	NA	NA	NA	sheep	host_tax_id	host_tax_id=9940; Ovis aries	2016	Spain
SRR17929619	NA	NA	NA	NA	NA	NA	NA	NA	NA	NA	NA	NA	NA	NA	NA	NA	sheep	host_tax_id	host_tax_id=9940; Ovis aries	2018	New Zealand
SRR12347663	NA	NA	NA	NA	NA	NA	NA	NA	NA	NA	NA	NA	NA	NA	NA	NA	sheep	host_tax_id	host_tax_id=9940; Ovis aries	2017	New Zealand
SRR27218469	NA	NA	NA	NA	NA	NA	NA	NA	NA	NA	NA	NA	NA	NA	NA	NA	sheep	host_tax_id	host_tax_id=9940; Ovis aries	2022	Ethiopia
SRR17925366	NA	NA	NA	NA	NA	NA	NA	NA	NA	NA	NA	NA	NA	NA	NA	NA	sheep	host_tax_id	host_tax_id=9940; Ovis aries	2018	New Zealand
SRR17974198	NA	NA	NA	NA	NA	NA	NA	NA	NA	NA	NA	NA	NA	NA	NA	NA	sheep	host_tax_id	host_tax_id=9940; Ovis aries	2019	New Zealand
SRR17898865	NA	NA	NA	NA	NA	NA	NA	NA	NA	NA	NA	NA	NA	NA	NA	NA	sheep	host_tax_id	host_tax_id=9940; Ovis aries	2018	New Zealand
SRR26351318	NA	NA	NA	NA	NA	NA	NA	NA	NA	NA	NA	NA	NA	NA	NA	NA	sheep	host_tax_id	host_tax_id=9940; Ovis aries	2022	Ethiopia
SRR12625725	0.016423143446445465	0.01570170931518078	0.06982255727052689	0.01635911501944065	0.7148902416229248	0.009230559691786766	0.0036573484539985657	0.01704404689371586	0.010277340188622475	0.007727498654276133	0.008371753618121147	0.054831117391586304	0.014750391244888306	0.011623027734458447	0.0053946636617183685	0.02389553003013134	sheep	nli		2020	United States
SRR17900361	NA	NA	NA	NA	NA	NA	NA	NA	NA	NA	NA	NA	NA	NA	NA	NA	sheep	host_tax_id	host_tax_id=9940; Ovis aries	2018	New Zealand
SRR17900429	NA	NA	NA	NA	NA	NA	NA	NA	NA	NA	NA	NA	NA	NA	NA	NA	sheep	host_tax_id	host_tax_id=9940; Ovis aries	2018	New Zealand
SRR12625708	0.020178215578198433	0.0165819451212883	0.0839022547006607	0.019826620817184448	0.7002788782119751	0.007940580137073994	0.0038173808716237545	0.01361332181841135	0.009139551781117916	0.005425592418760061	0.005565115250647068	0.06529529392719269	0.01234674546867609	0.01058137882500887	0.005446827504783869	0.020060330629348755	sheep	nli		2020	United States
SRR17899234	NA	NA	NA	NA	NA	NA	NA	NA	NA	NA	NA	NA	NA	NA	NA	NA	sheep	host_tax_id	host_tax_id=9940; Ovis aries	2018	New Zealand
SRR12063018	NA	NA	NA	NA	NA	NA	NA	NA	NA	NA	NA	NA	NA	NA	NA	NA	sheep	host_tax_id	host_tax_id=9940; Ovis aries	2016	New Zealand
SRR17900362	NA	NA	NA	NA	NA	NA	NA	NA	NA	NA	NA	NA	NA	NA	NA	NA	sheep	host_tax_id	host_tax_id=9940; Ovis aries	2018	New Zealand
SRR13238488	0.006904272828251123	0.006473308429121971	0.011011469177901745	0.004354470409452915	0.8082212209701538	0.0048672594130039215	0.0031425394117832184	0.004440354183316231	0.0038881043437868357	0.004204043187201023	0.004042988643050194	0.10144516825675964	0.013570818118751049	0.007762682158499956	0.00397254154086113	0.011698775924742222	sheep	nli		2020	United States
SRR14882958	0.014278864488005638	0.01190716028213501	0.07529232650995255	0.02259581908583641	0.7660154700279236	0.006311505567282438	0.003306498983874917	0.011745474301278591	0.007151872850954533	0.0036243924405425787	0.003783522406592965	0.03877609595656395	0.008377733640372753	0.005569884553551674	0.004764174576848745	0.016499197110533714	sheep	nli		2021	United States
SRR18678775	0.012954161502420902	0.012121864594519138	0.1129361167550087	0.018357712775468826	0.7290121912956238	0.006513761822134256	0.00299388961866498	0.01339150033891201	0.008799530565738678	0.004390248563140631	0.004878581967204809	0.035075780004262924	0.009855006821453571	0.00676002399995923	0.005162883549928665	0.01679670438170433	sheep	nli		2022	United States
SRR19486036	0.006018811371177435	0.006089759524911642	0.010040316730737686	0.0035382770001888275	0.8285644054412842	0.004578870255500078	0.00300289667211473	0.004032954573631287	0.003601022996008396	0.003931844141334295	0.0037886102218180895	0.08898726105690002	0.012134609743952751	0.006793617736548185	0.003608063329011202	0.011288630776107311	sheep	nli		2022	United States
SRR27218413	NA	NA	NA	NA	NA	NA	NA	NA	NA	NA	NA	NA	NA	NA	NA	NA	sheep	host_tax_id	host_tax_id=9940; Ovis aries	2022	Ethiopia
SRR11544459	0.014365801587700844	0.013896644115447998	0.07552913576364517	0.03250053897500038	0.6908324956893921	0.009777510538697243	0.003989239223301411	0.01656726375222206	0.011342110112309456	0.008816009387373924	0.009625924751162529	0.05477475747466087	0.015870466828346252	0.014365801587700844	0.007467450108379126	0.020278822630643845	sheep	nli		2020	United States
SRR12347670	NA	NA	NA	NA	NA	NA	NA	NA	NA	NA	NA	NA	NA	NA	NA	NA	sheep	host_tax_id	host_tax_id=9940; Ovis aries	2017	New Zealand
SRR5397411	0.005786932539194822	0.0032652514055371284	0.6192159056663513	0.03768030181527138	0.013534091413021088	0.22824214398860931	0.0014660261804237962	0.06375300884246826	0.0021123262122273445	0.0015423954464495182	0.0018388086464256048	0.007636551279574633	0.00203140452504158	0.001585152349434793	0.006355701945722103	0.0039540608413517475	pig	nli		2009	United States
SRR22956824	NA	NA	NA	NA	NA	NA	NA	NA	NA	NA	NA	NA	NA	NA	NA	NA	sheep	host_tax_id	host_tax_id=9940; Ovis aries	2022	Canada
SRR3094432	NA	NA	NA	NA	NA	NA	NA	NA	NA	NA	NA	NA	NA	NA	NA	NA	sheep	host_tax_id	host_tax_id=9940; Ovis aries	2009	United States
ERR4224861	0.002510355319827795	0.0027249651029706	0.004905446898192167	0.0017525105504319072	0.9095978736877441	0.005120821762830019	0.0021098065190017223	0.0024283723905682564	0.0016019243048503995	0.005780029110610485	0.0036383054684847593	0.02696252055466175	0.013704029843211174	0.004527944605797529	0.0031795906834304333	0.009455496445298195	sheep	nli		2016	Netherlands
SRR22956826	NA	NA	NA	NA	NA	NA	NA	NA	NA	NA	NA	NA	NA	NA	NA	NA	sheep	host_tax_id	host_tax_id=9940; Ovis aries	2022	Canada
SRR28764814	0.013093031942844391	0.01087572518736124	0.09974309056997299	0.031747765839099884	0.7261126637458801	0.0063066924922168255	0.003323393641039729	0.01335126906633377	0.009467468596994877	0.00464119017124176	0.005047813523560762	0.03788594529032707	0.010216799564659595	0.006994520779699087	0.0055223251692950726	0.015670306980609894	sheep	nli		2024	United States
SRR28886138	0.012355554848909378	0.011293893679976463	0.10520928353071213	0.020530639216303825	0.732261061668396	0.007039983291178942	0.003397671040147543	0.013075580820441246	0.009092639200389385	0.004829064942896366	0.005011634435504675	0.03663558140397072	0.010506524704396725	0.00682338560000062	0.005569085478782654	0.016368452459573746	sheep	nli		2024	United States
SRR5230112	0.008331350050866604	0.005053219385445118	0.7347408533096313	0.02647697739303112	0.022981146350502968	0.060429107397794724	0.0020496761426329613	0.08269768953323364	0.0028905069921165705	0.0022336102556437254	0.002652477938681841	0.030924510210752487	0.0035415233578532934	0.0028568312991410494	0.006590641103684902	0.005549876485019922	pig	nli		1905	unknown
SRR3094486	NA	NA	NA	NA	NA	NA	NA	NA	NA	NA	NA	NA	NA	NA	NA	NA	sheep	host_tax_id	host_tax_id=9940; Ovis aries	2005	United Kingdom
SRR29205960	0.006207299884408712	0.006039868108928204	0.010134652256965637	0.0037137942854315042	0.8185725212097168	0.0047966293059289455	0.0031518565956503153	0.004249578807502985	0.0039687869139015675	0.0039610425010323524	0.0038996320217847824	0.09837507456541061	0.011306020431220531	0.0063669257797300816	0.0037722785491496325	0.011484064161777496	sheep	nli		2024	United States
SRR3094446	NA	NA	NA	NA	NA	NA	NA	NA	NA	NA	NA	NA	NA	NA	NA	NA	sheep	host_tax_id	host_tax_id=9940; Ovis aries	2007	United States
SRR3619966	0.010627906769514084	0.008440271951258183	0.4449038505554199	0.23013782501220703	0.01020081527531147	0.2388385683298111	0.0025691145565360785	0.013474349863827229	0.01042234431952238	0.0016014428110793233	0.00232553924433887	0.007625149562954903	0.002197480062022805	0.0025741374120116234	0.004057603422552347	0.010003513656556606	pig	nli			unknown
SRR26678370	NA	NA	NA	NA	NA	NA	NA	NA	NA	NA	NA	NA	NA	NA	NA	NA	sheep	host_tax_id	host_tax_id=9940; Ovis aries	2020	Ethiopia
SRR17900439	NA	NA	NA	NA	NA	NA	NA	NA	NA	NA	NA	NA	NA	NA	NA	NA	sheep	host_tax_id	host_tax_id=9940; Ovis aries	2018	New Zealand
SRR3094408	NA	NA	NA	NA	NA	NA	NA	NA	NA	NA	NA	NA	NA	NA	NA	NA	sheep	host_tax_id	host_tax_id=9940; Ovis aries	1993	United States
SRR17898893	NA	NA	NA	NA	NA	NA	NA	NA	NA	NA	NA	NA	NA	NA	NA	NA	sheep	host_tax_id	host_tax_id=9940; Ovis aries	2018	New Zealand
SRR12625734	0.006355035584419966	0.006064017303287983	0.009920070879161358	0.002966932952404022	0.7903609275817871	0.0032458342611789703	0.002938099903985858	0.0036996265407651663	0.0034016051795333624	0.00380961736664176	0.003489079885184765	0.1233627051115036	0.014979301951825619	0.0097472183406353	0.0040395064279437065	0.011620410718023777	sheep	nli		2020	United States
ERR4224617	0.0023035139311105013	0.0026461551897227764	0.005130571313202381	0.0014247082872316241	0.9095512628555298	0.004914786200970411	0.0019209026359021664	0.00219802837818861	0.0014528081519529223	0.006225018296390772	0.00358871859498322	0.026777468621730804	0.014042003080248833	0.0048009357415139675	0.0030755947809666395	0.009947550483047962	sheep	nli		2018	Netherlands
SRR19139531	0.005991969723254442	0.006255048792809248	0.012561725452542305	0.0036343131214380264	0.8224561214447021	0.005423876456916332	0.003145235823467374	0.004957824479788542	0.004470281768590212	0.0051252031698822975	0.00501626543700695	0.07842929661273956	0.01628786325454712	0.009083284065127373	0.004022818058729172	0.013138887472450733	sheep	nli		2022	United States
SRR12063034	NA	NA	NA	NA	NA	NA	NA	NA	NA	NA	NA	NA	NA	NA	NA	NA	sheep	host_tax_id	host_tax_id=9940; Ovis aries	2016	New Zealand
SRR13350071	0.007229658775031567	0.007257954217493534	0.011175665073096752	0.0048442925326526165	0.8020541667938232	0.004998066928237677	0.0031769643537700176	0.004533049650490284	0.004135458264499903	0.004167892970144749	0.00403177784755826	0.10525800287723541	0.013349420391023159	0.008049530908465385	0.004275072831660509	0.011463054455816746	sheep	nli		2020	United States
SRR17900545	NA	NA	NA	NA	NA	NA	NA	NA	NA	NA	NA	NA	NA	NA	NA	NA	sheep	host_tax_id	host_tax_id=9940; Ovis aries	2018	New Zealand
SRR17925265	NA	NA	NA	NA	NA	NA	NA	NA	NA	NA	NA	NA	NA	NA	NA	NA	sheep	host_tax_id	host_tax_id=9940; Ovis aries	2018	New Zealand
SRR5209489	NA	NA	NA	NA	NA	NA	NA	NA	NA	NA	NA	NA	NA	NA	NA	NA	sheep	host_tax_id	host_tax_id=9940; Ovis aries	2005	Canada
SRR27218412	NA	NA	NA	NA	NA	NA	NA	NA	NA	NA	NA	NA	NA	NA	NA	NA	sheep	host_tax_id	host_tax_id=9940; Ovis aries	2022	Ethiopia
SRR3094413	NA	NA	NA	NA	NA	NA	NA	NA	NA	NA	NA	NA	NA	NA	NA	NA	sheep	host_tax_id	host_tax_id=9940; Ovis aries	2003	United States
SRR17925218	NA	NA	NA	NA	NA	NA	NA	NA	NA	NA	NA	NA	NA	NA	NA	NA	sheep	host_tax_id	host_tax_id=9940; Ovis aries	2018	New Zealand
SRR13362754	NA	NA	NA	NA	NA	NA	NA	NA	NA	NA	NA	NA	NA	NA	NA	NA	sheep	host_tax_id	host_tax_id=9940; Ovis aries	2014	Spain
SRR10218159	0.00953984446823597	0.009652296081185341	0.018861405551433563	0.013167382217943668	0.6558590531349182	0.010746903717517853	0.007357435300946236	0.008703108876943588	0.006016704253852367	0.028176408261060715	0.02011711336672306	0.12239273637533188	0.03375568985939026	0.018787872046232224	0.006280869245529175	0.03058519959449768	sheep	nli		2014	United Kingdom
SRR20307428	0.0061021908186376095	0.006432622671127319	0.010523068718612194	0.003722915891557932	0.8237946629524231	0.004817812237888575	0.00306238722987473	0.004243407864123583	0.0038712206296622753	0.003994106315076351	0.003924510907381773	0.0905289277434349	0.01249645184725523	0.006968921050429344	0.003708401694893837	0.01180831715464592	sheep	nli		2022	United States
SRR17900435	NA	NA	NA	NA	NA	NA	NA	NA	NA	NA	NA	NA	NA	NA	NA	NA	sheep	host_tax_id	host_tax_id=9940; Ovis aries	2018	New Zealand
SRR17964877	NA	NA	NA	NA	NA	NA	NA	NA	NA	NA	NA	NA	NA	NA	NA	NA	sheep	host_tax_id	host_tax_id=9940; Ovis aries	2018	New Zealand
SRR29740282	0.012777446769177914	0.011679533869028091	0.11649947613477707	0.01870032772421837	0.7218817472457886	0.006866042502224445	0.003392305923625827	0.013469341211020947	0.009458373300731182	0.004830865189433098	0.005410311743617058	0.03503931686282158	0.010696829296648502	0.006906392052769661	0.005759247113019228	0.01663241721689701	sheep	nli		2024	United States
SRR17898864	NA	NA	NA	NA	NA	NA	NA	NA	NA	NA	NA	NA	NA	NA	NA	NA	sheep	host_tax_id	host_tax_id=9940; Ovis aries	2018	New Zealand
SRR20124469	0.005921362433582544	0.006402518600225449	0.012658541090786457	0.0038156588561832905	0.8183396458625793	0.005617193877696991	0.0031881025061011314	0.005084632895886898	0.004602563567459583	0.005307875107973814	0.004937829449772835	0.08041567355394363	0.01710059680044651	0.009261186234652996	0.004158069845288992	0.013188534416258335	sheep	nli		2022	United States
SRR3094482	NA	NA	NA	NA	NA	NA	NA	NA	NA	NA	NA	NA	NA	NA	NA	NA	sheep	host_tax_id	host_tax_id=9940; Ovis aries	2013	United States
SRR13362760	NA	NA	NA	NA	NA	NA	NA	NA	NA	NA	NA	NA	NA	NA	NA	NA	sheep	host_tax_id	host_tax_id=9940; Ovis aries	2014	Spain
SRR18959246	0.01426365040242672	0.012514087371528149	0.14432179927825928	0.023957202211022377	0.6759458184242249	0.006764041725546122	0.0031517210882157087	0.014544975943863392	0.009245348162949085	0.005036436021327972	0.005585726350545883	0.04192320257425308	0.011394205503165722	0.007575368043035269	0.005763035733252764	0.018013345077633858	sheep	nli		2022	United States
SRR5397416	0.006524515803903341	0.004253883846104145	0.5178006291389465	0.020816022530198097	0.020077308639883995	0.36574411392211914	0.0016887764213606715	0.029846711084246635	0.002555037382990122	0.001804729225113988	0.0021264906972646713	0.01238135527819395	0.0022372654639184475	0.0017560496926307678	0.005335565656423569	0.005051611922681332	pig	nli		2009	United States
SRR17974194	NA	NA	NA	NA	NA	NA	NA	NA	NA	NA	NA	NA	NA	NA	NA	NA	sheep	host_tax_id	host_tax_id=9940; Ovis aries	2019	New Zealand
SRR3094418	NA	NA	NA	NA	NA	NA	NA	NA	NA	NA	NA	NA	NA	NA	NA	NA	sheep	host_tax_id	host_tax_id=9940; Ovis aries	2004	United States
SRR29740290	0.013148780912160873	0.0179371889680624	0.10189435631036758	0.017972253262996674	0.7284926772117615	0.0070932358503341675	0.0033768864814192057	0.013539698906242847	0.009452234022319317	0.005049543455243111	0.00536472350358963	0.036804720759391785	0.010544726625084877	0.006888440810143948	0.005688454490154982	0.016751984134316444	sheep	nli		2024	United States
SRR18982390	0.00592263787984848	0.005830815061926842	0.012735671363770962	0.004427195526659489	0.8209174275398254	0.004987361375242472	0.0030309013091027737	0.004721938632428646	0.004086496774107218	0.005257424432784319	0.004749687388539314	0.08088591694831848	0.016513405367732048	0.008804529905319214	0.004167096223682165	0.012961520813405514	sheep	nli		2022	United States
SRR17964955	NA	NA	NA	NA	NA	NA	NA	NA	NA	NA	NA	NA	NA	NA	NA	NA	sheep	host_tax_id	host_tax_id=9940; Ovis aries	2019	New Zealand
SRR12347676	NA	NA	NA	NA	NA	NA	NA	NA	NA	NA	NA	NA	NA	NA	NA	NA	sheep	host_tax_id	host_tax_id=9940; Ovis aries	2017	New Zealand
SRR17900532	NA	NA	NA	NA	NA	NA	NA	NA	NA	NA	NA	NA	NA	NA	NA	NA	sheep	host_tax_id	host_tax_id=9940; Ovis aries	2018	New Zealand
SRR28886116	0.0060528540052473545	0.006124203093349934	0.011850913055241108	0.00372177897952497	0.8275741338729858	0.0057083857245743275	0.0032398593612015247	0.0048921857960522175	0.004428362473845482	0.005404590163379908	0.004901750013232231	0.07563511282205582	0.01518718060106039	0.008552580140531063	0.0041600619442760944	0.01256604865193367	sheep	nli		2024	United States
SRR17974188	NA	NA	NA	NA	NA	NA	NA	NA	NA	NA	NA	NA	NA	NA	NA	NA	sheep	host_tax_id	host_tax_id=9940; Ovis aries	2019	New Zealand
SRR11459577	0.00690210796892643	0.006888640578836203	0.01540298294275999	0.0038717316929250956	0.761986255645752	0.0060555036179721355	0.0039403908886015415	0.0062721786089241505	0.005666441284120083	0.007851723581552505	0.0072051468305289745	0.10725778341293335	0.021531609818339348	0.016268791630864143	0.00630903709679842	0.01658966764807701	sheep	nli		2020	United States
SRR5366142	0.005067148711532354	0.003692751983180642	0.5073614120483398	0.01632504165172577	0.019085906445980072	0.383350670337677	0.0018677442567422986	0.030588675290346146	0.0024312445893883705	0.0020433184690773487	0.00221800128929317	0.010196016170084476	0.002469531260430813	0.0024312445893883705	0.005106891039758921	0.005764304660260677	pig	nli		2017	United States
SRR17925217	NA	NA	NA	NA	NA	NA	NA	NA	NA	NA	NA	NA	NA	NA	NA	NA	sheep	host_tax_id	host_tax_id=9940; Ovis aries	2018	New Zealand
SRR12063030	NA	NA	NA	NA	NA	NA	NA	NA	NA	NA	NA	NA	NA	NA	NA	NA	sheep	host_tax_id	host_tax_id=9940; Ovis aries	2016	New Zealand
SRR29740291	0.014408888295292854	0.011783183552324772	0.10077735036611557	0.02453429251909256	0.7354351878166199	0.006469273939728737	0.0033562155440449715	0.01164590660482645	0.008209937252104282	0.0037734946236014366	0.004040469881147146	0.03947461023926735	0.009087572805583477	0.0058673773892223835	0.0052492208778858185	0.015887005254626274	sheep	nli		2024	United States
SRR12347634	NA	NA	NA	NA	NA	NA	NA	NA	NA	NA	NA	NA	NA	NA	NA	NA	sheep	host_tax_id	host_tax_id=9940; Ovis aries	2017	New Zealand
SRR6410196	0.015025200322270393	0.3198443353176117	0.030619680881500244	0.052545636892318726	0.012851736508309841	0.009719964116811752	0.015025200322270393	0.013130833394825459	0.010028509423136711	0.02511337772011757	0.021230356767773628	0.341304749250412	0.06000899896025658	0.02251148782670498	0.01538151316344738	0.035658467561006546	environment	nli		2016	United States
SRR5754139	0.028110621497035027	0.4591423571109772	0.03464424982666969	0.02509995736181736	0.022021226584911346	0.017763806506991386	0.010711346752941608	0.02280917763710022	0.020606378093361855	0.037386275827884674	0.032291993498802185	0.1431763619184494	0.04639185965061188	0.03910402953624725	0.01711668260395527	0.04362369701266289	turkey	nli		2017	United States
SRR17260636	0.02614786848425865	0.56898033618927	0.03423672541975975	0.02485319972038269	0.019317923113703728	0.012818343006074429	0.008896364830434322	0.01843329146504402	0.01786615699529648	0.028162363916635513	0.024182826280593872	0.10649143904447556	0.03587978333234787	0.024277476593852043	0.012868511490523815	0.03658745065331459	turkey	nli		2021	United States
SRR8208263	0.02692781388759613	0.45312032103538513	0.03430692106485367	0.026980457827448845	0.022587085142731667	0.01665467396378517	0.010545083321630955	0.022455129772424698	0.020525649189949036	0.03644827380776405	0.0329926460981369	0.1486591100692749	0.04684623330831528	0.04097989574074745	0.016687236726284027	0.04328338801860809	turkey	nli		2018	United States
SRR8663531	0.0058188242837786674	0.7503001093864441	0.013138559646904469	0.004282160196453333	0.004957700613886118	0.0044180904515087605	0.007185289636254311	0.004142314195632935	0.0034207103308290243	0.028390632942318916	0.009371384046971798	0.10354483127593994	0.00910081434994936	0.009371384046971798	0.006842872593551874	0.03571430593729019	turkey	nli		2018	United States
SRR10218502	0.027049915865063667	0.4731915295124054	0.032564762979745865	0.02090255357325077	0.020943420007824898	0.016762901097536087	0.010428670793771744	0.02029905840754509	0.020023420453071594	0.03711755946278572	0.030235357582569122	0.15124110877513885	0.0444239005446434	0.03784963861107826	0.016438676044344902	0.040527500212192535	turkey	nli		2019	United States
SRR16089306	0.02534399926662445	0.5771085023880005	0.032990310341119766	0.022762630134820938	0.019622614607214928	0.013174000196158886	0.008948862552642822	0.018006721511483192	0.016751360148191452	0.026664238423109055	0.023577112704515457	0.10649403184652328	0.03567102923989296	0.024325529113411903	0.012042011134326458	0.0365169458091259	turkey	nli		2021	United States
SRR22629699	0.027631638571619987	0.5554028749465942	0.036965202540159225	0.024432508274912834	0.020097633823752403	0.01362532377243042	0.008866166695952415	0.01925235241651535	0.01847868040204048	0.028176622465252876	0.024817265570163727	0.10685796290636063	0.03836272656917572	0.02631484717130661	0.012430253438651562	0.03828787803649902	turkey	nli		2022	United States
SRR12472207	0.02419738471508026	0.5501924157142639	0.030469106510281563	0.014878487214446068	0.017394714057445526	0.01336306519806385	0.00949435867369175	0.017192060127854347	0.015290934592485428	0.03333330526947975	0.025657562538981438	0.11951148509979248	0.04288448765873909	0.0330093689262867	0.011035180650651455	0.04209611937403679	turkey	nli		2020	United States
SRR21909378	0.02564462646842003	0.5709840655326843	0.034915391355752945	0.02381022833287716	0.019132055342197418	0.01284465566277504	0.008674168959259987	0.018327385187149048	0.01772885210812092	0.026770560070872307	0.02381022833287716	0.10464607924222946	0.03797439485788345	0.02519777975976467	0.011786917224526405	0.037752535194158554	turkey	nli		2022	United States
SRR13436893	0.029426200315356255	0.5422373414039612	0.03640754893422127	0.028632478788495064	0.016865072771906853	0.011500981636345387	0.008028978481888771	0.017709000036120415	0.016442248597741127	0.028354229405522346	0.0243475753813982	0.12125562876462936	0.0405363030731678	0.026636328548192978	0.012484196573495865	0.03913595899939537	turkey	nli		2019	United States
SRR8075036	0.03694746643304825	0.23719251155853271	0.05700225383043289	0.04670597240328789	0.03350989893078804	0.02877471223473549	0.015828954055905342	0.03948430344462395	0.040578849613666534	0.02671641670167446	0.022807175293564796	0.18947605788707733	0.05169879272580147	0.04526897892355919	0.040578849613666534	0.08742884546518326	turkey	nli		2018	United States
ERR4224737	0.0032938665244728327	0.8004916310310364	0.003926873207092285	0.004329705610871315	0.003957671578973532	0.00358945201151073	0.0035200261045247316	0.003028531325981021	0.0025403364561498165	0.014675842598080635	0.007794281467795372	0.0593046173453331	0.056258250027894974	0.01088488008826971	0.008883980102837086	0.013520018197596073	turkey	nli		2014	Netherlands
SRR26628477	0.0247067678719759	0.5830132961273193	0.0324130654335022	0.02330070175230503	0.018759243190288544	0.01279269065707922	0.00847198348492384	0.017553970217704773	0.01765712909400463	0.02599380724132061	0.023164572194218636	0.1077413484454155	0.03497849404811859	0.023667633533477783	0.012668371200561523	0.03311697021126747	turkey	nli		2023	United States
SRR20994490	0.0254221148788929	0.586283266544342	0.03270645812153816	0.026383236050605774	0.01730254851281643	0.011413970962166786	0.00820513442158699	0.017134400084614754	0.01657482609152794	0.02648649550974369	0.0222169142216444	0.10262969136238098	0.03662949800491333	0.02383526600897312	0.011481045745313168	0.03529511019587517	turkey	nli		2022	United States
SRR11521765	0.02360527776181698	0.46609076857566833	0.03290095180273056	0.023836927488446236	0.022923748940229416	0.016935955733060837	0.00985938124358654	0.020669473335146904	0.01907883584499359	0.034211575984954834	0.030428405851125717	0.1557401716709137	0.046036701649427414	0.04216322675347328	0.01690291054546833	0.03861565515398979	turkey	nli		2020	United States
SRR19847146	0.026528948917984962	0.5570583939552307	0.034532759338617325	0.02868463099002838	0.0198304932564497	0.013365671969950199	0.00873124785721302	0.01907080039381981	0.01816197670996189	0.026373956352472305	0.023366032168269157	0.10931701958179474	0.03844890743494034	0.0263224970549345	0.013158456422388554	0.03704823926091194	turkey	nli		2022	United States
SRR14619693	0.025326890870928764	0.5746107697486877	0.033291567116975784	0.02279173582792282	0.019230088219046593	0.013398569077253342	0.00865076668560505	0.017681021243333817	0.016772780567407608	0.025426017120480537	0.023150654509663582	0.11152944713830948	0.0361376591026783	0.02512979507446289	0.011709287762641907	0.03516290709376335	turkey	nli		2021	United States
SRR27503896	0.025357697159051895	0.582517683506012	0.0323696993291378	0.022378088906407356	0.020777350291609764	0.013867758214473724	0.009023922495543957	0.0189179927110672	0.01798130013048649	0.025308215990662575	0.022247347980737686	0.10582567006349564	0.03379090502858162	0.023543821647763252	0.01282558124512434	0.03326701745390892	turkey	nli		2023	United States
SRR7084862	0.02422720566391945	0.4669473469257355	0.035388343036174774	0.026608381420373917	0.022275598719716072	0.015490248799324036	0.009267732501029968	0.021131346002221107	0.01886816881597042	0.037086665630340576	0.031047649681568146	0.146823912858963	0.04464777186512947	0.04025719687342644	0.016233639791607857	0.04369877278804779	turkey	nli		2018	United States
SRR7367187	0.011848951689898968	0.3466154634952545	0.02847973071038723	0.058722641319036484	0.00910266861319542	0.006830912083387375	0.010809686034917831	0.008534480817615986	0.0071030245162546635	0.02047315239906311	0.014209064655005932	0.3581424653530121	0.05570617690682411	0.018244801089167595	0.01512546930462122	0.030051227658987045	environment	nli		2018	United States
SRR16764948	0.02516852878034115	0.5835609436035156	0.031630124896764755	0.021029090508818626	0.01819916069507599	0.011888770386576653	0.008974114432930946	0.016473717987537384	0.01660292036831379	0.025866225361824036	0.02305087447166443	0.11007700860500336	0.037488408386707306	0.02448965050280094	0.01130011584609747	0.034200314432382584	turkey	nli		2021	United States
SRR8099154	0.026072559878230095	0.4600084125995636	0.03584638610482216	0.024540787562727928	0.021114202216267586	0.0162521805614233	0.010190239176154137	0.022785352542996407	0.020265711471438408	0.03929273784160614	0.03257482126355171	0.142817422747612	0.04598274454474449	0.040778256952762604	0.016866620630025864	0.044611550867557526	turkey	nli		2018	United States
SRR13797356	0.023500924929976463	0.5796138048171997	0.03071090765297413	0.028126923367381096	0.0168610867112875	0.011275867000222206	0.00836316216737032	0.01621514931321144	0.016120417043566704	0.024011289700865746	0.02160782180726528	0.11818771064281464	0.03618628904223442	0.023592904210090637	0.012677797116339207	0.03294799476861954	turkey	nli		2021	United States
SRR3140161	0.02391710877418518	0.4772317707538605	0.03193352743983269	0.026629401370882988	0.022424204275012016	0.016437971964478493	0.009931263513863087	0.02065814472734928	0.01921793632209301	0.034259676933288574	0.030411729589104652	0.14939969778060913	0.04356279596686363	0.038144856691360474	0.017395902425050735	0.03844402730464935	turkey	nli		2015	United States
SRR8592659	0.024962084367871284	0.45874330401420593	0.03385360166430473	0.023679830133914948	0.020294029265642166	0.01586686447262764	0.010324765928089619	0.020775288343429565	0.02049318514764309	0.03942456841468811	0.032556694000959396	0.1562320590019226	0.047185033559799194	0.03881334885954857	0.015960106626152992	0.040835242718458176	turkey	nli		2018	United States
SRR7904252	0.024042310193181038	0.46690404415130615	0.033379439264535904	0.025245385244488716	0.021805426105856895	0.016078313812613487	0.009732961654663086	0.02024565450847149	0.018724169582128525	0.03602135553956032	0.031173883005976677	0.15165558457374573	0.04598212614655495	0.040184732526540756	0.017283238470554352	0.041541386395692825	turkey	nli		2018	United States
SRR26959982	0.02594624273478985	0.5740442276000977	0.03229061886668205	0.027351222932338715	0.01901978813111782	0.012424851767718792	0.008489578031003475	0.0183627400547266	0.016949621960520744	0.026561537757515907	0.02298709563910961	0.1112835481762886	0.034507717937231064	0.023303529247641563	0.012571312487125397	0.03390643745660782	turkey	nli		2023	United States
SRR7138685	0.026614196598529816	0.45980846881866455	0.03525808826088905	0.026150459423661232	0.021849527955055237	0.016300739720463753	0.00998392328619957	0.022150300443172455	0.019662445411086082	0.03819761052727699	0.03280002623796463	0.14359427988529205	0.04630064591765404	0.040265996009111404	0.01649288646876812	0.04457039758563042	turkey	nli		2018	United States
SRR10834037	0.014922010712325573	0.327411025762558	0.03359444811940193	0.04854663461446762	0.01132991723716259	0.008518927730619907	0.01435035839676857	0.011920122429728508	0.009319734759628773	0.024746816605329514	0.02023724652826786	0.3397892713546753	0.05913308635354042	0.02311166189610958	0.015186631120741367	0.03788207098841667	environment	nli		2019	United States
SRR5683997	0.039423614740371704	0.22543171048164368	0.057137392461299896	0.04983611777424812	0.035339098423719406	0.0345204696059227	0.01577378436923027	0.039346691220998764	0.04020117223262787	0.029469307512044907	0.02220119722187519	0.18570692837238312	0.05505591630935669	0.046180982142686844	0.040834251791238785	0.08354133367538452	turkey	nli		2017	United States
SRR20994523	0.02970317006111145	0.5293367505073547	0.03725612163543701	0.030765997245907784	0.0210627019405365	0.015319772064685822	0.008661014027893543	0.020494570955634117	0.019403867423534393	0.029761241748929024	0.0241957176476717	0.11475693434476852	0.04004812613129616	0.026418544352054596	0.01338826771825552	0.03942723572254181	turkey	nli		2022	United States
SRR6108541	0.006028384435921907	0.7563544511795044	0.020795991644263268	0.00450624106451869	0.005309649743139744	0.004778167698532343	0.008926792070269585	0.004685749299824238	0.003620866686105728	0.027229245752096176	0.011826077476143837	0.08661890774965286	0.008385945111513138	0.009502521716058254	0.006159301847219467	0.03527168557047844	turkey	nli		2016	United States
SRR12515354	0.024232137948274612	0.5435009002685547	0.030512869358062744	0.019131796434521675	0.017183158546686172	0.012280249036848545	0.008674051612615585	0.015891823917627335	0.014441436156630516	0.031297530978918076	0.024565713480114937	0.1317031979560852	0.04277864843606949	0.033381178975105286	0.011626707389950752	0.03879854828119278	turkey	nli		2020	United States
SRR8538386	0.015396700240671635	0.32943716645240784	0.029910681769251823	0.03788456693291664	0.01237159688025713	0.009157946333289146	0.014323299750685692	0.012590988539159298	0.009729561395943165	0.0248453076928854	0.02129286341369152	0.3490610718727112	0.05626381188631058	0.02275484800338745	0.015276881866157055	0.03970268368721008	environment	nli		2019	United States
SRR13176900	0.0076836892403662205	0.8700858950614929	0.007120144087821245	0.0033241338096559048	0.002939272904768586	0.002352564362809062	0.005029254127293825	0.0037520520854741335	0.0028266713488847017	0.012842650525271893	0.004970661364495754	0.027996189892292023	0.01117970235645771	0.007346161641180515	0.01081459503620863	0.019736291840672493	turkey	nli		2020	United States
SRR19242167	0.024477098137140274	0.5785815715789795	0.03365283086895943	0.023265153169631958	0.01924985460937023	0.013307967223227024	0.008710548281669617	0.017595790326595306	0.01749299094080925	0.02683037891983986	0.02344762347638607	0.10265065729618073	0.03761584311723709	0.02560172602534294	0.011836349964141846	0.03568359091877937	turkey	nli		2022	United States
SRR10097033	0.027044884860515594	0.4201197922229767	0.03625098988413811	0.0241483636200428	0.020414549857378006	0.015379642136394978	0.011677386239171028	0.020137343555688858	0.019632481038570404	0.042298998683691025	0.03646402060985565	0.15940110385417938	0.05228332802653313	0.044676654040813446	0.01732560433447361	0.052744876593351364	turkey	nli		2019	United States
SRR26806889	0.02103222720324993	0.591826856136322	0.03048240765929222	0.022345004603266716	0.019489658996462822	0.012632719241082668	0.008061273954808712	0.016220733523368835	0.01593809388577938	0.02478202059864998	0.021573085337877274	0.11106530576944351	0.03467627987265587	0.024637239053845406	0.012148767709732056	0.03308833763003349	turkey	nli		2023	United States
SRR15323874	0.011788513511419296	0.4141414761543274	0.016787612810730934	0.013384252786636353	0.008007725700736046	0.005997509695589542	0.011270670220255852	0.007806964684277773	0.007066793739795685	0.018222780898213387	0.014026575721800327	0.37763288617134094	0.04312059283256531	0.016081547364592552	0.010262062773108482	0.024401992559432983	turkey	nli		2021	United States
SRR13245107	0.022950222715735435	0.5456778407096863	0.034654825925827026	0.02575327828526497	0.02122548781335354	0.014702465385198593	0.008103628642857075	0.01715538278222084	0.01705515757203102	0.02918229065835476	0.024382716044783592	0.11508055776357651	0.04067416861653328	0.028673799708485603	0.011767704971134663	0.04296048730611801	turkey	nli		2020	United States
SRR8838819	0.025659793987870216	0.5282573699951172	0.028513967990875244	0.02045777253806591	0.017294595018029213	0.012603667564690113	0.010654891841113567	0.018374081701040268	0.01777401939034462	0.030650831758975983	0.022380871698260307	0.1448058933019638	0.03689981624484062	0.029999341815710068	0.01833822950720787	0.037334781140089035	turkey	nli		2019	United States
SRR17915050	0.025184841826558113	0.5855095982551575	0.03336449712514877	0.021880971267819405	0.019845180213451385	0.01268849242478609	0.008823460899293423	0.01813996210694313	0.01684238389134407	0.02548171579837799	0.023201365023851395	0.10297080874443054	0.03469358757138252	0.023798003792762756	0.01185009814798832	0.03572503477334976	turkey	nli		2021	United States
SRR27040758	0.023824021220207214	0.6084584593772888	0.030530959367752075	0.020739132538437843	0.018159791827201843	0.012049867771565914	0.00844508782029152	0.016151653602719307	0.015532894060015678	0.02601270191371441	0.022293340414762497	0.09923116117715836	0.032691020518541336	0.02251211740076542	0.011057580821216106	0.032310158014297485	turkey	nli		2023	United States
SRR12112583	0.03554384037852287	0.2741665244102478	0.05814584344625473	0.045728422701358795	0.02901003696024418	0.0258525051176548	0.01702084392309189	0.03561333194375038	0.03761517256498337	0.02089514583349228	0.01665906235575676	0.1988292932510376	0.04107083007693291	0.038432054221630096	0.04212699830532074	0.08329007774591446	turkey	nli		2020	United States
ERR4224893	0.003251105546951294	0.8017587065696716	0.003508424386382103	0.00766310328617692	0.003619793336838484	0.0034137906040996313	0.0034071297850459814	0.0028467632364481688	0.0024349656887352467	0.0149451345205307	0.0072411238215863705	0.06167423352599144	0.05143020674586296	0.010680806823074818	0.008383461274206638	0.013741238974034786	turkey	nli		2016	Netherlands
SRR26969078	0.006273395847529173	0.8297159671783447	0.007391866762191057	0.004228243138641119	0.0035535902716219425	0.0035397361498326063	0.00426973681896925	0.00330584729090333	0.003063386306166649	0.022813066840171814	0.011606347747147083	0.03345314785838127	0.03287024423480034	0.0115160271525383	0.006285660434514284	0.01611381582915783	turkey	nli		2023	United States
SRR7084888	0.014962609857320786	0.32093164324760437	0.027120254933834076	0.0599343404173851	0.012307906523346901	0.009075281210243702	0.014730635099112988	0.012848288752138615	0.009793572127819061	0.025802627205848694	0.022199852392077446	0.33412376046180725	0.0599343404173851	0.023493556305766106	0.014904276467859745	0.03783704712986946	environment	nli		2018	United States
SRR10246444	0.023976825177669525	0.5154080390930176	0.02920539118349552	0.02038864977657795	0.018169494345784187	0.013449779711663723	0.010870711877942085	0.018709678202867508	0.018782902508974075	0.03133281320333481	0.022700803354382515	0.1497727334499359	0.03706357628107071	0.03108898177742958	0.018134040758013725	0.04094558581709862	turkey	nli		2019	United States
SRR8839759	0.026756806299090385	0.4622723162174225	0.03342971205711365	0.022443648427724838	0.020838221535086632	0.016646159812808037	0.010643122717738152	0.02087896317243576	0.019461331889033318	0.039083294570446014	0.03177449107170105	0.15173573791980743	0.04732796922326088	0.039159707725048065	0.016908297315239906	0.040640197694301605	turkey	nli		2019	United States
SRR9668773	0.025088312104344368	0.5253949165344238	0.029102951288223267	0.020596815273165703	0.01758301444351673	0.013194815255701542	0.010417590849101543	0.01846286468207836	0.017790276557207108	0.030919482931494713	0.022357631474733353	0.14430278539657593	0.0359373465180397	0.030203234404325485	0.01768634282052517	0.04096165671944618	turkey	nli		2019	United States
SRR8942624	0.025811735540628433	0.47528523206710815	0.032565418630838394	0.022381862625479698	0.020943842828273773	0.01669788919389248	0.010759931057691574	0.020740309730172157	0.019483717158436775	0.03697359934449196	0.031379085034132004	0.15006718039512634	0.042890120297670364	0.03604663163423538	0.01712728664278984	0.04084618762135506	turkey	nli		2019	United States
SRR19139537	0.02592545747756958	0.5684263706207275	0.03290111571550369	0.024070972576737404	0.020309418439865112	0.013635099865496159	0.008734972216188908	0.018856657668948174	0.017818288877606392	0.025473715737462044	0.02328486554324627	0.10724835842847824	0.03706404194235802	0.02498101256787777	0.012198573909699917	0.03907104581594467	turkey	nli		2022	United States
SRR9010123	0.025585517287254333	0.4769059717655182	0.032217029482126236	0.023295879364013672	0.019125275313854218	0.014606689102947712	0.010317312553524971	0.019693875685334206	0.018682239577174187	0.03643544390797615	0.03246970847249031	0.14926128089427948	0.044816359877586365	0.0395503006875515	0.016231410205364227	0.04080576449632645	turkey	nli		2019	United States
SRR7543322	0.026181666180491447	0.4590104818344116	0.033683646470308304	0.024166837334632874	0.02083311416208744	0.01619318686425686	0.009860105812549591	0.021327156573534012	0.020113425329327583	0.03779764845967293	0.03214116021990776	0.15103335678577423	0.04787411540746689	0.041838183999061584	0.01635209657251835	0.041593752801418304	turkey	nli		2018	United States
SRR10698082	0.007816851139068604	0.802026093006134	0.016164934262633324	0.007576352450996637	0.009282740764319897	0.006442537531256676	0.015215239487588406	0.009428922086954117	0.00798660796135664	0.01751263253390789	0.014461880549788475	0.027957795187830925	0.00899714045226574	0.00790899433195591	0.009633689187467098	0.03158764913678169	turkey	nli		2017	Germany
SRR27844354	0.022908128798007965	0.6049667000770569	0.028565365821123123	0.022290222346782684	0.018263952806591988	0.01221403293311596	0.009041312150657177	0.01695750653743744	0.01749579608440399	0.02349722757935524	0.021103957667946815	0.1019676923751831	0.03392220661044121	0.022952916100621223	0.012048181146383286	0.03180478885769844	turkey	nli		2024	United States
SRR17067005	0.024026190862059593	0.5899702906608582	0.03133606165647507	0.02099698595702648	0.018065214157104492	0.012710466049611568	0.008752845227718353	0.016352467238903046	0.016352467238903046	0.025228457525372505	0.022307563573122025	0.10905363410711288	0.03585686534643173	0.023332510143518448	0.011709430254995823	0.03394859656691551	turkey	nli		2021	United States
SRR17657446	0.024207692593336105	0.5776878595352173	0.03238470107316971	0.022041354328393936	0.0180953461676836	0.012509823776781559	0.008975359611213207	0.01743614487349987	0.01676817797124386	0.02522123046219349	0.023739473894238472	0.11237333714962006	0.036553606390953064	0.024781761690974236	0.012412471696734428	0.034811634570360184	turkey	nli		2021	United States
SRR8375510	0.02645336650311947	0.46821075677871704	0.03363670036196709	0.02655690163373947	0.02068253420293331	0.016297446563839912	0.010079862549901009	0.022102614864706993	0.020085392519831657	0.03818989172577858	0.03247470408678055	0.14314526319503784	0.044474441558122635	0.03886713460087776	0.016139065846800804	0.04260390251874924	turkey	nli		2018	United States
SRR26304285	0.02368190698325634	0.6116597056388855	0.030171532183885574	0.021145561710000038	0.017598897218704224	0.011954615823924541	0.008477091789245605	0.016436045989394188	0.016212863847613335	0.024915561079978943	0.021774224936962128	0.09806295484304428	0.033136941492557526	0.022290585562586784	0.01123032346367836	0.03125111386179924	turkey	nli		2023	United States
SRR15321209	0.025506673380732536	0.588951826095581	0.03243293985724449	0.021945221349596977	0.01910361647605896	0.013078521937131882	0.008763371035456657	0.017496256157755852	0.016213027760386467	0.02570672333240509	0.023360567167401314	0.1021697148680687	0.034863486886024475	0.023451996967196465	0.011474325321614742	0.03548173978924751	turkey	nli		2021	United States
SRR24660421	0.022319506853818893	0.5888469219207764	0.031230609863996506	0.020967237651348114	0.019543614238500595	0.013379749841988087	0.008194866590201855	0.016393212601542473	0.016139058396220207	0.025589443743228912	0.021845100447535515	0.11213673651218414	0.03357105329632759	0.023482192307710648	0.011993530206382275	0.034367166459560394	turkey	nli		2023	United States
SRR7708075	0.02688431367278099	0.45360490679740906	0.03458763286471367	0.025904936715960503	0.022287879139184952	0.01662776991724968	0.010862245224416256	0.022418854758143425	0.0202933456748724	0.0383598655462265	0.03319769352674484	0.14798475801944733	0.0460454486310482	0.039965931326150894	0.016562944278120995	0.044411394745111465	turkey	nli		2018	United States
SRR11236364	0.027032341808080673	0.4678315222263336	0.03338048607110977	0.02294205315411091	0.020929815247654915	0.016141749918460846	0.010710802860558033	0.02080753818154335	0.01985469087958336	0.03709344565868378	0.03210170194506645	0.1487269550561905	0.04430841654539108	0.03797309473156929	0.016883399337530136	0.04328201338648796	turkey	nli		2019	United States
SRR10574919	0.026459649205207825	0.4813043177127838	0.03241903707385063	0.021013226360082626	0.019624773412942886	0.01573817990720272	0.01062820665538311	0.01993381790816784	0.019396137446165085	0.03581458330154419	0.031116250902414322	0.14794081449508667	0.04439820721745491	0.03790169209241867	0.01659039594233036	0.03972063586115837	turkey	nli		2019	United States
SRR10447229	0.015155946835875511	0.31731560826301575	0.03158770501613617	0.044763848185539246	0.012249711900949478	0.00965254008769989	0.01446190569549799	0.012369923293590546	0.00974726490676403	0.02548077329993248	0.021583056077361107	0.3451162278652191	0.062330782413482666	0.023110058158636093	0.015454868786036968	0.03961985930800438	environment	nli		2019	United States
SRR13059399	0.01171417161822319	0.39191824197769165	0.016487395390868187	0.014953418634831905	0.00967352744191885	0.007273494265973568	0.012966405600309372	0.008470423519611359	0.0073880343697965145	0.022579653188586235	0.015980131924152374	0.37087956070899963	0.05280778929591179	0.019125713035464287	0.010439167730510235	0.027342865243554115	turkey	nli		2020	United States
SRR3113823	0.025626996532082558	0.468325674533844	0.032458893954753876	0.02776356413960457	0.019572295248508453	0.015696097165346146	0.010766709223389626	0.022221677005290985	0.0199193824082613	0.03530267998576164	0.03158337250351906	0.14892041683197021	0.045506950467824936	0.03892416134476662	0.017407961189746857	0.040003180503845215	turkey	nli		2015	United States
SRR8136319	0.01140016783028841	0.34172922372817993	0.025942789390683174	0.06370934844017029	0.009469548240303993	0.00699605792760849	0.010899383574724197	0.008638978935778141	0.007161965128034353	0.02024376392364502	0.015043889172375202	0.36005786061286926	0.054867278784513474	0.018759021535515785	0.015191521495580673	0.029889144003391266	environment	nli		2018	United States
SRR8252758	0.02611178159713745	0.4590163230895996	0.03385721892118454	0.024481885135173798	0.021187307313084602	0.016372282058000565	0.01018565520644188	0.021437054499983788	0.019291261211037636	0.03653695061802864	0.0323699414730072	0.15435297787189484	0.04682283103466034	0.039505861699581146	0.01608699932694435	0.04238360375165939	turkey	nli		2018	United States
SRR9643036	0.023021038621664047	0.5382181406021118	0.028818512335419655	0.020197303965687752	0.016420289874076843	0.012491900473833084	0.010519234463572502	0.017547721043229103	0.017893819138407707	0.030260585248470306	0.022095918655395508	0.13985522091388702	0.035655677318573	0.029908038675785065	0.01700783520936966	0.04008876159787178	turkey	nli		2019	United States
SRR20994461	0.02752240002155304	0.5637051463127136	0.03527050092816353	0.029527222737669945	0.01858624815940857	0.012023644521832466	0.008183414116501808	0.018768643960356712	0.017460165545344353	0.027095703408122063	0.023357955738902092	0.10842882096767426	0.03667551651597023	0.02452678419649601	0.01197676919400692	0.03689104691147804	turkey	nli		2022	United States
SRR8839808	0.02663986198604107	0.4677281677722931	0.03315384313464165	0.021827921271324158	0.020030427724123	0.015569274313747883	0.010932978242635727	0.021280674263834953	0.019376274198293686	0.03536108136177063	0.03238583356142044	0.15240618586540222	0.045760639011859894	0.03937116265296936	0.016834396868944168	0.04134129360318184	turkey	nli		2019	United States
SRR24324263	0.038602523505687714	0.30215340852737427	0.054014645516872406	0.030836783349514008	0.03413320705294609	0.029771514236927032	0.01606052555143833	0.03800404816865921	0.04069283604621887	0.023005641996860504	0.019372694194316864	0.17658908665180206	0.0434868298470974	0.042479466646909714	0.03521671146154404	0.07558007538318634	turkey	nli		2023	United States
ERR4224927	0.0031684006098657846	0.7975521683692932	0.0038744311314076185	0.007424530107527971	0.003747900016605854	0.0034662410616874695	0.0034392664674669504	0.0029018146451562643	0.0024531371891498566	0.01628013513982296	0.00804352667182684	0.05845550820231438	0.05564263090491295	0.011409849859774113	0.00785719882696867	0.01428323332220316	turkey	nli		2017	Netherlands
SRR28901624	0.047818806022405624	0.6897741556167603	0.02866567112505436	0.006808693055063486	0.012670721858739853	0.015046853572130203	0.007419693283736706	0.009144221432507038	0.007655220106244087	0.009696023538708687	0.016206100583076477	0.062367476522922516	0.017522970214486122	0.01513527799397707	0.016461309045553207	0.03760679066181183	turkey	nli		2023	United States
SRR18982367	0.026489082723855972	0.5619540214538574	0.034012652933597565	0.029263531789183617	0.018820295110344887	0.012439453974366188	0.008466419763863087	0.018276916816830635	0.01747405156493187	0.026334326714277267	0.022568978369235992	0.11361180245876312	0.03720995783805847	0.02478717267513275	0.012366781942546368	0.0359245203435421	turkey	nli		2022	United States
SRR10831345	0.012117256410419941	0.3506768047809601	0.024525387212634087	0.04004257172346115	0.009492386132478714	0.0072355447337031364	0.011316605843603611	0.00920033734291792	0.007642257958650589	0.020213471725583076	0.014846373349428177	0.3725651204586029	0.053988512605428696	0.019025925546884537	0.015834780409932137	0.03127668425440788	environment	nli		2019	United States
SRR12680060	0.021138284355401993	0.6129438281059265	0.023999644443392754	0.013515271246433258	0.015525628812611103	0.010966397821903229	0.008441138081252575	0.015404806472361088	0.015616867691278458	0.021555200219154358	0.014872642233967781	0.12182074785232544	0.03306090831756592	0.02640998736023903	0.012622245587408543	0.03210637718439102	turkey	nli		2020	United States
SRR25915113	0.02534635178744793	0.574070394039154	0.03185360133647919	0.0245665293186903	0.01997244544327259	0.013593449257314205	0.00875946506857872	0.018327746540308	0.018185118213295937	0.02534635178744793	0.022764744237065315	0.11227105557918549	0.03498433902859688	0.023717867210507393	0.012596464715898037	0.03364410623908043	turkey	nli		2023	United States
SRR13045497	0.022173983976244926	0.5435590744018555	0.028639275580644608	0.018418816849589348	0.01547993440181017	0.012317598797380924	0.008582291193306446	0.015389496460556984	0.015239940956234932	0.030665503814816475	0.024069631472229958	0.14131201803684235	0.04316091537475586	0.032262954860925674	0.010639192536473274	0.03808936849236488	turkey	nli		2020	United States
SRR25523927	0.024298371747136116	0.586830198764801	0.03126072511076927	0.02264857292175293	0.018960585817694664	0.01303140725940466	0.008938871324062347	0.017742380499839783	0.017297562211751938	0.026634465903043747	0.022692851722240448	0.10857918113470078	0.03321193531155586	0.023140426725149155	0.01209925301373005	0.03263323754072189	turkey	nli		2023	United States
SRR8698547	0.015287870541214943	0.3250388205051422	0.02964131347835064	0.04312785342335701	0.011585056781768799	0.008409848436713219	0.013811440207064152	0.012260179966688156	0.00962312612682581	0.025752820074558258	0.02033240534365177	0.3518799841403961	0.0591217465698719	0.022113768383860588	0.014138969592750072	0.03787481039762497	environment	nli		2019	United States
SRR16764944	0.02437216229736805	0.5907717943191528	0.031050940975546837	0.020684385672211647	0.018111852928996086	0.011693891137838364	0.008690161630511284	0.01642673648893833	0.01629890315234661	0.025293586775660515	0.0226287879049778	0.10827264189720154	0.0362313911318779	0.02427714504301548	0.011490131728351116	0.03370547667145729	turkey	nli		2021	United States
SRR24529378	0.03780389577150345	0.2992441654205322	0.05383521690964699	0.029556935653090477	0.03375508263707161	0.032652709633111954	0.015851618722081184	0.03614325448870659	0.03787780925631523	0.022573739290237427	0.018460169434547424	0.18698811531066895	0.043767720460891724	0.04217329993844032	0.03544418141245842	0.07387202233076096	turkey	nli		2023	United States
SRR10698086	0.023877102881669998	0.19605372846126556	0.03219297155737877	0.01670149341225624	0.022125883027911186	0.015386137180030346	0.02648121304810047	0.01948792114853859	0.016474705189466476	0.049667056649923325	0.04522236809134483	0.3842853307723999	0.037126317620277405	0.029426755383610725	0.019564198330044746	0.06592679023742676	environment	nli		2016	Germany
SRR27038776	0.024038512259721756	0.5865378379821777	0.03147483989596367	0.021801982074975967	0.018868044018745422	0.012716983444988728	0.008655307814478874	0.01724678836762905	0.016781587153673172	0.02634962648153305	0.023804904893040657	0.10637407749891281	0.03511271998286247	0.02465667761862278	0.0122059416025877	0.03337416797876358	turkey	nli		2023	United States
SRR22884909	0.023257464170455933	0.5817894339561462	0.03154180571436882	0.022896893322467804	0.01818382553756237	0.012376095168292522	0.008623048663139343	0.01678447425365448	0.017115518450737	0.0255433302372694	0.022322846576571465	0.10987690091133118	0.037383727729320526	0.024660924449563026	0.011971917003393173	0.03567180410027504	turkey	nli		2022	United States
SRR9609600	0.014432269148528576	0.327036589384079	0.032239023596048355	0.04135531559586525	0.012082187458872795	0.009613964706659317	0.014097945764660835	0.012105808593332767	0.009464913047850132	0.024936724454164505	0.020076394081115723	0.34761905670166016	0.06034816801548004	0.02217918261885643	0.014977902173995972	0.03743445873260498	environment	nli		2019	United States
ERR10497218	0.005434954538941383	0.845329225063324	0.009688854217529297	0.004685223568230867	0.005125650204718113	0.005006914958357811	0.004657851532101631	0.004274284932762384	0.004142778925597668	0.014291257597506046	0.010766558349132538	0.02659549005329609	0.02035168558359146	0.01100037433207035	0.012860739603638649	0.015788115561008453	turkey	nli		2018	Spain
SRR13842615	0.011047784239053726	0.4350973069667816	0.017827557399868965	0.016200503334403038	0.0063442084938287735	0.004770189523696899	0.009357837960124016	0.006258061621338129	0.005742719862610102	0.016520030796527863	0.010257520712912083	0.3621201515197754	0.048413023352622986	0.01604306511580944	0.012157338671386242	0.021842781454324722	turkey	nli		2021	United States
SRR5080903	0.02556529827415943	0.46412861347198486	0.03334343433380127	0.025715533643960953	0.0211117472499609	0.0165384653955698	0.01010976079851389	0.021867159754037857	0.01994919776916504	0.03626471757888794	0.032444048672914505	0.1501663476228714	0.04665585234761238	0.038603585213422775	0.016603196039795876	0.040933094918727875	turkey	nli		2016	United States
SRR8252775	0.02545294351875782	0.46254029870033264	0.033917829394340515	0.02510732226073742	0.021984703838825226	0.016084354370832443	0.010263852775096893	0.021601630374789238	0.019822770729660988	0.035894401371479034	0.031003406271338463	0.15252961218357086	0.0450216680765152	0.03996496647596359	0.016433656215667725	0.04237663000822067	turkey	nli		2018	United States
SRR23525304	0.011446896940469742	0.4153108596801758	0.016785763204097748	0.013567001558840275	0.008101226761937141	0.0061151268891990185	0.011291461065411568	0.007913561537861824	0.007191321346908808	0.01839958317577839	0.013753763400018215	0.37392181158065796	0.047353487461805344	0.016461098566651344	0.01006246730685234	0.022324558347463608	turkey	nli		2023	United States
SRR7739737	0.023180628195405006	0.5197896361351013	0.03107132948935032	0.026267090812325478	0.017738524824380875	0.013028575107455254	0.010206291452050209	0.018553540110588074	0.018445145338773727	0.027797820046544075	0.02135499380528927	0.14903134107589722	0.03611384332180023	0.031684163957834244	0.016992462798953056	0.038744498044252396	turkey	nli		2018	United States
SRR8753356	0.015373075380921364	0.3176460862159729	0.029430503025650978	0.04298872500658035	0.012280446477234364	0.009072734974324703	0.014697767794132233	0.012280446477234364	0.009867615066468716	0.025644686073064804	0.020606083795428276	0.35040247440338135	0.06254822015762329	0.023168040439486504	0.015193971805274487	0.03879917040467262	environment	nli		2019	United States
SRR17621928	0.020800011232495308	0.5920471549034119	0.030204785987734795	0.021713240072131157	0.018320128321647644	0.012061658315360546	0.00806624349206686	0.015731366351246834	0.014894158579409122	0.024317678064107895	0.02175568975508213	0.11343642324209213	0.035520486533641815	0.023661747574806213	0.012156258337199688	0.035312969237565994	turkey	nli		2021	United States
SRR14478907	0.011654175817966461	0.40762680768966675	0.015499700792133808	0.014167873188853264	0.007598342373967171	0.005769234616309404	0.011098792776465416	0.007717998698353767	0.006851136218756437	0.018842844292521477	0.014140228740870953	0.38050687313079834	0.04677331820130348	0.016890617087483406	0.010406006127595901	0.024455996230244637	turkey	nli		2021	United States
SRR11272909	0.015667270869016647	0.31870606541633606	0.028816523030400276	0.03492950275540352	0.013296641409397125	0.009881223551928997	0.016038810834288597	0.013479679822921753	0.010194888338446617	0.025780562311410904	0.022354835644364357	0.3551952540874481	0.0594751350581646	0.024124179035425186	0.015274478122591972	0.036784976720809937	environment	nli		2020	United States
ERR4224419	0.016724547371268272	0.010936141014099121	0.029902208596467972	0.018932899460196495	0.011327452957630157	0.007954307831823826	0.008685058914124966	0.011371786706149578	0.00929952785372734	0.010787640698254108	0.006391465198248625	0.07563437521457672	0.06758337467908859	0.6879213452339172	0.00496796565130353	0.021579857915639877	wastewater	nli		2018	Netherlands
ERR4224394	0.01655176840722561	0.010697065852582455	0.02973814308643341	0.019032374024391174	0.01075992826372385	0.007689773570746183	0.008429084904491901	0.010993599891662598	0.009043089114129543	0.01020721159875393	0.00631309300661087	0.07520101964473724	0.07342313230037689	0.6848153471946716	0.004984323401004076	0.02212110348045826	wastewater	nli		2018	Netherlands
ERR4224662	0.013310913927853107	0.008594172075390816	0.03590123727917671	0.028791166841983795	0.0074521759524941444	0.00648722006008029	0.005151899065822363	0.006011428311467171	0.005151899065822363	0.004237836692482233	0.004645271226763725	0.12709461152553558	0.7196885943412781	0.019462063908576965	0.0034995933528989553	0.004519973415881395	water	nli		2019	Netherlands
SRR21995108	0.013692245818674564	0.010895109735429287	0.023223156109452248	0.019922101870179176	0.012297644279897213	0.012466931715607643	0.0152152543887496	0.014265517704188824	0.015652313828468323	0.019786378368735313	0.015037991106510162	0.03472617268562317	0.7309672832489014	0.022930195555090904	0.012913016602396965	0.02600870281457901	water	nli		2016	China
ERR1025588	0.013084984384477139	0.011984027922153473	0.023303739726543427	0.029200904071331024	0.009704960510134697	0.00700388802215457	0.02824726328253746	0.014540445059537888	0.01445549726486206	0.033973027020692825	0.04060087352991104	0.03734852373600006	0.5397964119911194	0.16656917333602905	0.005716406740248203	0.024469854310154915	water	nli		2010	Spain
ERR4224335	0.014120243489742279	0.009591628797352314	0.04089820012450218	0.029746949672698975	0.007513865362852812	0.006414409726858139	0.005266053602099419	0.00588619289919734	0.005054433364421129	0.004264580551534891	0.004486734047532082	0.12317733466625214	0.7157927751541138	0.019738486036658287	0.003570156404748559	0.004477979149669409	water	nli		2018	Netherlands
SRR7010530	0.011654254049062729	0.008918190374970436	0.02412407658994198	0.02744315005838871	0.009871537797152996	0.007824295200407505	0.013257686980068684	0.012142199091613293	0.010778423398733139	0.011953950859606266	0.01022475678473711	0.07383719831705093	0.7091518640518188	0.04746383801102638	0.007568770553916693	0.013785813935101032	water	nli		2010	United States
SRR9030813	0.009514820761978626	0.008122578263282776	0.01886712573468685	0.010088986717164516	0.01532389223575592	0.0149981789290905	0.008562412112951279	0.015934325754642487	0.01793294958770275	0.016122154891490936	0.01859276555478573	0.3637276589870453	0.4366022050380707	0.021462928503751755	0.002110640285536647	0.022036375477910042	water	nli		2015	Australia
ERR4224356	0.01281032431870699	0.011905604042112827	0.023607855662703514	0.013333645649254322	0.010989399626851082	0.008575284853577614	0.012164157815277576	0.009199938736855984	0.008343980647623539	0.011272000148892403	0.010609765537083149	0.09723861515522003	0.7380136847496033	0.020813526585698128	0.003872740315273404	0.0072493767365813255	water	nli		2018	Netherlands
ERR4224476	0.01248285174369812	0.011016078293323517	0.023071859031915665	0.012580756098031998	0.01014848705381155	0.007098636589944363	0.010128684341907501	0.007309680804610252	0.007338290102779865	0.00975970458239317	0.00874854251742363	0.09411311894655228	0.7558715343475342	0.020600851625204086	0.00368272396735847	0.006048114504665136	water	nli		2018	Netherlands
SRR5209551	0.01896234229207039	0.01531124860048294	0.04856410250067711	0.06506359577178955	0.015461505390703678	0.011093088425695896	0.020244531333446503	0.018833158537745476	0.017692115157842636	0.028942370787262917	0.018723130226135254	0.2503904402256012	0.3929588496685028	0.04971576854586601	0.00217584241181612	0.025867875665426254	water	nli		2006	Canada
ERR9129992	0.013045547530055046	0.010400816798210144	0.023188168182969093	0.024419939145445824	0.013873359188437462	0.010564606636762619	0.016458937898278236	0.012893562205135822	0.013459657318890095	0.015968138352036476	0.011648363433778286	0.027349036186933517	0.7671371102333069	0.005545451771467924	0.016865713521838188	0.017181573435664177	water	nli		2014	Sweden
ERR4224375	0.018281573429703712	0.011219040490686893	0.03349386900663376	0.019980579614639282	0.01102355308830738	0.0073432703502476215	0.008256260305643082	0.010895125567913055	0.009428946301341057	0.009540092200040817	0.0056083304807543755	0.07795166969299316	0.06933164596557617	0.6813374161720276	0.004872601479291916	0.02143603377044201	wastewater	nli		2018	Netherlands
SRR3210426	0.014876889996230602	0.007193994242697954	0.029993504285812378	0.04502559080719948	0.006784582976251841	0.00591761851683259	0.012552089989185333	0.009219248779118061	0.009419459849596024	0.008231861516833305	0.006972658447921276	0.0761064738035202	0.6995204091072083	0.0512203611433506	0.005735552404075861	0.011229665949940681	water	nli		2012	United States
SRR6261994	0.013217398896813393	0.009483019821345806	0.02798123098909855	0.031093623489141464	0.009557395242154598	0.007590113673359156	0.013114540837705135	0.012034578248858452	0.010872336104512215	0.01132754236459732	0.009938118048012257	0.07329003512859344	0.7001262307167053	0.04792416840791702	0.007501685526221991	0.014948048628866673	water	nli		2010	United States
SRR9030826	0.009952004067599773	0.008364074863493443	0.01916426606476307	0.010227884165942669	0.016185278072953224	0.015872225165367126	0.00913247186690569	0.016280390322208405	0.01881195791065693	0.016962025314569473	0.01925806887447834	0.36981701850891113	0.4248262047767639	0.021568017080426216	0.002094217808917165	0.021483929827809334	water	nli		2015	Australia
SRR21995107	0.013631762005388737	0.010804694145917892	0.023143164813518524	0.019756771624088287	0.012100684456527233	0.012363472022116184	0.015118485316634178	0.014119529165327549	0.015492131002247334	0.019756771624088287	0.015059543773531914	0.03474200516939163	0.7320149540901184	0.022918255999684334	0.013083958998322487	0.025893816724419594	water	nli		2016	China
ERR4224507	0.016381340101361275	0.010422786697745323	0.029431935399770737	0.017729759216308594	0.010422786697745323	0.006651056464761496	0.007205566391348839	0.009620694443583488	0.00854012556374073	0.007836859673261642	0.004482784774154425	0.07491893321275711	0.06786561757326126	0.7054516077041626	0.004923376254737377	0.018114792183041573	wastewater	nli		2018	Netherlands
ERR4224408	0.018169855698943138	0.011009816080331802	0.030607597902417183	0.018801629543304443	0.011052907444536686	0.007362824399024248	0.008310645818710327	0.010588036850094795	0.00916318316012621	0.009869135916233063	0.005824473220854998	0.0744708925485611	0.07342380285263062	0.6844873428344727	0.005090127699077129	0.021767713129520416	wastewater	nli		2018	Netherlands
ERR4224686	0.011540398001670837	0.009263918735086918	0.021560300141572952	0.01754552684724331	0.00836925394833088	0.006711761932820082	0.008978898636996746	0.0063421702943742275	0.005586023908108473	0.005553389433771372	0.009803777560591698	0.13626530766487122	0.7008536458015442	0.04153828322887421	0.004900848492980003	0.005186448339372873	water	nli		2019	Netherlands
ERR4224333	0.016688644886016846	0.010880738496780396	0.029896344989538193	0.018581200391054153	0.010732989758253098	0.007625710219144821	0.008342551067471504	0.010732989758253098	0.008863271214067936	0.010004247538745403	0.0060678827576339245	0.07554573565721512	0.06846684962511063	0.6904783844947815	0.0050699058920145035	0.022022666409611702	wastewater	nli		2018	Netherlands
ERR4224651	0.01366494596004486	0.008626793511211872	0.03881393000483513	0.030139891430735588	0.0077481260523200035	0.006640280596911907	0.005304442718625069	0.006093463860452175	0.005273453425616026	0.004346305038779974	0.0050123464316129684	0.12532348930835724	0.7153998613357544	0.019402846693992615	0.0036102579906582832	0.0045995875261723995	water	nli		2019	Netherlands
ERR321059	0.10036863386631012	0.03733371943235397	0.10278330743312836	0.0962500125169754	0.022011758759617805	0.014605826698243618	0.02744763344526291	0.02982323244214058	0.03310816362500191	0.029189331457018852	0.044901326298713684	0.030145322903990746	0.2669822573661804	0.09096373617649078	0.05090472474694252	0.023181036114692688	water	nli			unknown
ERR4224675	0.010707567445933819	0.008696693927049637	0.01998484693467617	0.016471222043037415	0.008169787935912609	0.006590302102267742	0.008462115190923214	0.006024024449288845	0.005389363970607519	0.0054528918117284775	0.009403367526829243	0.13531044125556946	0.7072473168373108	0.04257732257246971	0.004709877073764801	0.00480277044698596	water	nli		2019	Netherlands
SRR12634069	0.00619224738329649	0.006132070906460285	0.01290575135499239	0.012981594540178776	0.010229249484837055	0.008076213300228119	0.009647101163864136	0.008139556273818016	0.00802903063595295	0.015720078721642494	0.009628276340663433	0.03263572230935097	0.8221887350082397	0.013498720712959766	0.002382665639743209	0.021613067016005516	water	nli		2016	United States
SRR5209565	0.015166448429226875	0.012771430425345898	0.03812844678759575	0.06155706197023392	0.012499970383942127	0.010484994389116764	0.01766224578022957	0.017320629209280014	0.01675497367978096	0.02914857491850853	0.01840173825621605	0.24549224972724915	0.43380770087242126	0.04367181286215782	0.0020286429207772017	0.025103114545345306	water	nli		2004	Canada
SRR7121406	0.012510202825069427	0.009170553646981716	0.02534545212984085	0.02920093573629856	0.00962944608181715	0.007782946806401014	0.013343077152967453	0.01224429626017809	0.010658825747668743	0.012101644650101662	0.010330887511372566	0.07398691773414612	0.7054042816162109	0.046164385974407196	0.0075287725776433945	0.014597369357943535	water	nli		2010	United States
SRR8280097	0.012028943747282028	0.008991682901978493	0.02480260282754898	0.02925315871834755	0.009552921168506145	0.007690994068980217	0.013445491902530193	0.01212328765541315	0.010574120096862316	0.01207602396607399	0.010329170152544975	0.07459121942520142	0.7080473899841309	0.04482407867908478	0.007439822424203157	0.014229033142328262	water	nli		2010	United States
SRR6398697	0.012242886237800121	0.009133749641478062	0.025342533364892006	0.02939785085618496	0.00991459097713232	0.0079355388879776	0.013315508142113686	0.012290803715586662	0.010867800563573837	0.01193594466894865	0.01005107257515192	0.06959815323352814	0.7094679474830627	0.04679448530077934	0.007425685413181782	0.014285454526543617	water	nli		2009	United States
SRR6398728	0.012051936239004135	0.008991291746497154	0.024656623601913452	0.02793961763381958	0.010128945112228394	0.008170690387487411	0.013314247131347656	0.012313665822148323	0.010909304022789001	0.012122760526835918	0.010228346101939678	0.07232844829559326	0.708016574382782	0.04656214267015457	0.0075566526502370834	0.01470877230167389	water	nli		2009	United States
SRR14190372	0.0012216281611472368	0.0010972011368721724	0.0028626476414501667	0.0018773700576275587	0.002879470121115446	0.003867190331220627	0.0018554981797933578	0.002434247173368931	0.002233790932223201	0.002546091563999653	0.008504659868776798	0.02858884260058403	0.9279677271842957	0.0039588981308043	0.0008090254850685596	0.007295763585716486	water	nli		2016	United States
SRR6260848	0.013099543750286102	0.00945369340479374	0.026826072484254837	0.030161364004015923	0.009830284863710403	0.00786806084215641	0.01348899770528078	0.012020817026495934	0.011030921712517738	0.011927269399166107	0.010102791711688042	0.07679442316293716	0.6965991854667664	0.048150673508644104	0.007685798220336437	0.014960147440433502	water	nli		2009	United States
ERR4224700	0.010836880654096603	0.009116659872233868	0.020186729729175568	0.016173040494322777	0.008333302102982998	0.006814740598201752	0.008699177764356136	0.006314925849437714	0.005649617873132229	0.0055837975814938545	0.009461329318583012	0.13429582118988037	0.7074494361877441	0.04119860380887985	0.004851287696510553	0.00503469817340374	water	nli		2019	Netherlands
ERR4224464	0.01229183655232191	0.011423734948039055	0.018669743090867996	0.01074209064245224	0.00984787568449974	0.007155775558203459	0.010975375771522522	0.007197827100753784	0.007003677077591419	0.01219618134200573	0.027190854772925377	0.07701639831066132	0.7385128736495972	0.03810261934995651	0.004173927009105682	0.0074991886503994465	water	nli		2018	Netherlands
ERR4224388	0.014872413128614426	0.010201705619692802	0.04185352474451065	0.030906090512871742	0.008624319918453693	0.008117638528347015	0.0070803300477564335	0.007640724536031485	0.006297376472502947	0.005344513803720474	0.006471945904195309	0.13142850995063782	0.6918379664421082	0.019934996962547302	0.0036092225927859545	0.005778797436505556	water	nli		2018	Netherlands
SRR5209458	0.01631004549562931	0.01362755335867405	0.03288291394710541	0.03285081312060356	0.014734896831214428	0.012603426352143288	0.017739001661539078	0.017808428034186363	0.016214756295084953	0.030086779966950417	0.020577600225806236	0.2706599533557892	0.4455896317958832	0.028346840292215347	0.0021144875790923834	0.02785290963947773	water	nli		2011	Canada
ERR4224423	0.01402378175407648	0.0095354113727808	0.03983316570520401	0.030481556430459023	0.00775223458185792	0.006540799047797918	0.0056275189854204655	0.006156524643301964	0.00515402527526021	0.004365629516541958	0.004995452705770731	0.12526753544807434	0.7115975022315979	0.020324934273958206	0.0035492319148033857	0.004794706124812365	water	nli		2018	Netherlands
SRR6398641	0.012139074504375458	0.009091746993362904	0.025374235585331917	0.029291251674294472	0.009565360844135284	0.0075226156041026115	0.01272164098918438	0.011997648514807224	0.01056723017245531	0.011742637492716312	0.009697035886347294	0.07012896239757538	0.709662139415741	0.04900573939085007	0.00749328825622797	0.013999305665493011	water	nli		2009	United States
SRR7128223	0.012992841191589832	0.009340132586658001	0.027345148846507072	0.031720928847789764	0.009580320678651333	0.007505007088184357	0.013431486673653126	0.01211065985262394	0.010834743268787861	0.011443768627941608	0.009903756901621819	0.07422301918268204	0.6990694999694824	0.04789859056472778	0.008020306937396526	0.014579739421606064	water	nli		2010	United States
ERR4224642	0.015579053200781345	0.009007664397358894	0.027368806302547455	0.01782662235200405	0.010107826441526413	0.0064626820385456085	0.00729462830349803	0.009476897306740284	0.008561663329601288	0.007949234917759895	0.004897381644695997	0.07846294343471527	0.07525470852851868	0.6983089447021484	0.00484978873282671	0.01859113946557045	wastewater	nli		2019	Netherlands
ERR4224460	0.016859451308846474	0.010519510135054588	0.030828110873699188	0.018534576520323753	0.010396955534815788	0.006582941859960556	0.007474034558981657	0.00969102792441845	0.00873803161084652	0.007848033681511879	0.0044979527592659	0.07471500337123871	0.0735028013586998	0.6968646049499512	0.00501782912760973	0.017929276451468468	wastewater	nli		2018	Netherlands
ERR4224337	0.015295394696295261	0.010001619346439838	0.04250086471438408	0.031723059713840485	0.00753488764166832	0.006559222470968962	0.005480435211211443	0.006101937964558601	0.005219264421612024	0.004335381556302309	0.004706012085080147	0.12491698563098907	0.7080485224723816	0.01946781761944294	0.003538435325026512	0.00457014050334692	water	nli		2018	Netherlands
ERR4224474	0.015555232763290405	0.011638958938419819	0.02454361319541931	0.014900999143719673	0.012523416429758072	0.007707921788096428	0.010231300257146358	0.008649339899420738	0.008030639961361885	0.013383283279836178	0.00982014648616314	0.05368676781654358	0.39611390233039856	0.39727604389190674	0.0067492821253836155	0.009189209900796413	wastewater	nli		2018	Netherlands
ERR4224506	0.0173991359770298	0.01099495030939579	0.029770856723189354	0.01883133314549923	0.011037983931601048	0.007690719328820705	0.00831565074622631	0.010719295591115952	0.009061882272362709	0.00976003147661686	0.005862229038029909	0.07628283649682999	0.06761584430932999	0.689597487449646	0.005043696612119675	0.02201605774462223	wastewater	nli		2018	Netherlands
ERR4224444	0.014091984368860722	0.010012248530983925	0.03806360438466072	0.029084796085953712	0.008349223993718624	0.007767146918922663	0.006604780443012714	0.00749882822856307	0.005874413065612316	0.005103778094053268	0.0062410784885287285	0.1270810216665268	0.7046600580215454	0.02068472094833851	0.0037486187648028135	0.005133770871907473	water	nli		2018	Netherlands
SRR8434632	0.011623911559581757	0.008705907501280308	0.023734543472528458	0.02729162760078907	0.009249307215213776	0.0071752844378352165	0.012942107394337654	0.011899564415216446	0.010419607162475586	0.011421370320022106	0.00992305763065815	0.07415012270212173	0.7128530740737915	0.04710967093706131	0.007534334901720285	0.013966450467705727	water	nli		2010	United States
ERR4224390	0.013825805857777596	0.009246019646525383	0.038794368505477905	0.028619147837162018	0.00756113464012742	0.006518105044960976	0.005257943645119667	0.006004760041832924	0.005116119049489498	0.004208405036479235	0.004613010212779045	0.1259349286556244	0.7174875736236572	0.01873227208852768	0.0035300159361213446	0.00455037085339427	water	nli		2018	Netherlands
ERR4224349	0.014847912825644016	0.010224761441349983	0.04121718928217888	0.030022915452718735	0.008626946248114109	0.008151890709996223	0.007096332032233477	0.007901083678007126	0.006250272039324045	0.005591775290668011	0.006473916117101908	0.12640118598937988	0.697476327419281	0.020413953810930252	0.0036457509268075228	0.005657689645886421	water	nli		2018	Netherlands
SRR6314031	0.01262336689978838	0.009217432700097561	0.02693326212465763	0.030668770894408226	0.009399228729307652	0.007363144773989916	0.013306916691362858	0.01204530056566	0.01079733856022358	0.011561249382793903	0.009811905212700367	0.07436512410640717	0.7021199464797974	0.047779861837625504	0.0074208942241966724	0.014586271718144417	water	nli		2009	United States
ERR4224430	0.01700061745941639	0.010806250385940075	0.029778797179460526	0.018490076065063477	0.011127523146569729	0.00761801190674305	0.008448855020105839	0.010722154751420021	0.009064299054443836	0.009611278772354126	0.006340271793305874	0.07582036405801773	0.06967867165803909	0.6904553174972534	0.005005781073123217	0.020031625404953957	wastewater	nli		2018	Netherlands
ERR4224412	0.014802617952227592	0.010537711903452873	0.042874645441770554	0.03094182163476944	0.008434277027845383	0.0076645128428936005	0.006737538613379002	0.007457776460796595	0.006110682152211666	0.005278036464005709	0.006378973368555307	0.12626194953918457	0.696708083152771	0.02065199427306652	0.003606344573199749	0.005552983842790127	water	nli		2018	Netherlands
SRR9030821	0.009705868549644947	0.008173160254955292	0.01885528489947319	0.009724843315780163	0.015359207056462765	0.01491575688123703	0.008582144975662231	0.01593988575041294	0.01823950931429863	0.01654251664876938	0.019189653918147087	0.36886322498321533	0.4287254512310028	0.02115820161998272	0.0020265288185328245	0.0239988062530756	water	nli		2015	Australia
SRR9030830	0.009997471235692501	0.008320633322000504	0.019158046692609787	0.009919670410454273	0.016483044251799583	0.016069797798991203	0.008568008430302143	0.01693997159600258	0.01930830627679825	0.017614781856536865	0.01992121711373329	0.3604283034801483	0.430955171585083	0.021082133054733276	0.0020792759023606777	0.02315419539809227	water	nli		2015	Australia
ERR4224491	0.01683274284005165	0.010554254986345768	0.030599456280469894	0.01907399669289589	0.010910572484135628	0.007382463198155165	0.007951225154101849	0.010657829232513905	0.008939802646636963	0.009277786128222942	0.005594385322183371	0.07514502108097076	0.06749124825000763	0.6930481195449829	0.004927394445985556	0.021613668650388718	wastewater	nli		2018	Netherlands
SRR5209487	0.013712551444768906	0.010847521014511585	0.02808142639696598	0.027404148131608963	0.013394900597631931	0.01025018747895956	0.016031596809625626	0.015417437069118023	0.014398724772036076	0.02925715409219265	0.019149867817759514	0.290479838848114	0.4572121202945709	0.026225939393043518	0.0018850165652111173	0.02625156380236149	water	nli		2006	Canada
SRR6261989	0.012755540199577808	0.009313942864537239	0.02650705724954605	0.02925480343401432	0.009818289428949356	0.007676418870687485	0.013109137304127216	0.012195216491818428	0.01097450777888298	0.011523669585585594	0.009914640337228775	0.07536423206329346	0.7012059688568115	0.04785766825079918	0.00758698582649231	0.014941890724003315	water	nli		2010	United States
SRR6261893	0.012368357740342617	0.009084300138056278	0.025328705087304115	0.029181644320487976	0.009670187719166279	0.00757540762424469	0.01288620289415121	0.011964433826506138	0.010435564443469048	0.01128353364765644	0.010035784915089607	0.07595058530569077	0.7063164114952087	0.04631445184350014	0.007256796117872	0.014347546733915806	water	nli		2010	United States
SRR5209546	0.0189613439142704	0.014752696268260479	0.0491819828748703	0.06595577299594879	0.014955777674913406	0.010584541596472263	0.01979384943842888	0.0189613439142704	0.017450956627726555	0.0284365676343441	0.017987336963415146	0.25037726759910583	0.39640694856643677	0.048870787024497986	0.002080152975395322	0.025242652744054794	water	nli		2007	Canada
ERR4224647	0.012137705460190773	0.010092034004628658	0.022107703611254692	0.013620162382721901	0.010806046426296234	0.008649051189422607	0.012498562224209309	0.009206866845488548	0.008350265212357044	0.011346779763698578	0.01099767629057169	0.10191348940134048	0.7342546582221985	0.022150924429297447	0.0037271829787641764	0.00814091507345438	water	nli		2019	Netherlands
ERR4224500	0.014818107709288597	0.010446223430335522	0.040457192808389664	0.029729478061199188	0.008459609933197498	0.0077933575958013535	0.006972290109843016	0.0077025615610182285	0.006081338971853256	0.005304238293319941	0.00636075297370553	0.12854130566120148	0.6974372267723083	0.020572906360030174	0.0037319979164749384	0.005591460969299078	water	nli		2018	Netherlands
SRR7012236	0.011862876825034618	0.00902480073273182	0.024269836023449898	0.02873682789504528	0.010028641670942307	0.0082978131249547	0.01357431709766388	0.012480844743549824	0.011144140735268593	0.012432188726961613	0.011079034768044949	0.07273992896080017	0.7071937322616577	0.0455639623105526	0.0075111049227416515	0.014060026966035366	water	nli		2010	United States
ERR4224395	0.014075403101742268	0.009376239962875843	0.03986283019185066	0.029393009841442108	0.007490004878491163	0.006482058670371771	0.005352864973247051	0.005983227398246527	0.0051177251152694225	0.004259348846971989	0.004632518161088228	0.12432456016540527	0.7163122892379761	0.019257590174674988	0.0035727480426430702	0.004507564008235931	water	nli		2018	Netherlands
SRR6261842	0.012506424449384212	0.00922165997326374	0.02652786485850811	0.029192117974162102	0.009835596196353436	0.0076599703170359135	0.013469950295984745	0.012216714210808277	0.011036881245672703	0.011611822992563248	0.009816405363380909	0.07509267330169678	0.7010713815689087	0.0483180433511734	0.007570728659629822	0.014851745218038559	water	nli		2010	United States
SRR6314326	0.016788966953754425	0.008847164921462536	0.03957287594676018	0.04106898978352547	0.00919959507882595	0.009510178118944168	0.014276469126343727	0.017767352983355522	0.013783281669020653	0.014558047987520695	0.009566064924001694	0.12786760926246643	0.01722070761024952	0.6184197068214417	0.006561825983226299	0.03499121218919754	wastewater	nli		1996	Brazil
ERR4224438	0.014723039232194424	0.010188397020101547	0.040671467781066895	0.029683325439691544	0.008479535579681396	0.007796471007168293	0.007238780148327351	0.007630756590515375	0.006167517509311438	0.005244537256658077	0.0066426778212189674	0.12718763947486877	0.6990799307823181	0.020183051005005836	0.0036612770054489374	0.005421595182269812	water	nli		2018	Netherlands
ERR4224496	0.01284767221659422	0.011963659897446632	0.023378003388643265	0.013359464704990387	0.01141580194234848	0.008787057362496853	0.012525569647550583	0.009445566684007645	0.008433941751718521	0.011801205575466156	0.011042986996471882	0.0987982228398323	0.7329723834991455	0.021390100941061974	0.003868888830766082	0.007969514466822147	water	nli		2018	Netherlands
ERR4224690	0.014377417042851448	0.009842921048402786	0.022138085216283798	0.013813132420182228	0.011654563248157501	0.007145194336771965	0.009246569126844406	0.007429827004671097	0.007635788526386023	0.01179194450378418	0.008669398725032806	0.05143490433692932	0.4084373712539673	0.4017126262187958	0.006699191872030497	0.007971040904521942	water	nli		2019	Netherlands
SRR14190376	0.001793143805116415	0.0019013499841094017	0.0029795817099511623	0.002436618087813258	0.003947304096072912	0.004499166738241911	0.0026039178483188152	0.00391658628359437	0.003796085249632597	0.003939602058380842	0.017416324466466904	0.05081586539745331	0.8846059441566467	0.004394943825900555	0.001539760036394	0.009413769468665123	water	nli		2014	United States
ERR4224345	0.015132848173379898	0.010349983349442482	0.04454311728477478	0.03191133961081505	0.008267857134342194	0.0077215577475726604	0.007016840856522322	0.007469387724995613	0.005990110337734222	0.005194143857806921	0.006326817907392979	0.1271706372499466	0.693716287612915	0.02016557939350605	0.003611959982663393	0.0054116141982376575	water	nli		2018	Netherlands
ERR4224671	0.010828433558344841	0.00914520863443613	0.016066022217273712	0.009518804028630257	0.008812054991722107	0.006151807028800249	0.009271100163459778	0.006021048408001661	0.006273139268159866	0.010474799200892448	0.02505422756075859	0.07191397994756699	0.7643389701843262	0.03536665067076683	0.00394099485129118	0.006822741124778986	water	nli		2019	Netherlands
SRR16091611	0.010719986632466316	0.008123542182147503	0.0312625952064991	0.04190441220998764	0.006464014295488596	0.003959097899496555	0.0063513824716210365	0.013160080648958683	0.007498388644307852	0.010229083709418774	0.005862606223672628	0.05909470096230507	0.015843113884329796	0.7464091777801514	0.0063513824716210365	0.026766445487737656	wastewater	nli			United States
ERR321060	0.09622639417648315	0.03627903014421463	0.10578405112028122	0.0914730653166771	0.020935267210006714	0.012885254807770252	0.029610080644488335	0.027545778080821037	0.030729537829756737	0.029465854167938232	0.04325103387236595	0.031798020005226135	0.27765965461730957	0.09023097157478333	0.05184059217572212	0.02428533509373665	water	nli			unknown
SRR12686264	0.014119453728199005	0.009856968186795712	0.035774704068899155	0.05694493278861046	0.010762514546513557	0.009277867153286934	0.007782289292663336	0.0168000478297472	0.010411031544208527	0.020107023417949677	0.01116940751671791	0.04248351231217384	0.008547171019017696	0.7046560645103455	0.0035214810632169247	0.037785619497299194	wastewater	nli		1995	Brazil
ERR4224397	0.0175905954092741	0.010442457161843777	0.030364155769348145	0.018113568425178528	0.010361193679273129	0.006624679081141949	0.007624958176165819	0.009601272642612457	0.008862398564815521	0.007944202050566673	0.004500025883316994	0.07213195413351059	0.07216718792915344	0.7012827396392822	0.004951973911374807	0.017436666414141655	wastewater	nli		2018	Netherlands
ERR4224470	0.015127761289477348	0.010336405597627163	0.04232340678572655	0.031559765338897705	0.008289328776299953	0.007445033639669418	0.00673917680978775	0.00714584905654192	0.005855098366737366	0.0049401260912418365	0.006029171869158745	0.13109932839870453	0.6941606402397156	0.020080208778381348	0.0036711907014250755	0.005197471007704735	water	nli		2018	Netherlands
SRR1635285	0.023391587659716606	0.0222333911806345	0.04976237565279007	0.02956973761320114	0.027240917086601257	0.023946302011609077	0.029598627239465714	0.02284972183406353	0.02687101997435093	0.04002426192164421	0.02871600165963173	0.5487537980079651	0.014271089807152748	0.03053818829357624	0.010040965862572193	0.07219202071428299	environment	nli		2011	United Kingdom
SRR8434292	0.0118991294875741	0.008773867972195148	0.02413097955286503	0.028461022302508354	0.00939461961388588	0.007402780931442976	0.013119786977767944	0.012181309051811695	0.010500946082174778	0.011783492751419544	0.01033814251422882	0.07228845357894897	0.7107416987419128	0.047153979539871216	0.007504686713218689	0.01432508509606123	water	nli		2010	United States
SRR9030874	0.009349610656499863	0.007616039831191301	0.01784670725464821	0.009404553100466728	0.01511675026267767	0.014623069204390049	0.008646976202726364	0.015205586329102516	0.01753573678433895	0.015842217952013016	0.018198702484369278	0.36731988191604614	0.4391952455043793	0.02086491510272026	0.0021025422029197216	0.021131491288542747	water	nli		2014	Australia
SRR8434366	0.011692953296005726	0.008878172375261784	0.024948129430413246	0.029684554785490036	0.00971275009214878	0.007593903224915266	0.013353772461414337	0.012111345306038857	0.01077205315232277	0.011601957492530346	0.009656005539000034	0.07473636418581009	0.7052805423736572	0.04841863363981247	0.007564297411590815	0.013994632288813591	water	nli		2010	United States
SRR9030829	0.009621729142963886	0.0079300906509161	0.017835864797234535	0.008658617734909058	0.015226056799292564	0.015078089199960232	0.008392219431698322	0.01586354710161686	0.018187645822763443	0.017085712403059006	0.019703982397913933	0.36530864238739014	0.4346628785133362	0.02032945491373539	0.0019972240552306175	0.02411825768649578	water	nli		2015	Australia
SRR9879555	0.013194547966122627	0.009429718367755413	0.029216265305876732	0.02565767616033554	0.009805356152355671	0.008469270542263985	0.011621427722275257	0.00961570255458355	0.009940333664417267	0.010376766324043274	0.008065665140748024	0.08747957646846771	0.7016513347625732	0.04719168692827225	0.0047508301213383675	0.013533854857087135	water	nli		2015	Canada
SRR9030879	0.009509301744401455	0.008023290894925594	0.01813381351530552	0.009583883918821812	0.015166171826422215	0.014670874923467636	0.008846348151564598	0.015405002981424332	0.01773105002939701	0.016018668189644814	0.01858198083937168	0.36924123764038086	0.4346478581428528	0.02124202437698841	0.0021218121983110905	0.021076718345284462	water	nli		2014	Australia
SRR7345807	0.011442171409726143	0.0086877616122365	0.02499200403690338	0.028962932527065277	0.00952302198857069	0.0074601201340556145	0.012915132567286491	0.011897977441549301	0.010665278881788254	0.011198966763913631	0.009357086382806301	0.07571333646774292	0.7092862129211426	0.046965595334768295	0.007344461511820555	0.013587916269898415	water	nli		2010	United States
SRR6367412	0.012082155793905258	0.008961176499724388	0.02525525912642479	0.02895529568195343	0.009632735513150692	0.007709944155067205	0.012686745263636112	0.011871631257236004	0.010620896704494953	0.011416836641728878	0.009632735513150692	0.07272256165742874	0.7125700116157532	0.044541314244270325	0.007242821156978607	0.014097910374403	water	nli		2009	United States
SRR12686236	0.013356171548366547	0.009508012793958187	0.035742972046136856	0.05334307253360748	0.01038149930536747	0.009161642752587795	0.007867039181292057	0.01636432483792305	0.010180704295635223	0.01962382160127163	0.011203175410628319	0.043921686708927155	0.00903723668307066	0.7095527052879333	0.003552884329110384	0.037203121930360794	wastewater	nli		1996	Brazil
SRR6311922	0.012998213060200214	0.009362260811030865	0.02861337549984455	0.03102920763194561	0.0097162164747715	0.0075966124422848225	0.01277172565460205	0.011974514462053776	0.010966990143060684	0.011315121315419674	0.009985558688640594	0.07360394299030304	0.7007257342338562	0.047638434916734695	0.007537494879215956	0.01416464801877737	water	nli		2009	United States
ERR4224391	0.016795532777905464	0.010749120265245438	0.029795430600643158	0.018302734941244125	0.010438772849738598	0.006752954795956612	0.007622267585247755	0.009921913035213947	0.008841984905302525	0.008145618252456188	0.004760586190968752	0.07378041744232178	0.07081548869609833	0.6996674537658691	0.00512735266238451	0.018482346087694168	wastewater	nli		2018	Netherlands
SRR7904961	0.01185109093785286	0.00894567184150219	0.0248449444770813	0.028764400631189346	0.00965370424091816	0.007606935687363148	0.013220847584307194	0.011967388913035393	0.010438144207000732	0.011735919862985611	0.009979619644582272	0.07508428394794464	0.7099491357803345	0.04476924613118172	0.007387309335172176	0.013801312074065208	water	nli		2010	United States
ERR4224688	0.011088790372014046	0.008593893609941006	0.02108396589756012	0.017599117010831833	0.00799475982785225	0.005987798795104027	0.007322089280933142	0.005151733290404081	0.00501277344301343	0.00469987653195858	0.009006323292851448	0.13221776485443115	0.7126715779304504	0.04248692840337753	0.004727496299892664	0.00435517355799675	water	nli		2019	Netherlands
SRR9030816	0.009719593450427055	0.008378813974559307	0.018643751740455627	0.009989030659198761	0.015172071754932404	0.014705276116728783	0.008954108692705631	0.01590019278228283	0.01824747584760189	0.0166307482868433	0.019216792657971382	0.37337425351142883	0.42515936493873596	0.021188121289014816	0.0020775203593075275	0.022642914205789566	water	nli		2014	Australia
SRR5209548	0.019701404497027397	0.015524331480264664	0.052287857979536057	0.06893274933099747	0.015524331480264664	0.011181756854057312	0.02024754509329796	0.019509945064783096	0.017868397757411003	0.029749112203717232	0.0187076423317194	0.24486558139324188	0.3865465521812439	0.051502346992492676	0.0021299116779118776	0.02572057954967022	water	nli		2006	Canada
ERR4224434	0.01285481732338667	0.011624706909060478	0.02309592254459858	0.013172518461942673	0.011006050743162632	0.008605068549513817	0.012544779106974602	0.009231891483068466	0.008291591890156269	0.01144448108971119	0.010835418477654457	0.09779098629951477	0.7362502813339233	0.02142290771007538	0.00391667103394866	0.007911892607808113	water	nli		2018	Netherlands
ERR4224427	0.014390974305570126	0.010184817016124725	0.03989027068018913	0.02898552268743515	0.008677572943270206	0.008199729025363922	0.0070548164658248425	0.007854859344661236	0.006286951247602701	0.005483576096594334	0.00661445502191782	0.12773409485816956	0.6988343596458435	0.020493684336543083	0.0036457215901464224	0.0056687043979763985	water	nli		2018	Netherlands
ERR4224353	0.016780411824584007	0.010666278190910816	0.030207879841327667	0.01850181072950363	0.010666278190910816	0.006913620512932539	0.007504664361476898	0.009942064993083477	0.008946890011429787	0.008388425223529339	0.004854848608374596	0.07531483471393585	0.07013261318206787	0.6976735591888428	0.005058113019913435	0.01844768412411213	wastewater	nli		2018	Netherlands
SRR6398687	0.012066345661878586	0.009002042934298515	0.025271518155932426	0.028917403891682625	0.00967666320502758	0.007714907638728619	0.012894830666482449	0.012042802758514881	0.010711089707911015	0.011695103719830513	0.00979072879999876	0.06950487196445465	0.7123328447341919	0.04721341282129288	0.007304328493773937	0.01386118121445179	water	nli		2009	United States
SRR5209541	0.019259562715888023	0.015430222265422344	0.04942174628376961	0.06979800015687943	0.015551242977380753	0.011049041524529457	0.020203568041324615	0.019543761387467384	0.017864443361759186	0.028799312189221382	0.018703503534197807	0.24781815707683563	0.3891119360923767	0.04944588243961334	0.002133603673428297	0.025866005569696426	water	nli		2007	Canada
SRR9030837	0.00926905032247305	0.0077597214840352535	0.018361840397119522	0.009360010735690594	0.014639334753155708	0.014300215989351273	0.008472598157823086	0.01516315434128046	0.017418628558516502	0.01665346510708332	0.01898174360394478	0.37097474932670593	0.4328671395778656	0.021072523668408394	0.002076299162581563	0.02262960374355316	water	nli		2014	Australia
ERR4224501	0.011450200341641903	0.010334297083318233	0.02209240198135376	0.017222389578819275	0.008542370051145554	0.006810570135712624	0.008643063716590405	0.0064104474149644375	0.005504606291651726	0.005504606291651726	0.010094903409481049	0.13395176827907562	0.701514482498169	0.042190976440906525	0.004671699367463589	0.005061186384409666	water	nli		2018	Netherlands
ERR4224358	0.012994825839996338	0.011524026282131672	0.023052945733070374	0.013045686297118664	0.010533812455832958	0.007676656823605299	0.010953431017696857	0.00806079525500536	0.007828064262866974	0.010699695907533169	0.009723175317049026	0.09292197972536087	0.7501066327095032	0.02018583193421364	0.00377064710482955	0.006921749096363783	water	nli		2018	Netherlands
ERR4224632	0.013445556163787842	0.008930468931794167	0.03770899027585983	0.030005566775798798	0.008115418255329132	0.007218002807348967	0.006149815395474434	0.0071618324145674706	0.005822527687996626	0.004798843991011381	0.00606630789116025	0.13052929937839508	0.7052902579307556	0.019949017092585564	0.0036294395104050636	0.00517866387963295	water	nli		2019	Netherlands
SRR8787406	0.01391884870827198	0.01583385281264782	0.01586480811238289	0.008166504092514515	0.018547840416431427	0.017187485471367836	0.015772122889757156	0.012973793782293797	0.011360233649611473	0.14978794753551483	0.5863791108131409	0.045194633305072784	0.03599713742733002	0.014360680244863033	0.014558365568518639	0.02409663237631321	waterbird	nli		1979	United States
SRR29316403	0.03569008782505989	0.04044216126203537	0.04099888354539871	0.02784980833530426	0.05571144074201584	0.06251582503318787	0.023043252527713776	0.029129400849342346	0.047932546585798264	0.0685262382030487	0.18554741144180298	0.11498420685529709	0.10770167410373688	0.04132044315338135	0.051928769797086716	0.06667786091566086	unknown	nli		2018	United States
SRR8787349	0.014902669936418533	0.016335446387529373	0.012746930122375488	0.006151984911412001	0.016303570941090584	0.01528590265661478	0.009640699252486229	0.009966173209249973	0.008181954734027386	0.15604948997497559	0.5872017741203308	0.04782536253333092	0.03805530443787575	0.014643000438809395	0.016722828149795532	0.029986858367919922	waterbird	nli		1979	United States
ERR2197811	0.014983410947024822	0.011646322906017303	0.005087900906801224	0.004368945956230164	0.009768953546881676	0.007578406948596239	0.00634437520056963	0.005844712257385254	0.005087900906801224	0.22387738525867462	0.4522206485271454	0.05743728205561638	0.12861789762973785	0.02956618182361126	0.008290802128612995	0.02927885204553604	waterbird	nli		2014	Luxembourg
SRR29316407	0.03747875243425369	0.045473672449588776	0.03597263619303703	0.024531207978725433	0.056482478976249695	0.05244220793247223	0.021648714318871498	0.026994934305548668	0.03466217964887619	0.05670354142785072	0.1938973218202591	0.15219177305698395	0.10287758708000183	0.054531265050172806	0.03935418277978897	0.06475748121738434	unknown	nli		2018	United States
SRR8787404	0.013041861355304718	0.01466335915029049	0.014436024241149426	0.007358813192695379	0.017176717519760132	0.01616757921874523	0.014720750041306019	0.012108958326280117	0.010582270100712776	0.16561539471149445	0.5880182981491089	0.0430559404194355	0.03340127319097519	0.013247240334749222	0.014046636410057545	0.02235894836485386	waterbird	nli		1979	United States
SRR8787412	0.009395451284945011	0.01115737296640873	0.010099553503096104	0.004360764753073454	0.011266866698861122	0.011070546694099903	0.009562065824866295	0.007078220602124929	0.006210013292729855	0.2160961925983429	0.5965151190757751	0.0377449095249176	0.025739792734384537	0.01133307721465826	0.012087581679224968	0.02028246596455574	waterbird	nli		1979	United States
SRR5209482	0.005543838255107403	0.004578085150569677	0.011442065238952637	0.007445493713021278	0.007956706918776035	0.006029544863849878	0.011068390682339668	0.00436843978241086	0.004816570784896612	0.062279507517814636	0.33569490909576416	0.3767874240875244	0.0748305395245552	0.03146938607096672	0.0058898706920444965	0.04979923367500305	environment	nli		2006	Canada
SRR8787361	0.011888653971254826	0.015116984955966473	0.01422885712236166	0.0064385500736534595	0.01733171008527279	0.01657036319375038	0.010168906301259995	0.010740505531430244	0.008800454437732697	0.1250372678041458	0.6068015694618225	0.05054429918527603	0.04281269386410713	0.017399543896317482	0.017264138907194138	0.0288555771112442	waterbird	nli		1979	United States
SRR8787357	0.01159902848303318	0.015699919313192368	0.013194861821830273	0.006481098476797342	0.01687648519873619	0.01616668328642845	0.012371241115033627	0.010727346874773502	0.007532903924584389	0.16772201657295227	0.5562860369682312	0.05544405058026314	0.04403151944279671	0.016712479293346405	0.017686406150460243	0.03146790340542793	waterbird	nli		1979	United States
SRR29316423	0.04131348431110382	0.04983357712626457	0.045998599380254745	0.026363229379057884	0.054731473326683044	0.06348962336778641	0.022949548438191414	0.02999037504196167	0.05121501535177231	0.06563306599855423	0.19883550703525543	0.12261871248483658	0.07208381593227386	0.048394788056612015	0.0457298569381237	0.06081933528184891	unknown	nli		2018	United States
SRR2915957	0.009882842190563679	0.009672780521214008	0.01210871059447527	0.009069005958735943	0.01288965530693531	0.05544599890708923	0.007757131941616535	0.005404784344136715	0.007879288867115974	0.05799352377653122	0.6764606833457947	0.053950436413288116	0.017756249755620956	0.0076368688605725765	0.013828583061695099	0.04226355627179146	waterbird	nli		2009	United States
SRR29316425	0.035088226199150085	0.040465258061885834	0.041263364255428314	0.02679818868637085	0.05673176795244217	0.06353656947612762	0.020587055012583733	0.030604492872953415	0.04938577488064766	0.06910312920808792	0.1893150359392166	0.11686162650585175	0.10373608767986298	0.041102491319179535	0.049482330679893494	0.06593866646289825	unknown	nli		2018	United States
SRR2915955	0.009988690726459026	0.009757302701473236	0.012190686538815498	0.009292316623032093	0.012976918369531631	0.055441081523895264	0.008057552389800549	0.0054520126432180405	0.007917153649032116	0.0571451336145401	0.6750808954238892	0.0543687529861927	0.018016668036580086	0.007703601382672787	0.013895037584006786	0.04271621257066727	waterbird	nli		2009	United States
SRR8787409	0.009469965472817421	0.012112269178032875	0.010899864137172699	0.004633356351405382	0.012994568794965744	0.012303010560572147	0.009178604930639267	0.007684004958719015	0.006585327442735434	0.14640936255455017	0.6510549187660217	0.03771135210990906	0.02899913117289543	0.012918651103973389	0.014105469919741154	0.022940199822187424	waterbird	nli		1979	United States
SRR29316436	0.05599918216466904	0.06767997145652771	0.062349703162908554	0.03894132003188133	0.08589033782482147	0.10482478141784668	0.027775799855589867	0.03978699818253517	0.06996487081050873	0.054064664989709854	0.12207479774951935	0.08341053128242493	0.03450009226799011	0.02175893820822239	0.04218791797757149	0.08879005163908005	unknown	nli		2018	United States
SRR21995114	0.031142782419919968	0.02571761980652809	0.03998812288045883	0.03206866607069969	0.043491560965776443	0.042401183396577835	0.025868749246001244	0.02492637000977993	0.03433752432465553	0.12807871401309967	0.133050799369812	0.07968135923147202	0.08189020305871964	0.06038204953074455	0.14204739034175873	0.07492684572935104	unknown	nli		2017	China
SRR13367297	0.0064363060519099236	0.006411212962120771	0.01195435132831335	0.009273761883378029	0.010508548468351364	0.009419801644980907	0.009112170897424221	0.005975907668471336	0.005171716678887606	0.0802696943283081	0.5353138446807861	0.1642208993434906	0.056476786732673645	0.035342272371053696	0.006461496464908123	0.047651201486587524	waterbird	nli		2007	United Kingdom
SRR8787347	0.014744630083441734	0.016257187351584435	0.012611748650670052	0.006170532666146755	0.016257187351584435	0.015212672762572765	0.009575792588293552	0.009957248345017433	0.008254848420619965	0.15356756746768951	0.5927226543426514	0.04672125354409218	0.037431761622428894	0.0141521031036973	0.01657783053815365	0.029784971848130226	waterbird	nli		1979	United States
SRR11515394	0.014126189053058624	0.012737045995891094	0.008336859755218029	0.004479865077883005	0.011196582578122616	0.012912382371723652	0.007006641943007708	0.0065692877396941185	0.013798954896628857	0.749727725982666	0.08494260162115097	0.022463630884885788	0.019176671281456947	0.008961631916463375	0.009465369395911694	0.014098625630140305	wildbird	nli		2017	Italy
ERR1163670	0.005284939892590046	0.0038892668671905994	0.004663943313062191	0.0033201754558831453	0.005254064220935106	0.0038892668671905994	0.0037475833669304848	0.0032750910613685846	0.0029936754144728184	0.45217984914779663	0.3848859965801239	0.03490243852138519	0.05411076545715332	0.010408218950033188	0.00736613105982542	0.01982863061130047	wildbird	nli		2013	United Kingdom
SRR8787350	0.01126981619745493	0.015047179535031319	0.012401669286191463	0.006248143035918474	0.015861976891756058	0.015047179535031319	0.012209398671984673	0.010181428864598274	0.007205628324300051	0.1722899228334427	0.5592904686927795	0.054718732833862305	0.045186568051576614	0.016206447035074234	0.016852039843797684	0.029983390122652054	waterbird	nli		1979	United States
ERR1163655	0.005602914374321699	0.004171872977167368	0.005101511720567942	0.0035823581274598837	0.005624843295663595	0.004204592667520046	0.003911464475095272	0.0034049830865114927	0.0031614198815077543	0.44924312829971313	0.3827598989009857	0.035033147782087326	0.054207440465688705	0.011340325698256493	0.007628418505191803	0.021021641790866852	wildbird	nli		2013	United Kingdom
SRR29316455	0.056168943643569946	0.0682840645313263	0.05476072058081627	0.03867977857589722	0.09028517454862595	0.09480303525924683	0.02840949222445488	0.0405360609292984	0.058065228164196014	0.04504494369029999	0.1222059354186058	0.0927879735827446	0.04426006227731705	0.02458636276423931	0.04851531237363815	0.09260691702365875	unknown	nli		2018	United States
SRR8787395	0.014184647239744663	0.015793239697813988	0.011599804274737835	0.005543949082493782	0.014923564158380032	0.01412934623658657	0.008841918781399727	0.008687852881848812	0.007757378742098808	0.16273148357868195	0.5996227860450745	0.045078713446855545	0.035107340663671494	0.0128649165853858	0.014923564158380032	0.028209540992975235	waterbird	nli		1979	United States
SRR29316452	0.03432620316743851	0.03829364478588104	0.03769996017217636	0.025961432605981827	0.05637370049953461	0.06438077986240387	0.01940627582371235	0.027420740574598312	0.04556373506784439	0.07084669917821884	0.20580407977104187	0.11657854169607162	0.10429643094539642	0.03927839547395706	0.04850234463810921	0.06526702642440796	waterbird	nli		2018	United States
ERR1163662	0.005525706335902214	0.00433717668056488	0.005282973870635033	0.003680913709104061	0.005634690634906292	0.004138562828302383	0.003949044272303581	0.0033844003919512033	0.0031117720063775778	0.43939006328582764	0.3881392776966095	0.03575173020362854	0.05763544514775276	0.01136017870157957	0.007946187630295753	0.020731963217258453	wildbird	nli		2013	United Kingdom
SRR21995109	0.033059947192668915	0.027568722143769264	0.04492359235882759	0.03111766278743744	0.04634961485862732	0.048290204256772995	0.02385873720049858	0.025747109204530716	0.04295019432902336	0.11053737252950668	0.10924958437681198	0.08401031792163849	0.08600255846977234	0.06441294401884079	0.14041629433631897	0.08150514215230942	unknown	nli		2017	China
SRR29316406	0.033657222986221313	0.03836275637149811	0.040125373750925064	0.026573102921247482	0.0563652478158474	0.06226889416575432	0.019980231299996376	0.029935354366898537	0.047743216156959534	0.06906013190746307	0.1936839371919632	0.12132272869348526	0.106441430747509	0.03973543271422386	0.04974215105175972	0.06500282883644104	unknown	nli		2018	United States
ERR2601935	0.02418574132025242	0.015615487471222878	0.023764315992593765	0.01475560013204813	0.17521046102046967	0.42744842171669006	0.013408911414444447	0.01814969815313816	0.1441945880651474	0.03276871144771576	0.027486445382237434	0.014871330000460148	0.006043870002031326	0.01052477490156889	0.03108544647693634	0.020486120134592056	goat	nli		2007	Finland
ERR12188774	0.07258820533752441	0.07230520248413086	0.07118421792984009	0.053627826273441315	0.07463685423135757	0.06832361221313477	0.042092956602573395	0.02938562072813511	0.051372308284044266	0.05347093939781189	0.12197856605052948	0.05452555790543556	0.08193252980709076	0.054953206330537796	0.0480247437953949	0.04959762468934059	unknown	nli		2003	United Kingdom
SRR5209566	0.010469852015376091	0.007887638173997402	0.010676349513232708	0.006166941020637751	0.007826256565749645	0.006071331910789013	0.013628615066409111	0.004485471174120903	0.005506458692252636	0.05244830623269081	0.3998454213142395	0.31894025206565857	0.07468980550765991	0.02753056026995182	0.006720351986587048	0.04710627347230911	waterbird	nli		2004	Canada
SRR29316409	0.03423742949962616	0.03971611335873604	0.03337906301021576	0.022365914657711983	0.04465401917695999	0.0478132963180542	0.01825452782213688	0.023166202008724213	0.031726349145174026	0.059620942920446396	0.2557145357131958	0.1347520798444748	0.11605016887187958	0.04634224250912666	0.03834410384297371	0.0538630373775959	waterbird	nli		2018	United States
SRR8787363	0.012104771099984646	0.01512359082698822	0.014151910319924355	0.006403732113540173	0.017373181879520416	0.016642488539218903	0.010313393548130989	0.01102151907980442	0.009083779528737068	0.12082955241203308	0.6127249002456665	0.04915442317724228	0.042167361825704575	0.017237981781363487	0.017577972263097763	0.02808951772749424	waterbird	nli		1979	United States
SRR13367282	0.006431661546230316	0.00616115378215909	0.012349018827080727	0.008929477073252201	0.010177885182201862	0.00921292882412672	0.009159104898571968	0.005799184087663889	0.00511776190251112	0.07766803354024887	0.5258633494377136	0.1760561764240265	0.05545265972614288	0.036083731800317764	0.006648797541856766	0.04888904094696045	waterbird	nli		2007	United Kingdom
ERR1163759	0.005504052620381117	0.0042532021179795265	0.005293196067214012	0.003645068733021617	0.005745709873735905	0.004278196487575769	0.0039955140091478825	0.003457829123362899	0.0031607116106897593	0.4493618309497833	0.3719887435436249	0.03816840797662735	0.05905868113040924	0.012163667008280754	0.007899604737758636	0.02202555537223816	wildbird	nli		2013	United Kingdom
SRR13367291	0.006614914629608393	0.006214136723428965	0.01262667216360569	0.009605864062905312	0.01063272263854742	0.009719095192849636	0.009930163621902466	0.006214136723428965	0.005483956541866064	0.0759258046746254	0.5109392404556274	0.18231448531150818	0.05827121064066887	0.03806620463728905	0.0072085256688296795	0.05023292452096939	waterbird	nli		2007	United Kingdom
ERR12188769	0.07598171383142471	0.06810957193374634	0.062776118516922	0.05454083904623985	0.048747070133686066	0.03250427171587944	0.04084920510649681	0.03237754851579666	0.04889008402824402	0.06333030015230179	0.16242191195487976	0.058800194412469864	0.09493087977170944	0.058570943772792816	0.04482027515769005	0.052349068224430084	unknown	nli		2007	United Kingdom
SRR21995110	0.03278682008385658	0.027287611737847328	0.045966699719429016	0.032278504222631454	0.04587700217962265	0.04826686531305313	0.023754237219691277	0.026038018986582756	0.043266136199235916	0.10930346697568893	0.1076088696718216	0.08629743754863739	0.08817154914140701	0.06629590690135956	0.13405224680900574	0.0827486589550972	unknown	nli		2017	China
SRR10239225	0.026630476117134094	0.04574451968073845	0.05342856049537659	0.04775294288992882	0.020259398967027664	0.03814639523625374	0.021356435492634773	0.025485534220933914	0.13626815378665924	0.09524669498205185	0.07538314163684845	0.21466796100139618	0.11294268816709518	0.04660121724009514	0.0054208869114518166	0.03466491773724556	environment	nli		2005	United States
SRR21995113	0.03353627398610115	0.027856897562742233	0.045928262174129486	0.03282345086336136	0.04674272984266281	0.04850991070270538	0.02429722063243389	0.027105508372187614	0.04373954236507416	0.11434154957532883	0.10953249782323837	0.08292204886674881	0.08563786745071411	0.06364066153764725	0.13134951889514923	0.08203605562448502	unknown	nli		2017	China
SRR29316445	0.05074085667729378	0.05772195756435394	0.049275875091552734	0.037122804671525955	0.07998263835906982	0.09424258023500443	0.027858050540089607	0.036475956439971924	0.054013364017009735	0.05518636107444763	0.1610967218875885	0.09063219279050827	0.041413482278585434	0.026582341641187668	0.05529424920678139	0.08236053586006165	unknown	nli		2018	United States
SRR29316426	0.03240496292710304	0.0366479828953743	0.03788524121046066	0.02649986557662487	0.05384577438235283	0.056540217250585556	0.02055765688419342	0.02712829038500786	0.03751706704497337	0.07133406400680542	0.18684224784374237	0.12891727685928345	0.11726593971252441	0.04543134197592735	0.05311461538076401	0.06806744635105133	unknown	nli		2018	United States
SRR13367287	0.006965437904000282	0.006830714177340269	0.013664327561855316	0.009977527894079685	0.011551552452147007	0.010114876553416252	0.01055897306650877	0.006219435483217239	0.005488632712513208	0.08184503018856049	0.5118745565414429	0.1706629991531372	0.05786703899502754	0.03795012831687927	0.007061322685331106	0.051367584615945816	waterbird	nli		2007	United Kingdom
SRR13367278	0.006248528603464365	0.00607998576015234	0.011605586856603622	0.009073816239833832	0.010423519648611546	0.009659026749432087	0.008950604125857353	0.005892924033105373	0.005129870492964983	0.08335981518030167	0.5346245765686035	0.16416971385478973	0.05525912716984749	0.035331252962350845	0.006322184111922979	0.04786951467394829	waterbird	nli		2007	United Kingdom
SRR29316444	0.052547551691532135	0.0632607638835907	0.05759958550333977	0.03646978363394737	0.0823466032743454	0.11059325188398361	0.026319555938243866	0.03726179152727127	0.06590939313173294	0.05759958550333977	0.13776999711990356	0.08562692999839783	0.03646978363394737	0.023091228678822517	0.041004080325365067	0.08613011240959167	unknown	nli		2018	United States
SRR6197701	0.01003453228622675	0.010212480090558529	0.01345029752701521	0.011085541918873787	0.009208204224705696	0.010434262454509735	0.006341072730720043	0.005980201531201601	0.007784434128552675	0.22087238729000092	0.39154285192489624	0.1533818393945694	0.097557932138443	0.020230762660503387	0.007693742401897907	0.024189418181777	waterbird	nli		2002	Sweden
SRR29316416	0.031725987792015076	0.04041995480656624	0.033313553780317307	0.021890273317694664	0.04456638917326927	0.053443264216184616	0.018325766548514366	0.022985657677054405	0.03209996595978737	0.05835302174091339	0.248814195394516	0.13673897087574005	0.11673080176115036	0.04771945998072624	0.03826884552836418	0.054603878408670425	waterbird	nli		2018	United States
SRR29316433	0.03750063106417656	0.04316296428442001	0.03706373646855354	0.024641595780849457	0.04968026652932167	0.051257286220788956	0.022878948599100113	0.027813727036118507	0.03757394477725029	0.0621914304792881	0.2281542271375656	0.14716365933418274	0.0747247114777565	0.05036415159702301	0.04740523919463158	0.05842343717813492	waterbird	nli		2018	United States
SRR29316417	0.034913331270217896	0.04634307324886322	0.0430280864238739	0.025593074038624763	0.04837777465581894	0.061394598335027695	0.019356435164809227	0.02719052881002426	0.04818917065858841	0.06285052746534348	0.21334856748580933	0.11639275401830673	0.11041388660669327	0.04818917065858841	0.034913331270217896	0.05950568616390228	waterbird	nli		2018	United States
SRR29316458	0.0351649671792984	0.043000947684049606	0.03495952859520912	0.021834425628185272	0.05289208143949509	0.05900537222623825	0.02087528631091118	0.027926655486226082	0.039000172168016434	0.07429898530244827	0.1930936574935913	0.11485198140144348	0.11142712086439133	0.04778400808572769	0.059584420174360275	0.06430041044950485	unknown	nli		2018	United States
SRR8787399	0.0142356650903821	0.01578824780881405	0.01236815843731165	0.0059111714363098145	0.015696009621024132	0.014658893458545208	0.00937251653522253	0.009520111605525017	0.007831030525267124	0.16220416128635406	0.5898517966270447	0.04695124179124832	0.0367087796330452	0.013743886724114418	0.015604308806359768	0.02955399453639984	waterbird	nli		1979	United States
ERR1163661	0.005515865981578827	0.004163593985140324	0.00520195672288537	0.0035892424639314413	0.005646670702844858	0.004059208557009697	0.0037909953389316797	0.0033259964548051357	0.0030521058943122625	0.4407545030117035	0.3929734230041504	0.03459005057811737	0.05346958711743355	0.01136211957782507	0.0076879942789673805	0.020816657692193985	wildbird	nli		2013	United Kingdom
SRR29316428	0.036379698663949966	0.04122359678149223	0.04154691845178604	0.02751452662050724	0.0573451928794384	0.06384836137294769	0.021428333595395088	0.031484004110097885	0.04991976544260979	0.06917150318622589	0.1898728609085083	0.1143791526556015	0.10113658010959625	0.04003340005874634	0.05011514946818352	0.06460098177194595	unknown	nli		2018	United States
SRR11515393	0.01442272774875164	0.0126536525785923	0.008747827261686325	0.004682374186813831	0.011725596152245998	0.013575388118624687	0.007209834177047014	0.007042818237096071	0.014088626950979233	0.7477342486381531	0.0802081897854805	0.02347908541560173	0.020558973774313927	0.009421780705451965	0.009626392275094986	0.014822541736066341	wildbird	nli		2017	Italy
SRR13367283	0.006238679867237806	0.006070402450859547	0.012190909124910831	0.008971473202109337	0.009891800582408905	0.00904183741658926	0.008849650621414185	0.005702614784240723	0.004973909351974726	0.0756324827671051	0.5390201807022095	0.1646328568458557	0.05642526596784592	0.036968477070331573	0.006461909972131252	0.04892747104167938	waterbird	nli		2007	United Kingdom
SRR4379981	0.003215409116819501	0.005720902234315872	0.0050684381276369095	0.002375529147684574	0.010278599336743355	0.010460874997079372	0.005833737086504698	0.005353337619453669	0.007119777612388134	0.7976152896881104	0.03896186873316765	0.0777122750878334	0.009469089098274708	0.005208940245211124	0.0028265255969017744	0.012779437936842442	wildbird	nli		2000	Sweden
SRR29316456	0.03771091252565384	0.04785764217376709	0.042069561779499054	0.022255871444940567	0.05359802022576332	0.06644375622272491	0.022299380972981453	0.02775202877819538	0.047671057283878326	0.0751437321305275	0.17574112117290497	0.10638439655303955	0.10607318580150604	0.04711567610502243	0.05359802022576332	0.06828564405441284	unknown	nli		2018	United States
SRR29316418	0.036147136241197586	0.04259173199534416	0.034156642854213715	0.023066446185112	0.046323277056217194	0.04911862686276436	0.018752887845039368	0.0243154838681221	0.034156642854213715	0.059364207088947296	0.24450084567070007	0.13093580305576324	0.1116676852107048	0.048262760043144226	0.040325045585632324	0.05631478130817413	waterbird	nli		2018	United States
SRR27387502	0.028470974415540695	0.037351369857788086	0.05085422843694687	0.039220426231622696	0.05165506526827812	0.05085422843694687	0.0840083658695221	0.03481530025601387	0.04805386811494827	0.0856652781367302	0.09172611683607101	0.08769678324460983	0.07799912989139557	0.04612278193235397	0.02732684649527073	0.15817926824092865	unknown	nli		2022	Peru
SRR29316404	0.033360980451107025	0.036142341792583466	0.03290797770023346	0.022529123350977898	0.051168352365493774	0.05289582908153534	0.02003781497478485	0.0249374657869339	0.0332958847284317	0.06660590320825577	0.22204825282096863	0.13324007391929626	0.11089222878217697	0.03862389922142029	0.059472378343343735	0.061841484159231186	waterbird	nli		2018	United States
ERR1163780	0.005975356791168451	0.004867428448051214	0.005679496563971043	0.004106799140572548	0.0069045121781528	0.0052629453130066395	0.0038504526019096375	0.0039494698867201805	0.0037174371536821127	0.37149176001548767	0.4140245318412781	0.04304531216621399	0.07855631411075592	0.013544806279242039	0.008295961655676365	0.02672743983566761	waterbird	nli		2013	United Kingdom
ERR1163473	0.005962849594652653	0.004580813460052013	0.0055688535794615746	0.003731456119567156	0.006249013356864452	0.004405325278639793	0.003948908764868975	0.0034848996438086033	0.003204175503924489	0.431508332490921	0.39616769552230835	0.03692138195037842	0.051210224628448486	0.01211607176810503	0.007992609404027462	0.0229474026709795	wildbird	nli		2013	United Kingdom
ERR12188771	0.0797276496887207	0.07167708873748779	0.06684302538633347	0.052057407796382904	0.05318792536854744	0.03491557389497757	0.04102024808526039	0.032960694283246994	0.05277401581406593	0.06279321759939194	0.14167951047420502	0.05991770327091217	0.09167640656232834	0.058472584933042526	0.04648203030228615	0.05381489172577858	unknown	nli		2007	United Kingdom
SRR2962355	0.00975194200873375	0.009657171554863453	0.012112808413803577	0.00901907216757536	0.013225596398115158	0.058468155562877655	0.0076245456002652645	0.005417183041572571	0.007881954312324524	0.05650349333882332	0.6763591766357422	0.052461713552474976	0.01786663942039013	0.007729504257440567	0.01372560951858759	0.042195361107587814	waterbird	nli		2009	United States
SRR27387504	0.02813555672764778	0.03720083087682724	0.0505504384636879	0.0384567491710186	0.051346492022275925	0.05025510862469673	0.08269499987363815	0.03481069579720497	0.04711819440126419	0.08482156693935394	0.09171397984027863	0.08889223635196686	0.0782940611243248	0.046478383243083954	0.02716360241174698	0.16206714510917664	unknown	nli		2022	Peru
SRR13367289	0.007483489811420441	0.007295871153473854	0.015265417285263538	0.011865520849823952	0.011958582326769829	0.010636182501912117	0.011168415658175945	0.006787230726331472	0.005862397141754627	0.08180192857980728	0.47686824202537537	0.18963877856731415	0.06259733438491821	0.039984043687582016	0.007660956121981144	0.053125668317079544	waterbird	nli		2007	United Kingdom
SRR8787364	0.014864448457956314	0.01632540486752987	0.012914457358419895	0.00629400322213769	0.016293548047542572	0.015069069340825081	0.009767401963472366	0.010077453218400478	0.00835450179874897	0.1600421518087387	0.5848385095596313	0.04668876528739929	0.03795769810676575	0.014548500999808311	0.016517840325832367	0.029446236789226532	waterbird	nli		1979	United States
ERR1163751	0.005926293786615133	0.004874836187809706	0.005845821928232908	0.003932372201234102	0.0063828700222074986	0.00449968921020627	0.004145308397710323	0.0036582218017429113	0.0032664244063198566	0.43243759870529175	0.3819977045059204	0.037675440311431885	0.06026400625705719	0.013096798211336136	0.008211789652705193	0.0237848162651062	wildbird	nli		2013	United Kingdom
SRR5209561	0.010408871807157993	0.009008128196001053	0.011864111758768559	0.00655198423191905	0.008011994883418083	0.0063256435096263885	0.01479399111121893	0.0046189092099666595	0.005714742932468653	0.0550200454890728	0.386228084564209	0.32044848799705505	0.07382098585367203	0.029594259336590767	0.007001848425716162	0.05058794468641281	waterbird	nli		2004	Canada
SRR13132260	0.03876807168126106	0.0393785797059536	0.049585115164518356	0.04086734354496002	0.16725356876850128	0.049199242144823074	0.05808420851826668	0.04559081792831421	0.08207200467586517	0.09200609475374222	0.057519737631082535	0.09689351171255112	0.032014552503824234	0.024835757911205292	0.03481941297650337	0.09111195802688599	unknown	nli		1978	United States
SRR15194602	0.023914692923426628	0.027046019211411476	0.03703979775309563	0.02641949988901615	0.046822693198919296	0.06300681829452515	0.0294730793684721	0.03689539432525635	0.07125677168369293	0.07153566181659698	0.0662890151143074	0.11759734153747559	0.0987371951341629	0.06667857617139816	0.1498228907585144	0.06746455281972885	unknown	nli		2009	Bangladesh
SRR8787410	0.00805823877453804	0.010885986499488354	0.01026646327227354	0.00491629121825099	0.012826825492084026	0.012335438281297684	0.00881574023514986	0.007764683570712805	0.005976690445095301	0.3576889932155609	0.4590575397014618	0.034528087824583054	0.02938958816230297	0.009892462752759457	0.006324984133243561	0.021272139623761177	waterbird	nli		1979	United States
SRR13367284	0.00621381402015686	0.005871641915291548	0.012309467419981956	0.009219365194439888	0.01034538447856903	0.009382857009768486	0.00958662386983633	0.005746839102357626	0.005051795393228531	0.07772229611873627	0.520608127117157	0.18194928765296936	0.05479137599468231	0.036250270903110504	0.006550290156155825	0.04840046539902687	waterbird	nli		2007	United Kingdom
SRR29316449	0.05438908562064171	0.06484142690896988	0.05622528865933418	0.036658018827438354	0.08423946797847748	0.10402184724807739	0.025792138651013374	0.038267504423856735	0.06716156005859375	0.058465052396059036	0.1338278204202652	0.08725368976593018	0.038192834705114365	0.023807285353541374	0.04145793244242668	0.0853990986943245	unknown	nli		2018	United States
SRR13367296	0.007194717414677143	0.007265321910381317	0.014995078556239605	0.011252750642597675	0.011862082406878471	0.010800549760460854	0.010927863419055939	0.006667034234851599	0.005849264096468687	0.07727499306201935	0.48258525133132935	0.18573550879955292	0.06418846547603607	0.04044364392757416	0.00756950955837965	0.055387984961271286	waterbird	nli		2007	United Kingdom
ERR1163626	0.005502070765942335	0.004145077429711819	0.005128494463860989	0.0035178817342966795	0.0054592532105743885	0.004096785560250282	0.003811173141002655	0.0033765125554054976	0.003092415863648057	0.45095816254615784	0.3819764256477356	0.03669298067688942	0.051242534071207047	0.011693472974002361	0.007374980952590704	0.021931786090135574	wildbird	nli		2013	United Kingdom
SRR29316437	0.05517127737402916	0.06746535748243332	0.06130804866552353	0.03829073905944824	0.08429061621427536	0.10490136593580246	0.02747226133942604	0.03935219347476959	0.0689304992556572	0.055387210100889206	0.12530553340911865	0.08412614464759827	0.035068996250629425	0.021988520398736	0.041564200073480606	0.08937708288431168	unknown	nli		2018	United States
SRR13367285	0.00655154837295413	0.0062028816901147366	0.012579207308590412	0.009329833090305328	0.010448917746543884	0.009366348385810852	0.00918518751859665	0.005988600663840771	0.00534721789881587	0.07238834351301193	0.5331865549087524	0.16962797939777374	0.056266095489263535	0.03726232051849365	0.00675951736047864	0.04950939491391182	waterbird	nli		2007	United Kingdom
ERR12188775	0.07494661957025528	0.07182952016592026	0.07002868503332138	0.05424624681472778	0.07586708664894104	0.0717594176530838	0.042412374168634415	0.030340371653437614	0.05293791741132736	0.053982023149728775	0.1174478828907013	0.0540347620844841	0.07793215662240982	0.05319702997803688	0.05031677335500717	0.04872108995914459	unknown	nli		2003	United Kingdom
SRR29316441	0.03643957898020744	0.04137217625975609	0.04285253956913948	0.02928001806139946	0.05777711793780327	0.06585480272769928	0.020560871809720993	0.028882432729005814	0.04606393724679947	0.07065188884735107	0.1764087677001953	0.11557877063751221	0.10533849149942398	0.04404045268893242	0.04961281642317772	0.06928536295890808	unknown	nli		2018	United States
ERR1163752	0.005443100351840258	0.004181528929620981	0.005163498688489199	0.0036188119556754827	0.005794149823486805	0.004140892531722784	0.0037850819062441587	0.0033863054122775793	0.003047344973310828	0.44503700733184814	0.38084620237350464	0.03629970923066139	0.05840465426445007	0.01200549490749836	0.007527533452957869	0.021318668499588966	wildbird	nli		2013	United Kingdom
ERR12188772	0.06173418462276459	0.06319816410541534	0.08016350120306015	0.04238782450556755	0.04160858690738678	0.04455239698290825	0.0331408753991127	0.029823562130331993	0.23804201185703278	0.04120422899723053	0.09724012762308121	0.044595927000045776	0.05934020131826401	0.043562859296798706	0.03795911371707916	0.041446369141340256	cat	nli		2003	United Kingdom
SRR13367281	0.004889884032309055	0.004720961209386587	0.00818901602178812	0.006657622288912535	0.007045597769320011	0.006402572151273489	0.006842178292572498	0.00448720995336771	0.004117695614695549	0.07227859646081924	0.525277316570282	0.21462811529636383	0.05090402439236641	0.034141987562179565	0.005104575771838427	0.04431265592575073	waterbird	nli		2007	United Kingdom
SRR29316429	0.03634771704673767	0.04567938670516014	0.04384371638298035	0.025523914024233818	0.051559723913669586	0.06063365936279297	0.02230587787926197	0.02825239673256874	0.048247043043375015	0.06737802922725677	0.21287593245506287	0.12823617458343506	0.07605164498090744	0.04872051626443863	0.04488344117999077	0.059460896998643875	waterbird	nli		2018	United States
SRR21995118	0.004646638408303261	0.003935856278985739	0.0073675233870744705	0.005816818214952946	0.005771550815552473	0.006191970780491829	0.002742309123277664	0.0033272949513047934	0.002930598333477974	0.33576700091362	0.4828464686870575	0.03669169172644615	0.036548640578985214	0.01907261274755001	0.02070312574505806	0.025639956817030907	waterbird	nli		2010	China
ERR1163781	0.005573394242674112	0.004174279514700174	0.0050351424142718315	0.0035219676792621613	0.005661162547767162	0.004125647712498903	0.0038908564019948244	0.003400299698114395	0.003120290581136942	0.4460042417049408	0.38730600476264954	0.03515620529651642	0.05503907427191734	0.010617838241159916	0.007844408974051476	0.019529195502400398	wildbird	nli		2013	United Kingdom
SRR12634062	0.00727500906214118	0.004482002928853035	0.005343342199921608	0.005029418971389532	0.005250237416476011	0.004344106651842594	0.009675543755292892	0.0028322904836386442	0.003531733062118292	0.35622352361679077	0.4576234221458435	0.0495702289044857	0.043532490730285645	0.015491700731217861	0.005039251409471035	0.02475566789507866	waterbird	nli		2017	United States
SRR8787351	0.011338483542203903	0.015528167597949505	0.013076028786599636	0.006549406796693802	0.016659291461110115	0.015896407887339592	0.012235901318490505	0.010714112780988216	0.007479656953364611	0.16459624469280243	0.5637983679771423	0.05361953377723694	0.044322118163108826	0.016497395932674408	0.016987865790724754	0.030701031908392906	waterbird	nli		1979	United States
SRR8787362	0.011644373647868633	0.014662480913102627	0.013909297063946724	0.006380590610206127	0.017108729109168053	0.016135068610310555	0.010097067803144455	0.010643819347023964	0.008670281618833542	0.12330813705921173	0.6143983602523804	0.04931274428963661	0.04140401631593704	0.01700877584517002	0.017108729109168053	0.028207523748278618	waterbird	nli		1979	United States
ERR1163640	0.005813363008201122	0.00438815588131547	0.005334641318768263	0.0036025559529662132	0.005779399536550045	0.004261462017893791	0.003941207658499479	0.0033710936550050974	0.0030934896785765886	0.4465126693248749	0.3847300708293915	0.03568078577518463	0.052220314741134644	0.011293436400592327	0.007822733372449875	0.022154701873660088	wildbird	nli		2013	United Kingdom
SRR29316460	0.03019469976425171	0.03239418566226959	0.030790239572525024	0.022090915590524673	0.0475958026945591	0.048915207386016846	0.019763529300689697	0.02351565659046173	0.03220493346452713	0.06454947590827942	0.23313361406326294	0.13705219328403473	0.11907301098108292	0.03877076506614685	0.05763620138168335	0.062319591641426086	waterbird	nli		2018	United States
SRR2584003	0.009582782164216042	0.009489654563367367	0.011925965547561646	0.008845331147313118	0.012895043008029461	0.05864435434341431	0.007625151891261339	0.005292114801704884	0.007851849310100079	0.05974264815449715	0.6757527589797974	0.05261982977390289	0.01708315499126911	0.007404999807476997	0.013699918054044247	0.04154448211193085	waterbird	nli		2009	United States
SRR8787346	0.009538555517792702	0.011505693197250366	0.010074722580611706	0.004249274265021086	0.011327315121889114	0.010936006903648376	0.009632160887122154	0.007088452577590942	0.006134543567895889	0.19555659592151642	0.6163402199745178	0.03724980726838112	0.025777002796530724	0.011460836976766586	0.012416346929967403	0.02071240171790123	waterbird	nli		1979	United States
SRR13367298	0.006449738051742315	0.0063249883241951466	0.012167945504188538	0.00936600286513567	0.010949965566396713	0.009931188076734543	0.009293115697801113	0.006058968137949705	0.0052950577810406685	0.0821840688586235	0.5148740410804749	0.17793571949005127	0.05759827420115471	0.03661169111728668	0.00655130622908473	0.04840797185897827	waterbird	nli		2007	United Kingdom
SRR29316453	0.05147765204310417	0.06125074252486229	0.05249296501278877	0.038781557232141495	0.08404751121997833	0.11091076582670212	0.026087604463100433	0.037809260189533234	0.057203590869903564	0.053842850029468536	0.13803067803382874	0.09087702631950378	0.03671763837337494	0.024844394996762276	0.05157829448580742	0.08404751121997833	unknown	nli		2018	United States
SRR29316434	0.056212570518255234	0.0675409585237503	0.056653451174497604	0.03893731161952019	0.0857139304280281	0.08982744067907333	0.0264494176954031	0.042847875505685806	0.055993422865867615	0.04724337160587311	0.10604950785636902	0.07403448969125748	0.07161667943000793	0.02944888360798359	0.06419677287340164	0.08723395317792892	unknown	nli		2018	United States
SRR29316442	0.05360102280974388	0.06554520130157471	0.05852527916431427	0.037786759436130524	0.08734356611967087	0.10372304916381836	0.026742544025182724	0.03683941066265106	0.06465516984462738	0.051648374646902084	0.12414024025201797	0.08785685151815414	0.041097331792116165	0.023831810802221298	0.04332273453474045	0.09334065020084381	unknown	nli		2018	United States
SRR29316459	0.036267589777708054	0.041743744164705276	0.04101637378334999	0.026637786999344826	0.05784236639738083	0.0649070143699646	0.020664650946855545	0.030361948534846306	0.04730185121297836	0.06802196055650711	0.19567818939685822	0.11436121165752411	0.09974763542413712	0.039368100464344025	0.051045700907707214	0.0650339126586914	unknown	nli		2018	United States
SRR8787354	0.014523588120937347	0.016076145693659782	0.01276705414056778	0.006101816892623901	0.01626564748585224	0.015280160121619701	0.009487668052315712	0.00994299165904522	0.008052079938352108	0.15759862959384918	0.5892786383628845	0.04702027142047882	0.037159789353609085	0.014076745137572289	0.01639322005212307	0.029975593090057373	waterbird	nli		1979	United States
SRR13736822	0.0015561635373160243	0.002506246091797948	0.001315549947321415	0.00114296970423311	0.002491604071110487	0.002817848464474082	0.0011978220427408814	0.0014003958785906434	0.0015622542705386877	0.8447988033294678	0.06066151335835457	0.05495049059391022	0.0055170790292322636	0.0019404632039368153	0.0009077022550627589	0.015233143232762814	wildbird	nli		2018	unknown
SRR1816118	0.0060378508642315865	0.005034968722611666	0.008598292246460915	0.005349238868802786	0.007470325566828251	0.00835004448890686	0.007632558234035969	0.004956908989697695	0.006541235838085413	0.8159050941467285	0.031145602464675903	0.031024176627397537	0.008531380444765091	0.0071282354183495045	0.012220638804137707	0.03407339006662369	wildbird	nli			unknown
SRR11515454	0.010499497875571251	0.013117977418005466	0.009616081602871418	0.009247695095837116	0.016198541969060898	0.04987066239118576	0.0050574312917888165	0.008469603024423122	0.012664811685681343	0.7253679633140564	0.062034741044044495	0.023939892649650574	0.01768667995929718	0.009265774860978127	0.009786607697606087	0.017176032066345215	wildbird	nli		2019	Italy
SRR3619935	0.005853325594216585	0.005424024071544409	0.010723941028118134	0.005876234732568264	0.00838450063019991	0.009408554993569851	0.008855798281729221	0.00494828587397933	0.007384859025478363	0.8010755777359009	0.034991178661584854	0.03164277598261833	0.008735546842217445	0.008769736625254154	0.011505108326673508	0.036420613527297974	wildbird	nli			unknown
SRR11515421	0.008141356520354748	0.01263423077762127	0.007783723995089531	0.0070045930333435535	0.015510046854615211	0.050880320370197296	0.004174472764134407	0.006855709012597799	0.009878059849143028	0.741500198841095	0.06710991263389587	0.02232586219906807	0.015359319746494293	0.006855709012597799	0.008046505972743034	0.015940001234412193	wildbird	nli		2016	Italy
SRR23244655	0.008234993554651737	0.02332225814461708	0.004322618246078491	0.0020659291185438633	0.004646558780223131	0.005604819860309362	0.002801815513521433	0.0028237905353307724	0.0028348423074930906	0.754436194896698	0.13820043206214905	0.015919938683509827	0.014481118880212307	0.006501704920083284	0.001914407592266798	0.011888600885868073	wildbird	nli		2018	France
ERR3546043	0.017437344416975975	0.031574949622154236	0.01439970824867487	0.010391997173428535	0.01820293627679348	0.01999201439321041	0.013369675725698471	0.012292691506445408	0.014827815815806389	0.6086768507957458	0.030070243403315544	0.08047214150428772	0.03270475193858147	0.020188206806778908	0.02444693259894848	0.05095178261399269	wildbird	nli		2017	Sweden
SRR1815361	0.006101295817643404	0.00502860127016902	0.008860012516379356	0.005426605697721243	0.0077580856159329414	0.008604206144809723	0.007818932645022869	0.005068041384220123	0.007008846383541822	0.8124893307685852	0.03259902819991112	0.029797924682497978	0.008437786251306534	0.006995169911533594	0.012062989175319672	0.035943157970905304	wildbird	nli			unknown
SRR4067224	0.020101215690374374	0.01490880735218525	0.03409329056739807	0.020140515640378	0.013338092714548111	0.011520633473992348	0.017566869035363197	0.00639968691393733	0.009873385541141033	0.498556911945343	0.09262992441654205	0.061614517122507095	0.09688591957092285	0.038482144474983215	0.03409329056739807	0.029794834554195404	wildbird	nli			unknown
ERR10497225	0.0021014066878706217	0.0033843759447336197	0.0022369360085576773	0.0011833960888907313	0.0020248540677130222	0.0027839115355163813	0.0018257339252159	0.001467018504627049	0.001742127351462841	0.9329113960266113	0.012784980237483978	0.019821112975478172	0.004130457993596792	0.0024906129110604525	0.0017626631306484342	0.007348970044404268	wildbird	nli		2008	Spain
ERR4225107	0.0028933254070580006	0.00808289647102356	0.001506912405602634	0.0009901892626658082	0.00174804893322289	0.002201125957071781	0.001222720486111939	0.0011667280923575163	0.0011308318935334682	0.7625173330307007	0.12711870670318604	0.05701084062457085	0.01929541304707527	0.004259387031197548	0.0013066736282780766	0.007548816967755556	wildbird	nli		2019	Netherlands
ERR4225086	0.002542143687605858	0.007074133958667517	0.001440007472410798	0.000968665350228548	0.0015570191899314523	0.001983693800866604	0.0012008234625682235	0.0011280692415311933	0.0010848536621779203	0.7681193351745605	0.12886804342269897	0.0529777929186821	0.01842072606086731	0.00416679959744215	0.001268322579562664	0.007199584040790796	wildbird	nli		2019	Netherlands
SRR1816119	0.0058729322627186775	0.004907018505036831	0.008363437838852406	0.005285067018121481	0.00720973452553153	0.008169700391590595	0.0075262803584337234	0.004849849734455347	0.0064375679939985275	0.8188114762306213	0.03107394278049469	0.03053249418735504	0.008478567935526371	0.007111834827810526	0.012097639963030815	0.033272430300712585	wildbird	nli			unknown
SRR13736827	0.0015799434622749686	0.002666659653186798	0.0013356530107557774	0.001137990620918572	0.002524742390960455	0.002963275881484151	0.0012019575806334615	0.001427359995432198	0.0016079614870250225	0.8264626860618591	0.06660929322242737	0.0662686675786972	0.005813155323266983	0.00202472903765738	0.0009251798619516194	0.015450824983417988	wildbird	nli		2018	unknown
SRR23244644	0.007928812876343727	0.022653354331851006	0.00547071686014533	0.002624878427013755	0.006031922996044159	0.006742251571267843	0.0031293202191591263	0.003752628108486533	0.0031972790602594614	0.7179232239723206	0.16247478127479553	0.01762523129582405	0.01639646664261818	0.0077149467542767525	0.0017080409452319145	0.01462610438466072	wildbird	nli		2017	France
SRR25523034	0.0031199671793729067	0.005727301351726055	0.0032824946101754904	0.0020783464424312115	0.005749717354774475	0.007797772530466318	0.0038451277650892735	0.0025069639086723328	0.003852645168080926	0.8110820651054382	0.0726364254951477	0.029385406523942947	0.022740570828318596	0.008480950258672237	0.0009627525578252971	0.016751477494835854	wildbird	nli		2022	United States
SRR11515410	0.012348096817731857	0.01173669844865799	0.03224822133779526	0.009339055977761745	0.018976273015141487	0.0957830622792244	0.012204236350953579	0.009486122988164425	0.0474739745259285	0.6138507723808289	0.04076556861400604	0.026013590395450592	0.024725567549467087	0.009393936954438686	0.011025608517229557	0.024629171937704086	wildbird	nli		2015	Italy
SRR1816048	0.00731035228818655	0.006565768271684647	0.011256345547735691	0.006240674760192633	0.009259217418730259	0.010719922371208668	0.008783589117228985	0.00571559090167284	0.008219249546527863	0.7845203876495361	0.037562645971775055	0.031079769134521484	0.010249019600450993	0.010349598713219166	0.012955974787473679	0.03921184688806534	wildbird	nli			unknown
SRR3619961	0.005746562033891678	0.005366857163608074	0.010284450836479664	0.005769053474068642	0.008183480240404606	0.009182981215417385	0.008987794630229473	0.004848551470786333	0.007082212250679731	0.8043286800384521	0.03479184955358505	0.030703699216246605	0.008443251252174377	0.008660376071929932	0.011653809808194637	0.03596644103527069	wildbird	nli			unknown
SRR29025236	0.024385888129472733	0.022030815482139587	0.02525845356285572	0.02525845356285572	0.02741779386997223	0.021436570212244987	0.028509993106126785	0.027471397072076797	0.019066080451011658	0.1910620927810669	0.09060457348823547	0.21692496538162231	0.057367246598005295	0.035620130598545074	0.07237748801708221	0.11520799249410629	environment	nli		2009	United States
SRR11515440	0.010799345560371876	0.013103047385811806	0.009530387818813324	0.008660584688186646	0.016890494152903557	0.052613966166973114	0.004858148284256458	0.007994103245437145	0.013731874525547028	0.7238351106643677	0.059358008205890656	0.024218156933784485	0.017805108800530434	0.00909395981580019	0.009737357497215271	0.017770368605852127	wildbird	nli		2016	Italy
SRR11515356	0.00462958961725235	0.004391776863485575	0.0038833064027130604	0.002278423635289073	0.004711688030511141	0.0056612235493958	0.0039753965102136135	0.0026378605980426073	0.0031943207141011953	0.8736698627471924	0.02234688401222229	0.02592283859848976	0.015269044786691666	0.007829188369214535	0.006097377277910709	0.013501228764653206	wildbird	nli		2016	Italy
SRR3619924	0.005897285882383585	0.005464760586619377	0.010616217739880085	0.005862833000719547	0.008365378715097904	0.00935050006955862	0.008870182558894157	0.0049273669719696045	0.007324970792979002	0.8008111119270325	0.03494548052549362	0.03150900825858116	0.008580501191318035	0.008664704859256744	0.011501309461891651	0.03730841353535652	wildbird	nli			unknown
SRR12495827	0.016079124063253403	0.014958147890865803	0.01786762662231922	0.013330060057342052	0.02816467545926571	0.02729814127087593	0.012042706832289696	0.012160887941718102	0.011581358499825	0.7012835144996643	0.03433999791741371	0.04730534180998802	0.02184915728867054	0.008440068922936916	0.005079322960227728	0.028219738975167274	wildbird	nli		2009	United States
SRR3619952	0.005901694297790527	0.005415699910372496	0.010665737092494965	0.0058672153390944	0.008371632546186447	0.009339231066405773	0.008963925763964653	0.0049214293248951435	0.007330446038395166	0.8014097809791565	0.03503997623920441	0.031348343938589096	0.008570159785449505	0.008773395791649818	0.011645583435893059	0.0364358089864254	wildbird	nli			unknown
ERR4225099	0.0026857913471758366	0.007117701228708029	0.0014602396404370666	0.0010016486048698425	0.0016482170904055238	0.0020754188299179077	0.0012368710013106465	0.0011574028758332133	0.0011305916123092175	0.768334686756134	0.12858983874320984	0.05186627432703972	0.018425889313220978	0.004266808275133371	0.0013664199505001307	0.007636179216206074	wildbird	nli		2019	Netherlands
SRR23244669	0.009060686454176903	0.023570585995912552	0.005092521198093891	0.0025407529901713133	0.005357804242521524	0.006450135260820389	0.003493205877020955	0.003754989942535758	0.0033923503942787647	0.7282639741897583	0.14955374598503113	0.01884724572300911	0.016183998435735703	0.0073662856593728065	0.002220416907221079	0.014851272106170654	wildbird	nli		2017	France
SRR11515427	0.007984931580722332	0.012175566516816616	0.007815209217369556	0.006856604944914579	0.015848945826292038	0.052914075553417206	0.0041831801645457745	0.006776723079383373	0.01011363323777914	0.7408732175827026	0.06565999239683151	0.022155018523335457	0.015301438048481941	0.006910381838679314	0.008079055696725845	0.01635204628109932	wildbird	nli		2016	Italy
SRR6197703	0.017924075946211815	0.038580480962991714	0.018820997327566147	0.016480213031172752	0.021202385425567627	0.024547208100557327	0.0243561789393425	0.012885036878287792	0.04066959768533707	0.3946273624897003	0.06379508227109909	0.1897028386592865	0.0732128918170929	0.024933768436312675	0.007442737463861704	0.030819177627563477	wildbird	nli		2011	Sweden
SRR11515453	0.010525001212954521	0.012945973314344883	0.009545762091875076	0.009658284485340118	0.01579989865422249	0.04777243733406067	0.005000874865800142	0.008590256795287132	0.012920712120831013	0.7264200448989868	0.06242881342768669	0.024068452417850494	0.017938632518053055	0.009270157665014267	0.009829560294747353	0.017285142093896866	wildbird	nli		2019	Italy
ERR4224019	0.013849593698978424	0.025225751101970673	0.0023578451946377754	0.0013861056650057435	0.002968975342810154	0.003964102361351252	0.0017972607165575027	0.0017556273378431797	0.001993275713175535	0.6838030815124512	0.1535486876964569	0.06677815318107605	0.02751632034778595	0.005711683072149754	0.0015645400853827596	0.005779010709375143	wildbird	nli		2018	Netherlands
SRR14242059	0.01260957308113575	0.008854632265865803	0.010474140755832195	0.0056503755040466785	0.008734396658837795	0.014012154191732407	0.014713319949805737	0.0062300111167132854	0.014799783937633038	0.446460485458374	0.05334813892841339	0.23023933172225952	0.06304389983415604	0.03194909170269966	0.01651035249233246	0.06237029656767845	wildbird	nli		2018	Finland
ERR3546047	0.017447395250201225	0.030861299484968185	0.014807412400841713	0.010665378533303738	0.01868179813027382	0.020358270034193993	0.013721390627324581	0.012566887773573399	0.015011248178780079	0.6020424962043762	0.03020533360540867	0.08178650587797165	0.033762361854314804	0.020678866654634476	0.02470107190310955	0.05270230025053024	wildbird	nli		2017	Sweden
ERR4225115	0.002648989437147975	0.00710292300209403	0.0014801553916186094	0.0010172948241233826	0.001670696772634983	0.002107837703078985	0.0012318945955485106	0.0011663342593237758	0.0011437754146754742	0.7682384252548218	0.1285737156867981	0.05271504446864128	0.01808488741517067	0.003992168232798576	0.0013529715361073613	0.0074729337356984615	wildbird	nli		2019	Netherlands
SRR11515359	0.00977457594126463	0.013178844936192036	0.00925438292324543	0.008659795857965946	0.016497721895575523	0.049785032868385315	0.0044229906052351	0.007777765858918428	0.011383085511624813	0.7344490885734558	0.06156642735004425	0.022927196696400642	0.01617862842977047	0.008009001612663269	0.009345199912786484	0.01679028384387493	wildbird	nli		2018	Italy
SRR11515457	0.010534119792282581	0.013161234557628632	0.009685550816357136	0.009442723356187344	0.016157006844878197	0.045136790722608566	0.00510392664000392	0.0086482223123312	0.012906673364341259	0.7291825413703918	0.06151419132947922	0.024089302867650986	0.017866719514131546	0.009479681961238384	0.009723457507789135	0.017367826774716377	wildbird	nli		2019	Italy
SRR14242051	0.01159745641052723	0.008223828859627247	0.01100171823054552	0.00554282683879137	0.008402423933148384	0.0139346644282341	0.014518086798489094	0.0060284435749053955	0.013961905613541603	0.4529695510864258	0.0531049519777298	0.2442394644021988	0.05388858541846275	0.03019925020635128	0.016515536233782768	0.055871330201625824	wildbird	nli		2018	Finland
SRR11515420	0.009859482757747173	0.00987875834107399	0.009687686339020729	0.004215736407786608	0.00915422011166811	0.01891208253800869	0.007678572554141283	0.0071432520635426044	0.23299837112426758	0.5935313105583191	0.036955807358026505	0.017993241548538208	0.01584799773991108	0.006133860908448696	0.008000061847269535	0.012009515427052975	wildbird	nli		2015	Italy
ERR4225117	0.002664942294359207	0.007145698647946119	0.0014832639135420322	0.0010134755866602063	0.0016742056468501687	0.0021040295250713825	0.0012320730602368712	0.0011574254604056478	0.0011306137312203646	0.7683497071266174	0.12759163975715637	0.05329209193587303	0.018247181549668312	0.004031929187476635	0.0013637804659083486	0.007517938502132893	wildbird	nli		2019	Netherlands
ERR4224018	0.013216574676334858	0.02433275431394577	0.0022989402059465647	0.0013700814452022314	0.002923211082816124	0.0039644623175263405	0.0017695575952529907	0.0017799565102905035	0.001970232231542468	0.686541736125946	0.15333785116672516	0.06613520532846451	0.02727801539003849	0.005634637083858252	0.0015646822284907103	0.005882026627659798	wildbird	nli		2018	Netherlands
SRR14242054	0.01233857311308384	0.008698241785168648	0.011681925505399704	0.00590856047347188	0.009277332574129105	0.014595293439924717	0.015088037587702274	0.00650197034701705	0.014796208590269089	0.442446768283844	0.05438719317317009	0.2407303899526596	0.05671966075897217	0.03181684762239456	0.017231080681085587	0.05778190493583679	wildbird	nli		2018	Finland
SRR13736830	0.0015957474242895842	0.0025649822782725096	0.0013177634682506323	0.001144892768934369	0.0025006758514791727	0.0028060991317033768	0.0012187319807708263	0.001408242154866457	0.001546651590615511	0.842921257019043	0.06135988235473633	0.05626577511429787	0.005408898461610079	0.0019024135544896126	0.0009127881494350731	0.015125252306461334	wildbird	nli		2018	unknown
SRR12495820	0.016213810071349144	0.01499532163143158	0.017737962305545807	0.013467999175190926	0.028763452544808388	0.027960289269685745	0.012191111221909523	0.012286726385354996	0.011724076233804226	0.6982370615005493	0.034967463463544846	0.04746924713253975	0.021818064153194427	0.008712594397366047	0.005082010757178068	0.028372876346111298	wildbird	nli		2009	United States
ERR3546042	0.017407936975359917	0.0318310409784317	0.014375424943864346	0.010394755750894547	0.018314767628908157	0.020075585693120956	0.01337322499603033	0.012344078160822392	0.01483175065368414	0.6069091558456421	0.02966979518532753	0.08080853521823883	0.03297000750899315	0.020233042538166046	0.02398044988512993	0.05248051881790161	wildbird	nli		2017	Sweden
SRR11515374	0.010740252211689949	0.013790755532681942	0.009115133434534073	0.008154810406267643	0.015688138082623482	0.03676209971308708	0.004898075945675373	0.007997081615030766	0.011410631239414215	0.7391079664230347	0.0640486627817154	0.02403864450752735	0.017501380294561386	0.008748834952712059	0.010011016391217709	0.017986537888646126	wildbird	nli		2018	Italy
SRR23244646	0.007778347469866276	0.020274251699447632	0.005580691620707512	0.0026568074245005846	0.0060223923064768314	0.006705355830490589	0.0028952243737876415	0.003703048685565591	0.0030460446141660213	0.7266560792922974	0.16142791509628296	0.01657971367239952	0.014617265202105045	0.007364390883594751	0.0016789032379165292	0.013013564981520176	wildbird	nli		2017	France
SRR11515385	0.008321397937834263	0.011966505087912083	0.007893944159150124	0.007021018769592047	0.014490853995084763	0.04217708855867386	0.004192442167550325	0.006939222104847431	0.010938271880149841	0.7432390451431274	0.07164061814546585	0.02311113476753235	0.016197320073843002	0.007401204202324152	0.00804963894188404	0.016420291736721992	wildbird	nli		2017	Italy
SRR13736807	0.0015769022284075618	0.0024328320287168026	0.0013022011844441295	0.0011269612004980445	0.002339631784707308	0.002635661279782653	0.0012137850280851126	0.0013593744952231646	0.0015224273083731532	0.8394995927810669	0.06541843712329865	0.05649067461490631	0.005429192911833525	0.0019058258039876819	0.0009162129717878997	0.014830312691628933	wildbird	nli		2018	unknown
ERR3546046	0.017491735517978668	0.031060820445418358	0.014672093093395233	0.010630015283823013	0.018656259402632713	0.020370183512568474	0.013649209402501583	0.012525218538939953	0.015049397014081478	0.6021007299423218	0.03040061891078949	0.08231526613235474	0.03371620178222656	0.02069096826016903	0.024958070367574692	0.05171319097280502	wildbird	nli		2017	Sweden
SRR6197705	0.01839461363852024	0.04049264267086983	0.019352838397026062	0.01691284403204918	0.021338123828172684	0.024801049381494522	0.025019990280270576	0.013643043115735054	0.04017752781510353	0.38193899393081665	0.06345551460981369	0.19302639365196228	0.07676653563976288	0.025613322854042053	0.007345509249716997	0.031721025705337524	wildbird	nli		2012	Sweden
ERR4223916	0.012867609038949013	0.02425207942724228	0.002394256182014942	0.0013802869943901896	0.003098397981375456	0.004335438366979361	0.0017654140247032046	0.0017414415488019586	0.001946516684256494	0.6796039938926697	0.1535775363445282	0.07125934958457947	0.027374066412448883	0.006597854662686586	0.0015100385062396526	0.006295716855674982	wildbird	nli		2018	Netherlands
SRR11515387	0.010581602342426777	0.013041038066148758	0.009863137267529964	0.009979399852454662	0.017008719965815544	0.046415455639362335	0.004920902196317911	0.008893215097486973	0.01296484936028719	0.7274792790412903	0.05844587832689285	0.024675143882632256	0.01837286166846752	0.009175516664981842	0.010077333077788353	0.01810568757355213	wildbird	nli		2017	Italy
SRR1815406	0.006087284069508314	0.005066287238150835	0.009031633846461773	0.005445958115160465	0.007650090381503105	0.008634893223643303	0.007770562544465065	0.005026860628277063	0.0069791050627827644	0.810623288154602	0.033230479806661606	0.030673202127218246	0.008634893223643303	0.007061372976750135	0.012153390794992447	0.03593071922659874	wildbird	nli			unknown
SRR11515378	0.010014099068939686	0.01290868315845728	0.00942576676607132	0.009407375939190388	0.016510458663105965	0.047914762049913406	0.00483305286616087	0.008285780437290668	0.011985307559370995	0.7350161671638489	0.05429454147815704	0.024496378377079964	0.018062494695186615	0.008994130417704582	0.009858844801783562	0.017992079257965088	wildbird	nli		2016	Italy
ERR4225118	0.0026710894890129566	0.0070787398144602776	0.001489591901190579	0.0010177992517128587	0.0016650084871798754	0.002104767831042409	0.0012373293284326792	0.001166912610642612	0.0011398812057450414	0.7686193585395813	0.12801088392734528	0.05262542888522148	0.018146945163607597	0.004072925541549921	0.0013589404989033937	0.007594379596412182	wildbird	nli		2019	Netherlands
SRR1816039	0.007269110530614853	0.006465280894190073	0.011149208061397076	0.006217599846422672	0.009261086583137512	0.010659446939826012	0.008751112967729568	0.005650143604725599	0.008172881789505482	0.7839129567146301	0.038161881268024445	0.03132985532283783	0.010576494038105011	0.010473711416125298	0.012958590872585773	0.03899063542485237	wildbird	nli			unknown
SRR1816047	0.007216461468487978	0.006343676708638668	0.011242757551372051	0.006208839826285839	0.009320573881268501	0.010644428431987762	0.0087217316031456	0.005609219893813133	0.007987894117832184	0.7843389511108398	0.03715270385146141	0.03209025040268898	0.010644428431987762	0.010458954609930515	0.013273104093968868	0.038746051490306854	wildbird	nli			unknown
SRR11515384	0.008728601038455963	0.011953908018767834	0.007931974716484547	0.00671864440664649	0.014334926381707191	0.042712677270174026	0.004270629957318306	0.006797841750085354	0.010736363008618355	0.7424566149711609	0.07247954607009888	0.023019269108772278	0.01599176414310932	0.007422350347042084	0.008009814657270908	0.01643507368862629	wildbird	nli		2017	Italy
SRR11515424	0.007997989654541016	0.01258260291069746	0.007966808043420315	0.007282251957803965	0.01596815511584282	0.05261384695768356	0.004306172952055931	0.006894697900861502	0.009914852678775787	0.7391917109489441	0.06509643793106079	0.02260684221982956	0.015905901789665222	0.006975970230996609	0.008123939856886864	0.016571855172514915	wildbird	nli		2016	Italy
SRR11515423	0.008295231498777866	0.012673446908593178	0.008040014654397964	0.007349168416112661	0.015989476814866066	0.05126304179430008	0.004228523466736078	0.007067626342177391	0.010025521740317345	0.7394562363624573	0.06531080603599548	0.02277006022632122	0.01583409123122692	0.007081443443894386	0.008214619010686874	0.01640065759420395	wildbird	nli		2016	Italy
SRR11515422	0.007893586531281471	0.011989356949925423	0.007314647082239389	0.0065568070858716965	0.013962332159280777	0.03892955929040909	0.004063270054757595	0.005993406288325787	0.008618760854005814	0.7638077735900879	0.06285042315721512	0.022311745211482048	0.014433708041906357	0.006582469213753939	0.008176031522452831	0.01651603728532791	wildbird	nli		2015	Italy
SRR11515458	0.01065175049006939	0.013127490878105164	0.009660718031227589	0.009272493422031403	0.016021432355046272	0.044540029019117355	0.00505122309550643	0.008626049384474754	0.012898750603199005	0.7301596999168396	0.06217073276638985	0.02386385016143322	0.017561765387654305	0.009272493422031403	0.00983203575015068	0.017289496958255768	wildbird	nli		2019	Italy
ERR4225103	0.002535095904022455	0.006891104858368635	0.0014388227136805654	0.0009888873901218176	0.0016114049358293414	0.001993709709495306	0.0012258922215551138	0.001129344804212451	0.00111183593980968	0.7704912424087524	0.1281348019838333	0.0529988631606102	0.01764868199825287	0.0036242713686078787	0.0013385133352130651	0.006837477441877127	wildbird	nli		2019	Netherlands
SRR13736820	0.0016001019394025207	0.0026381220668554306	0.0013421678449958563	0.001157021033577621	0.002607387024909258	0.0029430382419377565	0.001217293320223689	0.001434322097338736	0.0015845521120354533	0.8402834534645081	0.06078082695603371	0.05795500427484512	0.005695057101547718	0.0019758623093366623	0.0009224576642736793	0.015863370150327682	wildbird	nli		2018	unknown
SRR29025215	0.00723782554268837	0.006641800981014967	0.00793368462473154	0.006538829300552607	0.01195648591965437	0.009626088663935661	0.00970158725976944	0.0052540977485477924	0.005725590977817774	0.7572635412216187	0.015624684281647205	0.07023043185472488	0.014282118529081345	0.010971887968480587	0.021190214902162552	0.03982117399573326	wildbird	nli		2008	United States
SRR23244651	0.008008165284991264	0.024739259853959084	0.004244806244969368	0.0020327060483396053	0.004413899499922991	0.005231408402323723	0.002740652533248067	0.002756758127361536	0.002789254067465663	0.7510537505149841	0.14022588729858398	0.016804935410618782	0.014248242601752281	0.0063722082413733006	0.0018983945483341813	0.012439681217074394	wildbird	nli		2018	France
SRR11515380	0.005487941205501556	0.005381794646382332	0.004523083101958036	0.0025521295610815287	0.005065612494945526	0.006267425138503313	0.004349806345999241	0.003238821402192116	0.0035502086393535137	0.8644759654998779	0.024143096059560776	0.026130417361855507	0.015331306494772434	0.008752592839300632	0.006403534207493067	0.014346280135214329	wildbird	nli		2018	Italy
SRR11515452	0.010551494546234608	0.012827355414628983	0.009275359101593494	0.009060494601726532	0.015870636329054832	0.046874720603227615	0.004878233652561903	0.00834691897034645	0.012802326120436192	0.7296724319458008	0.06295374780893326	0.023824645206332207	0.017294839024543762	0.009042816236615181	0.009796731173992157	0.016927234828472137	wildbird	nli		2019	Italy
SRR11515412	0.012357822619378567	0.011745943687856197	0.0326540507376194	0.009291806258261204	0.019215082749724388	0.09313634783029556	0.012190018780529499	0.009237521328032017	0.050773534923791885	0.6113418340682983	0.041399698704481125	0.026034077629446983	0.025012291967868805	0.009530752897262573	0.01116436067968607	0.024914778769016266	wildbird	nli		2015	Italy
SRR29025277	0.024391470476984978	0.021525396034121513	0.02531362697482109	0.025018714368343353	0.02785593457520008	0.02169422060251236	0.028572266921401024	0.026946214959025383	0.018774785101413727	0.19392579793930054	0.09760728478431702	0.20244018733501434	0.05805675685405731	0.035282038152217865	0.07183067500591278	0.12076455354690552	environment	nli		2009	United States
SRR1816124	0.0058336821384727955	0.0048552206717431545	0.008259008638560772	0.005249745212495327	0.00710581848397851	0.008004906587302685	0.00744683388620615	0.0047986553981900215	0.0064952438697218895	0.8189182281494141	0.03234757110476494	0.029280727729201317	0.008438368327915668	0.007147576659917831	0.012182206846773624	0.033636149019002914	wildbird	nli			unknown
SRR1815850	0.025987999513745308	0.03209089860320091	0.021252252161502838	0.014046884141862392	0.04284696280956268	0.04874200001358986	0.017618738114833832	0.021586930379271507	0.02837548591196537	0.3728167414665222	0.20752909779548645	0.048646897077560425	0.015518143773078918	0.016486745327711105	0.02650056779384613	0.059953685849905014	wildbird	nli			unknown
ERR4225090	0.0027421717531979084	0.007238783873617649	0.0014735235599800944	0.0010028949473053217	0.0016406268114224076	0.0020739464089274406	0.001233582035638392	0.0011543250875547528	0.0011319982586428523	0.7633040547370911	0.13071350753307343	0.054171159863471985	0.01879432424902916	0.004347877576947212	0.0013761600712314248	0.007601012475788593	wildbird	nli		2019	Netherlands
SRR12495816	0.016261734068393707	0.015216927044093609	0.018247881904244423	0.013143457472324371	0.028848467394709587	0.027879098430275917	0.012443974614143372	0.012492679990828037	0.011758728884160519	0.6975706219673157	0.03466223180294037	0.047563083469867706	0.02188255451619625	0.008586084470152855	0.005289732478559017	0.02815268747508526	wildbird	nli		2009	United States
SRR23244640	0.008221682161092758	0.02142980322241783	0.005807316396385431	0.0027539185248315334	0.006529341451823711	0.007227323018014431	0.003296008799225092	0.00404624966904521	0.003420619759708643	0.7173219919204712	0.15780571103096008	0.018600361421704292	0.017870333045721054	0.008302365429699421	0.0018561298493295908	0.01551085989922285	wildbird	nli		2016	France
ERR4225094	0.0028178803622722626	0.007125780917704105	0.001470488030463457	0.0010047460673376918	0.0017841706285253167	0.00230888812802732	0.0011931656626984477	0.0011564557207748294	0.0011121524730697274	0.7647129893302917	0.1295555680990219	0.05221754312515259	0.018160812556743622	0.0050430758856236935	0.001328475191257894	0.00900783110409975	wildbird	nli		2019	Netherlands
ERR4223921	0.012816715985536575	0.02273697406053543	0.0023091582115739584	0.0013869642280042171	0.0029650176875293255	0.0039050618652254343	0.0018482269952073693	0.0017739544855430722	0.002021966502070427	0.6802292466163635	0.15553084015846252	0.07056471705436707	0.029194852337241173	0.005327172111719847	0.0015839629340916872	0.005805223248898983	wildbird	nli		2018	Netherlands
SRR3619941	0.0057564713060855865	0.005334273912012577	0.010423622094094753	0.005767724942415953	0.008181595243513584	0.009216799400746822	0.008692269213497639	0.004819115158170462	0.007066764403134584	0.8072908520698547	0.03407776355743408	0.03004416450858116	0.008278037421405315	0.00844130665063858	0.01113931555300951	0.03546988591551781	wildbird	nli			unknown
SRR11515448	0.01067570224404335	0.012902529910206795	0.009663548320531845	0.00975838117301464	0.0161203071475029	0.04826754331588745	0.005122257862240076	0.008747356943786144	0.013080143369734287	0.7289484739303589	0.05864976346492767	0.023731382563710213	0.01756691187620163	0.00938454270362854	0.009950848296284676	0.017430206760764122	wildbird	nli		2019	Italy
ERR3546019	0.01723933219909668	0.03103402629494667	0.014125403016805649	0.010194036178290844	0.01796111650764942	0.01964951865375042	0.013166322372853756	0.01196468248963356	0.014488648623228073	0.6163362264633179	0.02938242442905903	0.07771535217761993	0.0325869657099247	0.0199979767203331	0.023981235921382904	0.05017680674791336	wildbird	nli		2017	Sweden
ERR4224022	0.012791885063052177	0.023527877405285835	0.0022228960879147053	0.001324762124568224	0.0028154978062957525	0.003751847892999649	0.0017931381007656455	0.0016977089690044522	0.0019013439305126667	0.6835683584213257	0.15357095003128052	0.06894576549530029	0.028939783573150635	0.0057770260609686375	0.0015488037606701255	0.005822336301207542	wildbird	nli		2018	Netherlands
SRR25523029	0.0030309674330055714	0.005629510618746281	0.0031640424858778715	0.0019266001181676984	0.005403283517807722	0.007472469005733728	0.0036063995212316513	0.002407076768577099	0.003515983698889613	0.8193334937095642	0.06885357201099396	0.028982561081647873	0.020056039094924927	0.008401524275541306	0.0010112888412550092	0.017205169424414635	wildbird	nli		2022	United States
SRR29025259	0.007346705067902803	0.006741716060787439	0.008211865089833736	0.006637195125222206	0.011694231070578098	0.009525930508971214	0.010100767016410828	0.005396001972258091	0.005972828716039658	0.7519500255584717	0.016363173723220825	0.07248027622699738	0.015583382919430733	0.011378799565136433	0.02159317024052143	0.039023883640766144	wildbird	nli		2009	United States
SRR1815867	0.007533767726272345	0.006779656745493412	0.011945238336920738	0.006456571631133556	0.009230565279722214	0.010897528380155563	0.009052030742168427	0.005731388460844755	0.008193816058337688	0.7782831788063049	0.03867283836007118	0.03247052803635597	0.010728576220571995	0.011069139465689659	0.013093680143356323	0.03986150026321411	wildbird	nli			unknown
SRR12495815	0.015235901810228825	0.014229186810553074	0.016603143885731697	0.01270523201674223	0.02863168530166149	0.028050491586327553	0.011366674676537514	0.011500661261379719	0.010782791301608086	0.7004895806312561	0.03601754084229469	0.04981045424938202	0.02152807079255581	0.008044452406466007	0.005173639394342899	0.02983044646680355	wildbird	nli		2009	United States
SRR11515369	0.009508118964731693	0.012280411086976528	0.009108219295740128	0.008069435134530067	0.01576835848391056	0.04505167156457901	0.004725282080471516	0.007419407367706299	0.011225204914808273	0.7407141327857971	0.0622737854719162	0.023349685594439507	0.01655740663409233	0.007775471545755863	0.009090447798371315	0.01708299294114113	wildbird	nli		2018	Italy
SRR1815854	0.007566324435174465	0.006755967624485493	0.011787819676101208	0.006396421696990728	0.009306739084422588	0.010901951231062412	0.00921629462391138	0.005789983551949263	0.008407938294112682	0.7801214456558228	0.03731556609272957	0.032042618840932846	0.010796005837619305	0.010670228861272335	0.01335735060274601	0.03956735134124756	wildbird	nli			unknown
SRR13736833	0.0015756539069116116	0.0024309062864631414	0.001306263031437993	0.0011304763611406088	0.002265854040160775	0.002522810362279415	0.0012367450399324298	0.0013689518673345447	0.0014976379461586475	0.8470669388771057	0.056034039705991745	0.05992526188492775	0.0050664437003433704	0.0018493360839784145	0.0009371979394927621	0.01378547865897417	wildbird	nli		2018	unknown
ERR4225121	0.0026569704059511423	0.007124322932213545	0.0014904254348948598	0.0010243533179163933	0.001679006265476346	0.002110063098371029	0.0012550640385597944	0.0011744268704205751	0.0011472213082015514	0.7675488591194153	0.12889814376831055	0.052770692855119705	0.01835319586098194	0.003973035141825676	0.0013570478186011314	0.007437118329107761	wildbird	nli		2019	Netherlands
SRR12495830	0.015840742737054825	0.014822985045611858	0.01743166707456112	0.012903610244393349	0.02818407490849495	0.027316944673657417	0.011611991561949253	0.011980595998466015	0.011409658938646317	0.7038255333900452	0.03463316708803177	0.047291722148656845	0.02152523398399353	0.008218069560825825	0.004984510596841574	0.028019418939948082	wildbird	nli		2009	United States
SRR23244663	0.00824847724288702	0.022774776443839073	0.004287620075047016	0.00199782638810575	0.004510973580181599	0.005420059431344271	0.002730705076828599	0.002779130358248949	0.002784563461318612	0.7541969418525696	0.13768520951271057	0.01669495925307274	0.014252090826630592	0.006386390887200832	0.0018878133269026875	0.013362477533519268	wildbird	nli		2017	France
SRR11515463	0.007708745077252388	0.011962879449129105	0.007327058352530003	0.006593639031052589	0.013877183198928833	0.03779584541916847	0.003983652219176292	0.006242731586098671	0.008433393202722073	0.766599714756012	0.06231481209397316	0.022132406011223793	0.014261873438954353	0.006555117201060057	0.007891552522778511	0.016319412738084793	wildbird	nli		2015	Italy
SRR13736803	0.0016069697448983788	0.002665014937520027	0.0013798937434330583	0.0011711007682606578	0.0025529279373586178	0.0029441467486321926	0.0012082754401490092	0.0014517763629555702	0.0016007049707695842	0.8389598727226257	0.06542427092790604	0.055987678468227386	0.0056088762357831	0.001984342932701111	0.0009483863250352442	0.014505757950246334	wildbird	nli		2017	unknown
SRR1816131	0.006280155386775732	0.005155835300683975	0.008891102857887745	0.005435022059828043	0.007739825639873743	0.008434384129941463	0.0077247233130037785	0.005095768254250288	0.006750795990228653	0.8121616244316101	0.03201809152960777	0.03133753687143326	0.008651279844343662	0.007074772380292416	0.012152696959674358	0.03509637713432312	wildbird	nli			unknown
SRR13736811	0.0015387190505862236	0.002355449367314577	0.0012657158076763153	0.0010996728669852018	0.00229191523976624	0.0025718414690345526	0.0012077543651685119	0.0013368622167035937	0.0014682561159133911	0.8418802618980408	0.06266088038682938	0.05837785452604294	0.0053288619965314865	0.0018488134955987334	0.0009045663173310459	0.013862569816410542	wildbird	nli		2018	unknown
ERR4225112	0.0027356792706996202	0.007109684869647026	0.0015166987432166934	0.0010282559087499976	0.0016854030545800924	0.00212224293500185	0.0012549340026453137	0.0011881475802510977	0.0011560993734747171	0.765971839427948	0.13008606433868408	0.05216322839260101	0.018786482512950897	0.004122814163565636	0.0013999799266457558	0.0076724025420844555	wildbird	nli		2019	Netherlands
SRR11515433	0.007859461009502411	0.012292429804801941	0.0072830235585570335	0.006389696151018143	0.015061001293361187	0.03767891973257065	0.0038983216509222984	0.0061449105851352215	0.00814068503677845	0.7702221274375916	0.05991746112704277	0.02123941481113434	0.013659734278917313	0.006414704490453005	0.007859461009502411	0.015938684344291687	wildbird	nli		2015	Italy
SRR1815856	0.007521309889853001	0.006755239795893431	0.011740598827600479	0.006370797753334045	0.00928757805377245	0.010964836925268173	0.009001828730106354	0.005733097903430462	0.00830908678472042	0.7823261022567749	0.03778824582695961	0.031114134937524796	0.010462719947099686	0.01036104280501604	0.01304652076214552	0.039216890931129456	wildbird	nli			unknown
ERR4224017	0.012906186282634735	0.023347273468971252	0.0021695150062441826	0.0012980093015357852	0.002737172646448016	0.0036904693115502596	0.0017263131448999047	0.0016537066549062729	0.0018665897659957409	0.6896763443946838	0.15179799497127533	0.06840818375349045	0.026327064260840416	0.005194240715354681	0.0015294288750737906	0.005671428516507149	wildbird	nli		2018	Netherlands
SRR11515368	0.009255824610590935	0.012285945937037468	0.009094545617699623	0.008427524007856846	0.015349953435361385	0.04741990193724632	0.004502126947045326	0.007778977043926716	0.011142870411276817	0.7403247356414795	0.061485886573791504	0.023155799135565758	0.016149573028087616	0.007613632827997208	0.00898859091103077	0.017024066299200058	wildbird	nli		2018	Italy
ERR12726479	0.06687276810407639	0.051624830812215805	0.06782642751932144	0.22430279850959778	0.04119912162423134	0.0293575432151556	0.039659515023231506	0.038326870650053024	0.04246542975306511	0.0499388687312603	0.053681328892707825	0.05321158841252327	0.09109235554933548	0.056976303458213806	0.04714285954833031	0.04632141441106796	cattle	nli		2004	United Kingdom
SRR9971615	0.062467798590660095	0.040253546088933945	0.09488067030906677	0.19007985293865204	0.021420292556285858	0.010297661647200584	0.043185748159885406	0.05048925802111626	0.020359700545668602	0.05053859204053879	0.055886510759592056	0.04869750142097473	0.06780815869569778	0.05448538437485695	0.13731107115745544	0.051838219165802	unknown	nli			United States
ERR976125	0.0666971206665039	0.060609929263591766	0.08029510825872421	0.0809248611330986	0.07065289467573166	0.07721905410289764	0.042769528925418854	0.041901350021362305	0.052813317626714706	0.05523988604545593	0.04761975631117821	0.05333159491419792	0.0942419096827507	0.06854604184627533	0.0625338926911354	0.04460375756025314	unknown	nli			unknown
SRR9864928	0.042887281626462936	0.03486711159348488	0.06800033897161484	0.12205523997545242	0.03281865641474724	0.01770433783531189	0.05183307081460953	0.054853662848472595	0.029246583580970764	0.06488638371229172	0.07231532782316208	0.05839142948389053	0.07281136512756348	0.06295149028301239	0.1543676257133484	0.06001009792089462	unknown	nli			United States
ERR10372741	0.11989326775074005	0.07293230295181274	0.07473479211330414	0.0706884041428566	0.044560857117176056	0.034942079335451126	0.047620441764593124	0.04306351765990257	0.08823126554489136	0.05164105072617531	0.05891835689544678	0.048228852450847626	0.06389284878969193	0.060610800981521606	0.0674842968583107	0.05255682393908501	unknown	nli			unknown
ERR226207	0.04698202759027481	0.0464346669614315	0.07937466353178024	0.064468152821064	0.04819020628929138	0.02367023192346096	0.054446909576654434	0.043197423219680786	0.036446988582611084	0.06664463132619858	0.06236276403069496	0.06619060784578323	0.09453629702329636	0.07262520492076874	0.1317000389099121	0.06272923946380615	unknown	nli			unknown
SRR13169053	0.06508615612983704	0.04391065984964371	0.08171608299016953	0.12619410455226898	0.04990328475832939	0.025092944502830505	0.042393747717142105	0.04382498189806938	0.026868276298046112	0.04125025123357773	0.034031081944704056	0.04874727502465248	0.09080547839403152	0.0955357775092125	0.13664838671684265	0.04799151420593262	unknown	nli		2020	unknown
SRR10063337	0.06569024920463562	0.039110686630010605	0.08839587867259979	0.1967862993478775	0.019551193341612816	0.010083767585456371	0.04440486058592796	0.04896007478237152	0.019781656563282013	0.05041566863656044	0.05499356612563133	0.04853164777159691	0.06904476881027222	0.054779160767793655	0.13865943253040314	0.05081108212471008	unknown	nli			United States
SRR28095900	0.06339205801486969	0.030834536999464035	0.1033991128206253	0.18129394948482513	0.018629180267453194	0.009797733277082443	0.039902858436107635	0.0457041971385479	0.02203644998371601	0.05024528503417969	0.046378616243600845	0.0466967411339283	0.07127360254526138	0.05908789113163948	0.15999135375022888	0.05133644863963127	unknown	nli		2022	United States
SRR16969880	0.04747477546334267	0.024629587307572365	0.08974006772041321	0.14502377808094025	0.01830315589904785	0.009701765142381191	0.04230749234557152	0.0406867153942585	0.019069479778409004	0.060366418212652206	0.05043803155422211	0.056543104350566864	0.08921578526496887	0.07023172080516815	0.17459075152873993	0.06167737767100334	unknown	nli		2021	United States
ERR1163442	0.13008984923362732	0.11094621568918228	0.1633286476135254	0.11996147036552429	0.049715232104063034	0.03331209719181061	0.04661200940608978	0.04137668386101723	0.06970011442899704	0.03254042565822601	0.025441696867346764	0.036443546414375305	0.02109190635383129	0.014927217736840248	0.026146968826651573	0.07836593687534332	unknown	nli		2012	United Kingdom
SRR9899056	0.2346927970647812	0.07063980400562286	0.2558630406856537	0.14845319092273712	0.025187399238348007	0.020477209240198135	0.032531317323446274	0.029447056353092194	0.0348329097032547	0.02494262531399727	0.019161565229296684	0.022533785551786423	0.013909803703427315	0.01100356038659811	0.014184148982167244	0.04213978722691536	pig	nli		2018	United Kingdom
SRR29294247	0.050216395407915115	0.03258083760738373	0.10599711537361145	0.13656897842884064	0.030907226726412773	0.012463281862437725	0.04479442909359932	0.06466830521821976	0.021618902683258057	0.05629464238882065	0.05070919170975685	0.052369993180036545	0.09345081448554993	0.06329376995563507	0.12295880913734436	0.06110725179314613	unknown	nli			unknown
ERR450239	0.06558378785848618	0.06113080680370331	0.07757903635501862	0.08011986315250397	0.07195939123630524	0.07864697277545929	0.041850753128528595	0.04271787777543068	0.05384248495101929	0.0544239841401577	0.0529559962451458	0.05239017680287361	0.08911869674921036	0.06526432931423187	0.06906763464212418	0.04334823787212372	unknown	nli			unknown
SRR8791352	0.061053015291690826	0.03895954787731171	0.09300386160612106	0.20175519585609436	0.01993749290704727	0.010005638934671879	0.043462518602609634	0.050073929131031036	0.019551865756511688	0.05012284591794014	0.057410042732954025	0.04792105779051781	0.06562837213277817	0.054727569222450256	0.1368480771780014	0.04953889921307564	cattle	nli			United States
ERR1512684	0.07313025742769241	0.06400373578071594	0.08222255855798721	0.07157586514949799	0.05442545935511589	0.05431926250457764	0.058733128011226654	0.05316469818353653	0.05698172003030777	0.05838999152183533	0.05458514392375946	0.05474529415369034	0.06661837548017502	0.06687911599874496	0.0736318826675415	0.05659352242946625	unknown	nli			unknown
ERR12072144	0.08085281401872635	0.06346210092306137	0.07455787807703018	0.08527258783578873	0.05179625004529953	0.03373739495873451	0.049520958214998245	0.043958909809589386	0.04683973640203476	0.05898012965917587	0.06296823173761368	0.06702933460474014	0.10121425986289978	0.06735742837190628	0.05578676238656044	0.05666527897119522	unknown	nli		2021	United Kingdom
SRR25517464	0.06532184034585953	0.037146639078855515	0.09113428741693497	0.19105638563632965	0.019766999408602715	0.011462628841400146	0.04515882581472397	0.04974278807640076	0.019960982725024223	0.051271695643663406	0.05500650033354759	0.0489237941801548	0.068724624812603	0.05452517047524452	0.13957522809505463	0.05122165009379387	unknown	nli			United States
ERR11003616	0.03735877573490143	0.039343297481536865	0.10375705361366272	0.13982506096363068	0.03158237040042877	0.01792493648827076	0.053201332688331604	0.05176631733775139	0.028981611132621765	0.06099562346935272	0.044494807720184326	0.062016699463129044	0.09742315113544464	0.07278864830732346	0.10056478530168533	0.05797551944851875	unknown	nli			unknown
ERR137056	0.046091075986623764	0.04654339328408241	0.07423099875450134	0.06017283722758293	0.04627147316932678	0.024052254855632782	0.055002424865961075	0.04204844683408737	0.03533925116062164	0.0681847482919693	0.07350961118936539	0.06576502323150635	0.09068366140127182	0.07244066894054413	0.13666510581970215	0.06299903243780136	unknown	nli			unknown
SRR10019064	0.09163671731948853	0.079460009932518	0.22276951372623444	0.15312577784061432	0.054558705538511276	0.05021277815103531	0.005154665559530258	0.08938291668891907	0.14572177827358246	0.021491052582859993	0.011458483524620533	0.011413811706006527	0.005064847879111767	0.007255060598254204	0.006415085401386023	0.0448787659406662	pig	nli		2016	United Kingdom
SRR12972551	0.04962063208222389	0.030451197177171707	0.0853191390633583	0.1320158988237381	0.026301898062229156	0.012279389426112175	0.04675103724002838	0.053027622401714325	0.020644595846533775	0.0631566196680069	0.05778622627258301	0.05568111687898636	0.10649292171001434	0.07038752734661102	0.12239319086074829	0.06769102811813354	unknown	nli			unknown
SRR1816221	0.049118395894765854	0.04793373495340347	0.10876128822565079	0.11420369148254395	0.034762199968099594	0.027932211756706238	0.025984881445765495	0.03265606239438057	0.032024431973695755	0.025782665237784386	0.020001275464892387	0.0642504170536995	0.09394139796495438	0.039313871413469315	0.23250719904899597	0.05082627013325691	laboratory	nli			unknown
SRR15123871	0.04504235088825226	0.03132203221321106	0.08555887639522552	0.13090838491916656	0.024826211854815483	0.010308757424354553	0.0451304093003273	0.05605611205101013	0.01855769194662571	0.06547226011753082	0.056001391261816025	0.05789203196763992	0.107000932097435	0.07079239934682846	0.12731516361236572	0.06781496107578278	unknown	nli			unknown
SRR14633216	0.06947290897369385	0.041201554238796234	0.10855163633823395	0.1444409042596817	0.030918868258595467	0.013117467053234577	0.04356003180146217	0.0646926686167717	0.021208740770816803	0.05389462038874626	0.055823054164648056	0.049456484615802765	0.0775783583521843	0.057595063000917435	0.11320701986551285	0.05528056249022484	unknown	nli			unknown
SRR10990438	0.05166160315275192	0.034013111144304276	0.07892853766679764	0.14574000239372253	0.024118907749652863	0.01241534948348999	0.04216497018933296	0.045413460582494736	0.028142839670181274	0.05456552654504776	0.06373129785060883	0.05618777871131897	0.07054411619901657	0.063420869410038	0.17417262494564056	0.054779086261987686	unknown	nli			United States
ERR473837	0.06689713895320892	0.062111884355545044	0.07470205426216125	0.08196408301591873	0.07304288446903229	0.07714866101741791	0.04227398335933685	0.042398013174533844	0.052610818296670914	0.053858447819948196	0.05476004257798195	0.05245690420269966	0.08905809372663498	0.06458614021539688	0.06935851275920868	0.042772289365530014	unknown	nli			unknown
SRR24880177	0.05765337124466896	0.051078058779239655	0.09778479486703873	0.11042661219835281	0.04124326631426811	0.021501455456018448	0.06071596220135689	0.05426621809601784	0.04251093417406082	0.0633198469877243	0.062155794352293015	0.06036124750971794	0.08553965389728546	0.06233816593885422	0.06967920809984207	0.05942542850971222	unknown	nli			unknown
ERR470695	0.06643848866224289	0.06138558313250542	0.07759864628314972	0.08014010637998581	0.07176700979471207	0.0779784768819809	0.04149501770734787	0.041657429188489914	0.053124792873859406	0.05390871688723564	0.05265992134809494	0.052557170391082764	0.09452038258314133	0.06663341820240021	0.06528083235025406	0.04285404086112976	unknown	nli			unknown
ERR713723	0.047053419053554535	0.049119312316179276	0.0692693293094635	0.059075869619846344	0.04507441446185112	0.025284456089138985	0.057876694947481155	0.04176852107048035	0.03476284444332123	0.06879742443561554	0.06720373779535294	0.06933701038360596	0.09087516367435455	0.07504443824291229	0.13595429062843323	0.06350307166576385	unknown	nli			unknown
SRR12835194	0.04892048239707947	0.030375417321920395	0.0875515267252922	0.14505460858345032	0.02047290839254856	0.011350465007126331	0.04631698876619339	0.04631698876619339	0.019157538190484047	0.05970495194196701	0.05430891737341881	0.0561424121260643	0.09095032513141632	0.06525366753339767	0.1549385040998459	0.06318428367376328	unknown	nli			United States
ERR226238	0.04434724524617195	0.0434894897043705	0.07283119112253189	0.06199238449335098	0.04174182936549187	0.021782636642456055	0.05486860126256943	0.03633682802319527	0.03340974077582359	0.07079752534627914	0.06358656287193298	0.06915749609470367	0.09517549723386765	0.07707545906305313	0.1485668271780014	0.06484068930149078	unknown	nli			unknown
ERR946747	0.6873496770858765	0.003492496209219098	0.01163178775459528	0.00796323549002409	0.005791990086436272	0.007510046474635601	0.02181609347462654	0.010991265997290611	0.0115187494084239	0.024963468313217163	0.019196312874555588	0.03307122737169266	0.051825497299432755	0.03568875044584274	0.04258888214826584	0.02460046112537384	chicken	nli			unknown
SRR29931273	0.07265763729810715	0.057420823723077774	0.0780264288187027	0.06805586069822311	0.05935937911272049	0.039503272622823715	0.0482117235660553	0.04793006554245949	0.04246367886662483	0.06512988358736038	0.07910051941871643	0.057420823723077774	0.07445333898067474	0.06437110155820847	0.09247788041830063	0.05341765284538269	unknown	nli			unknown
SRR13923227	0.07047370076179504	0.04358751326799393	0.1060003787279129	0.13885943591594696	0.03441328555345535	0.014946218580007553	0.04488338157534599	0.06231440603733063	0.023422028869390488	0.05493859201669693	0.05934480205178261	0.049584437161684036	0.07590315490961075	0.05819696933031082	0.10851410031318665	0.05461763218045235	unknown	nli			unknown
SRR18072425	0.048267293721437454	0.024845872074365616	0.08956083655357361	0.13966603577136993	0.019087234511971474	0.010357300750911236	0.04259573295712471	0.04201733320951462	0.021045273169875145	0.05942778289318085	0.05023907870054245	0.05395132675766945	0.09349304437637329	0.07091767340898514	0.1733933538198471	0.061134859919548035	unknown	nli		2022	United States
SRR11853953	0.05870767682790756	0.03447877615690231	0.08710391074419022	0.18821965157985687	0.019915850833058357	0.010849228128790855	0.044531792402267456	0.04749652370810509	0.019078215584158897	0.0534539520740509	0.052113812416791916	0.05036267265677452	0.07560332119464874	0.057403746992349625	0.14759108424186707	0.053089793771505356	unknown	nli			United States
ERR1163719	0.012700176797807217	0.011768706142902374	0.02304201014339924	0.016564154997467995	0.018696468323469162	0.012213640846312046	0.010652926750481129	0.013975685462355614	0.014419320970773697	0.021021006628870964	0.013894036412239075	0.7826688885688782	0.005419770255684853	0.005964090581983328	0.004820443224161863	0.03217865899205208	environment	nli		2014	United Kingdom
ERR670848	0.06455560773611069	0.05906625837087631	0.08378627151250839	0.0797155424952507	0.07103907316923141	0.07940475642681122	0.042502302676439285	0.04099399223923683	0.05274023115634918	0.05484116077423096	0.04773997887969017	0.05274023115634918	0.09606143832206726	0.06865201145410538	0.06386584788560867	0.04229527711868286	unknown	nli			unknown
ERR694574	0.05364322289824486	0.05004983767867088	0.08029244095087051	0.17143777012825012	0.04202289506793022	0.021673820912837982	0.04447179660201073	0.03856237232685089	0.025940168648958206	0.04412570968270302	0.039246220141649246	0.05649278685450554	0.10725682973861694	0.07579696923494339	0.10857413709163666	0.0404130183160305	unknown	nli			unknown
ERR10703458	0.1020965501666069	0.03823461756110191	0.08251898735761642	0.42952781915664673	0.017049552872776985	0.01323936227709055	0.027836788445711136	0.014569021761417389	0.022280283272266388	0.033251263201236725	0.027809616178274155	0.03838425874710083	0.05653469264507294	0.037605103105306625	0.03471117094159126	0.024350915104150772	cattle	nli		2020	Denmark
SRR25382606	0.07129918783903122	0.04554235190153122	0.08278931677341461	0.17271633446216583	0.03623868525028229	0.01939716935157776	0.03983929753303528	0.041669756174087524	0.02197987213730812	0.03768226504325867	0.03312483802437782	0.04814931005239487	0.07109060883522034	0.08206486701965332	0.15474635362625122	0.041669756174087524	unknown	nli		2023	United States
SRR25052815	0.04504900053143501	0.024829881265759468	0.09225419908761978	0.13950800895690918	0.01809510588645935	0.010032177902758121	0.04231962561607361	0.04290218651294708	0.020624937489628792	0.0595056489109993	0.05728193372488022	0.055195197463035583	0.08261541277170181	0.07114941626787186	0.1789569854736328	0.059680234640836716	unknown	nli		2023	United States
SRR9856010	0.05738307908177376	0.036226410418748856	0.08472390472888947	0.20659393072128296	0.019850436598062515	0.011738046072423458	0.042935989797115326	0.04832139611244202	0.018109364435076714	0.051841288805007935	0.054117392748594284	0.04922635108232498	0.07253900915384293	0.05529265105724335	0.13900572061538696	0.052095040678977966	cattle	nli			United States
SRR9077775	0.023403292521834373	0.038173235952854156	0.022397099062800407	0.017579685896635056	0.0182265043258667	0.015881922096014023	0.01651458628475666	0.017682993784546852	0.0202934592962265	0.4686926007270813	0.15247830748558044	0.06414702534675598	0.04760023579001427	0.039616432040929794	0.010767255909740925	0.026545317843556404	wildbird	nli			unknown
SRR25436740	0.0629829466342926	0.057067304849624634	0.07634379714727402	0.06292147934436798	0.062310002744197845	0.035746701061725616	0.04829070344567299	0.04311874881386757	0.04050631448626518	0.06335307657718658	0.08335740864276886	0.06128409504890442	0.07747034728527069	0.06876911222934723	0.10143584758043289	0.05504210665822029	unknown	nli			unknown
ERR470518	0.06653659790754318	0.062079526484012604	0.07733470946550369	0.08049393445253372	0.07293356955051422	0.07893704622983932	0.041475214064121246	0.04245876520872116	0.05289241671562195	0.05299582704901695	0.05156635120511055	0.05253208428621292	0.0920167788863182	0.06576142460107803	0.06673181802034378	0.043253928422927856	unknown	nli			unknown
SRR24863315	0.07471290975809097	0.048711664974689484	0.0831044539809227	0.10655202716588974	0.04117988422513008	0.030482985079288483	0.046435628086328506	0.04620944336056709	0.04199208319187164	0.04589464142918587	0.05835719034075737	0.052056245505809784	0.10587780922651291	0.06440655887126923	0.10923873633146286	0.044787731021642685	unknown	nli			unknown
SRR19383128	0.0658884197473526	0.03930537402629852	0.10076262801885605	0.14877215027809143	0.03271283209323883	0.014658685773611069	0.04510786384344101	0.06404861807823181	0.023562168702483177	0.05532130226492882	0.05814632773399353	0.05002746358513832	0.07986563444137573	0.05888922140002251	0.10673879832029343	0.056192491203546524	unknown	nli			unknown
ERR326230	0.04915843531489372	0.04618007689714432	0.07576721161603928	0.06818311661481857	0.050275079905986786	0.026467246934771538	0.05669163167476654	0.04432429373264313	0.03881165012717247	0.06725726276636124	0.06738875806331635	0.0657634437084198	0.08678274601697922	0.07152510434389114	0.12346366792917252	0.06196030229330063	unknown	nli			unknown
ERR713652	0.04843495041131973	0.050610899925231934	0.06837095320224762	0.057517923414707184	0.04550042003393173	0.025423917919397354	0.058252789080142975	0.042577050626277924	0.03641807660460472	0.06890720129013062	0.0682375505566597	0.06750844419002533	0.08847859501838684	0.07479805499315262	0.13603830337524414	0.06292479485273361	unknown	nli			unknown
ERR467052	0.09324496239423752	0.061811983585357666	0.07640217244625092	0.06484168767929077	0.058866310864686966	0.0730459913611412	0.04478313401341438	0.04861162602901459	0.050498757511377335	0.05074593424797058	0.05584246665239334	0.051143940538167953	0.07254836708307266	0.06327780336141586	0.092429019510746	0.04190584644675255	unknown	nli			unknown
SRR4069948	0.06362013518810272	0.037546731531620026	0.09743638336658478	0.170360267162323	0.030110778287053108	0.025554686784744263	0.035444535315036774	0.03398695960640907	0.04636402428150177	0.041398417204618454	0.03415331616997719	0.06892425566911697	0.10422816127538681	0.06232871487736702	0.09681983292102814	0.05172280594706535	unknown	nli			unknown
SRR12158718	0.06917966157197952	0.04929584637284279	0.07732637226581573	0.14702653884887695	0.038018546998500824	0.020629992708563805	0.04750003665685654	0.04462214931845665	0.0225252415984869	0.04350342974066734	0.03564543277025223	0.05414089187979698	0.06672462821006775	0.07328266650438309	0.16354015469551086	0.047038424760103226	unknown	nli			United States
SRR12422695	0.06468461453914642	0.039003994315862656	0.09634743630886078	0.18373027443885803	0.02091814950108528	0.010436451993882656	0.04445704445242882	0.05182350426912308	0.022267254069447517	0.0511697456240654	0.05686141923069954	0.049161430448293686	0.07365604490041733	0.055544231086969376	0.1274527907371521	0.05248561128973961	unknown	nli			United States
SRR27042677	0.06731007248163223	0.047823306173086166	0.08542092889547348	0.1754864603281021	0.03731764107942581	0.02017071470618248	0.04074596241116524	0.04154960811138153	0.02344418130815029	0.03797941282391548	0.03261265903711319	0.04805738478899002	0.06613722443580627	0.07732225209474564	0.15711313486099243	0.041509050875902176	unknown	nli		2023	United States
SRR11072035	0.04362497851252556	0.03574502840638161	0.07101809233427048	0.11881682276725769	0.03280148282647133	0.018008869141340256	0.05303448811173439	0.052724648267030716	0.028834348544478416	0.06561688333749771	0.06730427592992783	0.05939580500125885	0.07320092618465424	0.06341201812028885	0.15595315396785736	0.06050816923379898	unknown	nli			United States
SRR4070139	0.06332147866487503	0.03792191669344902	0.09788285195827484	0.17227275669574738	0.03035232238471508	0.026447923853993416	0.03569398820400238	0.03429307043552399	0.04669032618403435	0.04185294359922409	0.03466343879699707	0.06866772472858429	0.09937574714422226	0.06227892264723778	0.09594277292490005	0.052341774106025696	unknown	nli			unknown
SRR15178534	0.05108131468296051	0.03113403730094433	0.09589958190917969	0.16473156213760376	0.01841031201183796	0.010307098738849163	0.04459744319319725	0.04869455471634865	0.019906291738152504	0.05637644976377487	0.05715252086520195	0.052909087389707565	0.08075553923845291	0.061435580253601074	0.1488952487707138	0.05771338567137718	unknown	nli			United States
ERR221328	0.03749746084213257	0.038915105164051056	0.06783285737037659	0.052931565791368484	0.04435573145747185	0.022259945049881935	0.05723266676068306	0.04126342013478279	0.03328585624694824	0.07611770927906036	0.070672906935215	0.06971324235200882	0.0995674878358841	0.0776948407292366	0.14381267130374908	0.06684645265340805	unknown	nli			unknown
ERR148287	0.04377264156937599	0.04402987286448479	0.07330537587404251	0.06469177454710007	0.04152412712574005	0.023475615307688713	0.05506427586078644	0.03722198307514191	0.036359742283821106	0.06920110434293747	0.06456553936004639	0.06766410171985626	0.0927572250366211	0.07482422888278961	0.14822563529014587	0.06331673264503479	unknown	nli			unknown
ERR11721283	0.07632499188184738	0.058036644011735916	0.06986896693706512	0.07824952900409698	0.04858623817563057	0.034689124673604965	0.052023716270923615	0.04542022570967674	0.04649733752012253	0.06094079092144966	0.06034856662154198	0.07156078517436981	0.11340852826833725	0.07311486452817917	0.05022653192281723	0.060703206807374954	unknown	nli		2019	United Kingdom
SRR13202276	0.04181262478232384	0.025522131472826004	0.07430285960435867	0.3418159484863281	0.00910019688308239	0.004531397484242916	0.017269138246774673	0.022044464945793152	0.012683819979429245	0.018581438809633255	0.014372652396559715	0.03157723695039749	0.06350807845592499	0.03698970749974251	0.26452210545539856	0.02136622928082943	cattle	nli		2020	United States
ERR356059	0.04262581095099449	0.042709145694971085	0.07110648602247238	0.05597587674856186	0.043212585151195526	0.022905251011252403	0.056414902210235596	0.04091285169124603	0.03358833119273186	0.07159423828125	0.07459177821874619	0.06791658699512482	0.09139174968004227	0.07401129603385925	0.14661520719528198	0.06442783772945404	unknown	nli			unknown
SRR6398721	0.00913932267576456	0.008737852796912193	0.027472134679555893	0.016581527888774872	0.011329727247357368	0.00965304858982563	0.00732932286337018	0.010789806954562664	0.010195651091635227	0.013375780545175076	0.011329727247357368	0.8340206146240234	0.005935466382652521	0.00542545598000288	0.003907809033989906	0.014776751399040222	environment	nli		2009	United States
SRR17857257	0.08079312741756439	0.0484325997531414	0.09698040783405304	0.13223326206207275	0.03488469123840332	0.015785302966833115	0.04625985771417618	0.06164449453353882	0.02488231472671032	0.053192801773548126	0.061464160680770874	0.04929148033261299	0.07701808214187622	0.05757132172584534	0.10527123510837555	0.05429493263363838	unknown	nli			unknown
ERR12084056	0.0792936310172081	0.05666860565543175	0.07441677153110504	0.08590447157621384	0.0492345355451107	0.03397080674767494	0.05235873535275459	0.04589163139462471	0.04904258996248245	0.06217753887176514	0.06139316037297249	0.0687570795416832	0.10438229143619537	0.06808888912200928	0.04785975441336632	0.06055951118469238	unknown	nli		2019	United Kingdom
ERR439920	0.0655137151479721	0.06047205254435539	0.07711866497993469	0.07972223311662674	0.07049217075109482	0.07726943492889404	0.04221629351377487	0.04263058304786682	0.05310645326972008	0.05436583235859871	0.052130162715911865	0.053366392850875854	0.09356951713562012	0.06680584698915482	0.0677916556596756	0.04342896491289139	unknown	nli			unknown
SRR27559027	0.06422531604766846	0.05308889225125313	0.07612062245607376	0.06353908032178879	0.059631187468767166	0.033613789826631546	0.048149533569812775	0.04199676960706711	0.03952944651246071	0.06435088068246841	0.08214543014764786	0.06267630308866501	0.07946272194385529	0.07033135741949081	0.10506560653448105	0.05607303977012634	unknown	nli			unknown
ERR3145269	0.15202607214450836	0.09537968784570694	0.16230574250221252	0.06275802850723267	0.05374535173177719	0.08157011866569519	0.028929803520441055	0.04910324886441231	0.1101437658071518	0.030332982540130615	0.027443736791610718	0.026808006688952446	0.04622969776391983	0.019517621025443077	0.034321460872888565	0.019384656101465225	unknown	nli		2016	Denmark
SRR15230816	0.06222153827548027	0.034631501883268356	0.10158903151750565	0.15235434472560883	0.020160961896181107	0.010728339664638042	0.04251435771584511	0.05068465322256088	0.02175666205585003	0.05572059005498886	0.06438501179218292	0.05038854107260704	0.07623542845249176	0.058566004037857056	0.14062979817390442	0.05743323266506195	unknown	nli			United States
SRR21388670	0.05931933969259262	0.031076472252607346	0.11356206238269806	0.22253377735614777	0.018448196351528168	0.00966472178697586	0.036796268075704575	0.048085205256938934	0.020782416686415672	0.04836777597665787	0.04552615433931351	0.04169563204050064	0.06527692079544067	0.052811264991760254	0.13792158663272858	0.04813218116760254	cattle	nli		2022	United States
ERR12953173	0.010290673933923244	0.024422280490398407	0.011280041188001633	0.00357028073631227	0.007484832312911749	0.010150938294827938	0.006205144338309765	0.006217275280505419	0.00911703146994114	0.30696868896484375	0.2260132133960724	0.04238376021385193	0.26103025674819946	0.04556003957986832	0.0064523289911448956	0.02285316400229931	wildbird	nli		2021	Luxembourg
SRR10699576	0.05409485846757889	0.04067374765872955	0.07075998932123184	0.1243089959025383	0.03425072878599167	0.018368937075138092	0.05101630836725235	0.05012737587094307	0.03106406331062317	0.059994615614414215	0.07779058068990707	0.05559442564845085	0.06518716365098953	0.05912219360470772	0.1531268209218979	0.054519131779670715	unknown	nli			United States
ERR976146	0.0665910467505455	0.05975015088915825	0.08048117905855179	0.0802457332611084	0.06890645623207092	0.07694581896066666	0.043247077614068985	0.04183471202850342	0.05324678495526314	0.05547614395618439	0.04777674004435539	0.05324678495526314	0.09688941389322281	0.06937911361455917	0.061406489461660385	0.04457632824778557	unknown	nli			unknown
SRR24939988	0.030803196132183075	0.026193441823124886	0.44945621490478516	0.15666086971759796	0.02588828094303608	0.0324711799621582	0.0041769095696508884	0.08447093516588211	0.07071609050035477	0.007504547014832497	0.008130214177072048	0.02624465338885784	0.0041606249287724495	0.004659679252654314	0.008035493083298206	0.06042763963341713	pig	nli		2019	United States
ERR1658689	0.07055465877056122	0.06263016909360886	0.08160540461540222	0.0820048525929451	0.06647443026304245	0.0734369233250618	0.039577580988407135	0.039192963391542435	0.05111726000905037	0.049207016825675964	0.048871785402297974	0.053518135100603104	0.09944944083690643	0.07532540708780289	0.06818386912345886	0.038850001990795135	unknown	nli			unknown
SRR1815315	0.04714226350188255	0.033039409667253494	0.11100943386554718	0.1964036077260971	0.032910604029893875	0.027605462819337845	0.024988213554024696	0.03208550065755844	0.036930184811353683	0.03240036964416504	0.023984041064977646	0.05924524366855621	0.07964537292718887	0.033104002475738525	0.17665785551071167	0.052848413586616516	unknown	nli			unknown
SRR1993248	0.0758252739906311	0.039957109838724136	0.10313602536916733	0.2468975931406021	0.019209112972021103	0.011696516536176205	0.03659516200423241	0.04599035158753395	0.02155524305999279	0.040507152676582336	0.05893755331635475	0.0383513979613781	0.05231785774230957	0.04558791592717171	0.12164268642663956	0.041792985051870346	cattle	nli			United States
ERR4879520	0.11358969658613205	0.053915321826934814	0.1184159591794014	0.21024098992347717	0.02372700348496437	0.014804543927311897	0.03769413381814957	0.027821067720651627	0.03870123624801636	0.04837659373879433	0.042588092386722565	0.04762658476829529	0.10508536547422409	0.05901234224438667	0.02037421427667141	0.03802688792347908	cattle	nli		2019	Denmark
SRR9945146	0.19416393339633942	0.06713403016328812	0.2541355490684509	0.15548273921012878	0.02845410816371441	0.023681608960032463	0.03740221634507179	0.0348627045750618	0.03981446102261543	0.027257366105914116	0.01970958523452282	0.024721359834074974	0.01405832078307867	0.012382217682898045	0.016212662681937218	0.050527174025774	pig	nli		2017	United Kingdom
SRR7411500	0.05930806323885918	0.0361129455268383	0.08570483326911926	0.20569562911987305	0.019443461671471596	0.01044806744903326	0.04416017606854439	0.0475623793900013	0.01777276210486889	0.05077843740582466	0.05295613408088684	0.04960215464234352	0.06893305480480194	0.054477304220199585	0.14571766555309296	0.051326848566532135	cattle	nli			United States
SRR12341582	0.05641870200634003	0.034119561314582825	0.08945520967245102	0.14813627302646637	0.019901763647794724	0.01204747799783945	0.046635910868644714	0.047277893871068954	0.02017572708427906	0.05725122615695	0.06052842736244202	0.052536677569150925	0.07855941355228424	0.06082470342516899	0.15792140364646912	0.0582096166908741	unknown	nli			United States
SRR23980959	0.040554240345954895	0.022972112521529198	0.08927332609891891	0.14928585290908813	0.018101587891578674	0.010094747878611088	0.04200533404946327	0.041841570287942886	0.019572483375668526	0.060346394777297974	0.04906127601861954	0.05641406401991844	0.08240323513746262	0.07257870584726334	0.18479405343532562	0.06070103123784065	unknown	nli		2023	United States
SRR9969039	0.21073879301548004	0.06753729283809662	0.248189777135849	0.14765916764736176	0.02876514382660389	0.022402316331863403	0.037811070680618286	0.03436019644141197	0.03863220661878586	0.027394333854317665	0.020637981593608856	0.02528618462383747	0.014605965465307236	0.01278940960764885	0.01604151539504528	0.04714863374829292	pig	nli		2017	United Kingdom
ERR1906113	0.06452496349811554	0.04971516504883766	0.07390602678060532	0.07205313444137573	0.04804462566971779	0.03570373356342316	0.05454812943935394	0.043574582785367966	0.04327772930264473	0.05892302095890045	0.06085283309221268	0.06452496349811554	0.08350151032209396	0.07135290652513504	0.11570416390895844	0.059792499989271164	unknown	nli			unknown
ERR213031	0.09509241580963135	0.061396274715662	0.08109890669584274	0.07184964418411255	0.06115691363811493	0.06535599380731583	0.04236215353012085	0.048237573355436325	0.04684486240148544	0.04620876535773277	0.0511484369635582	0.05084961652755737	0.07655828446149826	0.06402933597564697	0.0980152115225792	0.039795562624931335	unknown	nli			unknown
ERR12072012	0.08188766986131668	0.058294326066970825	0.07240689545869827	0.08132980018854141	0.05189870297908783	0.03687363862991333	0.052561767399311066	0.04748560115695	0.05114400386810303	0.05956028774380684	0.06296966969966888	0.06644430011510849	0.09188913553953171	0.06855347007513046	0.05655599758028984	0.060144782066345215	unknown	nli		2020	United Kingdom
ERR278336	0.04395688697695732	0.04293862730264664	0.07211964577436447	0.055947866290807724	0.04752872884273529	0.024039389565587044	0.05627664923667908	0.04293862730264664	0.03318040072917938	0.06895159184932709	0.06611610949039459	0.06702625006437302	0.09098988771438599	0.07397425174713135	0.14987054467201233	0.06414453685283661	unknown	nli			unknown
ERR3446633	0.07259577512741089	0.05405406653881073	0.08347565680742264	0.08503898233175278	0.06227663904428482	0.04728512093424797	0.04334891587495804	0.047331321984529495	0.048170678317546844	0.05533592402935028	0.06419079750776291	0.05077910050749779	0.08545522391796112	0.07273770123720169	0.07563523948192596	0.05228877440094948	unknown	nli			unknown
SRR15223897	0.06318188458681107	0.036781761795282364	0.10906194895505905	0.14885181188583374	0.028926772996783257	0.012034946121275425	0.03707024082541466	0.06046546250581741	0.022309264168143272	0.0496404804289341	0.05741551145911217	0.04599969834089279	0.08419428765773773	0.059644412249326706	0.12552952766418457	0.05889199674129486	unknown	nli		2021	unknown
SRR28868230	0.07545703649520874	0.05011817812919617	0.08295431733131409	0.1008467972278595	0.04142788052558899	0.029233673587441444	0.047173719853162766	0.04608093947172165	0.04183443263173103	0.045901283621788025	0.05712507665157318	0.053194452077150345	0.10506909340620041	0.0647311806678772	0.11366225779056549	0.04518965259194374	unknown	nli			unknown
ERR3144883	0.15620891749858856	0.09395082294940948	0.1633063703775406	0.0653165951371193	0.053773894906044006	0.07862891256809235	0.02875499613583088	0.05007385462522507	0.10707277804613113	0.03125900775194168	0.026220103725790977	0.026815693825483322	0.047606147825717926	0.018215421587228775	0.03365084528923035	0.019145607948303223	unknown	nli		2015	Denmark
ERR330642	0.04308722913265228	0.04524330422282219	0.07201672345399857	0.06244713068008423	0.04533175379037857	0.021921006962656975	0.056306205689907074	0.04241922125220299	0.036639146506786346	0.06959681957960129	0.06765345484018326	0.06946101784706116	0.09747859090566635	0.0760648250579834	0.12869752943515778	0.0656360387802124	unknown	nli			unknown
ERR148380	0.04067464917898178	0.041965801268815994	0.07131654769182205	0.057866811752319336	0.04467236250638962	0.02381816878914833	0.055433016270399094	0.04107380658388138	0.03352345898747444	0.07138621807098389	0.07315050810575485	0.06752114742994308	0.09292352199554443	0.07394053786993027	0.14661814272403717	0.06411530822515488	unknown	nli			unknown
SRR9945233	0.18974629044532776	0.06750762462615967	0.25727131962776184	0.1565771996974945	0.03007357381284237	0.024354325607419014	0.037720710039138794	0.034278083592653275	0.03794237971305847	0.028362080454826355	0.021283747628331184	0.025773581117391586	0.014289230108261108	0.013035928830504417	0.0159719530493021	0.0458119660615921	pig	nli		2017	United Kingdom
ERR1658511	0.07229498028755188	0.06342736631631851	0.08264412730932236	0.08378178626298904	0.06758404523134232	0.07561665773391724	0.03817126154899597	0.03888612985610962	0.05007727071642876	0.04825299605727196	0.047319695353507996	0.05227592960000038	0.09833420813083649	0.07314717024564743	0.06986571848392487	0.03832066059112549	unknown	nli			unknown
ERR594006	0.06157151237130165	0.05281941965222359	0.08293447643518448	0.0752183049917221	0.05200053006410599	0.04049805551767349	0.0531817264854908	0.04928121715784073	0.04688689857721329	0.06115204468369484	0.069159135222435	0.0573909617960453	0.08109244704246521	0.06657467037439346	0.09279154241085052	0.057447031140327454	unknown	nli			unknown
ERR12757156	0.07767513394355774	0.056276075541973114	0.06611543893814087	0.15848655998706818	0.045263275504112244	0.02959754504263401	0.0460209921002388	0.04117245599627495	0.04239652305841446	0.05438508093357086	0.056939445436000824	0.06321114301681519	0.09690455347299576	0.06290324032306671	0.04794781655073166	0.05470467731356621	unknown	nli		2022	United Kingdom
ERR1701073	0.0345018096268177	0.028435902670025826	0.060257621109485626	0.062413737177848816	0.028940172865986824	0.013750704005360603	0.0607302263379097	0.038190022110939026	0.017587417736649513	0.06592203676700592	0.05996411293745041	0.07051713019609451	0.12303836643695831	0.08844829350709915	0.18290750682353973	0.06439495086669922	unknown	nli			unknown
