run_accession	chicken	turkey	pig	cattle	sheep	goat	human	dog	cat	wildbird	waterbird	water	wastewater	environment	laboratory	other_animal	best_hit	source_method	source_evidence	year	country
ERR4224313	0.01562145072966814	0.01463206484913826	0.021773122251033783	0.006499283481389284	0.04263750836253166	0.012724978849291801	0.011518536135554314	0.0018224971136078238	0.5326911807060242	0.01913980208337307	0.01511128805577755	0.13376787304878235	0.03709615021944046	0.07441668957471848	0.042212843894958496	0.018334805965423584	cat	nli		2016	Netherlands
ERR4224555	0.015583513304591179	0.01590639352798462	0.02320024184882641	0.006204748991876841	0.04710523784160614	0.012944444082677364	0.013368393294513226	0.0017881372477859259	0.5246938467025757	0.020078133791685104	0.014811919070780277	0.1275811344385147	0.0378420352935791	0.07331736385822296	0.04582696035504341	0.01974755898118019	cat	nli		2018	Netherlands
SRR28564538	NA	NA	NA	NA	NA	NA	NA	NA	NA	NA	NA	NA	NA	NA	NA	NA	cat	host_tax_id	host_tax_id=9685; Felis catus	2022	United States
SRR6627731	0.006429371424019337	0.004834223538637161	0.008584338240325451	0.007061283104121685	0.006737923715263605	0.007800877559930086	0.003316027345135808	0.004216485191136599	0.5208218693733215	0.013452407903969288	0.007385721430182457	0.15822242200374603	0.03698042035102844	0.14505134522914886	0.03326253220438957	0.0358426533639431	cat	nli		2017	United States
ERR4224319	0.015055942349135876	0.014521640725433826	0.020852137356996536	0.006519898306578398	0.04041494429111481	0.012204586528241634	0.011487564072012901	0.0018247104017063975	0.5396249294281006	0.01967504248023033	0.01553387101739645	0.1303177773952484	0.036748845130205154	0.07407177239656448	0.04224348068237305	0.018902834504842758	cat	nli		2016	Netherlands
ERR4224530	0.01481627393513918	0.014787361957132816	0.021068455651402473	0.006574681028723717	0.04508155956864357	0.012175638228654861	0.012175638228654861	0.0018221605569124222	0.5222916007041931	0.020400313660502434	0.015542491339147091	0.13231416046619415	0.0377885177731514	0.07676474750041962	0.04622393101453781	0.020172489807009697	cat	nli		2017	Netherlands
ERR4224584	0.015307284891605377	0.015578738413751125	0.023091431707143784	0.0066481889225542545	0.0437450148165226	0.012505649589002132	0.012927844189107418	0.0018264100654050708	0.5265860557556152	0.020861370489001274	0.015277416445314884	0.1271689236164093	0.03810387849807739	0.07475875318050385	0.045344166457653046	0.020268956199288368	cat	nli		2018	Netherlands
ERR4224321	0.014836881309747696	0.014310354366898537	0.020468629896640778	0.006418764125555754	0.03946395218372345	0.011921769939363003	0.01147625595331192	0.0018300488591194153	0.5390937924385071	0.019626904278993607	0.015503432601690292	0.13146711885929108	0.03690137714147568	0.07392662763595581	0.04378671571612358	0.0189673975110054	cat	nli		2016	Netherlands
ERR4224598	0.014506432227790356	0.014850441366434097	0.02119969204068184	0.0062880730256438255	0.04214775562286377	0.012191804125905037	0.01296544075012207	0.0017667176434770226	0.5245195627212524	0.021096428856253624	0.014835945330560207	0.1310742348432541	0.03962558135390282	0.07690422236919403	0.045769102871418	0.020258542150259018	cat	nli		2018	Netherlands
ERR4224544	0.015135964378714561	0.01646205224096775	0.02223881706595421	0.0064152320846915245	0.04940526932477951	0.01247484516352415	0.013060763478279114	0.0018560317112132907	0.5206924080848694	0.02057758718729019	0.015616429038345814	0.12673185765743256	0.03785259649157524	0.07512281835079193	0.045829955488443375	0.020527413114905357	cat	nli		2018	Netherlands
ERR4224591	0.014307817444205284	0.015023780055344105	0.02122834511101246	0.006214105524122715	0.042673561722040176	0.0122500816360116	0.012888222932815552	0.0018084078328683972	0.5296064615249634	0.02067592926323414	0.015126833692193031	0.1281483918428421	0.03910691291093826	0.07482133060693741	0.04621651768684387	0.01990327425301075	cat	nli		2018	Netherlands
ERR4224614	0.015049449168145657	0.0158334169536829	0.023037483915686607	0.006267420947551727	0.04667496308684349	0.012797272764146328	0.012847360223531723	0.0018079630099236965	0.5263828635215759	0.02055007964372635	0.015078872442245483	0.12799181044101715	0.03820092976093292	0.07465697079896927	0.04309883713722229	0.019724257290363312	cat	nli		2018	Netherlands
SRR5209498	NA	NA	NA	NA	NA	NA	NA	NA	NA	NA	NA	NA	NA	NA	NA	NA	cat	host_tax_id	host_tax_id=9685; Felis catus	2004	Canada
ERR4224509	0.01520367618650198	0.01645515486598015	0.023002425208687782	0.006381308659911156	0.05014694482088089	0.01284034177660942	0.013273837976157665	0.0018193701980635524	0.5144104957580566	0.021273767575621605	0.015248282812535763	0.12879937887191772	0.03851711377501488	0.07560641318559647	0.046582601964473724	0.02043881267309189	cat	nli		2018	Netherlands
ERR4224592	0.015366053208708763	0.015411137603223324	0.022237712517380714	0.006238835863769054	0.044965051114559174	0.012751351110637188	0.012851361185312271	0.0018280583899468184	0.5250065326690674	0.020396510139107704	0.015113059431314468	0.1313241422176361	0.03898555040359497	0.07475319504737854	0.043108318001031876	0.01966308057308197	cat	nli		2018	Netherlands
ERR4224525	0.013859531842172146	0.01434143353253603	0.01970798708498478	0.006308285053819418	0.04505355656147003	0.012278865091502666	0.011971020139753819	0.0018430007621645927	0.5282650589942932	0.020613491535186768	0.015597915276885033	0.13021767139434814	0.03796495869755745	0.07606665045022964	0.04532730579376221	0.020583316683769226	cat	nli		2017	Netherlands
ERR4224528	0.015328748151659966	0.015433894470334053	0.022467149421572685	0.006631555967032909	0.04810599982738495	0.012486548162996769	0.012233084067702293	0.0018200622871518135	0.519656240940094	0.020697711035609245	0.015494300983846188	0.13151803612709045	0.03779572248458862	0.07593120634555817	0.04439752921462059	0.020002221688628197	cat	nli		2017	Netherlands
ERR4224527	0.013956593349575996	0.014526738785207272	0.019846007227897644	0.0064524998888373375	0.04231767728924751	0.011672562919557095	0.011879559606313705	0.0018360776593908668	0.5283405184745789	0.020687026903033257	0.01555450726300478	0.132158100605011	0.03794258460402489	0.07633799314498901	0.045965470373630524	0.020526036620140076	cat	nli		2017	Netherlands
SRR8399251	0.008861556649208069	0.05203862115740776	0.1774684339761734	0.07692687213420868	0.1419052928686142	0.16127155721187592	0.004222854971885681	0.010751892812550068	0.23602765798568726	0.010051269084215164	0.004597315099090338	0.04500269144773483	0.013658193871378899	0.01915796287357807	0.02811387926340103	0.00994387548416853	cat	nli		2018	United States
SRR8607992	0.031975120306015015	0.08087756484746933	0.16481943428516388	0.0851738378405571	0.11859911680221558	0.15065717697143555	0.0033676850143820047	0.04325895383954048	0.22616320848464966	0.0082783168181777	0.0038460171781480312	0.03268946334719658	0.00781482458114624	0.012972845695912838	0.02056420035660267	0.00894225761294365	cat	nli		2009	United States
SRR5750634	0.00821177288889885	0.006676123943179846	0.0467163510620594	0.5509387254714966	0.011716963723301888	0.00736098550260067	0.002389762317761779	0.017081409692764282	0.007881775498390198	0.006259401328861713	0.008505602367222309	0.09191388636827469	0.014913227409124374	0.14309073984622955	0.011158589273691177	0.06518465280532837	cattle	nli		2017	United States
SRR8606599	0.003992896061390638	0.0046590594574809074	0.013337392359972	0.6982515454292297	0.007216093596071005	0.00544699328020215	0.002091815695166588	0.01091760117560625	0.007104218937456608	0.004835202824324369	0.00819289032369852	0.03307489678263664	0.011486327275633812	0.10454875975847244	0.009356576018035412	0.07548772543668747	cattle	nli		2018	United States
SRR7465511	0.008570791222155094	0.006981626618653536	0.0613216906785965	0.566663920879364	0.011783727444708347	0.00774306571111083	0.002352294744923711	0.019295724108815193	0.008388618007302284	0.006197471637278795	0.008671822026371956	0.06858906149864197	0.014062016271054745	0.1347917765378952	0.012169661931693554	0.06241675838828087	cattle	nli		2018	United States
SRR5164537	0.004024462774395943	0.0047142719849944115	0.013429713435471058	0.6901594400405884	0.008050634525716305	0.006160590797662735	0.002158351242542267	0.010541101917624474	0.007076960988342762	0.004807252902537584	0.008241548202931881	0.03407697379589081	0.01157713495194912	0.1137988492846489	0.009673058055341244	0.07150967419147491	cattle	nli		2016	United States
SRR23803202	0.05749926343560219	0.019301028922200203	0.1308082640171051	0.470828652381897	0.011649643070995808	0.006875276565551758	0.0017554012592881918	0.0845799669623375	0.07902026176452637	0.006795177236199379	0.010742641054093838	0.023659665137529373	0.008932092227041721	0.0504988431930542	0.006420989986509085	0.030632833018898964	cattle	nli		2023	United States
SRR14503779	0.01662222482264042	0.009179663844406605	0.03467753902077675	0.6448023319244385	0.00926974881440401	0.005438771098852158	0.002614652505144477	0.019797295331954956	0.01471209991723299	0.009108227677643299	0.0104630496352911	0.04032498225569725	0.01778087392449379	0.11330146342515945	0.011424276046454906	0.04048280790448189	cattle	nli		2021	United States
SRR3611737	0.004013916943222284	0.004748060833662748	0.014244475401937962	0.697826623916626	0.008284422568976879	0.006241208408027887	0.0021401187404990196	0.011039571836590767	0.007113775238394737	0.0044516874477267265	0.007982626557350159	0.032765522599220276	0.011614654213190079	0.10793353617191315	0.009742388501763344	0.06985746324062347	cattle	nli		2016	United States
ERR2601882	NA	NA	NA	NA	NA	NA	NA	NA	NA	NA	NA	NA	NA	NA	NA	NA	cattle	host_tax_id	host_tax_id=9913; Bos taurus	2003	Finland
SRR8841108	0.005886163096874952	0.003875348251312971	0.019527487456798553	0.6416292190551758	0.004976046271622181	0.004190250765532255	0.0056385984644293785	0.013725893571972847	0.007469929289072752	0.009028071537613869	0.00906340591609478	0.10605540871620178	0.009685705415904522	0.1024416983127594	0.023394178599119186	0.03341258317232132	cattle	nli		2019	United States
SRR21602127	0.029387667775154114	0.012334633618593216	0.11123330146074295	0.5014426112174988	0.015186680480837822	0.007503283675760031	0.0019842928741127253	0.11910305917263031	0.033561769872903824	0.005685942713171244	0.009959668852388859	0.028622925281524658	0.00908611062914133	0.06842227280139923	0.0073437998071312904	0.039142005145549774	cattle	nli		2022	United States
SRR2423693	0.009064598940312862	0.007441787049174309	0.03792190924286842	0.5652053356170654	0.013957503251731396	0.007544229272753	0.002430192194879055	0.02461608685553074	0.00946258194744587	0.007004579063504934	0.008976508863270283	0.06412263959646225	0.014330419711768627	0.15429235994815826	0.009011643007397652	0.06461767107248306	cattle	nli		2015	United States
SRR7163773	0.003938616253435612	0.004376714583486319	0.013428671285510063	0.6941614747047424	0.007802336942404509	0.0056638894602656364	0.0020877020433545113	0.010790240950882435	0.006885537877678871	0.004515646491199732	0.008081517182290554	0.032434672117233276	0.011553649790585041	0.11473850905895233	0.00952235423028469	0.0700184777379036	cattle	nli		2018	United States
SRR16465102	0.02768474631011486	0.012029782868921757	0.10555798560380936	0.5130201578140259	0.014724809676408768	0.007542762439697981	0.002030107192695141	0.12058044970035553	0.03043545037508011	0.0058628469705581665	0.010299671441316605	0.028341269120573997	0.009314068593084812	0.06418848782777786	0.007211425341665745	0.04117594286799431	cattle	nli		2021	United States
SRR15275302	0.05599527060985565	0.01547831017524004	0.12684366106987	0.4626174867153168	0.012781942263245583	0.007290047127753496	0.0017315378645434976	0.08872427046298981	0.07315205037593842	0.007595268543809652	0.0115362498909235	0.025308463722467422	0.009591948240995407	0.056880541145801544	0.006573157384991646	0.03789985924959183	cattle	nli		2021	United States
SRR6322613	NA	NA	NA	NA	NA	NA	NA	NA	NA	NA	NA	NA	NA	NA	NA	NA	cattle	host_tax_id	host_tax_id=9913; Bos taurus	2014	United States
SRR2962345	NA	NA	NA	NA	NA	NA	NA	NA	NA	NA	NA	NA	NA	NA	NA	NA	cattle	host_tax_id	host_tax_id=9913; Bos taurus	2011	United States
SRR11457120	0.02117081545293331	0.011331920512020588	0.023433953523635864	0.5220178365707397	0.017758110538125038	0.009394492022693157	0.01220495905727148	0.025239363312721252	0.022057201713323593	0.019427431747317314	0.018037760630249977	0.1156843975186348	0.03471779823303223	0.0883524939417839	0.03818593919277191	0.02098555862903595	cattle	nli		2013	United States
SRR7163778	0.009560376405715942	0.007987992838025093	0.03407701849937439	0.5654971599578857	0.012554611079394817	0.007504025008529425	0.0024745650589466095	0.02637127973139286	0.009673070162534714	0.007344525307416916	0.009320687502622604	0.0624023973941803	0.014592076651751995	0.14787933230400085	0.009016293101012707	0.07374455779790878	cattle	nli		2018	United States
SRR3774242	0.008615236729383469	0.007441317662596703	0.02723250351846218	0.533526599407196	0.012474038638174534	0.007212372031062841	0.002463490469381213	0.020031023770570755	0.010111653245985508	0.007240600418299437	0.010210884734988213	0.09804408252239227	0.014052357524633408	0.169694721698761	0.009480484761297703	0.06216863542795181	cattle	nli		2016	United States
SRR6498630	0.007594685070216656	0.006728517357259989	0.04281723499298096	0.5482577085494995	0.011467970907688141	0.0075355819426476955	0.002361931838095188	0.01402343437075615	0.009323393926024437	0.00622286181896925	0.010678889229893684	0.08882579952478409	0.013711965642869473	0.15562795102596283	0.01206536777317524	0.06275667250156403	cattle	nli		2017	United States
SRR11457294	0.021070905029773712	0.011168836615979671	0.023187100887298584	0.5095051527023315	0.016733696684241295	0.008904573507606983	0.012041063979268074	0.02569086104631424	0.022298820316791534	0.020502550527453423	0.018613174557685852	0.11937479674816132	0.03763638064265251	0.09287843108177185	0.038717493414878845	0.021676167845726013	cattle	nli		2013	United States
SRR12828244	0.004849238786846399	0.005367618519812822	0.014980532228946686	0.7113062739372253	0.008494074456393719	0.00592981930822134	0.002575411694124341	0.012455735355615616	0.00837873388081789	0.005141863599419594	0.007408663164824247	0.030678080394864082	0.011121721006929874	0.0928429365158081	0.0076438384130597115	0.07082544267177582	cattle	nli		2020	United States
SRR12828245	0.004026168957352638	0.004707068204879761	0.011335864663124084	0.6965472102165222	0.00659924978390336	0.005344234872609377	0.0025792603846639395	0.011718569323420525	0.008556758984923363	0.006079514045268297	0.008180879056453705	0.03169921413064003	0.01211419515311718	0.1094857007265091	0.00761053990572691	0.07341553270816803	cattle	nli		2020	United States
SRR6652913	0.009339098818600178	0.008486753329634666	0.02689194679260254	0.538559079170227	0.012228153645992279	0.007518847472965717	0.002568171126767993	0.021756505593657494	0.011068814434111118	0.008113948628306389	0.011554793454706669	0.09034348279237747	0.014521290548145771	0.1647331416606903	0.010337439365684986	0.06197851523756981	cattle	nli		2017	United States
SRR17900481	0.009895403869450092	0.007411315105855465	0.08547281473875046	0.41789671778678894	0.0063268644735217094	0.004879482556134462	0.0020380474161356688	0.2966226637363434	0.008300279267132282	0.01485475990921259	0.013446392491459846	0.030539579689502716	0.017537401989102364	0.024635285139083862	0.03919444978237152	0.020948568359017372	cattle	nli		2018	New Zealand
SRR4022329	0.012516453862190247	0.00548943504691124	0.1326725333929062	0.3729988634586334	0.012274363078176975	0.01361304335296154	0.004988434724509716	0.020336061716079712	0.015231003984808922	0.014364205300807953	0.010949076153337955	0.14982470870018005	0.0160557571798563	0.19512221217155457	0.006220344919711351	0.017343468964099884	cattle	nli		2011	United States
SRR11459624	0.0035380185581743717	0.004360345657914877	0.013615693897008896	0.7024558186531067	0.00821008812636137	0.0058674863539636135	0.0021250625140964985	0.010177785530686378	0.006185207981616259	0.004185120575129986	0.006967811845242977	0.032439835369586945	0.011178111657500267	0.10589971393346786	0.009394546039402485	0.0733993798494339	cattle	nli		2020	United States
SRR5941988	0.009569806046783924	0.007629714906215668	0.039840441197156906	0.5529422760009766	0.012715130113065243	0.0076446314342319965	0.0024529339279979467	0.02611524425446987	0.009815900586545467	0.007294557988643646	0.009221185930073261	0.0695560872554779	0.015218017622828484	0.15146154165267944	0.009042831137776375	0.06947971880435944	cattle	nli		2017	United States
SRR5890889	0.0038358396850526333	0.004573000594973564	0.014805137179791927	0.6893813610076904	0.008678030222654343	0.006046420894563198	0.0021728265564888716	0.010549802333116531	0.006745269522070885	0.004372118506580591	0.007510209456086159	0.03131188452243805	0.011496521532535553	0.11814097315073013	0.009852721355855465	0.07052797824144363	cattle	nli		2017	United States
SRR4018340	0.0038852959405630827	0.004659180995076895	0.013882605358958244	0.6914838552474976	0.007863856852054596	0.0059359511360526085	0.0020755911245942116	0.010917884297668934	0.0068455953150987625	0.0046410164795815945	0.008018958382308483	0.034075744450092316	0.011486627161502838	0.11204420775175095	0.0092840027064085	0.07289965450763702	cattle	nli		2016	United States
SRR3402099	0.0034789133351296186	0.004321129526942968	0.012442699633538723	0.6565207839012146	0.008329194970428944	0.005702248774468899	0.0021266168914735317	0.010905834846198559	0.007583818398416042	0.004708899650722742	0.009076641872525215	0.04109794646501541	0.012095260433852673	0.14358609914779663	0.009833377785980701	0.0681905448436737	cattle	nli		2015	United States
SRR2976804	0.008657914586365223	0.007121805567294359	0.04678139463067055	0.5674150586128235	0.012486959807574749	0.008213174529373646	0.0024516351986676455	0.01865384168922901	0.008507054299116135	0.006459198426455259	0.008915316313505173	0.07144204527139664	0.013903029263019562	0.14248761534690857	0.012162016704678535	0.06434191018342972	cattle	nli		2015	United States
SRR12302131	0.012326228432357311	0.00976991280913353	0.05183205381035805	0.6127637624740601	0.012447191402316093	0.009249967522919178	0.003730031894519925	0.01505823154002428	0.011355455033481121	0.015966910868883133	0.014256848022341728	0.06590689718723297	0.01564279943704605	0.11080527305603027	0.0131983095780015	0.025690067559480667	cattle	nli		2012	Germany
SRR6916748	0.009817848913371563	0.008546572178602219	0.03599998354911804	0.5661672949790955	0.012471674010157585	0.007796955294907093	0.002506701275706291	0.025168882682919502	0.009914197027683258	0.00761633925139904	0.010248905047774315	0.06243060901761055	0.015400459989905357	0.14321942627429962	0.009515785612165928	0.07317835092544556	cattle	nli		2018	United States
SRR18771549	0.036376312375068665	0.010611987672746181	0.09537200629711151	0.49752238392829895	0.010366162285208702	0.007201497908681631	0.0019842213951051235	0.06478054076433182	0.08779648691415787	0.008518648333847523	0.011850094422698021	0.04001013562083244	0.010570616461336613	0.07570839673280716	0.007473761215806007	0.0338568240404129	cattle	nli		2022	United States
SRR18319608	0.04954685643315315	0.014840389601886272	0.12492625415325165	0.47400587797164917	0.012327167205512524	0.007418620865792036	0.0018215654417872429	0.08224930614233017	0.08588143438100815	0.007418620865792036	0.011345235630869865	0.024277254939079285	0.009107253514230251	0.05126963183283806	0.00688795605674386	0.0366765521466732	cattle	nli		2022	United States
SRR18769954	0.015422606840729713	0.00831175222992897	0.03276144713163376	0.6343693733215332	0.008263192139565945	0.005011879839003086	0.0025498378090560436	0.02027263678610325	0.013987698592245579	0.008952110074460506	0.010144068859517574	0.04298008605837822	0.018951617181301117	0.12246877700090408	0.010904273949563503	0.04464859515428543	cattle	nli		2022	United States
SRR17988521	0.01178098563104868	0.007986998185515404	0.025908546522259712	0.6270938515663147	0.007986998185515404	0.004759948700666428	0.002474256558343768	0.015561613254249096	0.012775655835866928	0.007681021932512522	0.00995941273868084	0.053708795458078384	0.01530539896339178	0.1340385526418686	0.009998392313718796	0.052979495376348495	cattle	nli		2022	United States
SRR7465516	0.009327037259936333	0.008009062148630619	0.03683515265583992	0.5692078471183777	0.013282310217618942	0.007687210571020842	0.0025201633106917143	0.024429908022284508	0.009755577892065048	0.007494485471397638	0.009660772979259491	0.0602288693189621	0.014860962517559528	0.14582818746566772	0.009200386703014374	0.07167212665081024	cattle	nli		2018	United States
SRR5517169	0.008101151324808598	0.007149240467697382	0.04290543124079704	0.5613178610801697	0.010858790017664433	0.006983628496527672	0.002352969255298376	0.015554498881101608	0.009179806336760521	0.0061630308628082275	0.01037165429443121	0.08135561645030975	0.013369590044021606	0.1524103432893753	0.011604364030063152	0.06032198294997215	cattle	nli		2017	United States
SRR14503780	0.013436444103717804	0.009216705337166786	0.035417601466178894	0.7082622647285461	0.00889830943197012	0.006044463254511356	0.002708535874262452	0.02461705543100834	0.01673826202750206	0.006862664129585028	0.00962136685848236	0.022109726443886757	0.013318868353962898	0.07191327214241028	0.011381111107766628	0.03945336118340492	cattle	nli		2021	United States
SRR5646894	0.0035627337638288736	0.004468668717890978	0.0129558015614748	0.6723388433456421	0.008664202876389027	0.005943194963037968	0.002264611190184951	0.010931208729743958	0.007631213869899511	0.004373685922473669	0.008235208690166473	0.03832170367240906	0.011455807834863663	0.13148942589759827	0.010189006105065346	0.06717462837696075	cattle	nli		2017	United States
SRR10257508	0.021117975935339928	0.0187827181071043	0.032836176455020905	0.36245420575141907	0.03648858889937401	0.036667197942733765	0.03757340833544731	0.032044220715761185	0.03033885732293129	0.03170183673501015	0.02617928385734558	0.15811273455619812	0.03533143550157547	0.044575970619916916	0.057741954922676086	0.03805345296859741	cattle	nli		2018	Egypt
ERR2834479	0.004443738609552383	0.0038009306881576777	0.012305553071200848	0.745863676071167	0.007937307469546795	0.015739042311906815	0.0023739205207675695	0.008015199564397335	0.014799907803535461	0.005661469884216785	0.013227742165327072	0.06295599043369293	0.012329610995948315	0.048610031604766846	0.014527831226587296	0.027407916262745857	cattle	nli		2014	Finland
ERR4224938	0.00517515791580081	0.0035360504407435656	0.01815149001777172	0.6647018194198608	0.007059799507260323	0.004125995561480522	0.004648050758987665	0.00944449845701456	0.00916286464780569	0.01143682561814785	0.010474544018507004	0.10496588796377182	0.015987377613782883	0.06906136125326157	0.03041287139058113	0.03165527805685997	cattle	nli		2017	Netherlands
SRR8172917	0.008573231287300587	0.007836568169295788	0.03145158290863037	0.5472439527511597	0.01249836478382349	0.007065934594720602	0.0025145206600427628	0.019720375537872314	0.01052467804402113	0.00729023152962327	0.01102976780384779	0.08348321914672852	0.014343446120619774	0.16216039657592773	0.010161098092794418	0.06410263478755951	cattle	nli		2018	United States
SRR25790765	0.006250685080885887	0.004147620406001806	0.019404469057917595	0.572087824344635	0.007379505783319473	0.005121626891195774	0.006945956498384476	0.01679317094385624	0.00842765998095274	0.013867749832570553	0.010591319762170315	0.09389372915029526	0.020335711538791656	0.15096035599708557	0.03747621923685074	0.026316365227103233	cattle	nli		2023	United States
SRR7903408	0.008715233765542507	0.007966368459165096	0.029097111895680428	0.5498270392417908	0.012017471715807915	0.007267642300575972	0.0025214601773768663	0.019659273326396942	0.010646890848875046	0.007527688518166542	0.011568382382392883	0.08501115441322327	0.014326957054436207	0.16008692979812622	0.009856383316218853	0.06390400230884552	cattle	nli		2018	United States
SRR6973053	0.009735212661325932	0.008278320543467999	0.031029215082526207	0.561401903629303	0.01501940842717886	0.007853079587221146	0.002574541373178363	0.025523938238620758	0.010005082935094833	0.007945649325847626	0.009735212661325932	0.06878252327442169	0.01478655356913805	0.1470954269170761	0.009678336791694164	0.07055561989545822	cattle	nli		2018	United States
SRR6313961	0.0032419173512607813	0.003659251844510436	0.010424237698316574	0.6666977405548096	0.007930342108011246	0.005700865760445595	0.0022281347773969173	0.010609096847474575	0.007641445845365524	0.00526215136051178	0.008134276606142521	0.03311198949813843	0.012033427134156227	0.1417749673128128	0.009253419004380703	0.07229674607515335	cattle	nli		2017	United States
SRR5297186	0.009298361837863922	0.008318734355270863	0.047568101435899734	0.5741466879844666	0.014989909715950489	0.00849938951432705	0.002416165778413415	0.0187832061201334	0.009012280963361263	0.007213338743895292	0.009500292129814625	0.07158272713422775	0.014095473103225231	0.13282305002212524	0.0118695804849267	0.05988266319036484	cattle	nli		2017	United States
SRR14518549	0.017271528020501137	0.009317290969192982	0.036120202392339706	0.6405586004257202	0.009262856096029282	0.005319211166352034	0.0025822697207331657	0.020550545305013657	0.0147587014362216	0.008977868594229221	0.010213075205683708	0.039554234594106674	0.017715677618980408	0.11523903906345367	0.01108618825674057	0.041472721844911575	cattle	nli		2021	United States
SRR10245648	0.0035521104000508785	0.004360645078122616	0.012217793613672256	0.6560860276222229	0.007713195402175188	0.005168290343135595	0.0021252084989100695	0.01041986234486103	0.007245877292007208	0.004724199417978525	0.008621512912213802	0.039439521729946136	0.01172681339085102	0.14258305728435516	0.009487392380833626	0.0745285376906395	cattle	nli		2019	United States
SRR7882485	0.009937583468854427	0.018803052604198456	0.26728513836860657	0.35031193494796753	0.028323370963335037	0.0021872653160244226	0.0035711457021534443	0.19843560457229614	0.003991689532995224	0.00524697732180357	0.004435690585523844	0.038765471428632736	0.013464207760989666	0.017153846099972725	0.025450965389609337	0.01263610739260912	cattle	nli		2010	United States
SRR10287017	0.009005353786051273	0.008215499110519886	0.03479180485010147	0.5582308173179626	0.013361141085624695	0.007179694250226021	0.0023861813824623823	0.02414669468998909	0.009327580220997334	0.007151703350245953	0.008426766842603683	0.06403880566358566	0.015037012286484241	0.15291017293930054	0.009291215799748898	0.07649953663349152	cattle	nli		2019	United States
SRR7716478	0.007760124281048775	0.008132540620863438	0.2330707460641861	0.4142780900001526	0.007729870732873678	0.0027187445666640997	0.008292940445244312	0.06147179380059242	0.006138763856142759	0.006370849441736937	0.009233392775058746	0.07217992097139359	0.06497472524642944	0.03793645277619362	0.03760448470711708	0.022106539458036423	cattle	nli		2018	United States
SRR3726434	0.0037546835374087095	0.004821108188480139	0.012939810752868652	0.6591641902923584	0.008184979669749737	0.005658507347106934	0.002181548858061433	0.011341546662151814	0.008026666939258575	0.005032780580222607	0.009550539776682854	0.03966327756643295	0.012323159724473953	0.13952422142028809	0.009950404986739159	0.06788256019353867	cattle	nli		2016	United States
SRR10082192	0.004485262092202902	0.005357681307941675	0.01650281809270382	0.6788011193275452	0.008867896161973476	0.006012049037963152	0.002211709041148424	0.01202664989978075	0.007749838754534721	0.005736737512052059	0.009366365149617195	0.032883938401937485	0.012216041795909405	0.11441252380609512	0.010759584605693817	0.07260971516370773	cattle	nli		2019	United States
SRR6916764	0.007739588152617216	0.007472219876945019	0.024120621383190155	0.5415283441543579	0.011349355801939964	0.007157948799431324	0.0024882580619305372	0.01757822558283806	0.01045551709830761	0.007739588152617216	0.011010921560227871	0.09322313964366913	0.014069435186684132	0.16283462941646576	0.01025328878313303	0.07097887992858887	cattle	nli		2018	United States
SRR5209911	0.010676178149878979	0.00933924876153469	0.03748250752687454	0.5524174571037292	0.015070535242557526	0.007910652086138725	0.002508720150217414	0.027262577787041664	0.010197234340012074	0.007607600186020136	0.0094309002161026	0.06828757375478745	0.014479043893516064	0.15265358984470367	0.009284687228500843	0.06539154052734375	cattle	nli		2016	United States
SRR8754439	0.0036824005655944347	0.004355909768491983	0.012628884986042976	0.6922124624252319	0.008074581623077393	0.005604034289717674	0.0020981684792786837	0.010551828891038895	0.006733401212841272	0.0046097529120743275	0.007615056354552507	0.03341921791434288	0.011298371478915215	0.11681552976369858	0.009758846834301949	0.07054152339696884	cattle	nli		2019	United States
SRR22222924	0.02878597006201744	0.012164964340627193	0.11516463756561279	0.5057786703109741	0.016757946461439133	0.007808404508978128	0.0019398729782551527	0.11575659364461899	0.03363778069615364	0.006373033858835697	0.009987101890146732	0.02846449799835682	0.00921853631734848	0.06355726718902588	0.007479993626475334	0.03712470456957817	cattle	nli		2022	United States
SRR5828129	NA	NA	NA	NA	NA	NA	NA	NA	NA	NA	NA	NA	NA	NA	NA	NA	cattle	host_tax_id	host_tax_id=9913; Bos taurus	2015	United States
SRR10386699	0.00814342126250267	0.006607636343687773	0.05263710394501686	0.5598556995391846	0.012949764728546143	0.007694992236793041	0.0023837974295020103	0.01864047534763813	0.008048548363149166	0.006354502402245998	0.00803284253925085	0.06882373988628387	0.014056835323572159	0.1447691023349762	0.012165176682174206	0.06883633881807327	cattle	nli		2019	United States
SRR19344124	0.01425096858292818	0.008296296000480652	0.026885589584708214	0.6532893180847168	0.008779766969382763	0.00521200941875577	0.002565057948231697	0.018496232107281685	0.013335352763533592	0.008660547435283661	0.009987717494368553	0.040065523236989975	0.01775294542312622	0.11447092145681381	0.010046410374343395	0.04790534824132919	cattle	nli		2022	United States
SRR6160548	0.0043157716281712055	0.005115105304867029	0.014888027682900429	0.6844958066940308	0.009047700092196465	0.006267158314585686	0.0021406388841569424	0.011437364853918552	0.007284244988113642	0.0049966140650212765	0.008318867534399033	0.032933905720710754	0.01166294515132904	0.11624886095523834	0.009898214600980282	0.07094881683588028	cattle	nli		2017	United States
SRR6269763	0.003787070279940963	0.004249609541147947	0.014125744812190533	0.6899857521057129	0.008304096758365631	0.006256030406802893	0.0020873381290584803	0.010314451530575752	0.006685574539005756	0.0043674129992723465	0.0073714060708880424	0.030673211440443993	0.011130819097161293	0.11641133576631546	0.00930014718323946	0.07495007663965225	cattle	nli		2017	United States
SRR9045758	0.009170187637209892	0.007691965904086828	0.03349405154585838	0.5706734657287598	0.012756435200572014	0.007455309387296438	0.002511891070753336	0.02401907742023468	0.00957280769944191	0.007225933950394392	0.009224076755344868	0.05682250112295151	0.014870156534016132	0.14974389970302582	0.009224076755344868	0.07554425299167633	cattle	nli		2019	United States
SRR8838824	0.009156528860330582	0.007710570935159922	0.033183902502059937	0.5676019191741943	0.012762337923049927	0.0072717610746622086	0.002469264669343829	0.025257311761379242	0.009595961309969425	0.006993184331804514	0.009120832197368145	0.060352928936481476	0.014140423387289047	0.1540413647890091	0.009337125346064568	0.0710047036409378	cattle	nli		2019	United States
SRR5241742	0.003771481104195118	0.004435219336301088	0.013228194788098335	0.6993309259414673	0.007738576736301184	0.0059333727695047855	0.002082809805870056	0.01049506664276123	0.006645062007009983	0.004182810429483652	0.007678354624658823	0.03519366681575775	0.011481637135148048	0.10905448347330093	0.009463002905249596	0.06928540766239166	cattle	nli		2016	United States
SRR6844235	0.009960681200027466	0.008129671216011047	0.038784489035606384	0.5643952488899231	0.01411556638777256	0.007402149029076099	0.002503741066902876	0.02626853808760643	0.009673097170889378	0.007188435178250074	0.009194147773087025	0.06377331167459488	0.014309878461062908	0.14544495940208435	0.009393815882503986	0.06946229189634323	cattle	nli		2018	United States
SRR10138273	0.0034625858534127474	0.0038552565965801477	0.01043881755322218	0.6689354181289673	0.007925938814878464	0.005447412841022015	0.002253148006275296	0.010582515969872475	0.0077423350885510445	0.005753614008426666	0.00868795532733202	0.03519356995820999	0.011863436549901962	0.13790789246559143	0.009616689756512642	0.07033336162567139	cattle	nli		2019	United States
ERR10497142	0.013870843686163425	0.0034594761673361063	0.009403829462826252	0.524581789970398	0.004529666621237993	0.0027047875337302685	0.0018956364365294576	0.003143742447718978	0.27724626660346985	0.006501132622361183	0.0047936346381902695	0.06162082776427269	0.007750502787530422	0.04520399123430252	0.01788022182881832	0.01541371550410986	cattle	nli		2015	Spain
SRR10186879	0.003591638058423996	0.00419085705652833	0.013687718659639359	0.6979444622993469	0.007485616020858288	0.005433974787592888	0.002050454495474696	0.010785662569105625	0.006440413184463978	0.004240257199853659	0.007170781493186951	0.02975110150873661	0.010976930148899555	0.11030960083007812	0.00929782260209322	0.07664276659488678	cattle	nli		2019	United States
SRR5754163	0.0038615369703620672	0.004070637281984091	0.011239389888942242	0.7063066959381104	0.008111256174743176	0.006594403646886349	0.0023375703021883965	0.010808815248310566	0.007285097613930702	0.005466953385621309	0.0078157689422369	0.02615789696574211	0.011755796149373055	0.10420428961515427	0.009576080366969109	0.07440783828496933	cattle	nli		2017	United States
SRR6010310	0.008949942886829376	0.007463364861905575	0.05315122753381729	0.5640832185745239	0.01330488733947277	0.008374914526939392	0.0023392962757498026	0.019301867112517357	0.008573519997298717	0.006408740300685167	0.008880292996764183	0.06700106710195541	0.014093991369009018	0.14137454330921173	0.011798993684351444	0.06490004062652588	cattle	nli		2017	United States
SRR26806985	0.02918744459748268	0.01160429697483778	0.10244784504175186	0.5105839371681213	0.012364777736365795	0.007184192072600126	0.001998878549784422	0.1243322417140007	0.03581362962722778	0.005955905187875032	0.009945085272192955	0.032040487974882126	0.009705225937068462	0.06650152802467346	0.007212310563772917	0.033122189342975616	cattle	nli		2023	United States
SRR8252759	0.008793982677161694	0.00791372824460268	0.02906051278114319	0.5424728989601135	0.012450041249394417	0.007149457465857267	0.002539279405027628	0.019701769575476646	0.010494229383766651	0.007551332004368305	0.011346966959536076	0.09104446321725845	0.0150176165625453	0.16098228096961975	0.00990667100995779	0.06357479840517044	cattle	nli		2018	United States
SRR6269730	0.008944989182054996	0.008370280265808105	0.0421564020216465	0.5395324230194092	0.01194312795996666	0.008144506253302097	0.0025879323948174715	0.018157821148633957	0.0106017105281353	0.007940314710140228	0.011954796500504017	0.09493136405944824	0.014762204140424728	0.14982274174690247	0.012976809404790401	0.05717255920171738	cattle	nli		2017	United States
SRR3215112	0.004403699655085802	0.005048866383731365	0.014215315692126751	0.6943609118461609	0.008965487591922283	0.006295699626207352	0.002197087276726961	0.011333438567817211	0.007505590561777353	0.004817661829292774	0.00845525972545147	0.03440180793404579	0.012242408469319344	0.10741059482097626	0.010080168023705482	0.06826599687337875	cattle	nli		2016	United States
SRR3129728	0.0034864800982177258	0.004197291564196348	0.013325946405529976	0.7031239867210388	0.007438767701387405	0.005582271609455347	0.002045596716925502	0.010029525496065617	0.0061669545248150826	0.004124156199395657	0.00733775831758976	0.031998515129089355	0.01078114565461874	0.10992742329835892	0.008972866460680962	0.07146131992340088	cattle	nli		2015	United States
SRR8699411	0.007614578120410442	0.006577009335160255	0.03768211603164673	0.5364360809326172	0.011330810375511646	0.007001189980655909	0.0023960331454873085	0.016421956941485405	0.008850334212183952	0.006719841621816158	0.009834768250584602	0.10285662859678268	0.013468815945088863	0.1584928035736084	0.012227620929479599	0.062089405953884125	cattle	nli		2019	United States
SRR5582449	0.009113231673836708	0.007948702201247215	0.03736969828605652	0.5693486332893372	0.012299173511564732	0.007644191384315491	0.0024962895549833775	0.02313549630343914	0.009384170174598694	0.006919452454894781	0.008936965838074684	0.060753341764211655	0.014792234636843204	0.1472238153219223	0.008867417462170124	0.07376717776060104	cattle	nli		2017	United States
SRR7009076	0.0036477544344961643	0.00429810443893075	0.013084855861961842	0.696497917175293	0.007528691086918116	0.005508107598870993	0.0021029275376349688	0.010658708401024342	0.006631081458181143	0.004357271362096071	0.007514000870287418	0.0323537178337574	0.011235873214900494	0.1102154329419136	0.009461553767323494	0.0749039426445961	cattle	nli		2018	United States
ERR4224946	0.0049819620326161385	0.003410699311643839	0.01583264023065567	0.669287919998169	0.006998301018029451	0.004026643466204405	0.004616568796336651	0.008735080249607563	0.008375869132578373	0.011370462365448475	0.010024603456258774	0.10600019246339798	0.01617647334933281	0.07007040083408356	0.029796704649925232	0.03029550425708294	cattle	nli		2017	Netherlands
SRR6313958	0.010039656423032284	0.008274542167782784	0.038996681571006775	0.5524458289146423	0.015234081074595451	0.007973105646669865	0.0024796200450509787	0.026245128363370895	0.009961526840925217	0.007622865028679371	0.009486807510256767	0.06670912355184555	0.015204356051981449	0.15355855226516724	0.00950535573065281	0.06626275181770325	cattle	nli		2017	United States
SRR5427956	0.0038046606350690126	0.004430757835507393	0.012162242084741592	0.6837778687477112	0.008023065514862537	0.005386431701481342	0.0021342213731259108	0.009984866715967655	0.006535458378493786	0.004319674335420132	0.007391194347292185	0.0350382961332798	0.011514978483319283	0.1212255209684372	0.009073585271835327	0.07519716769456863	cattle	nli		2017	United States
SRR12302135	0.011780962347984314	0.009283174760639668	0.05014763027429581	0.6024804711341858	0.011285470798611641	0.00848550908267498	0.0033164892811328173	0.014099965803325176	0.010874350555241108	0.015637753531336784	0.013976583257317543	0.06908127665519714	0.015791213139891624	0.12548767030239105	0.012913609854876995	0.025357801467180252	cattle	nli		2012	Germany
SRR3995966	0.0044283391907811165	0.0049692001193761826	0.014225225895643234	0.691460371017456	0.008419940248131752	0.00620847474783659	0.002218027599155903	0.011089440435171127	0.007416072301566601	0.004949827212840319	0.008240972645580769	0.03531106933951378	0.01192049216479063	0.10933816432952881	0.009691291488707066	0.07011309266090393	cattle	nli		2016	United States
SRR5858791	0.004118460230529308	0.0045676324516534805	0.012295451015233994	0.688572108745575	0.007575008552521467	0.005552829243242741	0.0021366290748119354	0.0102132149040699	0.006724205799400806	0.004444428253918886	0.007830743677914143	0.03381647542119026	0.011732401326298714	0.11479135602712631	0.009226870723068714	0.0764022171497345	cattle	nli		2017	United States
SRR20988051	0.015958182513713837	0.011360335163772106	0.0565766766667366	0.38399738073349	0.018136044964194298	0.017664097249507904	0.013178219087421894	0.021579191088676453	0.020114019513130188	0.014816670678555965	0.02230771631002426	0.10911762714385986	0.03884658217430115	0.17546378076076508	0.03335729241371155	0.04752615839242935	cattle	nli		2019	United States
SRR6973059	0.00991763174533844	0.008062978275120258	0.034768395125865936	0.5592188239097595	0.014359782449901104	0.0075155217200517654	0.0025670353788882494	0.026906315237283707	0.009744822978973389	0.007427962962538004	0.009426577016711235	0.06703419238328934	0.014628710225224495	0.15080593526363373	0.009500510059297085	0.06811477243900299	cattle	nli		2018	United States
SRR5129712	0.0038099726662039757	0.004713885951787233	0.013787396252155304	0.6982376575469971	0.007591849192976952	0.005741831846535206	0.002079553669318557	0.01119813323020935	0.007272545713931322	0.004658967722207308	0.008192728273570538	0.034291159361600876	0.011689790524542332	0.10740548372268677	0.009139648638665676	0.07018932700157166	cattle	nli		2016	United States
SRR8256677	0.0040100025944411755	0.0046973335556685925	0.013446957804262638	0.6849986910820007	0.009107556194067001	0.0060906861908733845	0.0021548005752265453	0.010668628849089146	0.007079132366925478	0.004942030645906925	0.008037389256060123	0.0322260856628418	0.011312420479953289	0.11979292333126068	0.009790083393454552	0.07164522260427475	cattle	nli		2018	United States
SRR8188915	0.008707093074917793	0.007317801471799612	0.052152764052152634	0.5656447410583496	0.01336780283600092	0.00813177041709423	0.0024897565599530935	0.018723193556070328	0.008455703966319561	0.006649933289736509	0.009089380502700806	0.0672275647521019	0.014036724343895912	0.13929568231105804	0.012387366965413094	0.06632278859615326	cattle	nli		2018	United States
SRR2239877	0.008109161630272865	0.007045361679047346	0.028056085109710693	0.5456506609916687	0.011380050331354141	0.006868728436529636	0.002420587232336402	0.018327897414565086	0.009916167706251144	0.006515895016491413	0.00983899924904108	0.08924916386604309	0.014038768596947193	0.16961342096328735	0.009573608636856079	0.06339538097381592	cattle	nli		2015	United States
SRR11600433	0.004160317126661539	0.004596065264195204	0.01395101472735405	0.6834501624107361	0.008161429315805435	0.005675383843481541	0.0021583440247923136	0.011220907792448997	0.007021864876151085	0.004940498620271683	0.007787690497934818	0.034243661910295486	0.01139761134982109	0.12193900346755981	0.009673027321696281	0.06962308287620544	cattle	nli		2019	United States
SRR8832618	0.008474128320813179	0.006929903291165829	0.05158185958862305	0.5724402666091919	0.012475123628973961	0.007730865851044655	0.0023762735072523355	0.019190216436982155	0.008117717690765858	0.006272885948419571	0.00844109058380127	0.06485629826784134	0.013515195809304714	0.13987213373184204	0.011880619451403618	0.06584547460079193	cattle	nli		2019	United States
SRR11457287	0.006880405358970165	0.005285704042762518	0.01037926971912384	0.6723028421401978	0.005400492809712887	0.00469202920794487	0.002807216253131628	0.007140530273318291	0.007601055316627026	0.01385814230889082	0.01037926971912384	0.08965226262807846	0.01296776533126831	0.10257374495267868	0.018323233351111412	0.02975607104599476	cattle	nli		2013	United States
SRR3139476	0.019716529175639153	0.004687660839408636	0.13645945489406586	0.3400570750236511	0.0035592259373515844	0.0032280778978019953	0.0038484414108097553	0.2954466938972473	0.008463427424430847	0.015087689273059368	0.0076088253408670425	0.027028366923332214	0.01223032083362341	0.07359638065099716	0.028339318931102753	0.02064257487654686	cattle	nli		2015	United States
SRR9670813	0.4230082631111145	0.006718155462294817	0.012674338184297085	0.019007861614227295	0.01079867035150528	0.006460786797106266	0.004810635466128588	0.010990168899297714	0.009005021303892136	0.018405068665742874	0.015258338302373886	0.14991046488285065	0.02009591832756996	0.22819584608078003	0.03401780128479004	0.030642617493867874	chicken	nli		2019	United States
SRR11615623	0.4195147454738617	0.00700290547683835	0.013160034082829952	0.01864946261048317	0.01103865634649992	0.006565784104168415	0.00498523935675621	0.011125232093036175	0.009313652291893959	0.01956356316804886	0.016171319410204887	0.15134580433368683	0.020703639835119247	0.22764115035533905	0.03285893052816391	0.03035988286137581	chicken	nli		2019	United States
SRR8663512	0.4080694615840912	0.006966583430767059	0.01798192597925663	0.015807127580046654	0.010396981611847878	0.0063928961753845215	0.007159703876823187	0.010295943357050419	0.011873725801706314	0.02947397530078888	0.034257255494594574	0.1436135470867157	0.027580292895436287	0.18912242352962494	0.04385850578546524	0.03714960440993309	chicken	nli		2018	United States
ERR11203555	0.5279765725135803	0.01080900989472866	0.014962923713028431	0.01849479414522648	0.017838455736637115	0.008517295122146606	0.006087036337703466	0.01191783882677555	0.013269367627799511	0.02552746795117855	0.023609047755599022	0.13260012865066528	0.031707458198070526	0.0634438619017601	0.059121742844581604	0.034116942435503006	chicken	nli		2019	Sweden
SRR8662861	0.6128818392753601	0.009188721887767315	0.013136553578078747	0.01241317018866539	0.010576153174042702	0.0071422201581299305	0.008220644667744637	0.010371592827141285	0.012882469221949577	0.026433110237121582	0.024831607937812805	0.05884520336985588	0.0223242174834013	0.09330258518457413	0.045627739280462265	0.03182220458984375	chicken	nli		2018	United States
SRR12179540	0.4959432780742645	0.005402870010584593	0.010015338659286499	0.012685326859354973	0.0071436744183301926	0.004444279707968235	0.006750297732651234	0.00989865604788065	0.007356057409197092	0.026054034009575844	0.014946967363357544	0.12204159051179886	0.019361712038517	0.18677395582199097	0.04295583441853523	0.028226200491189957	chicken	nli		2020	United States
SRR24482067	0.4970710575580597	0.0033459695987403393	0.0040835849940776825	0.0041317204013466835	0.0038587162271142006	0.002616042736917734	0.0031989882700145245	0.004287926480174065	0.004091568291187286	0.012167544104158878	0.01195552945137024	0.16074621677398682	0.025235816836357117	0.2159910500049591	0.023067403584718704	0.02415083721280098	chicken	nli		2023	United States
SRR9962624	0.4109809100627899	0.006597633007913828	0.0133275855332613	0.01929706707596779	0.010793007910251617	0.0064071472734212875	0.004855297040194273	0.010814107954502106	0.008965210057795048	0.01969689317047596	0.015703732147812843	0.15957306325435638	0.02010500431060791	0.22874537110328674	0.03413303568959236	0.03000486269593239	chicken	nli		2019	United States
SRR8662758	0.5911065340042114	0.004190321546047926	0.010411737486720085	0.009517096914350986	0.006540999282151461	0.004566353280097246	0.005727490410208702	0.005573001224547625	0.006949271075427532	0.024613259360194206	0.026354646310210228	0.04277781397104263	0.01960424706339836	0.16274771094322205	0.03960166871547699	0.03971785679459572	chicken	nli		2018	United States
SRR22197412	0.47998151183128357	0.003661127295345068	0.004468218423426151	0.004503263160586357	0.004148600623011589	0.0027852386701852083	0.003486655419692397	0.004700980149209499	0.004682652652263641	0.013120005838572979	0.013235826976597309	0.160459965467453	0.02627122402191162	0.22310316562652588	0.023480478674173355	0.027911005541682243	chicken	nli		2022	United States
SRR22987937	0.21662957966327667	0.07704389840364456	0.25141745805740356	0.03323743864893913	0.019539285451173782	0.014128703624010086	0.010156666859984398	0.017192915081977844	0.02112700417637825	0.01787780411541462	0.011531511321663857	0.14740429818630219	0.0277167409658432	0.03673664480447769	0.07896728068590164	0.019292796030640602	pig	nli		2022	United States
SRR13592140	0.5305774211883545	0.005854027345776558	0.00928191002458334	0.009066895581781864	0.0073713334277272224	0.004713039379566908	0.008336517959833145	0.010194184258580208	0.0087195485830307	0.02525550127029419	0.015498802997171879	0.11502589285373688	0.01670917682349682	0.17053765058517456	0.03336022049188614	0.02949785254895687	chicken	nli		2021	United States
SRR23517257	0.4927639365196228	0.0036252415738999844	0.00435582734644413	0.004389990586787462	0.004091921262443066	0.0029243642929941416	0.003452479839324951	0.00461867731064558	0.004433071240782738	0.012616321444511414	0.012288009747862816	0.16013334691524506	0.0247015543282032	0.21866267919540405	0.02391820214688778	0.023024382069706917	chicken	nli		2023	United States
SRR21757000	0.47512155771255493	0.0036847246810793877	0.004968032240867615	0.005165936425328255	0.004603662062436342	0.0028031906113028526	0.003427839372307062	0.004948663990944624	0.00474052969366312	0.012129032984375954	0.013308132998645306	0.15783022344112396	0.025180520489811897	0.22785456478595734	0.025279074907302856	0.028954314067959785	chicken	nli		2022	United States
SRR17871415	0.4801335036754608	0.005711168050765991	0.009696067310869694	0.01062826905399561	0.007492540869861841	0.004500291775912046	0.003532319562509656	0.009489975869655609	0.007163409609347582	0.016333281993865967	0.013807833194732666	0.11617036163806915	0.01710042543709278	0.23779939115047455	0.025897393003106117	0.034543804824352264	chicken	nli		2022	United States
SRR20438527	0.519503653049469	0.005395099055022001	0.009542958810925484	0.009376676753163338	0.0077583701349794865	0.004855064209550619	0.008757110685110092	0.010855911299586296	0.00921329203993082	0.02647792361676693	0.01610679179430008	0.11519049853086472	0.01691277325153351	0.17632120847702026	0.0324731282889843	0.03125961497426033	chicken	nli		2022	United States
SRR12698365	0.7106002569198608	0.004546475131064653	0.0055595883168280125	0.0060940999537706375	0.0062998393550515175	0.005003088153898716	0.004609060939401388	0.0044759889133274555	0.006589292548596859	0.022686593234539032	0.02709931880235672	0.04494178295135498	0.025111770257353783	0.04259159415960312	0.055252350866794586	0.02853884920477867	chicken	nli		2019	United States
SRR12625768	0.5054078102111816	0.006885840557515621	0.012323382310569286	0.011713208630681038	0.010038426145911217	0.005609092768281698	0.009729575365781784	0.011944231577217579	0.010520178824663162	0.024080932140350342	0.01707593724131584	0.10855745524168015	0.017773514613509178	0.17950613796710968	0.03510604798793793	0.03372820094227791	chicken	nli		2020	United States
SRR7665260	0.410034716129303	0.007048150524497032	0.013826589100062847	0.02029515989124775	0.011417956091463566	0.0069253402762115	0.005207140929996967	0.011109975166618824	0.009633679874241352	0.020196305587887764	0.016291704028844833	0.1580824851989746	0.020137222483754158	0.22567002475261688	0.03418773412704468	0.02993577904999256	chicken	nli		2018	United States
SRR14920260	0.4854296147823334	0.006347875110805035	0.011584670282900333	0.012599624693393707	0.008150833658874035	0.005283169914036989	0.006360285449773073	0.012211973778903484	0.008986975997686386	0.021265894174575806	0.016257427632808685	0.12302082031965256	0.028393691405653954	0.18361958861351013	0.03846997395157814	0.032017551362514496	chicken	nli		2021	United States
SRR19842112	0.5244063138961792	0.005900056567043066	0.009919407777488232	0.009614218957722187	0.007908442057669163	0.004997543059289455	0.008874350227415562	0.010579798370599747	0.009391505271196365	0.026210837066173553	0.016306497156620026	0.11217851936817169	0.017735140398144722	0.1707076132297516	0.03362252935767174	0.03164719417691231	chicken	nli		2022	United States
SRR15998504	0.517822802066803	0.005294270813465118	0.009419643320143223	0.009493522346019745	0.0077787134796381	0.004839356057345867	0.008410794660449028	0.010778602212667465	0.00911201722919941	0.02565530315041542	0.015898659825325012	0.11947180330753326	0.016645388677716255	0.17566493153572083	0.03303871676325798	0.030675409361720085	chicken	nli		2021	United States
SRR17478232	0.5589521527290344	0.004779544193297625	0.007697592955082655	0.0076825725845992565	0.005426520947366953	0.0038933386094868183	0.007273713126778603	0.009486710652709007	0.007302182726562023	0.025338217616081238	0.015248808078467846	0.09549711644649506	0.01650400273501873	0.17231187224388123	0.03266225382685661	0.02994331158697605	chicken	nli		2021	United States
SRR9898424	0.42003050446510315	0.006478262599557638	0.013086451217532158	0.0192275270819664	0.010352233424782753	0.006242264527827501	0.004976767115294933	0.010535815730690956	0.008599082008004189	0.018892494961619377	0.015284675173461437	0.1548226773738861	0.020607993006706238	0.225706085562706	0.03505537286400795	0.030101805925369263	chicken	nli		2019	United States
SRR26896508	0.5190517902374268	0.005204192828387022	0.004655905067920685	0.006553067360073328	0.0058056958951056	0.004495065193623304	0.0033996866550296545	0.00472922483459115	0.005885615944862366	0.02334636077284813	0.02271663211286068	0.08174584060907364	0.014313215389847755	0.25420382618904114	0.01901756413280964	0.02487635239958763	chicken	nli		2017	Brazil
SRR8796760	0.6677474975585938	0.011372022330760956	0.01396053284406662	0.015635056421160698	0.009841665625572205	0.007019796408712864	0.0043416982516646385	0.010134260170161724	0.013191775418817997	0.02393392287194729	0.03226957842707634	0.029096249490976334	0.010334141552448273	0.05635901167988777	0.05056925117969513	0.044193509966135025	chicken	nli		2016	United Kingdom
SRR27990989	0.5061306953430176	0.0038268014322966337	0.004589035641402006	0.004625027999281883	0.00413775909692049	0.0028549679554998875	0.003532306756824255	0.0047439634799957275	0.004526721313595772	0.01185664813965559	0.012161549180746078	0.15519246459007263	0.023442000150680542	0.21233020722866058	0.023373425006866455	0.022676432505249977	chicken	nli		2024	United States
SRR10119176	0.4195042848587036	0.0058624399825930595	0.012680307030677795	0.019448785111308098	0.009349873289465904	0.005496506579220295	0.004477364476770163	0.010248789563775063	0.007873382419347763	0.02020379714667797	0.01473817229270935	0.15264077484607697	0.02352854423224926	0.2293088585138321	0.03436781466007233	0.03027031011879444	chicken	nli		2019	United States
SRR12788365	0.45614442229270935	0.0058724405243992805	0.011122191324830055	0.012073022313416004	0.008313881233334541	0.004700242076069117	0.0037915329448878765	0.010489224456250668	0.007629245985299349	0.015623653307557106	0.01469140313565731	0.12290455400943756	0.01925499178469181	0.2426116168498993	0.02918882854282856	0.03558870032429695	chicken	nli		2020	United States
SRR12819058	0.6591212153434753	0.006343005690723658	0.008272838778793812	0.007430223748087883	0.00939268246293068	0.005809311755001545	0.004577627871185541	0.0058777895756065845	0.006506120786070824	0.016925105825066566	0.014633161015808582	0.1034134104847908	0.02865033783018589	0.0536305233836174	0.04955171421170235	0.019864900037646294	chicken	nli		2020	United States
SRR12634079	0.4449637234210968	0.006726791150867939	0.007359132170677185	0.02020050585269928	0.008688127622008324	0.00591322872787714	0.01064491830766201	0.0057875411584973335	0.005764978006482124	0.05143289268016815	0.05311739444732666	0.13693767786026	0.05038886144757271	0.10094686597585678	0.042431674897670746	0.04869568347930908	chicken	nli		2017	United States
SRR7987219	0.41391196846961975	0.006977185606956482	0.013607407920062542	0.02022862620651722	0.011302991770207882	0.006869013886898756	0.005328737664967775	0.011215031147003174	0.009352225810289383	0.019040187820792198	0.01592421531677246	0.1511954367160797	0.020447097718715668	0.2279152125120163	0.03670091927051544	0.029983684420585632	chicken	nli		2018	United States
SRR24698312	0.5731332302093506	0.004427507985383272	0.0070751383900642395	0.007228786591440439	0.004977980628609657	0.003488792572170496	0.006530665326863527	0.008874211460351944	0.006711702328175306	0.023981677368283272	0.014432426542043686	0.09160629659891129	0.01608482003211975	0.17166617512702942	0.03177056089043617	0.02801005356013775	chicken	nli		2023	United States
SRR5414427	0.45467016100883484	0.004786795936524868	0.013743262737989426	0.01417952124029398	0.007370620500296354	0.005196018144488335	0.006391211412847042	0.01041456125676632	0.009631895460188389	0.027198612689971924	0.027465524151921272	0.13995899260044098	0.02958153374493122	0.17879189550876617	0.03765106573700905	0.03296837583184242	chicken	nli		2015	United States
SRR21897644	0.5597425699234009	0.004781629890203476	0.008245795965194702	0.00852417852729559	0.00574526097625494	0.003917928319424391	0.006796067580580711	0.009490852244198322	0.007192111108452082	0.02326180972158909	0.014800552278757095	0.08443629741668701	0.015724364668130875	0.18440334498882294	0.03384573385119438	0.02909149043262005	chicken	nli		2022	United States
SRR14054907	0.37787479162216187	0.032002467662096024	0.03162962570786476	0.03598134219646454	0.02599242702126503	0.013537471182644367	0.004429443273693323	0.03654796630144119	0.024227604269981384	0.015520787797868252	0.027560923248529434	0.07870568335056305	0.038451846688985825	0.19791437685489655	0.025689607486128807	0.03393363580107689	chicken	nli		2021	United States
SRR10758621	0.49466007947921753	0.006905971560627222	0.01302866730839014	0.01399137545377016	0.011231412179768085	0.006324910093098879	0.008645126596093178	0.012335293926298618	0.010696176439523697	0.026706991717219353	0.01727704145014286	0.10778717696666718	0.017669491469860077	0.1797674000263214	0.04253203049302101	0.030440833419561386	chicken	nli		2019	United States
SRR5414733	0.6191610097885132	0.003418310545384884	0.008232195861637592	0.007932302542030811	0.0058718048967421055	0.0041718739084899426	0.005212301854044199	0.005273742601275444	0.0066927275620400906	0.02168894372880459	0.023268843069672585	0.040559880435466766	0.01789318583905697	0.15742993354797363	0.037329040467739105	0.03586394339799881	chicken	nli		2015	United States
SRR8662779	0.4204345643520355	0.006205701734870672	0.016429875046014786	0.015971103683114052	0.008318128995597363	0.005287323612719774	0.006291128229349852	0.010151850990951061	0.009499602019786835	0.02781202644109726	0.030160201713442802	0.15223413705825806	0.028222426772117615	0.18135719001293182	0.044923484325408936	0.036701302975416183	chicken	nli		2018	United States
ERR2197471	0.34516382217407227	0.17157913744449615	0.01572343148291111	0.01614352874457836	0.026101374998688698	0.011915120296180248	0.007241014391183853	0.017834389582276344	0.02383529767394066	0.04140549898147583	0.02083016000688076	0.15027639269828796	0.037866171449422836	0.05350425839424133	0.03613215312361717	0.02444824017584324	chicken	nli		2014	France
SRR23704415	NA	NA	NA	NA	NA	NA	NA	NA	NA	NA	NA	NA	NA	NA	NA	NA	chicken	host_tax_id	host_tax_id=9031; Gallus gallus	2015	Italy
SRR26952112	0.5024181604385376	0.0035860450007021427	0.004649759735912085	0.004787997808307409	0.003678262233734131	0.0026031893212348223	0.0032715145498514175	0.004853907972574234	0.004055592697113752	0.01068506296724081	0.011197850108146667	0.15617476403713226	0.028178896754980087	0.21284110844135284	0.02513636089861393	0.021881546825170517	chicken	nli		2023	United States
SRR21602128	0.5125489830970764	0.005491841118782759	0.008623020723462105	0.008572643622756004	0.007959429174661636	0.0052505964413285255	0.00526086101308465	0.008690651506185532	0.008308889344334602	0.019337624311447144	0.013941974379122257	0.12609714269638062	0.029114380478858948	0.17481227219104767	0.035567332059144974	0.030422350391745567	chicken	nli		2022	United States
SRR8662873	0.5837835073471069	0.008400735445320606	0.014430368319153786	0.017923841252923012	0.01021269615739584	0.006803122349083424	0.006428499240428209	0.012104214169085026	0.012960586696863174	0.024048607796430588	0.023491520434617996	0.06594797223806381	0.0274643711745739	0.11047408729791641	0.044797275215387344	0.030728613957762718	chicken	nli		2018	United States
SRR9298923	0.4188923239707947	0.006698420736938715	0.012886350043118	0.017054976895451546	0.01078799832612276	0.00645440211519599	0.005135857034474611	0.01104382798075676	0.009173555299639702	0.019363602623343468	0.015850480645895004	0.15223218500614166	0.020036885514855385	0.23110851645469666	0.03290644660592079	0.030374107882380486	chicken	nli		2019	United States
ERR11203677	0.5266797542572021	0.011796047911047935	0.015857825055718422	0.018886882811784744	0.018181083723902702	0.009515487588942051	0.0063510737381875515	0.012410536408424377	0.014090473763644695	0.025291286408901215	0.023528071120381355	0.1280796378850937	0.030896879732608795	0.05917845666408539	0.06455203145742416	0.034704387187957764	chicken	nli		2019	Sweden
SRR25648167	0.19359168410301208	0.15964317321777344	0.02021969109773636	0.01716022938489914	0.017126744613051414	0.007764995098114014	0.005420838948339224	0.011188204400241375	0.009439831599593163	0.012073729187250137	0.027182012796401978	0.15088900923728943	0.02581091783940792	0.2686934173107147	0.03246912732720375	0.0413263663649559	environment	nli		2018	United States
SRR14286421	0.5206566452980042	0.0059327115304768085	0.010700871236622334	0.010371639393270016	0.008333847858011723	0.004956966266036034	0.007998944260179996	0.010933260433375835	0.009063991717994213	0.024256497621536255	0.016126783564686775	0.11109805107116699	0.017116650938987732	0.17697159945964813	0.03584878146648407	0.02963274158537388	chicken	nli		2021	United States
SRR8753499	0.4914298951625824	0.006289747077971697	0.012218892574310303	0.012830325402319431	0.009895160794258118	0.005529042333364487	0.0078124431893229485	0.011103721335530281	0.009703771211206913	0.025169668719172478	0.016378214582800865	0.12445026636123657	0.01748567260801792	0.17850631475448608	0.04273150488734245	0.02846531942486763	chicken	nli		2019	United States
SRR23803163	0.5735946893692017	0.004540584981441498	0.007255834527313709	0.007227546535432339	0.005115097388625145	0.0036130063235759735	0.006619427818804979	0.008924828842282295	0.006736814044415951	0.02428390085697174	0.014714554883539677	0.08877261728048325	0.015848198905587196	0.17251893877983093	0.03258196637034416	0.0276519525796175	chicken	nli		2023	United States
SRR29807932	0.5151533484458923	0.004038332495838404	0.004938214085996151	0.004947868641465902	0.004861653782427311	0.0032259339932352304	0.0038534034974873066	0.00489022396504879	0.00489022396504879	0.013371125794947147	0.01308691781014204	0.14166273176670074	0.02348998188972473	0.21028602123260498	0.023444147780537605	0.023859895765781403	chicken	nli		2024	United States
SRR7525350	0.4212762415409088	0.006248561665415764	0.012896561995148659	0.019397880882024765	0.010122627019882202	0.0060444967821240425	0.004735122434794903	0.010691625066101551	0.008658342063426971	0.021366911008954048	0.015647640451788902	0.14623038470745087	0.02310314029455185	0.22826239466667175	0.03491981327533722	0.0303981751203537	chicken	nli		2018	United States
SRR18230626	0.471693217754364	0.00555082131177187	0.0099341394379735	0.010974633507430553	0.007601906079798937	0.004442822188138962	0.0035559898242354393	0.009799244813621044	0.0072114123031497	0.016948120668530464	0.014369644224643707	0.12639783322811127	0.01765771023929119	0.2331632822751999	0.02666313573718071	0.03403612598776817	chicken	nli		2022	United States
SRR10987399	0.4964265525341034	0.006517088506370783	0.012080774642527103	0.013320064172148705	0.010015313513576984	0.00549866771325469	0.008158311247825623	0.011260518804192543	0.009612838737666607	0.02659379132091999	0.016593284904956818	0.11748062074184418	0.01810000278055668	0.17848172783851624	0.04220724105834961	0.02765316516160965	chicken	nli		2020	United States
SRR9998277	0.5146593451499939	0.0046119992621243	0.012009435333311558	0.015360303223133087	0.006390633527189493	0.004767702892422676	0.005606765393167734	0.008110134862363338	0.009481709450483322	0.022458501160144806	0.022110316902399063	0.11229229718446732	0.025078747421503067	0.1665559560060501	0.036560699343681335	0.033945463597774506	chicken	nli		2019	United States
SRR11629880	0.5890141129493713	0.00346160214394331	0.008352750912308693	0.010334434919059277	0.0051661208271980286	0.003945559728890657	0.005477867554873228	0.006354437675327063	0.007923685945570469	0.02268296852707863	0.022287728264927864	0.060791756957769394	0.019978588446974754	0.15068159997463226	0.048585884273052216	0.03496094048023224	chicken	nli		2019	United States
SRR22880083	0.5280240774154663	0.005786166060715914	0.00946553610265255	0.008451773785054684	0.006938672624528408	0.0044799442403018475	0.008435281924903393	0.009861842729151249	0.008840098977088928	0.02572999708354473	0.015651818364858627	0.11310417205095291	0.017358854413032532	0.17540386319160461	0.03127972036600113	0.03118821233510971	chicken	nli		2022	United States
SRR24016088	0.6367472410202026	0.005921787582337856	0.008549099788069725	0.007227239664644003	0.009462988935410976	0.006632088217884302	0.003991261124610901	0.005639583803713322	0.006632088217884302	0.01792255975306034	0.014887373894453049	0.10617110133171082	0.026643486693501472	0.0737268328666687	0.044815950095653534	0.02502923458814621	chicken	nli		2023	United States
SRR29234623	NA	NA	NA	NA	NA	NA	NA	NA	NA	NA	NA	NA	NA	NA	NA	NA	chicken	host_tax_id	host_tax_id=9031; Gallus gallus	2019	United States
ERR11203907	0.576170802116394	0.010040223598480225	0.013120521791279316	0.015429588034749031	0.016328753903508186	0.009159600362181664	0.005765615496784449	0.01120067946612835	0.012993015348911285	0.023185184225440025	0.021110350266098976	0.11793108284473419	0.026195399463176727	0.051113102585077286	0.06165417283773422	0.028601936995983124	chicken	nli		2020	Sweden
SRR16012019	0.6738578677177429	0.008157655596733093	0.011193832382559776	0.013741781935095787	0.013688208535313606	0.009994967840611935	0.004602920264005661	0.00775374099612236	0.010536190122365952	0.01659194938838482	0.019819216802716255	0.07352952659130096	0.024330483749508858	0.04371396452188492	0.04042880982160568	0.028058966621756554	chicken	nli		2021	United States
SRR20875039	0.553927481174469	0.004848902579396963	0.007524809800088406	0.006932179909199476	0.005263433791697025	0.0038133880589157343	0.007307554595172405	0.009129992686212063	0.007250686176121235	0.02555573545396328	0.015304801054298878	0.09291019290685654	0.016355639323592186	0.17948299646377563	0.03196030482649803	0.032431915402412415	chicken	nli		2022	United States
ERR4225077	0.4679667055606842	0.007896075956523418	0.01318475604057312	0.01944778487086296	0.012325601652264595	0.010040233843028545	0.009123899973928928	0.009884574450552464	0.011200690641999245	0.020420949906110764	0.0139803821220994	0.17495182156562805	0.027613896876573563	0.09564358741044998	0.08087988197803497	0.02543911337852478	chicken	nli		2018	Netherlands
SRR11544496	0.42006370425224304	0.0061041018925607204	0.012872004881501198	0.019917089492082596	0.009398983791470528	0.00565640814602375	0.004553937818855047	0.010424066334962845	0.00786849856376648	0.020171556621789932	0.0145574314519763	0.146023228764534	0.02301415614783764	0.23494507372379303	0.0344136506319046	0.030016116797924042	chicken	nli		2020	United States
SRR9417526	0.4713670313358307	0.011271062307059765	0.01325464528053999	0.015988152474164963	0.014960925094783306	0.011118014343082905	0.003918065223842859	0.014192409813404083	0.012234621681272984	0.014081964269280434	0.017576707527041435	0.05740711838006973	0.03007468953728676	0.24204732477664948	0.033224694430828094	0.037282634526491165	chicken	nli		2019	United States
SRR29101205	0.5586807727813721	0.004730797838419676	0.007312905974686146	0.007723968010395765	0.005751186981797218	0.004086175002157688	0.004435501527041197	0.008126330561935902	0.006816377863287926	0.0174232367426157	0.012439671903848648	0.10242870450019836	0.030459515750408173	0.1668478101491928	0.03606574982404709	0.026671243831515312	chicken	nli		2024	United States
SRR7138715	0.5172868967056274	0.011517990380525589	0.014963725581765175	0.017562836408615112	0.014934525825083256	0.010244310833513737	0.0036384814884513617	0.014334370382130146	0.011076743714511395	0.011906842701137066	0.016370363533496857	0.04063591733574867	0.02842390350997448	0.21017968654632568	0.03520181402564049	0.04172162339091301	chicken	nli		2018	United States
SRR5414819	0.6400116682052612	0.00323296757414937	0.00697918189689517	0.0072998483665287495	0.005066342651844025	0.003750307485461235	0.004948981571942568	0.005268162116408348	0.00626832852140069	0.022661468014121056	0.02116410620510578	0.039733290672302246	0.017926696687936783	0.14452452957630157	0.03750867769122124	0.03365540876984596	chicken	nli		2015	United States
ERR2197483	0.3432215452194214	0.17581474781036377	0.01568082720041275	0.016162797808647156	0.027981407940387726	0.012538525275886059	0.007242581807076931	0.017995720729231834	0.02508237026631832	0.041556257754564285	0.020652353763580322	0.14629028737545013	0.03721442446112633	0.05346360802650452	0.03502807021141052	0.024074414744973183	chicken	nli		2014	France
SRR21598450	0.5542447566986084	0.0050008040852844715	0.00870838388800621	0.008606928400695324	0.006020350847393274	0.003902244381606579	0.007038503885269165	0.00992588046938181	0.007821405306458473	0.02303333207964897	0.015373505651950836	0.08691629022359848	0.016381001099944115	0.18196910619735718	0.03394147753715515	0.031116047874093056	chicken	nli		2022	United States
SRR24339384	0.5443611145019531	0.00552228931337595	0.008876452222466469	0.008273761719465256	0.006648154929280281	0.004445959348231554	0.00786409992724657	0.009710866957902908	0.008469969965517521	0.024152273312211037	0.015352117829024792	0.11521700769662857	0.017109807580709457	0.1661829650402069	0.032027825713157654	0.02578539401292801	chicken	nli		2023	United States
SRR9007373	0.4186635911464691	0.006507824640721083	0.013431659899652004	0.020641466602683067	0.010419805534183979	0.006209809333086014	0.00487413490191102	0.01089855469763279	0.008808697573840618	0.0207425057888031	0.015550595708191395	0.1473599523305893	0.022982290014624596	0.22762343287467957	0.034839075058698654	0.030446592718362808	chicken	nli		2018	United States
SRR6108377	0.5016254186630249	0.006228788290172815	0.0126564409583807	0.013394000008702278	0.00790474470704794	0.005660310387611389	0.005411664955317974	0.00887020118534565	0.01032988727092743	0.030689125880599022	0.028134437277913094	0.08800338208675385	0.027590269222855568	0.17759819328784943	0.037970103323459625	0.03793303668498993	chicken	nli		2016	United States
SRR7503394	0.5175208449363708	0.004715277347713709	0.012594114057719707	0.01625031791627407	0.007106173317879438	0.005168613977730274	0.005654480773955584	0.008965517394244671	0.010626040399074554	0.023829512298107147	0.023006312549114227	0.10829737782478333	0.02544080838561058	0.15745006501674652	0.04016104340553284	0.03321348875761032	chicken	nli		2017	United States
ERR11203419	0.5275269746780396	0.011175320483744144	0.015141187235713005	0.01766730286180973	0.017875559628009796	0.008501735515892506	0.005674448329955339	0.010959169827401638	0.012913056649267673	0.02515939064323902	0.02414833754301071	0.13142408430576324	0.031007081270217896	0.06272784620523453	0.06306566298007965	0.035032838582992554	chicken	nli		2017	Sweden
SRR11966499	0.4242127239704132	0.00639744708314538	0.013075534254312515	0.019801979884505272	0.010363820008933544	0.005963076837360859	0.0046440488658845425	0.010303272865712643	0.008442199788987637	0.019211487844586372	0.015436865389347076	0.15292863547801971	0.02009418234229088	0.22595873475074768	0.03455052152276039	0.028615428134799004	chicken	nli		2020	United States
SRR8074988	0.4300435483455658	0.006422354839742184	0.013126442208886147	0.019005829468369484	0.009927728213369846	0.00592811731621623	0.00474480539560318	0.01065089926123619	0.00835998635739088	0.020034989342093468	0.015152769163250923	0.13856202363967896	0.022680455818772316	0.228505939245224	0.036778077483177185	0.030076079070568085	chicken	nli		2018	United States
SRR24327307	0.5413528084754944	0.005682723131030798	0.009152188897132874	0.008665119297802448	0.007141666486859322	0.004665359389036894	0.008108389563858509	0.010270004160702229	0.008767260238528252	0.025693027302622795	0.015356996096670628	0.11232639104127884	0.016427455469965935	0.1674986630678177	0.03302273154258728	0.02586926333606243	chicken	nli		2023	United States
SRR21598161	0.49881285429000854	0.0035464309621602297	0.004679941106587648	0.00484739663079381	0.0038873928133398294	0.0027565741911530495	0.0032799127511680126	0.005011047702282667	0.004319792613387108	0.012091518379747868	0.012115158140659332	0.14555317163467407	0.02685241959989071	0.22026868164539337	0.026179201900959015	0.025798514485359192	chicken	nli		2022	United States
SRR22007717	0.4849872887134552	0.003471787553280592	0.0042954664677381516	0.004354596603661776	0.004423171281814575	0.0028115392196923494	0.0034112930297851562	0.004590396769344807	0.00451922882348299	0.012924473732709885	0.013089598156511784	0.1596197485923767	0.025528278201818466	0.21999292075634003	0.023888099938631058	0.028092140331864357	chicken	nli		2022	United States
SRR19486114	0.562567412853241	0.004676134791225195	0.007664601784199476	0.007679586764425039	0.005350754130631685	0.0036703406367450953	0.006724470295011997	0.009317786432802677	0.007285100407898426	0.024717487394809723	0.014977280050516129	0.08655732125043869	0.015850087627768517	0.17823392152786255	0.032363858073949814	0.032363858073949814	chicken	nli		2022	United States
SRR8255905	0.42888984084129333	0.0062262751162052155	0.013027461245656013	0.018844105303287506	0.01012600027024746	0.005906443577259779	0.00465416582301259	0.0109702218323946	0.008560321293771267	0.019767748191952705	0.015365100465714931	0.1408127099275589	0.021668262779712677	0.2284500002861023	0.03632296249270439	0.030408307909965515	chicken	nli		2018	United States
SRR16817007	0.4841352701187134	0.005741922650486231	0.010519837960600853	0.011576369404792786	0.007651513442397118	0.004568927455693483	0.003714511403813958	0.010196177288889885	0.007401630748063326	0.01663103513419628	0.014605347067117691	0.1141217052936554	0.018000006675720215	0.2280202955007553	0.027527261525392532	0.03558814898133278	chicken	nli		2021	United States
SRR8942631	0.521666407585144	0.011867756955325603	0.014597591012716293	0.016412513330578804	0.01342169102281332	0.010190758854150772	0.00402205903083086	0.014315246604382992	0.01128014363348484	0.012413033284246922	0.01581461727619171	0.03390728309750557	0.029172873124480247	0.2146671861410141	0.03543057665228844	0.04082018882036209	chicken	nli		2019	United States
SRR11521675	0.5096033215522766	0.005617125891149044	0.010453258641064167	0.011684252880513668	0.007558668497949839	0.0046658641658723354	0.006868818309158087	0.010131645016372204	0.007905961014330387	0.025973325595259666	0.01472706999629736	0.1152660995721817	0.01781635731458664	0.18188218772411346	0.041871655732393265	0.02797437272965908	chicken	nli		2020	United States
SRR11085356	0.4172942042350769	0.006467562634497881	0.013799215666949749	0.02143535204231739	0.011306672357022762	0.0065951235592365265	0.00508637260645628	0.011109658516943455	0.009085167199373245	0.019346322864294052	0.015560395084321499	0.15261708199977875	0.020354125648736954	0.22765570878982544	0.033102598041296005	0.029184428974986076	chicken	nli		2020	United States
SRR28745426	0.45898908376693726	0.023053454235196114	0.028300901874899864	0.025567734614014626	0.02167787402868271	0.016331389546394348	0.015492478385567665	0.017555277794599533	0.02204076386988163	0.033772651106119156	0.031602781265974045	0.05297641083598137	0.024612272158265114	0.11556994915008545	0.06660972535610199	0.04584725946187973	chicken	nli		2024	United States
ERR2197617	0.33523038029670715	0.12160521745681763	0.018456265330314636	0.018384311348199844	0.025128373876214027	0.012549260631203651	0.010902986861765385	0.02103658951818943	0.025799749419093132	0.048035815358161926	0.022745976224541664	0.13998381793498993	0.04274480789899826	0.05822586268186569	0.0738203376531601	0.02535020001232624	chicken	nli		2014	Poland
SRR10200146	0.40540611743927	0.008878212422132492	0.0205218642950058	0.026791706681251526	0.01348488125950098	0.008809123188257217	0.008005146868526936	0.01348488125950098	0.011647419072687626	0.023368144407868385	0.017331846058368683	0.14377768337726593	0.02401593327522278	0.198158860206604	0.04533010721206665	0.03098800964653492	chicken	nli		2019	United States
SRR24674592	0.5693588852882385	0.004233985673636198	0.007230440620332956	0.007315671071410179	0.005258998367935419	0.0036570595111697912	0.006872436497360468	0.009541434235870838	0.007049166597425938	0.024676194414496422	0.014835900627076626	0.09531215578317642	0.016088498756289482	0.16875474154949188	0.03281859681010246	0.026995841413736343	chicken	nli		2023	United States
SRR21728318	0.5550856590270996	0.0045335497707128525	0.008653723634779453	0.00891100149601698	0.006064917426556349	0.003938816487789154	0.006912838201969862	0.010196576826274395	0.007636884227395058	0.023203840479254723	0.015069564804434776	0.08915595710277557	0.01605714112520218	0.17977051436901093	0.034663423895835876	0.03014552593231201	chicken	nli		2022	United States
SRR18339700	0.46858036518096924	0.006266728974878788	0.010891567915678024	0.012126713059842587	0.009334265254437923	0.005519577767699957	0.004443775862455368	0.010271727107465267	0.008532209321856499	0.017644263803958893	0.014742334373295307	0.13297832012176514	0.016935216262936592	0.22112564742565155	0.02572244592010975	0.03488480672240257	chicken	nli		2022	United States
ERR2197355	0.6794542670249939	0.016438238322734833	0.005072475876659155	0.0061786179430782795	0.006082827225327492	0.003874039277434349	0.004246497992426157	0.006812443025410175	0.009513722732663155	0.02137678489089012	0.018572473898530006	0.070126011967659	0.021565495058894157	0.042679209262132645	0.0626460611820221	0.02536078169941902	chicken	nli		2014	United Kingdom
SRR2920319	0.4163893461227417	0.008039405569434166	0.021201707422733307	0.027383513748645782	0.012306609191000462	0.007493549957871437	0.007883910089731216	0.012872050516307354	0.010608959943056107	0.02287978120148182	0.016870493069291115	0.14122043550014496	0.023262791335582733	0.19678446650505066	0.046467337757349014	0.028335653245449066	chicken	nli		2015	United States
SRR13187284	0.5116444826126099	0.005968276411294937	0.010393137112259865	0.009725384414196014	0.008334826678037643	0.004776948597282171	0.008367447182536125	0.010639604181051254	0.009407773613929749	0.025723259896039963	0.016112934798002243	0.11820495873689651	0.017627602443099022	0.17690597474575043	0.03245380148291588	0.033713676035404205	chicken	nli		2020	United States
SRR16026962	0.5085956454277039	0.005508336238563061	0.00876798015087843	0.00881950557231903	0.007967758923768997	0.005266367457807064	0.005562391597777605	0.008871334604918957	0.00826899241656065	0.01937677338719368	0.014385541900992393	0.1365528702735901	0.029230361804366112	0.1660466194152832	0.03623595088720322	0.03054354153573513	chicken	nli		2021	United States
ERR11204032	0.5969330072402954	0.008390972390770912	0.01171817071735859	0.014697880484163761	0.013713316060602665	0.006902225781232119	0.004903979133814573	0.009582790546119213	0.010837537236511707	0.0206666961312294	0.017729027196764946	0.12288370728492737	0.026150677353143692	0.04826314002275467	0.060064446181058884	0.026562493294477463	chicken	nli		2021	Sweden
SRR13849948	0.4592154920101166	0.007786341477185488	0.013934982009232044	0.014209823682904243	0.010355598293244839	0.006595287937670946	0.007546779699623585	0.012887750752270222	0.011088257655501366	0.021352313458919525	0.016023408621549606	0.14446328580379486	0.024914678186178207	0.18302039802074432	0.036109309643507004	0.030496301129460335	chicken	nli		2021	United States
SRR24111455	0.5469355583190918	0.005575563758611679	0.008892340585589409	0.008534994907677174	0.00659533217549324	0.00435924855992198	0.008096568286418915	0.010037058033049107	0.008534994907677174	0.02498794160783291	0.015245018526911736	0.11074768751859665	0.017173945903778076	0.1636594980955124	0.03352658823132515	0.027097681537270546	chicken	nli		2023	United States
SRR18776851	0.4739101529121399	0.0057708220556378365	0.010951096192002296	0.012288624420762062	0.008154074661433697	0.004609895404428244	0.0035901900846511126	0.010470038279891014	0.007541286293417215	0.015579854138195515	0.014061487279832363	0.11217259615659714	0.017792752012610435	0.24181334674358368	0.027396950870752335	0.03389685973525047	chicken	nli		2022	United States
SRR6741488	0.02597638964653015	0.005612305365502834	0.042869675904512405	0.04840013012290001	0.018967652693390846	0.015770871192216873	0.0035189567133784294	0.5166793465614319	0.012056572362780571	0.017169345170259476	0.009744659066200256	0.12374502420425415	0.04883931949734688	0.05669611319899559	0.02567375637590885	0.02827983722090721	dog	nli		2018	United States
ERR4224593	0.0025259198155254126	0.0038290659431368113	0.005316132213920355	0.006178876385092735	0.008920250460505486	0.0035068923607468605	0.0020020734518766403	0.7100086212158203	0.0024196829181164503	0.015352721326053143	0.00953272171318531	0.0975547581911087	0.01490945927798748	0.06207868829369545	0.020943736657500267	0.03492036089301109	dog	nli		2018	Netherlands
SRR8787372	NA	NA	NA	NA	NA	NA	NA	NA	NA	NA	NA	NA	NA	NA	NA	NA	dog	host_tax_id	host_tax_id=9615; Canis lupus familiaris	1979	United States
SRR23097466	0.06933435052633286	0.029570216313004494	0.04246091842651367	0.029125990346074104	0.036675162613391876	0.015866486355662346	0.014070662669837475	0.25959715247154236	0.023888299241662025	0.02779221720993519	0.014460714533925056	0.15120002627372742	0.09525594860315323	0.08258067816495895	0.09066115319728851	0.017459992319345474	dog	nli		2022	United States
ERR4224589	0.00251246546395123	0.0038686483167111874	0.005423795431852341	0.006254954729229212	0.009047736413776875	0.003515571355819702	0.0020109519828110933	0.7145515084266663	0.002439925679937005	0.0152262719348073	0.009668960236012936	0.09446388483047485	0.014844533987343311	0.06053246185183525	0.02075096219778061	0.03488733619451523	dog	nli		2018	Netherlands
ERR4224545	0.002563818823546171	0.003909356892108917	0.005448848009109497	0.006283846218138933	0.009214651770889759	0.0035249183420091867	0.0019850388634949923	0.7192555069923401	0.002329828916117549	0.015192392282187939	0.00990520603954792	0.08873791992664337	0.014638942666351795	0.06041805446147919	0.02048356644809246	0.0361081063747406	dog	nli		2018	Netherlands
SRR28564537	NA	NA	NA	NA	NA	NA	NA	NA	NA	NA	NA	NA	NA	NA	NA	NA	dog	host_tax_id	host_tax_id=9615; Canis lupus familiaris	2022	United States
ERR4224318	0.0022914737928658724	0.0032759797759354115	0.004512852989137173	0.005704781506210566	0.00784333422780037	0.0031320734415203333	0.0019071337301284075	0.7270249724388123	0.0023230176884680986	0.014567668549716473	0.008547180332243443	0.09356608241796494	0.014811532571911812	0.05789119750261307	0.020563775673508644	0.03203697130084038	dog	nli		2016	Netherlands
SRR12623862	NA	NA	NA	NA	NA	NA	NA	NA	NA	NA	NA	NA	NA	NA	NA	NA	dog	host_tax_id	host_tax_id=9615; Canis lupus familiaris	2019	Peru
SRR8787352	NA	NA	NA	NA	NA	NA	NA	NA	NA	NA	NA	NA	NA	NA	NA	NA	dog	host_tax_id	host_tax_id=9615; Canis lupus familiaris	1979	United States
SRR6219838	0.01306173112243414	0.005739780608564615	0.01945539005100727	0.02897871658205986	0.01852823980152607	0.016351111233234406	0.002770161023363471	0.711060106754303	0.025976352393627167	0.008942188695073128	0.00787605531513691	0.00707385316491127	0.006242653355002403	0.038017481565475464	0.0464664064347744	0.04345973581075668	dog	nli		2017	United States
ERR4224322	0.002345382934436202	0.0033793486654758453	0.0047936514019966125	0.005907819140702486	0.008138365112245083	0.0032881966326385736	0.0019443909404799342	0.7226445078849792	0.002391641493886709	0.01495413389056921	0.008920804597437382	0.09509165585041046	0.015159987844526768	0.05752834677696228	0.021150581538677216	0.03236120939254761	dog	nli		2016	Netherlands
SRR27989230	NA	NA	NA	NA	NA	NA	NA	NA	NA	NA	NA	NA	NA	NA	NA	NA	dog	host_tax_id	host_tax_id=9615; Canis lupus familiaris	2023	United States
SRR6171586	0.005915496964007616	0.0029513509944081306	0.008590202778577805	0.027140118181705475	0.008623825386166573	0.012233010493218899	0.0025842892937362194	0.7612771391868591	0.018435798585414886	0.0184538122266531	0.01058678887784481	0.009887264110147953	0.005210221745073795	0.02442346327006817	0.05717577040195465	0.02651141956448555	dog	nli			United States
SRR8397531	NA	NA	NA	NA	NA	NA	NA	NA	NA	NA	NA	NA	NA	NA	NA	NA	dog	host_tax_id	host_tax_id=9615; Canis lupus familiaris	2018	United States
ERR4224535	0.002364744432270527	0.0035085445269942284	0.004909336566925049	0.005968235433101654	0.008351062424480915	0.003374134423211217	0.00196044216863811	0.7201215624809265	0.002374000148847699	0.014858330599963665	0.00915395189076662	0.09496810287237167	0.014931058511137962	0.058522436767816544	0.02068927325308323	0.03394469618797302	dog	nli		2017	Netherlands
ERR4224519	0.002444794401526451	0.003801391925662756	0.005165531765669584	0.006146213039755821	0.008942686952650547	0.0034679737873375416	0.0019837256986647844	0.7173771262168884	0.002355732722207904	0.015152717009186745	0.009566036984324455	0.09171783179044724	0.014529596082866192	0.06126342713832855	0.020211784169077873	0.0358734093606472	dog	nli		2018	Netherlands
SRR13042628	NA	NA	NA	NA	NA	NA	NA	NA	NA	NA	NA	NA	NA	NA	NA	NA	dog	host_tax_id	host_tax_id=9615; Canis lupus familiaris	2020	United States
SRR8041688	NA	NA	NA	NA	NA	NA	NA	NA	NA	NA	NA	NA	NA	NA	NA	NA	dog	host_tax_id	host_tax_id=9615; Canis lupus familiaris	2018	United States
SRR6814034	NA	NA	NA	NA	NA	NA	NA	NA	NA	NA	NA	NA	NA	NA	NA	NA	dog	host_tax_id	host_tax_id=9615; Canis lupus familiaris	2018	United States
SRR6297976	0.01285227108746767	0.00568092567846179	0.018645239993929863	0.029563138261437416	0.018572550266981125	0.01553310640156269	0.0027417559176683426	0.7106753587722778	0.025584764778614044	0.008937351405620575	0.007995758205652237	0.0072235651314258575	0.006325164344161749	0.03878418728709221	0.04641859605908394	0.0444662906229496	dog	nli		2017	United States
SRR10537310	0.0022260211408138275	0.002378861652687192	0.002863856265321374	0.0038688224740326405	0.003691656282171607	0.002046705689281225	0.0021449290215969086	0.7787092328071594	0.001457011909224093	0.009937440976500511	0.011172965168952942	0.020450130105018616	0.01659339666366577	0.10754413902759552	0.009012867696583271	0.025901928544044495	dog	nli		2019	Australia
SRR28564533	NA	NA	NA	NA	NA	NA	NA	NA	NA	NA	NA	NA	NA	NA	NA	NA	dog	host_tax_id	host_tax_id=9615; Canis lupus familiaris	2023	United States
SRR6903158	NA	NA	NA	NA	NA	NA	NA	NA	NA	NA	NA	NA	NA	NA	NA	NA	dog	host_tax_id	host_tax_id=9615; Canis lupus familiaris	2018	United States
SRR7066541	0.003938988316804171	0.0035102576948702335	0.005447423085570335	0.008035060949623585	0.004614146426320076	0.0025933622382581234	0.0033823817502707243	0.6108608245849609	0.003049764782190323	0.007104778662323952	0.00789505336433649	0.08920339494943619	0.04134692996740341	0.15135158598423004	0.018500521779060364	0.03916560485959053	dog	nli		2018	United States
SRR8388781	0.030708283185958862	0.005407116375863552	0.03574419394135475	0.027245912700891495	0.02189270593225956	0.022411877289414406	0.003955930937081575	0.5646203756332397	0.021198425441980362	0.014555230736732483	0.010361598804593086	0.04358138144016266	0.0686468854546547	0.04022754356265068	0.06243506819009781	0.02700749784708023	dog	nli		2018	United States
SRR12488030	NA	NA	NA	NA	NA	NA	NA	NA	NA	NA	NA	NA	NA	NA	NA	NA	dog	host_tax_id	host_tax_id=9615; Canis lupus familiaris	2019	Peru
SRR8041470	NA	NA	NA	NA	NA	NA	NA	NA	NA	NA	NA	NA	NA	NA	NA	NA	dog	host_tax_id	host_tax_id=9615; Canis lupus familiaris	2018	United States
SRR9831452	0.0037170571740716696	0.0033384624402970076	0.005450704135000706	0.007961767725646496	0.004414114635437727	0.0024093054234981537	0.003166972193866968	0.6418145298957825	0.0028333161026239395	0.007567552383989096	0.008327579125761986	0.09133195877075195	0.04137182608246803	0.1301381140947342	0.018529750406742096	0.027626944705843925	dog	nli		2019	United States
SRR7499466	0.022797375917434692	0.01304039265960455	0.025136014446616173	0.03316998481750488	0.04158417508006096	0.047006137669086456	0.01466170884668827	0.30592045187950134	0.0213952474296093	0.030083870515227318	0.014210615307092667	0.18902508914470673	0.06746483594179153	0.09144004434347153	0.056977760046720505	0.026086319237947464	dog	nli		2018	United States
ERR4224610	0.002434478374198079	0.0037266649305820465	0.005204366985708475	0.006144231650978327	0.008801206015050411	0.00334056094288826	0.0019220731919631362	0.7185479998588562	0.002295931801199913	0.015074050053954124	0.009675678797066212	0.0926106721162796	0.014898431487381458	0.06079676002264023	0.02032400667667389	0.03420290723443031	dog	nli		2018	Netherlands
SRR7705338	0.022393837571144104	0.013242021203041077	0.024909047409892082	0.031121140345931053	0.04200093820691109	0.048224907368421555	0.015093355439603329	0.2987496852874756	0.022393837571144104	0.03145725280046463	0.014657581225037575	0.19147972762584686	0.06543461233377457	0.09379943460226059	0.05805683881044388	0.026985760778188705	dog	nli		2018	United States
ERR4224522	0.0024993799161165953	0.0038786830846220255	0.005437864456325769	0.00623454200103879	0.009088939987123013	0.0035384856164455414	0.0020359542686492205	0.7220239639282227	0.0023942592088133097	0.014970500953495502	0.009637407027184963	0.09008552879095078	0.014396990649402142	0.05894266068935394	0.02038247510790825	0.03445236757397652	dog	nli		2018	Netherlands
ERR4224557	0.0025703799910843372	0.003973314538598061	0.005430877208709717	0.006190153770148754	0.009015421383082867	0.0036319030914455652	0.002053292002528906	0.7168833613395691	0.0023911825846880674	0.01547112688422203	0.009662693366408348	0.09239611029624939	0.015261047519743443	0.05885973572731018	0.021395793184638023	0.034813690930604935	dog	nli		2018	Netherlands
ERR4224515	0.0025393383111804724	0.0038871837314218283	0.005428534932434559	0.006297210231423378	0.009144509211182594	0.0035601200070232153	0.0020048622973263264	0.7179750800132751	0.0023854877799749374	0.015329133719205856	0.009772378019988537	0.09043736010789871	0.014344246126711369	0.06002771854400635	0.020487073808908463	0.036379776895046234	dog	nli		2018	Netherlands
SRR29692399	NA	NA	NA	NA	NA	NA	NA	NA	NA	NA	NA	NA	NA	NA	NA	NA	dog	host_tax_id	host_tax_id=9615; Canis lupus familiaris	2023	Canada
ERR4224317	0.002291937591508031	0.003289467189460993	0.004620807245373726	0.005773194599896669	0.007968460209667683	0.0031758309341967106	0.0018852961948141456	0.725753128528595	0.0023009078577160835	0.01452798955142498	0.008872113190591335	0.09292474389076233	0.014699242077767849	0.05861048400402069	0.02079007402062416	0.03251628950238228	dog	nli		2016	Netherlands
ERR4224517	0.0025377164129167795	0.003930492326617241	0.0054356735199689865	0.006330170203000307	0.0092013543471694	0.003599784802645445	0.0020035821944475174	0.7189192175865173	0.00239797355607152	0.015728643164038658	0.010076146572828293	0.08845856040716171	0.014804579317569733	0.05998571589589119	0.02067491039633751	0.03591543063521385	dog	nli		2018	Netherlands
SRR10537322	0.0023375428281724453	0.0025029240641742945	0.003030919237062335	0.004102515522390604	0.004274281207472086	0.0021745783742517233	0.002195918234065175	0.7711851000785828	0.0014829334104433656	0.010114237666130066	0.011894230730831623	0.022417515516281128	0.016209926456212997	0.109564408659935	0.009445937350392342	0.02706710249185562	dog	nli		2018	Australia
SRR6289217	NA	NA	NA	NA	NA	NA	NA	NA	NA	NA	NA	NA	NA	NA	NA	NA	dog	host_tax_id	host_tax_id=9615; Canis lupus familiaris	2017	United States
ERR4224324	0.0022744834423065186	0.00324534485116601	0.004576670005917549	0.005740430671721697	0.007892346940934658	0.0030906875617802143	0.0018892993684858084	0.7258751392364502	0.0022878497838974	0.01433312427252531	0.008684993721544743	0.09428879618644714	0.014933229424059391	0.05818900093436241	0.021100401878356934	0.03159821406006813	dog	nli		2016	Netherlands
ERR4224574	0.002514403546229005	0.003804171225056052	0.0052918940782547	0.006247565615922213	0.00875900685787201	0.0034367821644991636	0.002008576411753893	0.7179015874862671	0.0023713083937764168	0.015001773834228516	0.00950781162828207	0.09223414957523346	0.015223143622279167	0.059820424765348434	0.021217962726950645	0.03465946018695831	dog	nli		2018	Netherlands
SRR6171587	0.005938385147601366	0.0030330303125083447	0.008984490297734737	0.027728281915187836	0.008966958150267601	0.012547031976282597	0.0025640642270445824	0.7538453936576843	0.019020166248083115	0.019169343635439873	0.010858550667762756	0.010220606811344624	0.005375372711569071	0.025001533329486847	0.05942172184586525	0.027325065806508064	dog	nli			United States
SRR6232416	0.005660675931721926	0.002913866424933076	0.006841428577899933	0.041461046785116196	0.005794915836304426	0.005348963662981987	0.001967773772776127	0.8206575512886047	0.004548481199890375	0.003734178375452757	0.006439492106437683	0.0062291910871863365	0.004832386039197445	0.0476050078868866	0.016702773049473763	0.01926235854625702	dog	nli		2007	United States
ERR4224556	0.0024386548902839422	0.0036537114065140486	0.005102485418319702	0.00594215327873826	0.008612073957920074	0.003452514298260212	0.00202566827647388	0.7254260182380676	0.002331529976800084	0.01442251168191433	0.009051858447492123	0.08978371322154999	0.014750119298696518	0.05868068337440491	0.021005135029554367	0.033321164548397064	dog	nli		2018	Netherlands
SRR27150577	NA	NA	NA	NA	NA	NA	NA	NA	NA	NA	NA	NA	NA	NA	NA	NA	dog	host_tax_id	host_tax_id=9615; Canis lupus familiaris	2023	United States
SRR9831419	0.0036882723215967417	0.0032868308480829	0.005440277047455311	0.008024520240724087	0.004379931837320328	0.002390648005530238	0.003117992542684078	0.6418392062187195	0.002883671782910824	0.007627199403941631	0.008279246278107166	0.09039543569087982	0.042354561388492584	0.13087595999240875	0.018243174999952316	0.027173124253749847	dog	nli		2019	United States
SRR10611149	0.02157984860241413	0.005914023146033287	0.14561115205287933	0.09228531271219254	0.03515606373548508	0.08534995466470718	0.0063077532686293125	0.4142003655433655	0.06524864584207535	0.01699621044099331	0.006968422327190638	0.02221057564020157	0.011865267530083656	0.017587177455425262	0.02795368619263172	0.02476559206843376	dog	nli		2018	United States
SRR10898003	0.021052120253443718	0.005972918123006821	0.1481422632932663	0.08943699300289154	0.03897685557603836	0.08655841648578644	0.0064330860041081905	0.4211946129798889	0.05372238531708717	0.017469871789216995	0.007148647215217352	0.021869372576475143	0.011995134875178337	0.01743578352034092	0.028218278661370277	0.024373235180974007	dog	nli		2018	United States
SRR9029459	NA	NA	NA	NA	NA	NA	NA	NA	NA	NA	NA	NA	NA	NA	NA	NA	dog	host_tax_id	host_tax_id=9615; Canis lupus familiaris	2019	United States
SRR6080585	NA	NA	NA	NA	NA	NA	NA	NA	NA	NA	NA	NA	NA	NA	NA	NA	dog	host_tax_id	host_tax_id=9615; Canis lupus familiaris	2017	United States
SRR12488025	NA	NA	NA	NA	NA	NA	NA	NA	NA	NA	NA	NA	NA	NA	NA	NA	dog	host_tax_id	host_tax_id=9615; Canis lupus familiaris	2019	Peru
ERR4224523	0.0024795280769467354	0.0036218122113496065	0.004999011289328337	0.006112964823842049	0.008290410041809082	0.003362738760188222	0.0019768518395721912	0.7134965062141418	0.0024315693881362677	0.014968076720833778	0.009158741682767868	0.09873054921627045	0.015594768337905407	0.05942796543240547	0.021253161132335663	0.03409538045525551	dog	nli		2017	Netherlands
SRR6058449	0.0053866589441895485	0.0028054993599653244	0.00667766947299242	0.045389141887426376	0.005722879897803068	0.005460809916257858	0.0019357363926246762	0.816015362739563	0.004491940140724182	0.0037825927138328552	0.006625703535974026	0.006384334061294794	0.004991584457457066	0.04881447181105614	0.016640760004520416	0.018874870613217354	dog	nli		2014	United States
SRR10537312	0.002234834711998701	0.0025672600604593754	0.0029897296335548162	0.004046762827783823	0.0040626018308103085	0.002149219624698162	0.002234834711998701	0.7848522663116455	0.001654313295148313	0.009996291249990463	0.011963996104896069	0.01882200501859188	0.01638481207191944	0.09958197921514511	0.009707679972052574	0.02675146423280239	dog	nli		2018	Australia
SRR10537313	0.002356057520955801	0.002592681674286723	0.003096979111433029	0.004086835775524378	0.004151193890720606	0.002196087036281824	0.0022613771725445986	0.7849212884902954	0.0015941881574690342	0.010334680788218975	0.012106087058782578	0.01982358656823635	0.015727756544947624	0.09933880716562271	0.009354858659207821	0.026057615876197815	dog	nli		2018	Australia
ERR4224605	0.0024677992332726717	0.003807300701737404	0.00524477893486619	0.006131766829639673	0.008791932836174965	0.003386283293366432	0.0019598305225372314	0.7227145433425903	0.0023410331923514605	0.014911829493939877	0.009450807236135006	0.08903416246175766	0.014594875276088715	0.060081955045461655	0.020342284813523293	0.03473883122205734	dog	nli		2018	Netherlands
SRR24886328	0.006695864722132683	0.0055946046486496925	0.010150325484573841	0.012279552407562733	0.009442683309316635	0.004173829220235348	0.006976209580898285	0.7313188314437866	0.003669031197205186	0.012756249867379665	0.012412172742187977	0.06478159129619598	0.03800882026553154	0.029543543234467506	0.026302240788936615	0.025894464924931526	dog	nli		2022	United States
ERR4224579	0.0025808634236454964	0.0038819091860204935	0.005593255162239075	0.006412698421627283	0.008972978219389915	0.0036112768575549126	0.0020217900164425373	0.7142056226730347	0.0023915746714919806	0.015056289732456207	0.0096266008913517	0.09736774861812592	0.015115218237042427	0.05890532582998276	0.02045927569270134	0.03379759564995766	dog	nli		2018	Netherlands
SRR6252248	0.0055531468242406845	0.003529794979840517	0.011596379801630974	0.016611048951745033	0.0084675382822752	0.005467053968459368	0.0019191163592040539	0.8603450059890747	0.008668339811265469	0.004232871346175671	0.005707086063921452	0.004479542840272188	0.003502326086163521	0.02324303425848484	0.017873337492346764	0.018804408609867096	dog	nli		2009	United States
ERR4224597	0.0024254487361758947	0.0036839491222053766	0.005235947668552399	0.0061454009264707565	0.008863263763487339	0.003427117830142379	0.001983463764190674	0.7130918502807617	0.002406573388725519	0.015269544906914234	0.009583472274243832	0.09653004258871078	0.014915825799107552	0.06062488630414009	0.021014152094721794	0.03479906916618347	dog	nli		2018	Netherlands
SRR6902729	NA	NA	NA	NA	NA	NA	NA	NA	NA	NA	NA	NA	NA	NA	NA	NA	dog	host_tax_id	host_tax_id=9615; Canis lupus familiaris	2018	United States
SRR5935033	0.0038770257961004972	0.002955252304673195	0.008468203246593475	0.0433000773191452	0.007285803556442261	0.016906948760151863	0.002136919414624572	0.805918276309967	0.0066079371608793736	0.007285803556442261	0.008618375286459923	0.007590848486870527	0.003907433710992336	0.017683755606412888	0.030228324234485626	0.027229124680161476	dog	nli		2017	United States
ERR4224590	0.002503517083823681	0.003839840879663825	0.005341514013707638	0.0062570711597800255	0.00891047716140747	0.003421901958063245	0.001942139700986445	0.7175909280776978	0.00236565712839365	0.014878586865961552	0.009568885900080204	0.09219423681497574	0.014893123880028725	0.060564033687114716	0.020879967138171196	0.034848056733608246	dog	nli		2018	Netherlands
SRR5579133	0.005595928058028221	0.0033349613659083843	0.008205885998904705	0.012561454437673092	0.006593614351004362	0.005751052405685186	0.0020951335318386555	0.8452371954917908	0.00676317373290658	0.0038385167717933655	0.005898944567888975	0.006254913285374641	0.005125092808157206	0.04581347107887268	0.018384212628006935	0.01854650303721428	dog	nli		2017	United States
SRR7660681	NA	NA	NA	NA	NA	NA	NA	NA	NA	NA	NA	NA	NA	NA	NA	NA	dog	host_tax_id	host_tax_id=9615; Canis lupus familiaris	2018	United States
SRR8260220	0.03317030891776085	0.006174961570650339	0.034474827349185944	0.03087286837399006	0.020011037588119507	0.021594874560832977	0.0045888423919677734	0.5340362191200256	0.020128633826971054	0.01655736193060875	0.011902551166713238	0.0543292760848999	0.08109875023365021	0.040979865938425064	0.06050519645214081	0.029574396088719368	dog	nli		2018	United States
SRR22974871	0.013890559785068035	0.006749914027750492	0.03755619376897812	0.27041542530059814	0.016608593985438347	0.014815331436693668	0.0032386439852416515	0.41354405879974365	0.03728213161230087	0.023977307602763176	0.014557181857526302	0.03648969158530235	0.011481990106403828	0.040707189589738846	0.023058749735355377	0.035627007484436035	dog	nli		2022	United States
SRR28564534	NA	NA	NA	NA	NA	NA	NA	NA	NA	NA	NA	NA	NA	NA	NA	NA	dog	host_tax_id	host_tax_id=9615; Canis lupus familiaris	2023	United States
ERR4224537	0.0023228819482028484	0.0034599220380187035	0.004710715264081955	0.005862579680979252	0.008251430466771126	0.003256650175899267	0.0019219788955524564	0.7185128331184387	0.0023686964996159077	0.014524202793836594	0.008948101662099361	0.09795495122671127	0.015250991098582745	0.0586918443441391	0.020845633000135422	0.03311661630868912	dog	nli		2017	Netherlands
ERR4224320	0.0022848830558359623	0.0032665571197867393	0.004588624928146601	0.005766676738858223	0.007975025102496147	0.0031598780769854784	0.0018868492916226387	0.7263510823249817	0.00229382561519742	0.01461112778633833	0.008673732168972492	0.09414352476596832	0.014696992002427578	0.057971835136413574	0.020524661988019943	0.03180474787950516	dog	nli		2016	Netherlands
SRR6289215	NA	NA	NA	NA	NA	NA	NA	NA	NA	NA	NA	NA	NA	NA	NA	NA	dog	host_tax_id	host_tax_id=9615; Canis lupus familiaris	2017	United States
ERR4224588	0.002513115992769599	0.003877215785905719	0.00546775059774518	0.006305645685642958	0.008997206576168537	0.0035027721896767616	0.0019880386535078287	0.7175340056419373	0.002402720507234335	0.015245096758008003	0.009718804620206356	0.09138024598360062	0.014790489338338375	0.06082594394683838	0.020315159112215042	0.03513573855161667	dog	nli		2018	Netherlands
SRR6813834	NA	NA	NA	NA	NA	NA	NA	NA	NA	NA	NA	NA	NA	NA	NA	NA	dog	host_tax_id	host_tax_id=9615; Canis lupus familiaris	2018	United States
ERR4224559	0.002744166413322091	0.00430875550955534	0.006318371742963791	0.00709007540717721	0.010116469115018845	0.004055614583194256	0.001992051023989916	0.7023270130157471	0.0023702438920736313	0.015760773792862892	0.011352058500051498	0.09671157598495483	0.015171797014772892	0.06276073306798935	0.020596109330654144	0.03632423281669617	dog	nli		2018	Netherlands
SRR7242753	NA	NA	NA	NA	NA	NA	NA	NA	NA	NA	NA	NA	NA	NA	NA	NA	dog	host_tax_id	host_tax_id=9615; Canis lupus familiaris	2013	United States
SRR6354173	0.003641618648543954	0.002706221304833889	0.004648613277822733	0.0072563826106488705	0.0038089368026703596	0.002050758106634021	0.0029261228628456593	0.5253727436065674	0.002444867044687271	0.00706065446138382	0.006619928404688835	0.15133245289325714	0.04401875287294388	0.1752917468547821	0.0170371625572443	0.04378296062350273	dog	nli		2017	United States
ERR4224510	0.002490697428584099	0.00385766732506454	0.005366312339901924	0.006310722324997187	0.009092816151678562	0.0035677591804414988	0.0019818823784589767	0.7223318219184875	0.0023397936020046473	0.014933071099221706	0.00962270237505436	0.08722324669361115	0.014069480821490288	0.060986485332250595	0.020055435597896576	0.03577014058828354	dog	nli		2018	Netherlands
SRR6269843	NA	NA	NA	NA	NA	NA	NA	NA	NA	NA	NA	NA	NA	NA	NA	NA	dog	host_tax_id	host_tax_id=9615; Canis lupus familiaris	2017	United States
SRR7213803	0.029434900730848312	0.00543163251131773	0.03602919355034828	0.02596352994441986	0.02233828790485859	0.023686280474066734	0.003912258427590132	0.5716286897659302	0.021398771554231644	0.014352432452142239	0.010029401630163193	0.04423019662499428	0.0673360526561737	0.0359237939119339	0.06367471814155579	0.024629833176732063	dog	nli		2018	United States
SRR6252251	0.0059613632038235664	0.0035876119509339333	0.008690690621733665	0.013779607601463795	0.007162742782384157	0.006031633820384741	0.0022494595032185316	0.8368419408798218	0.006611528806388378	0.003947923891246319	0.006308764684945345	0.006509026046842337	0.005470454692840576	0.04873383045196533	0.018963685259222984	0.01914978213608265	dog	nli		2007	United States
ERR4224548	0.002602265914902091	0.004014754667878151	0.005530558526515961	0.006365633569657803	0.009180895984172821	0.003627028316259384	0.0020465347915887833	0.713129997253418	0.002397319534793496	0.015315163880586624	0.009763472713530064	0.09469117224216461	0.015136736445128918	0.060159992426633835	0.02068946696817875	0.03534896671772003	dog	nli		2018	Netherlands
SRR6814032	NA	NA	NA	NA	NA	NA	NA	NA	NA	NA	NA	NA	NA	NA	NA	NA	dog	host_tax_id	host_tax_id=9615; Canis lupus familiaris	2018	United States
SRR6814049	NA	NA	NA	NA	NA	NA	NA	NA	NA	NA	NA	NA	NA	NA	NA	NA	dog	host_tax_id	host_tax_id=9615; Canis lupus familiaris	2018	United States
ERR4224316	0.002259414177387953	0.0032427883706986904	0.00450216606259346	0.0056912717409431934	0.007870742119848728	0.0031862843316048384	0.0018951997626572847	0.7309919595718384	0.00229948153719306	0.014405996538698673	0.008661218918859959	0.08961524814367294	0.01427993644028902	0.058313753455877304	0.020635638386011124	0.03214891999959946	dog	nli		2016	Netherlands
ERR4224511	0.00249684345908463	0.00382213294506073	0.005234450101852417	0.00609583267942071	0.00869783479720354	0.003514243056997657	0.001982896588742733	0.7128879427909851	0.0023778558243066072	0.015043196268379688	0.009469112381339073	0.0970221608877182	0.014651731587946415	0.06082247942686081	0.02056160941720009	0.03531971573829651	dog	nli		2018	Netherlands
SRR11101933	0.007986243814229965	0.004359039478003979	0.0062318523414433	0.007786020170897245	0.00724320812150836	0.004007899668067694	0.0037067015655338764	0.857054591178894	0.00329037569463253	0.012490721419453621	0.007725428324192762	0.010642226785421371	0.005166387185454369	0.015882540494203568	0.012539608404040337	0.033887047320604324	dog	nli			Sweden
SRR28564535	NA	NA	NA	NA	NA	NA	NA	NA	NA	NA	NA	NA	NA	NA	NA	NA	dog	host_tax_id	host_tax_id=9615; Canis lupus familiaris	2023	United States
ERR4224533	0.002383668441325426	0.003529720939695835	0.004871902521699667	0.005957532208412886	0.008336086757481098	0.003335351822897792	0.0019569264259189367	0.7202355265617371	0.002369742840528488	0.015079967677593231	0.00916434545069933	0.09346490353345871	0.01487520057708025	0.059395406395196915	0.02097739651799202	0.03406630456447601	dog	nli		2017	Netherlands
ERR4224315	0.0023948776070028543	0.003484525950625539	0.0051800585351884365	0.006321996916085482	0.008708919398486614	0.0034305034205317497	0.001898207818157971	0.7165900468826294	0.0022986370604485273	0.01462748646736145	0.010151972994208336	0.09627221524715424	0.014372608624398708	0.06012072414159775	0.02064821496605873	0.03349900245666504	dog	nli		2016	Netherlands
ERR4224532	0.002405035775154829	0.0035683237947523594	0.004905982408672571	0.00598750077188015	0.00836167298257351	0.0033652500715106726	0.0019476572051644325	0.7196295857429504	0.00236774911172688	0.015008539892733097	0.009138769470155239	0.09343188256025314	0.014819206669926643	0.05972699075937271	0.021331438794732094	0.034004420042037964	dog	nli		2017	Netherlands
SRR7660781	NA	NA	NA	NA	NA	NA	NA	NA	NA	NA	NA	NA	NA	NA	NA	NA	dog	host_tax_id	host_tax_id=9615; Canis lupus familiaris	2018	United States
SRR10537320	0.002305486937984824	0.0024446104653179646	0.0029835221357643604	0.004054166376590729	0.004199230577796698	0.002144757192581892	0.0022042118944227695	0.7786469459533691	0.0015599706675857306	0.010393194854259491	0.012222282588481903	0.021221578121185303	0.015225738286972046	0.10390307754278183	0.009612134657800198	0.02687903679907322	dog	nli		2018	Australia
SRR6366583	0.009301424026489258	0.004480338655412197	0.014776795171201229	0.025432471185922623	0.015305531211197376	0.011873489245772362	0.00318324682302773	0.672779381275177	0.022664332762360573	0.009301424026489258	0.006805066484957933	0.008568872697651386	0.006912230513989925	0.0701870322227478	0.051879167556762695	0.066549152135849	dog	nli		2017	United States
ERR4224547	0.0025783402379602194	0.00400904193520546	0.005458347499370575	0.006307107862085104	0.00918575469404459	0.003600707510486245	0.0020476181525737047	0.7163000106811523	0.0023939081002026796	0.015189181081950665	0.009826045483350754	0.09304501116275787	0.015070979483425617	0.05860044062137604	0.021295038983225822	0.035092443227767944	dog	nli		2018	Netherlands
ERR4224603	0.0025122168008238077	0.0038231988437473774	0.005370554514229298	0.0062543353997170925	0.00887185800820589	0.00349468644708395	0.0019526989199221134	0.7158777117729187	0.0023924964480102062	0.01546451821923256	0.009649138897657394	0.09484737366437912	0.014915716834366322	0.05923816189169884	0.020587440580129623	0.034747883677482605	dog	nli		2018	Netherlands
SRR24684368	0.06526497006416321	0.02931685373187065	0.03751514106988907	0.029345499351620674	0.031544674187898636	0.016736898571252823	0.014828070066869259	0.30016565322875977	0.025051558390259743	0.022565988823771477	0.015722861513495445	0.14500895142555237	0.08333264291286469	0.07022453844547272	0.09789662063121796	0.01547909900546074	dog	nli		2023	United States
SRR6171584	0.0059116254560649395	0.002995865885168314	0.008857084438204765	0.026858776807785034	0.008891750127077103	0.012514910660684109	0.0025927056558430195	0.756334125995636	0.01884222775697708	0.018915975466370583	0.010767477564513683	0.010194441303610802	0.005319886840879917	0.024937529116868973	0.05883708968758583	0.02722851000726223	dog	nli			United States
SRR8112791	0.008119339123368263	0.004431685898452997	0.020491905510425568	0.017493458464741707	0.011097820475697517	0.008676820434629917	0.0034920843318104744	0.6294426321983337	0.01756192557513714	0.007450724486261606	0.010425438173115253	0.06321204453706741	0.025904197245836258	0.12150279432535172	0.020412014797329903	0.030285075306892395	dog	nli		2018	United States
ERR4224619	0.002499517286196351	0.0038038718048483133	0.005374806933104992	0.0062227193266153336	0.008913634344935417	0.003490628907456994	0.0019850197713822126	0.7150465250015259	0.002399072051048279	0.015326360240578651	0.009694574400782585	0.09466789662837982	0.01523681916296482	0.059720877557992935	0.020603738725185394	0.03501393273472786	dog	nli		2018	Netherlands
ERR4224858	0.0040068612433969975	0.003929361701011658	0.007829745300114155	0.007603687234222889	0.03853936120867729	0.6659998297691345	0.0028081878554075956	0.005887161009013653	0.006291378289461136	0.019857745617628098	0.012210131622850895	0.07760969549417496	0.014429260976612568	0.07392247021198273	0.03500492125749588	0.02407025918364525	goat	nli		2016	Netherlands
SRR28406675	NA	NA	NA	NA	NA	NA	NA	NA	NA	NA	NA	NA	NA	NA	NA	NA	goat	host_tax_id	host_tax_id=9925; Capra hircus	2022	Ethiopia
SRR27218418	NA	NA	NA	NA	NA	NA	NA	NA	NA	NA	NA	NA	NA	NA	NA	NA	goat	host_tax_id	host_tax_id=9925; Capra hircus	2021	Ethiopia
SRR27218416	NA	NA	NA	NA	NA	NA	NA	NA	NA	NA	NA	NA	NA	NA	NA	NA	goat	host_tax_id	host_tax_id=9925; Capra hircus	2022	Ethiopia
ERR4224621	0.0042071957141160965	0.004452371969819069	0.00876854732632637	0.004452371969819069	0.03833138197660446	0.6317633986473083	0.002880287356674671	0.006567338481545448	0.006828952115029097	0.024210739880800247	0.012462619692087173	0.10032621771097183	0.016286099329590797	0.08566704392433167	0.030665073543787003	0.022130407392978668	goat	nli		2018	Netherlands
SRR28406655	NA	NA	NA	NA	NA	NA	NA	NA	NA	NA	NA	NA	NA	NA	NA	NA	goat	host_tax_id	host_tax_id=9925; Capra hircus	2022	Ethiopia
SRR11714421	0.017001233994960785	0.00969647616147995	0.044313691556453705	0.09933357685804367	0.029203882440924644	0.3649251163005829	0.003111309604719281	0.02485772967338562	0.034126125276088715	0.02040751464664936	0.03437699377536774	0.10085475444793701	0.022195450961589813	0.13770073652267456	0.02247902937233448	0.035416316241025925	goat	nli		2020	United States
SRR22867624	0.02243293821811676	0.016332345083355904	0.032259467989206314	0.05639640614390373	0.02903038077056408	0.15499481558799744	0.0061148833483457565	0.05920401215553284	0.3681100010871887	0.027592986822128296	0.024685930460691452	0.05394536256790161	0.017233556136488914	0.03207100182771683	0.04068034887313843	0.0589156374335289	cat	nli		2022	United States
ERR4224811	0.003766243113204837	0.0036718195769935846	0.007834209129214287	0.004217992071062326	0.04196023941040039	0.6522154211997986	0.0027500661090016365	0.005776583682745695	0.006197369657456875	0.020380010828375816	0.012324940413236618	0.08413320034742355	0.014493992552161217	0.08034417778253555	0.03608378767967224	0.02384992502629757	goat	nli		2016	Netherlands
SRR27218434	NA	NA	NA	NA	NA	NA	NA	NA	NA	NA	NA	NA	NA	NA	NA	NA	goat	host_tax_id	host_tax_id=9925; Capra hircus	2022	Ethiopia
SRR20114915	0.02525017224252224	0.011504062451422215	0.03583519905805588	0.07146717607975006	0.03266020119190216	0.44538992643356323	0.0026979842223227024	0.02811363711953163	0.0624718964099884	0.01802786998450756	0.04034965857863426	0.07463456690311432	0.01567818969488144	0.09039813280105591	0.014219498261809349	0.0313018374145031	goat	nli		2022	United States
SRR26678367	NA	NA	NA	NA	NA	NA	NA	NA	NA	NA	NA	NA	NA	NA	NA	NA	goat	host_tax_id	host_tax_id=9925; Capra hircus	2022	Ethiopia
SRR3210434	0.0049638887867331505	0.0037689588498324156	0.003957556560635567	0.3524415194988251	0.021207138895988464	0.26038211584091187	0.0021601079497486353	0.013638976961374283	0.14094655215740204	0.07044972479343414	0.012552549131214619	0.015304792672395706	0.004745835438370705	0.0450272336602211	0.023635180667042732	0.024817880243062973	cattle	nli		2015	United States
SRR27218417	NA	NA	NA	NA	NA	NA	NA	NA	NA	NA	NA	NA	NA	NA	NA	NA	goat	host_tax_id	host_tax_id=9925; Capra hircus	2021	Ethiopia
SRR27218419	NA	NA	NA	NA	NA	NA	NA	NA	NA	NA	NA	NA	NA	NA	NA	NA	goat	host_tax_id	host_tax_id=9925; Capra hircus	2021	Ethiopia
ERR4224900	0.0039384993724524975	0.0038322648033499718	0.00765119818970561	0.006028999574482441	0.04084020480513573	0.658484160900116	0.0027928140480071306	0.005843506660312414	0.006355466786772013	0.01929154433310032	0.012060556560754776	0.08439406752586365	0.01459049154073	0.07303920388221741	0.037587035447359085	0.023270048201084137	goat	nli		2016	Netherlands
ERR4224867	0.004107404500246048	0.004043724853545427	0.008394989185035229	0.004573200363665819	0.04594026878476143	0.648908257484436	0.002752200234681368	0.0062021794728934765	0.006653965916484594	0.020495658740401268	0.01300241332501173	0.08254978805780411	0.014748061075806618	0.07551189512014389	0.03700427711009979	0.025111807510256767	goat	nli		2016	Netherlands
ERR4224868	0.00433137034997344	0.004198108334094286	0.00833264458924532	0.005317281000316143	0.046737462282180786	0.6529555320739746	0.0029769043903797865	0.0063021061941981316	0.006734813563525677	0.02002805285155773	0.01238721888512373	0.07914482802152634	0.014425666071474552	0.0771370530128479	0.035253457725048065	0.02373749390244484	goat	nli		2016	Netherlands
ERR4224822	0.003872706089168787	0.00390308047644794	0.008150621317327023	0.004772822838276625	0.04163551703095436	0.6602545976638794	0.002838871907442808	0.006224934943020344	0.0065236748196184635	0.020133621990680695	0.012822727672755718	0.08381906896829605	0.014686980284750462	0.07154781371355057	0.03466907888650894	0.024143896996974945	goat	nli		2016	Netherlands
ERR4224818	0.0039040492847561836	0.003836022922769189	0.007840321399271488	0.005702590569853783	0.042198531329631805	0.6604184508323669	0.0028730484191328287	0.005724909249693155	0.006324532441794872	0.01959541253745556	0.012072382494807243	0.08006896823644638	0.01444875169545412	0.07451186329126358	0.03637740761041641	0.024102769792079926	goat	nli		2016	Netherlands
SRR15845037	0.010714702308177948	0.004401601385325193	0.020293256267905235	0.036035601049661636	0.010517727583646774	0.5576688051223755	0.009613980539143085	0.009938552975654602	0.015423227101564407	0.018713291734457016	0.014180818572640419	0.12920017540454865	0.00793919712305069	0.10394205898046494	0.028800316154956818	0.022616667672991753	goat	nli		2021	unknown
SRR26351330	NA	NA	NA	NA	NA	NA	NA	NA	NA	NA	NA	NA	NA	NA	NA	NA	goat	host_tax_id	host_tax_id=9925; Capra hircus	2021	Ethiopia
SRR18959245	0.025673437863588333	0.011651300825178623	0.04224574938416481	0.10283771902322769	0.035626642405986786	0.424588680267334	0.0026484443806111813	0.027841050177812576	0.05152103304862976	0.01766231842339039	0.036632128059864044	0.07387370616197586	0.015315347351133823	0.08647128194570541	0.016559837386012077	0.028851330280303955	goat	nli		2022	United States
SRR26351314	NA	NA	NA	NA	NA	NA	NA	NA	NA	NA	NA	NA	NA	NA	NA	NA	goat	host_tax_id	host_tax_id=9925; Capra hircus	2021	Ethiopia
SRR26351307	NA	NA	NA	NA	NA	NA	NA	NA	NA	NA	NA	NA	NA	NA	NA	NA	goat	host_tax_id	host_tax_id=9925; Capra hircus	2020	Ethiopia
ERR4224891	0.0036457418464124203	0.003596236929297447	0.0071519711054861546	0.0059873792342841625	0.037693869322538376	0.6603557467460632	0.0028062278870493174	0.005635617300868034	0.0060816663317382336	0.018824543803930283	0.011540974490344524	0.088847316801548	0.01441919058561325	0.07508683949708939	0.0358625203371048	0.022464120760560036	goat	nli		2016	Netherlands
ERR4224913	0.003971748054027557	0.003910171799361706	0.007761131972074509	0.005778859835118055	0.03807128220796585	0.6563067436218262	0.0029343089554458857	0.005927467253059149	0.0063592432998120785	0.02009156346321106	0.01199722196906805	0.08554397523403168	0.014457285404205322	0.0768497884273529	0.03613327443599701	0.02390597015619278	goat	nli		2016	Netherlands
SRR26351296	NA	NA	NA	NA	NA	NA	NA	NA	NA	NA	NA	NA	NA	NA	NA	NA	goat	host_tax_id	host_tax_id=9925; Capra hircus	2020	Ethiopia
SRR27218439	NA	NA	NA	NA	NA	NA	NA	NA	NA	NA	NA	NA	NA	NA	NA	NA	goat	host_tax_id	host_tax_id=9925; Capra hircus	2021	Ethiopia
SRR27218409	NA	NA	NA	NA	NA	NA	NA	NA	NA	NA	NA	NA	NA	NA	NA	NA	goat	host_tax_id	host_tax_id=9925; Capra hircus	2021	Ethiopia
SRR6169167	NA	NA	NA	NA	NA	NA	NA	NA	NA	NA	NA	NA	NA	NA	NA	NA	goat	host_tax_id	host_tax_id=9925; Capra hircus	2013	United States
SRR11653840	0.01759951561689377	0.009940152987837791	0.04086020216345787	0.10529983043670654	0.028931811451911926	0.3665021061897278	0.0033885780721902847	0.025682274252176285	0.036968231201171875	0.02089994214475155	0.034273598343133926	0.0928984209895134	0.021774988621473312	0.1378239095211029	0.021395571529865265	0.035760924220085144	goat	nli		2020	United States
SRR26770174	NA	NA	NA	NA	NA	NA	NA	NA	NA	NA	NA	NA	NA	NA	NA	NA	goat	host_tax_id	host_tax_id=9925; Capra hircus	2021	Ethiopia
SRR14882944	0.023023156449198723	0.01081183273345232	0.03412585332989693	0.051883481442928314	0.030263369902968407	0.4503987729549408	0.0029557908419519663	0.025285989046096802	0.05876299738883972	0.019463321194052696	0.039413101971149445	0.09096391499042511	0.01650218293070793	0.09967895597219467	0.013680791482329369	0.032786477357149124	goat	nli		2021	United States
SRR26351303	NA	NA	NA	NA	NA	NA	NA	NA	NA	NA	NA	NA	NA	NA	NA	NA	goat	host_tax_id	host_tax_id=9925; Capra hircus	2021	Ethiopia
SRR27218404	NA	NA	NA	NA	NA	NA	NA	NA	NA	NA	NA	NA	NA	NA	NA	NA	goat	host_tax_id	host_tax_id=9925; Capra hircus	2021	Ethiopia
SRR27218468	NA	NA	NA	NA	NA	NA	NA	NA	NA	NA	NA	NA	NA	NA	NA	NA	goat	host_tax_id	host_tax_id=9925; Capra hircus	2021	Ethiopia
ERR4224820	0.0039768521673977375	0.003854497568681836	0.007955392822623253	0.005877407267689705	0.03683929145336151	0.6623042225837708	0.0028255239594727755	0.0060050454922020435	0.006392337381839752	0.020176410675048828	0.012369778007268906	0.08394596725702286	0.014617923647165298	0.07578101754188538	0.034170735627412796	0.022907566279172897	goat	nli		2016	Netherlands
SRR13699958	0.024032805114984512	0.01175849698483944	0.034207575023174286	0.051628220826387405	0.031605955213308334	0.43059244751930237	0.002961423248052597	0.025632807984948158	0.06198730319738388	0.022226713597774506	0.03864886984229088	0.08652566373348236	0.017259541898965836	0.10749740898609161	0.013246280141174793	0.040188465267419815	goat	nli		2020	United States
SRR26351338	NA	NA	NA	NA	NA	NA	NA	NA	NA	NA	NA	NA	NA	NA	NA	NA	goat	host_tax_id	host_tax_id=9925; Capra hircus	2021	Ethiopia
SRR27218466	NA	NA	NA	NA	NA	NA	NA	NA	NA	NA	NA	NA	NA	NA	NA	NA	goat	host_tax_id	host_tax_id=9925; Capra hircus	2021	Ethiopia
SRR26351310	NA	NA	NA	NA	NA	NA	NA	NA	NA	NA	NA	NA	NA	NA	NA	NA	goat	host_tax_id	host_tax_id=9925; Capra hircus	2022	Ethiopia
SRR19487409	0.02539394050836563	0.011763240210711956	0.03496455401182175	0.06535428762435913	0.031387969851493835	0.45989346504211426	0.0026791165582835674	0.026795169338583946	0.05795726180076599	0.018542351201176643	0.04109785705804825	0.0741601437330246	0.01615714095532894	0.08705195784568787	0.014258626848459244	0.032542839646339417	goat	nli		2022	United States
SRR27218437	NA	NA	NA	NA	NA	NA	NA	NA	NA	NA	NA	NA	NA	NA	NA	NA	goat	host_tax_id	host_tax_id=9925; Capra hircus	2022	Ethiopia
ERR4224814	0.0034581811632961035	0.0032869549468159676	0.007165361195802689	0.005905588623136282	0.04041653499007225	0.6551626324653625	0.0027196642477065325	0.005493872333317995	0.005768786184489727	0.019063472747802734	0.011427873745560646	0.08910062164068222	0.014659356325864792	0.08025041967630386	0.033327002078294754	0.022793719545006752	goat	nli		2016	Netherlands
ERR4224908	0.003965845797210932	0.003942676354199648	0.00797999557107687	0.006214826833456755	0.03766366094350815	0.6604711413383484	0.002895813435316086	0.005988425575196743	0.0063126967288553715	0.02004212699830532	0.012287450954318047	0.08339743316173553	0.014720521867275238	0.07431568950414658	0.036665648221969604	0.023136025294661522	goat	nli		2016	Netherlands
SRR27218444	NA	NA	NA	NA	NA	NA	NA	NA	NA	NA	NA	NA	NA	NA	NA	NA	goat	host_tax_id	host_tax_id=9925; Capra hircus	2022	Ethiopia
SRR3692309	0.01041560061275959	0.0041918763890862465	0.01842331886291504	0.023243814706802368	0.01667661964893341	0.5770639777183533	0.008517585694789886	0.008787962608039379	0.014002042822539806	0.014588285237550735	0.009318266063928604	0.08806726336479187	0.008943804539740086	0.13743329048156738	0.03357275575399399	0.026753470301628113	goat	nli		2015	United States
SRR27218435	NA	NA	NA	NA	NA	NA	NA	NA	NA	NA	NA	NA	NA	NA	NA	NA	goat	host_tax_id	host_tax_id=9925; Capra hircus	2022	Ethiopia
SRR22867655	0.03312560170888901	0.027462085708975792	0.04179297387599945	0.06218969076871872	0.06460393220186234	0.10168588161468506	0.012921599671244621	0.06039416417479515	0.25648224353790283	0.0405467189848423	0.035434622317552567	0.050658706575632095	0.025647524744272232	0.04270058870315552	0.07911574840545654	0.06523790955543518	cat	nli		2021	United States
SRR13005034	0.02280532382428646	0.011223497800529003	0.03714342787861824	0.05873517692089081	0.026480481028556824	0.43537718057632446	0.0032093115150928497	0.024371150881052017	0.060157403349876404	0.0205827783793211	0.03222353011369705	0.08271115273237228	0.017935097217559814	0.1152508556842804	0.013564588502049446	0.03822903707623482	goat	nli		2020	United States
SRR26351357	NA	NA	NA	NA	NA	NA	NA	NA	NA	NA	NA	NA	NA	NA	NA	NA	goat	host_tax_id	host_tax_id=9925; Capra hircus	2021	Ethiopia
SRR27218429	NA	NA	NA	NA	NA	NA	NA	NA	NA	NA	NA	NA	NA	NA	NA	NA	goat	host_tax_id	host_tax_id=9925; Capra hircus	2022	Ethiopia
SRR16085962	0.010170076042413712	0.0041575185023248196	0.019815050065517426	0.0328935869038105	0.010090931318700314	0.5574405789375305	0.009241891093552113	0.00940578244626522	0.0144970016553998	0.01863270439207554	0.013671974651515484	0.12902122735977173	0.007557758130133152	0.11157680302858353	0.028273092582821846	0.02355394884943962	goat	nli		2021	unknown
SRR12495807	NA	NA	NA	NA	NA	NA	NA	NA	NA	NA	NA	NA	NA	NA	NA	NA	other_animal	host_tax_id	host_tax_id=9923; Capra aegagrus	2009	United States
SRR3094462	NA	NA	NA	NA	NA	NA	NA	NA	NA	NA	NA	NA	NA	NA	NA	NA	goat	host_tax_id	host_tax_id=9925; Capra hircus	2010	United States
SRR7968358	0.017293866723775864	0.011341595090925694	0.05087916553020477	0.17317576706409454	0.018355371430516243	0.11216610670089722	0.010146703571081161	0.016056811437010765	0.03507130593061447	0.030174361541867256	0.01955828256905079	0.13132770359516144	0.11362690478563309	0.07567335665225983	0.15340648591518402	0.03174622356891632	unknown	nli		2018	United States
ERR4224909	0.00399794289842248	0.003959089983254671	0.008013217709958553	0.006131959147751331	0.041945282369852066	0.6593461632728577	0.0027747079730033875	0.006096134893596172	0.0064893015660345554	0.019035903736948967	0.01227850653231144	0.08148577064275742	0.01459533255547285	0.07024511694908142	0.04012230038642883	0.023483257740736008	goat	nli		2016	Netherlands
SRR27218442	NA	NA	NA	NA	NA	NA	NA	NA	NA	NA	NA	NA	NA	NA	NA	NA	goat	host_tax_id	host_tax_id=9925; Capra hircus	2022	Ethiopia
SRR19545020	0.022951819002628326	0.010642362758517265	0.03423674777150154	0.054099190980196	0.03055505082011223	0.44725272059440613	0.0028868187218904495	0.025629624724388123	0.06871413439512253	0.01934625394642353	0.03931016847491264	0.08529425412416458	0.016612494364380836	0.0970148965716362	0.014112615026533604	0.03134079650044441	goat	nli		2022	United States
ERR4224885	0.0038386834785342216	0.0037424436304718256	0.007604370824992657	0.004900170024484396	0.0466734915971756	0.6493610143661499	0.0028582443483173847	0.005751302000135183	0.006170246284455061	0.018950099125504494	0.011583962477743626	0.0851360410451889	0.014388344250619411	0.07880046218633652	0.036402635276317596	0.023838484659790993	goat	nli		2016	Netherlands
SRR26351356	NA	NA	NA	NA	NA	NA	NA	NA	NA	NA	NA	NA	NA	NA	NA	NA	goat	host_tax_id	host_tax_id=9925; Capra hircus	2021	Ethiopia
SRR11654317	0.017815442755818367	0.009838621132075787	0.045850131660699844	0.12925082445144653	0.028804579749703407	0.36739322543144226	0.003219184698536992	0.025123799219727516	0.03817849978804588	0.019490152597427368	0.03305687755346298	0.08427277207374573	0.020050009712576866	0.12345250695943832	0.020625948905944824	0.03357744961977005	goat	nli		2020	United States
SRR12625731	0.023289121687412262	0.011871708557009697	0.042584989219903946	0.07307007163763046	0.028758224099874496	0.4136165678501129	0.003182769985869527	0.023609708994627	0.057304371148347855	0.0211016982793808	0.03284292295575142	0.08025422692298889	0.017038684338331223	0.11984147131443024	0.01506598200649023	0.03656743839383125	goat	nli		2020	United States
SRR27218459	NA	NA	NA	NA	NA	NA	NA	NA	NA	NA	NA	NA	NA	NA	NA	NA	goat	host_tax_id	host_tax_id=9925; Capra hircus	2022	Ethiopia
SRR3215289	0.004711282905191183	0.003770863637328148	0.0037415188271552324	0.3488520383834839	0.019719362258911133	0.26617127656936646	0.0021318530198186636	0.013645869679749012	0.1365123838186264	0.07196332514286041	0.012620367109775543	0.015327489003539085	0.004851351026445627	0.045647844672203064	0.024589119479060173	0.02574402652680874	cattle	nli		2015	United States
ERR4224831	0.003968220204114914	0.0038762963376939297	0.008174126967787743	0.0047215912491083145	0.04019518941640854	0.6647502183914185	0.00286938832141459	0.0061460998840630054	0.006580935325473547	0.02017197199165821	0.012685086578130722	0.08091451972723007	0.01471495907753706	0.07219123840332031	0.033897362649440765	0.024142690002918243	goat	nli		2016	Netherlands
SRR27218402	NA	NA	NA	NA	NA	NA	NA	NA	NA	NA	NA	NA	NA	NA	NA	NA	goat	host_tax_id	host_tax_id=9925; Capra hircus	2021	Ethiopia
SRR27218453	NA	NA	NA	NA	NA	NA	NA	NA	NA	NA	NA	NA	NA	NA	NA	NA	goat	host_tax_id	host_tax_id=9925; Capra hircus	2022	Ethiopia
SRR18959247	0.026547729969024658	0.011849714443087578	0.040047936141490936	0.09753525257110596	0.03530768305063248	0.4201715886592865	0.0027628117240965366	0.0283843781799078	0.05745010823011398	0.018335282802581787	0.03983341157436371	0.07302935421466827	0.015729010105133057	0.08756889402866364	0.016403570771217346	0.029043305665254593	goat	nli		2022	United States
SRR3094460	NA	NA	NA	NA	NA	NA	NA	NA	NA	NA	NA	NA	NA	NA	NA	NA	goat	host_tax_id	host_tax_id=9925; Capra hircus	2008	United States
ERR4224914	0.003861370263621211	0.0037792958319187164	0.0077093071304261684	0.005498843267560005	0.03994277864694595	0.6608985066413879	0.0028751366771757603	0.0057966033928096294	0.006255392916500568	0.019514137879014015	0.011987142264842987	0.08260004967451096	0.014402882196009159	0.07425039261579514	0.03690497204661369	0.023723158985376358	goat	nli		2016	Netherlands
ERR4224866	0.003930624108761549	0.003802258288487792	0.007893691770732403	0.005843224003911018	0.039101533591747284	0.6688213348388672	0.0027926790062338114	0.0059934863820672035	0.006330383475869894	0.019786685705184937	0.012261860072612762	0.07568363100290298	0.01436359342187643	0.07500990480184555	0.034726712852716446	0.023658446967601776	goat	nli		2016	Netherlands
SRR26770208	NA	NA	NA	NA	NA	NA	NA	NA	NA	NA	NA	NA	NA	NA	NA	NA	goat	host_tax_id	host_tax_id=9925; Capra hircus	2022	Ethiopia
SRR27218440	NA	NA	NA	NA	NA	NA	NA	NA	NA	NA	NA	NA	NA	NA	NA	NA	goat	host_tax_id	host_tax_id=9925; Capra hircus	2021	Ethiopia
SRR27218422	NA	NA	NA	NA	NA	NA	NA	NA	NA	NA	NA	NA	NA	NA	NA	NA	goat	host_tax_id	host_tax_id=9925; Capra hircus	2022	Ethiopia
SRR27218449	NA	NA	NA	NA	NA	NA	NA	NA	NA	NA	NA	NA	NA	NA	NA	NA	goat	host_tax_id	host_tax_id=9925; Capra hircus	2021	Ethiopia
ERR4224878	0.004037045873701572	0.003951237071305513	0.007997323758900166	0.006048498209565878	0.042812980711460114	0.6580382585525513	0.0029021012596786022	0.006036696489900351	0.006376021541655064	0.019505731761455536	0.01211138628423214	0.08224258571863174	0.014410743489861488	0.07380620390176773	0.035754118114709854	0.023969044908881187	goat	nli		2016	Netherlands
SRR26770173	NA	NA	NA	NA	NA	NA	NA	NA	NA	NA	NA	NA	NA	NA	NA	NA	goat	host_tax_id	host_tax_id=9925; Capra hircus	2021	Ethiopia
ERR4224815	0.004006062168627977	0.0038450753781944513	0.007843488827347755	0.004995372146368027	0.04417678341269493	0.6542646288871765	0.0029481216333806515	0.005874502472579479	0.006339456886053085	0.019989971071481705	0.012030176818370819	0.08455222100019455	0.014927998185157776	0.07521837204694748	0.03547971323132515	0.02350798435509205	goat	nli		2016	Netherlands
ERR4224895	0.004022899549454451	0.003922041039913893	0.00787645485252142	0.005706536117941141	0.04460136964917183	0.6557324528694153	0.002880657324567437	0.0059920912608504295	0.006441141944378614	0.01917344518005848	0.012021893635392189	0.08376486599445343	0.01461490523070097	0.07281506061553955	0.037102434784173965	0.02333175577223301	goat	nli		2016	Netherlands
SRR16288478	0.010856997221708298	0.004301778040826321	0.02111215516924858	0.037857651710510254	0.010461485013365746	0.5503701567649841	0.009525290690362453	0.009713160805404186	0.015000026673078537	0.018540658056735992	0.014008895494043827	0.13040560483932495	0.00780474254861474	0.1086392030119896	0.029168549925088882	0.022233642637729645	goat	nli		2021	unknown
SRR3210432	0.010659136809408665	0.0042151412926614285	0.01900196634232998	0.022237256169319153	0.017505431547760963	0.581969141960144	0.00863203126937151	0.009028641507029533	0.01394292525947094	0.014973188750445843	0.009592185728251934	0.07916580140590668	0.009278924204409122	0.1364860236644745	0.03569153696298599	0.02762071043252945	goat	nli		2015	United States
SRR26770196	NA	NA	NA	NA	NA	NA	NA	NA	NA	NA	NA	NA	NA	NA	NA	NA	goat	host_tax_id	host_tax_id=9925; Capra hircus	2022	Ethiopia
SRR28214326	NA	NA	NA	NA	NA	NA	NA	NA	NA	NA	NA	NA	NA	NA	NA	NA	goat	host_tax_id	host_tax_id=9925; Capra hircus	2022	Ethiopia
SRR12798039	0.021748047322034836	0.01167504582554102	0.03668885678052902	0.051676470786333084	0.0278977882117033	0.4304691255092621	0.003367900848388672	0.02342357113957405	0.06857728958129883	0.021389976143836975	0.034685470163822174	0.08314742147922516	0.017732912674546242	0.11481732130050659	0.012935723178088665	0.03976708650588989	goat	nli		2020	United States
SRR20994500	0.022626619786024094	0.010782411321997643	0.0379294827580452	0.07518357783555984	0.033407341688871384	0.433656245470047	0.0028738442342728376	0.026375817134976387	0.061235833913087845	0.019221726804971695	0.03767108544707298	0.08654633909463882	0.015551033429801464	0.09400825202465057	0.014853398315608501	0.028076911345124245	goat	nli		2022	United States
SRR6048565	0.0021395194344222546	0.0025457090232521296	0.0027850144542753696	0.002616278827190399	0.0038440197240561247	0.8547554612159729	0.0017360227648168802	0.0021732118912041187	0.004859296139329672	0.005102455150336027	0.0060004303231835365	0.005714478436857462	0.0030231045093387365	0.04852907732129097	0.01971311680972576	0.034462716430425644	goat	nli		2014	United States
SRR11544463	0.018882861360907555	0.00903359055519104	0.042698875069618225	0.16082945466041565	0.029837744310498238	0.3535207509994507	0.0030023264698684216	0.02578461728990078	0.02723398245871067	0.018284030258655548	0.02731388807296753	0.09354797750711441	0.023249005898833275	0.11620934307575226	0.020100699737668037	0.030470844358205795	goat	nli		2020	United States
SRR27218430	NA	NA	NA	NA	NA	NA	NA	NA	NA	NA	NA	NA	NA	NA	NA	NA	goat	host_tax_id	host_tax_id=9925; Capra hircus	2022	Ethiopia
SRR19395871	0.026412926614284515	0.012045573443174362	0.03683221712708473	0.07339281588792801	0.032314419746398926	0.44630467891693115	0.002743419259786606	0.028034159913659096	0.06731615960597992	0.017976904287934303	0.041838388890028	0.07145240902900696	0.01594221405684948	0.08281797915697098	0.014558140188455582	0.03001757524907589	goat	nli		2022	United States
SRR26770179	NA	NA	NA	NA	NA	NA	NA	NA	NA	NA	NA	NA	NA	NA	NA	NA	goat	host_tax_id	host_tax_id=9925; Capra hircus	2022	Ethiopia
SRR11521728	0.01914411410689354	0.009339211508631706	0.0414486862719059	0.12933367490768433	0.03039863146841526	0.3712364137172699	0.0031527793034911156	0.026039443910121918	0.03060714714229107	0.01886572502553463	0.028964119032025337	0.09493491798639297	0.024342643097043037	0.11973095685243607	0.021128609776496887	0.03133297339081764	goat	nli		2020	United States
ERR4224845	0.00403843866661191	0.00393719132989645	0.007922338321805	0.006026997230947018	0.04312152415513992	0.6544197201728821	0.002931592520326376	0.006050586234778166	0.006390692200511694	0.019975190982222557	0.01225837878882885	0.08510040491819382	0.014571409672498703	0.075800821185112	0.03407863900065422	0.023376181721687317	goat	nli		2016	Netherlands
SRR11521726	0.019052982330322266	0.00934937596321106	0.039343126118183136	0.1353241205215454	0.030327877029776573	0.36623615026474	0.003150051925331354	0.026118744164705276	0.030760383233428	0.019334131851792336	0.029610874131321907	0.09668819606304169	0.024274127557873726	0.11846483498811722	0.02106914483010769	0.030895857140421867	goat	nli		2020	United States
SRR27218428	NA	NA	NA	NA	NA	NA	NA	NA	NA	NA	NA	NA	NA	NA	NA	NA	goat	host_tax_id	host_tax_id=9925; Capra hircus	2022	Ethiopia
SRR28406693	NA	NA	NA	NA	NA	NA	NA	NA	NA	NA	NA	NA	NA	NA	NA	NA	goat	host_tax_id	host_tax_id=9925; Capra hircus	2021	Ethiopia
SRR27218462	NA	NA	NA	NA	NA	NA	NA	NA	NA	NA	NA	NA	NA	NA	NA	NA	goat	host_tax_id	host_tax_id=9925; Capra hircus	2021	Ethiopia
SRR13764597	0.02508285455405712	0.012674186378717422	0.038190800696611404	0.06284312158823013	0.03187846019864082	0.42715439200401306	0.0029521568212658167	0.026260945945978165	0.06541035324335098	0.019288117066025734	0.039615314453840256	0.09379900246858597	0.01586597040295601	0.09514827281236649	0.01599041000008583	0.02784564718604088	goat	nli		2021	United States
SRR28406692	NA	NA	NA	NA	NA	NA	NA	NA	NA	NA	NA	NA	NA	NA	NA	NA	goat	host_tax_id	host_tax_id=9925; Capra hircus	2021	Ethiopia
SRR10056695	NA	NA	NA	NA	NA	NA	NA	NA	NA	NA	NA	NA	NA	NA	NA	NA	human	host_tax_id	host_tax_id=9606; Homo sapiens	2015	United Kingdom
SRR16256362	NA	NA	NA	NA	NA	NA	NA	NA	NA	NA	NA	NA	NA	NA	NA	NA	human	host_tax_id	host_tax_id=9606; Homo sapiens	2018	United States
SRR10859608	NA	NA	NA	NA	NA	NA	NA	NA	NA	NA	NA	NA	NA	NA	NA	NA	human	host_tax_id	host_tax_id=9606; Homo sapiens	2019	Chile
SRR17929591	NA	NA	NA	NA	NA	NA	NA	NA	NA	NA	NA	NA	NA	NA	NA	NA	human	host_tax_id	host_tax_id=9606; Homo sapiens	2018	New Zealand
SRR26328758	NA	NA	NA	NA	NA	NA	NA	NA	NA	NA	NA	NA	NA	NA	NA	NA	human	host_tax_id	host_tax_id=9606; Homo sapiens	2007	Kenya
SRR9877373	NA	NA	NA	NA	NA	NA	NA	NA	NA	NA	NA	NA	NA	NA	NA	NA	human	host_tax_id	host_tax_id=9606; Homo sapiens	2019	United Kingdom
SRR10054163	NA	NA	NA	NA	NA	NA	NA	NA	NA	NA	NA	NA	NA	NA	NA	NA	human	host_tax_id	host_tax_id=9606; Homo sapiens	2016	United Kingdom
SRR9933918	NA	NA	NA	NA	NA	NA	NA	NA	NA	NA	NA	NA	NA	NA	NA	NA	human	host_tax_id	host_tax_id=9606; Homo sapiens	2018	United Kingdom
SRR9934144	NA	NA	NA	NA	NA	NA	NA	NA	NA	NA	NA	NA	NA	NA	NA	NA	human	host_tax_id	host_tax_id=9606; Homo sapiens	2018	United Kingdom
ERR1750947	0.006371858064085245	0.00905623659491539	0.012796307913959026	0.005612173117697239	0.00529278302565217	0.005881506949663162	0.7971099615097046	0.006127756088972092	0.008359305560588837	0.0075372690334916115	0.005645152647048235	0.016050167381763458	0.009180902503430843	0.0067037851549685	0.09115265309810638	0.007122218608856201	human	nli		2006	New Zealand
SRR5667095	0.06887423247098923	0.02291281148791313	0.06045570969581604	0.2062741219997406	0.04687650501728058	0.016503479331731796	0.043311357498168945	0.10638841241598129	0.060131873935461044	0.04798814281821251	0.021211590617895126	0.14561998844146729	0.01631120964884758	0.07310176640748978	0.026372484862804413	0.03766632825136185	cattle	nli		2017	United States
SRR17964873	NA	NA	NA	NA	NA	NA	NA	NA	NA	NA	NA	NA	NA	NA	NA	NA	human	host_tax_id	host_tax_id=9606; Homo sapiens	2018	New Zealand
SRR12301978	0.028042983263731003	0.015261602587997913	0.028152741491794586	0.03565797209739685	0.028401264920830727	0.014505947940051556	0.3353530466556549	0.03275356441736221	0.03131477162241936	0.03107108362019062	0.019292473793029785	0.14711418747901917	0.05458473041653633	0.14511655271053314	0.03243526443839073	0.020941780880093575	human	nli		2013	Germany
SRR9924020	NA	NA	NA	NA	NA	NA	NA	NA	NA	NA	NA	NA	NA	NA	NA	NA	human	host_tax_id	host_tax_id=9606; Homo sapiens	2018	United Kingdom
SRR10013357	NA	NA	NA	NA	NA	NA	NA	NA	NA	NA	NA	NA	NA	NA	NA	NA	human	host_tax_id	host_tax_id=9606; Homo sapiens	2016	United Kingdom
SRR9901589	NA	NA	NA	NA	NA	NA	NA	NA	NA	NA	NA	NA	NA	NA	NA	NA	human	host_tax_id	host_tax_id=9606; Homo sapiens	2018	United Kingdom
SRR10006856	NA	NA	NA	NA	NA	NA	NA	NA	NA	NA	NA	NA	NA	NA	NA	NA	human	host_tax_id	host_tax_id=9606; Homo sapiens	2016	United Kingdom
SRR9899111	NA	NA	NA	NA	NA	NA	NA	NA	NA	NA	NA	NA	NA	NA	NA	NA	human	host_tax_id	host_tax_id=9606; Homo sapiens	2018	United Kingdom
SRR2057227	0.06994082033634186	0.02201860584318638	0.07079983502626419	0.2575877606868744	0.04332135245203972	0.014383857138454914	0.04400356486439705	0.1293257772922516	0.058181505650281906	0.04034052789211273	0.017520509660243988	0.1079963967204094	0.01111498475074768	0.05672283470630646	0.020403694361448288	0.03633801266551018	cattle	nli		2015	United States
SRR8886452	NA	NA	NA	NA	NA	NA	NA	NA	NA	NA	NA	NA	NA	NA	NA	NA	human	host_tax_id	host_tax_id=9606; Homo sapiens	2007	unknown
SRR12077290	NA	NA	NA	NA	NA	NA	NA	NA	NA	NA	NA	NA	NA	NA	NA	NA	human	host_tax_id	host_tax_id=9606; Homo sapiens	2004	South Africa
SRR10013461	NA	NA	NA	NA	NA	NA	NA	NA	NA	NA	NA	NA	NA	NA	NA	NA	human	host_tax_id	host_tax_id=9606; Homo sapiens	2016	United Kingdom
SRR28623835	NA	NA	NA	NA	NA	NA	NA	NA	NA	NA	NA	NA	NA	NA	NA	NA	human	host_tax_id	host_tax_id=9606; Homo sapiens	2021	Spain
SRR9929936	0.026667673140764236	0.02048678882420063	0.03078436106443405	0.03096526488661766	0.02937464229762554	0.022238200530409813	0.023580150678753853	0.036343757063150406	0.043075066059827805	0.03645038604736328	0.02392810583114624	0.3571581542491913	0.10220267623662949	0.14275966584682465	0.04379614442586899	0.03018893674015999	water	nli		2019	United States
ERR4224083	0.009299052879214287	0.00848343688994646	0.011449206620454788	0.00976437609642744	0.010724068619310856	0.007784839253872633	0.5511151552200317	0.00892536249011755	0.010516645386815071	0.015649208799004555	0.00933544896543026	0.18796584010124207	0.033032458275556564	0.053238701075315475	0.06330747157335281	0.009408666752278805	human	nli		2018	Netherlands
SRR6202924	0.06699511408805847	0.023437252268195152	0.05949946120381355	0.2171093076467514	0.04606751725077629	0.016202833503484726	0.04293964058160782	0.11824218928813934	0.059036437422037125	0.04421624541282654	0.020204173400998116	0.1358303725719452	0.0157043244689703	0.0710378959774971	0.027669820934534073	0.03580740839242935	cattle	nli		2017	United States
SRR11007823	NA	NA	NA	NA	NA	NA	NA	NA	NA	NA	NA	NA	NA	NA	NA	NA	human	host_tax_id	host_tax_id=9606; Homo sapiens	2016	United States
SRR17974319	NA	NA	NA	NA	NA	NA	NA	NA	NA	NA	NA	NA	NA	NA	NA	NA	human	host_tax_id	host_tax_id=9606; Homo sapiens	2019	New Zealand
SRR10738422	NA	NA	NA	NA	NA	NA	NA	NA	NA	NA	NA	NA	NA	NA	NA	NA	human	host_tax_id	host_tax_id=9606; Homo sapiens	2016	United States
SRR9974474	NA	NA	NA	NA	NA	NA	NA	NA	NA	NA	NA	NA	NA	NA	NA	NA	human	host_tax_id	host_tax_id=9606; Homo sapiens	2017	United Kingdom
SRR27385303	NA	NA	NA	NA	NA	NA	NA	NA	NA	NA	NA	NA	NA	NA	NA	NA	human	host_tax_id	host_tax_id=9606; Homo sapiens	2022	Peru
SRR6221087	0.060762424021959305	0.02139219455420971	0.0571926049888134	0.19913505017757416	0.043808288872241974	0.017273249104619026	0.035685520619153976	0.08910220861434937	0.06815043836832047	0.044367991387844086	0.02023395523428917	0.1658664494752884	0.015975143760442734	0.09440983831882477	0.02884262427687645	0.03780200332403183	unknown	nli		2017	United States
SRR17925379	NA	NA	NA	NA	NA	NA	NA	NA	NA	NA	NA	NA	NA	NA	NA	NA	human	host_tax_id	host_tax_id=9606; Homo sapiens	2018	New Zealand
SRR8126519	NA	NA	NA	NA	NA	NA	NA	NA	NA	NA	NA	NA	NA	NA	NA	NA	human	host_tax_id	host_tax_id=9606; Homo sapiens	2014	France
ERR2986689	0.03001735545694828	0.013622688129544258	0.0309399776160717	0.1647070199251175	0.0806056335568428	0.013255239464342594	0.018421057611703873	0.024523386731743813	0.019762910902500153	0.052527982741594315	0.029988054186105728	0.2831328511238098	0.02471572905778885	0.14432795345783234	0.028980392962694168	0.04047172889113426	water	nli		2016	Switzerland
SRR4000220	0.06557556986808777	0.02070491760969162	0.057112306356430054	0.20075789093971252	0.04962002485990524	0.016251474618911743	0.040222786366939545	0.10296355187892914	0.05584380775690079	0.05099554359912872	0.023599619045853615	0.14879047870635986	0.016669392585754395	0.07898344844579697	0.02816241793334484	0.04374678432941437	cattle	nli		2016	unknown
SRR9942978	NA	NA	NA	NA	NA	NA	NA	NA	NA	NA	NA	NA	NA	NA	NA	NA	human	host_tax_id	host_tax_id=9606; Homo sapiens	2018	United Kingdom
SRR5188912	0.06676225364208221	0.02243911847472191	0.06084711477160454	0.2149856835603714	0.04834601655602455	0.016971049830317497	0.041433390229940414	0.11952616274356842	0.057160574942827225	0.04644853249192238	0.020712299272418022	0.13409192860126495	0.015818757936358452	0.07086014747619629	0.026310959830880165	0.03728601709008217	cattle	nli		2014	United States
SRR11268237	NA	NA	NA	NA	NA	NA	NA	NA	NA	NA	NA	NA	NA	NA	NA	NA	human	host_tax_id	host_tax_id=9606; Homo sapiens		India
SRR12362453	NA	NA	NA	NA	NA	NA	NA	NA	NA	NA	NA	NA	NA	NA	NA	NA	human	host_tax_id	host_tax_id=9606; Homo sapiens	2019	Ireland
SRR25376760	NA	NA	NA	NA	NA	NA	NA	NA	NA	NA	NA	NA	NA	NA	NA	NA	human	host_tax_id	host_tax_id=9606; Homo sapiens	2018	Australia
SRR9942873	NA	NA	NA	NA	NA	NA	NA	NA	NA	NA	NA	NA	NA	NA	NA	NA	human	host_tax_id	host_tax_id=9606; Homo sapiens	2018	United Kingdom
SRR9962473	NA	NA	NA	NA	NA	NA	NA	NA	NA	NA	NA	NA	NA	NA	NA	NA	human	host_tax_id	host_tax_id=9606; Homo sapiens	2017	United Kingdom
SRR28406690	NA	NA	NA	NA	NA	NA	NA	NA	NA	NA	NA	NA	NA	NA	NA	NA	human	host_tax_id	host_tax_id=9606; Homo sapiens	2022	Ethiopia
SRR12362279	NA	NA	NA	NA	NA	NA	NA	NA	NA	NA	NA	NA	NA	NA	NA	NA	human	host_tax_id	host_tax_id=9606; Homo sapiens	2019	Ireland
SRR9962218	NA	NA	NA	NA	NA	NA	NA	NA	NA	NA	NA	NA	NA	NA	NA	NA	human	host_tax_id	host_tax_id=9606; Homo sapiens	2017	United Kingdom
ERR9766849	0.055324628949165344	0.032682862132787704	0.04677034541964531	0.11256662011146545	0.14058822393417358	0.0377834215760231	0.06983450800180435	0.04519876092672348	0.04367998242378235	0.03864167258143425	0.026107991114258766	0.10643291473388672	0.02292799763381481	0.02728090062737465	0.16597726941108704	0.028201919049024582	unknown	nli		2014	Switzerland
SRR9993653	NA	NA	NA	NA	NA	NA	NA	NA	NA	NA	NA	NA	NA	NA	NA	NA	human	host_tax_id	host_tax_id=9606; Homo sapiens	2016	United Kingdom
ERR4224188	0.009259161539375782	0.008480104617774487	0.011727558448910713	0.009914247319102287	0.010803934186697006	0.00793526228517294	0.5498237609863281	0.009115610271692276	0.010369768366217613	0.015073196031153202	0.009553077630698681	0.18945814669132233	0.033490367233753204	0.0532958023250103	0.062202706933021545	0.009497266262769699	human	nli		2018	Netherlands
SRR5209619	NA	NA	NA	NA	NA	NA	NA	NA	NA	NA	NA	NA	NA	NA	NA	NA	human	host_tax_id	host_tax_id=9606; Homo sapiens	2007	Canada
SRR9968987	NA	NA	NA	NA	NA	NA	NA	NA	NA	NA	NA	NA	NA	NA	NA	NA	human	host_tax_id	host_tax_id=9606; Homo sapiens	2017	United Kingdom
ERR2986658	0.029808199033141136	0.014121709391474724	0.03004198707640171	0.14688238501548767	0.07864927500486374	0.013292052783071995	0.01900283619761467	0.024115854874253273	0.020387066528201103	0.05355563387274742	0.02960512973368168	0.2950851619243622	0.027140675112605095	0.14812476933002472	0.02900417521595955	0.04118300601840019	water	nli		2015	Switzerland
SRR12769653	NA	NA	NA	NA	NA	NA	NA	NA	NA	NA	NA	NA	NA	NA	NA	NA	human	host_tax_id	host_tax_id=9606; Homo sapiens	2015	United Kingdom
SRR9974241	NA	NA	NA	NA	NA	NA	NA	NA	NA	NA	NA	NA	NA	NA	NA	NA	human	host_tax_id	host_tax_id=9606; Homo sapiens	2017	United Kingdom
SRR1768072	0.1087617501616478	0.034593019634485245	0.12056475877761841	0.1495697945356369	0.05117512121796608	0.02548239566385746	0.10817914456129074	0.0991254448890686	0.05132526531815529	0.02927282638847828	0.01754801534116268	0.020920343697071075	0.007987130433321	0.019235121086239815	0.10728489607572556	0.048974908888339996	unknown	nli		2014	United States
SRR10490230	NA	NA	NA	NA	NA	NA	NA	NA	NA	NA	NA	NA	NA	NA	NA	NA	human	host_tax_id	host_tax_id=9606; Homo sapiens	2015	United Kingdom
SRR12062933	NA	NA	NA	NA	NA	NA	NA	NA	NA	NA	NA	NA	NA	NA	NA	NA	human	host_tax_id	host_tax_id=9606; Homo sapiens	2016	New Zealand
SRR10011173	NA	NA	NA	NA	NA	NA	NA	NA	NA	NA	NA	NA	NA	NA	NA	NA	human	host_tax_id	host_tax_id=9606; Homo sapiens	2016	United Kingdom
SRR10026154	NA	NA	NA	NA	NA	NA	NA	NA	NA	NA	NA	NA	NA	NA	NA	NA	human	host_tax_id	host_tax_id=9606; Homo sapiens	2016	United Kingdom
SRR25377045	NA	NA	NA	NA	NA	NA	NA	NA	NA	NA	NA	NA	NA	NA	NA	NA	human	host_tax_id	host_tax_id=9606; Homo sapiens	2018	Australia
SRR10056842	NA	NA	NA	NA	NA	NA	NA	NA	NA	NA	NA	NA	NA	NA	NA	NA	human	host_tax_id	host_tax_id=9606; Homo sapiens	2015	United Kingdom
SRR9948460	NA	NA	NA	NA	NA	NA	NA	NA	NA	NA	NA	NA	NA	NA	NA	NA	human	host_tax_id	host_tax_id=9606; Homo sapiens	2017	United Kingdom
SRR20336840	NA	NA	NA	NA	NA	NA	NA	NA	NA	NA	NA	NA	NA	NA	NA	NA	human	host_tax_id	host_tax_id=9606; Homo sapiens	2020	Peru
SRR10001221	NA	NA	NA	NA	NA	NA	NA	NA	NA	NA	NA	NA	NA	NA	NA	NA	human	host_tax_id	host_tax_id=9606; Homo sapiens	2016	United Kingdom
SRR9877471	NA	NA	NA	NA	NA	NA	NA	NA	NA	NA	NA	NA	NA	NA	NA	NA	human	host_tax_id	host_tax_id=9606; Homo sapiens	2019	United Kingdom
SRR7761286	0.029157906770706177	0.017616216093301773	0.03149643540382385	0.030616963282227516	0.026367709040641785	0.017224950715899467	0.024457693099975586	0.04004921019077301	0.0396600104868412	0.03791783004999161	0.01871577464044094	0.3541768491268158	0.11901877820491791	0.1467086672782898	0.03628759831190109	0.030527392402291298	water	nli		2018	United States
SRR8554697	0.030675072222948074	0.017910093069076538	0.03316766023635864	0.031463902443647385	0.02801191806793213	0.017770715057849884	0.025430524721741676	0.04200981929898262	0.03985185548663139	0.0397740975022316	0.01886148750782013	0.33959275484085083	0.12585140764713287	0.1452391892671585	0.032367706298828125	0.03202186897397041	water	nli		2018	United States
SRR9974246	NA	NA	NA	NA	NA	NA	NA	NA	NA	NA	NA	NA	NA	NA	NA	NA	human	host_tax_id	host_tax_id=9606; Homo sapiens	2017	United Kingdom
SRR7280455	NA	NA	NA	NA	NA	NA	NA	NA	NA	NA	NA	NA	NA	NA	NA	NA	human	host_tax_id	host_tax_id=9606; Homo sapiens	2011	New Zealand
SRR10062883	NA	NA	NA	NA	NA	NA	NA	NA	NA	NA	NA	NA	NA	NA	NA	NA	human	host_tax_id	host_tax_id=9606; Homo sapiens	2015	United Kingdom
SRR5581844	0.06706796586513519	0.022885676473379135	0.061846282333135605	0.21004213392734528	0.04573638364672661	0.015821512788534164	0.04152163118124008	0.11919726431369781	0.059158384799957275	0.044502727687358856	0.019271671772003174	0.14890126883983612	0.01545501034706831	0.06795802712440491	0.02590755559504032	0.03472651168704033	cattle	nli		2017	United States
SRR13001597	NA	NA	NA	NA	NA	NA	NA	NA	NA	NA	NA	NA	NA	NA	NA	NA	human	host_tax_id	host_tax_id=9606; Homo sapiens		United States
SRR6929968	0.029522495344281197	0.017577113583683968	0.03277429938316345	0.031030084937810898	0.02751798927783966	0.018082020804286003	0.025549588724970818	0.040195148438215256	0.04027372971177101	0.04066895321011543	0.01953224278986454	0.3418497145175934	0.12149753421545029	0.14641878008842468	0.034414321184158325	0.03309592977166176	water	nli		2018	United States
SRR7851637	0.030025634914636612	0.01785922795534134	0.03233888000249863	0.031009016558527946	0.026888534426689148	0.017702950164675713	0.025062868371605873	0.04140247032046318	0.04088017717003822	0.03893202170729637	0.01893693022429943	0.3453071415424347	0.12137707322835922	0.14468532800674438	0.03597108647227287	0.03162061423063278	water	nli		2018	United States
SRR5097312	0.06604663282632828	0.022318147122859955	0.06046000495553017	0.21735306084156036	0.048320747911930084	0.016520777717232704	0.04378223419189453	0.12118212133646011	0.05949360132217407	0.045838601887226105	0.02028125524520874	0.12921835482120514	0.01501298788934946	0.07003217190504074	0.026322899386286736	0.03781643882393837	cattle	nli		2016	United States
SRR9900234	NA	NA	NA	NA	NA	NA	NA	NA	NA	NA	NA	NA	NA	NA	NA	NA	human	host_tax_id	host_tax_id=9606; Homo sapiens	2018	United Kingdom
ERR083975	NA	NA	NA	NA	NA	NA	NA	NA	NA	NA	NA	NA	NA	NA	NA	NA	human	host_tax_id	host_tax_id=9606; Homo sapiens	2011	United Kingdom
SRR20075845	NA	NA	NA	NA	NA	NA	NA	NA	NA	NA	NA	NA	NA	NA	NA	NA	human	host_tax_id	host_tax_id=9606; Homo sapiens	2022	Denmark
ERR9766650	0.06067641079425812	0.037163253873586655	0.047975555062294006	0.10298750549554825	0.14651775360107422	0.037491325289011	0.07107658684253693	0.048304636031389236	0.04194730892777443	0.034253112971782684	0.025330767035484314	0.09140908718109131	0.020877256989479065	0.02469570003449917	0.18150044977664948	0.02779325097799301	unknown	nli		2006	Switzerland
SRR7851632	0.02955654263496399	0.017477504909038544	0.03189588710665703	0.030346233397722244	0.026598010212183	0.01732456684112549	0.024503234773874283	0.04028082266449928	0.03973385691642761	0.038361236453056335	0.01876894384622574	0.3489941656589508	0.12271895259618759	0.14606964588165283	0.036213431507349014	0.03115702047944069	water	nli		2018	United States
SRR10018227	NA	NA	NA	NA	NA	NA	NA	NA	NA	NA	NA	NA	NA	NA	NA	NA	human	host_tax_id	host_tax_id=9606; Homo sapiens	2016	United Kingdom
SRR9924040	NA	NA	NA	NA	NA	NA	NA	NA	NA	NA	NA	NA	NA	NA	NA	NA	human	host_tax_id	host_tax_id=9606; Homo sapiens	2018	United Kingdom
SRR7637763	0.030147159472107887	0.017430804669857025	0.03228006884455681	0.030741756781935692	0.026604773476719856	0.017396792769432068	0.024701695889234543	0.04088560864329338	0.03931930661201477	0.039280928671360016	0.018957950174808502	0.3501070737838745	0.12195762991905212	0.14261773228645325	0.03622264415025711	0.031348083168268204	water	nli		2018	United States
SRR7764604	0.02919541299343109	0.01819879375398159	0.03222183883190155	0.031048016622662544	0.026896074414253235	0.017811976373195648	0.025143451988697052	0.040494248270988464	0.04025767371058464	0.038489244878292084	0.019053557887673378	0.3481130599975586	0.11981368809938431	0.146235391497612	0.03573605418205261	0.03129153326153755	water	nli		2018	United States
SRR10031344	NA	NA	NA	NA	NA	NA	NA	NA	NA	NA	NA	NA	NA	NA	NA	NA	human	host_tax_id	host_tax_id=9606; Homo sapiens	2016	United Kingdom
SRR8815897	0.031552817672491074	0.017476245760917664	0.033099375665187836	0.032269544899463654	0.027413565665483475	0.01796070672571659	0.02555225044488907	0.039769817143678665	0.04031727835536003	0.038059964776039124	0.019610732793807983	0.34591537714004517	0.12263432145118713	0.14048941433429718	0.03660190850496292	0.03127671405673027	water	nli		2019	United States
SRR5230144	0.06517809629440308	0.02232784405350685	0.05891226604580879	0.2246789038181305	0.04726804047822952	0.01660885475575924	0.042495109140872955	0.11220599710941315	0.056214477866888046	0.04541286081075668	0.02093413844704628	0.1331828534603119	0.015848280861973763	0.0730673223733902	0.027868974953889847	0.037795938551425934	cattle	nli		2016	United States
SRR6322607	0.07063926011323929	0.020860543474555016	0.06406702101230621	0.23653164505958557	0.05193374305963516	0.015517383813858032	0.03707914799451828	0.133695587515831	0.06733865290880203	0.041203513741493225	0.01908670924603939	0.10974261164665222	0.012914713472127914	0.06140242516994476	0.025834904983639717	0.03215206414461136	cattle	nli		2014	United States
SRR9898983	NA	NA	NA	NA	NA	NA	NA	NA	NA	NA	NA	NA	NA	NA	NA	NA	human	host_tax_id	host_tax_id=9606; Homo sapiens	2018	United Kingdom
SRR7968374	0.02879897877573967	0.0170295350253582	0.03083650767803192	0.030477249994874	0.025739718228578568	0.01653786189854145	0.024251168593764305	0.04161680117249489	0.0402970127761364	0.03741450980305672	0.01828787848353386	0.35986554622650146	0.11903378367424011	0.14430256187915802	0.0353887714445591	0.03012217953801155	water	nli		2018	United States
SRR12362332	NA	NA	NA	NA	NA	NA	NA	NA	NA	NA	NA	NA	NA	NA	NA	NA	human	host_tax_id	host_tax_id=9606; Homo sapiens	2019	Ireland
SRR7157741	0.023906171321868896	0.018098272383213043	0.029433825984597206	0.02960679680109024	0.02735508419573307	0.019877061247825623	0.021179698407649994	0.03232673555612564	0.03846399486064911	0.03735347092151642	0.021703140810132027	0.3561345636844635	0.11866562068462372	0.15402467548847198	0.04023126885294914	0.031639620661735535	water	nli		2018	United States
ERR9766817	0.06504528224468231	0.035338614135980606	0.04787948727607727	0.12473689764738083	0.14069128036499023	0.03347426652908325	0.07070948928594589	0.050992339849472046	0.04145647957921028	0.035269662737846375	0.02461017295718193	0.10327806323766708	0.020988615229725838	0.025243040174245834	0.15320442616939545	0.02708183042705059	unknown	nli		2011	Switzerland
SRR27376378	NA	NA	NA	NA	NA	NA	NA	NA	NA	NA	NA	NA	NA	NA	NA	NA	human	host_tax_id	host_tax_id=9606; Homo sapiens	2022	Peru
SRR10001393	NA	NA	NA	NA	NA	NA	NA	NA	NA	NA	NA	NA	NA	NA	NA	NA	human	host_tax_id	host_tax_id=9606; Homo sapiens	2011	United Kingdom
SRR17925158	NA	NA	NA	NA	NA	NA	NA	NA	NA	NA	NA	NA	NA	NA	NA	NA	human	host_tax_id	host_tax_id=9606; Homo sapiens	2018	New Zealand
SRR17929568	NA	NA	NA	NA	NA	NA	NA	NA	NA	NA	NA	NA	NA	NA	NA	NA	human	host_tax_id	host_tax_id=9606; Homo sapiens	2018	New Zealand
SRR6048548	0.07136137038469315	0.02107378840446472	0.063780777156353	0.23605047166347504	0.05334290489554405	0.015737365931272507	0.03782578185200691	0.1371193677186966	0.0702207162976265	0.042362868785858154	0.0190014336258173	0.10105419903993607	0.012794386595487595	0.059916503727436066	0.024976911023259163	0.033381134271621704	cattle	nli		2014	United States
SRR19905474	NA	NA	NA	NA	NA	NA	NA	NA	NA	NA	NA	NA	NA	NA	NA	NA	human	host_tax_id	host_tax_id=9606; Homo sapiens	2006	Bangladesh
SRR10019155	NA	NA	NA	NA	NA	NA	NA	NA	NA	NA	NA	NA	NA	NA	NA	NA	human	host_tax_id	host_tax_id=9606; Homo sapiens	2016	United Kingdom
SRR27474201	NA	NA	NA	NA	NA	NA	NA	NA	NA	NA	NA	NA	NA	NA	NA	NA	other_animal	host_tax_id	host_tax_id=9544; Macaca mulatta	2022	United States
SRR12488519	NA	NA	NA	NA	NA	NA	NA	NA	NA	NA	NA	NA	NA	NA	NA	NA	other_animal	host_tax_id	host_tax_id=10141; Cavia porcellus	2019	Peru
SRR3094502	0.02233412116765976	0.031373366713523865	0.13351336121559143	0.055169615894556046	0.06481553614139557	0.04004885256290436	0.012262013740837574	0.0304675605148077	0.024721616879105568	0.045916229486465454	0.05172593891620636	0.07202505320310593	0.02981996349990368	0.09185195714235306	0.12109135836362839	0.17286351323127747	unknown	nli		2013	unknown
SRR27474105	NA	NA	NA	NA	NA	NA	NA	NA	NA	NA	NA	NA	NA	NA	NA	NA	other_animal	host_tax_id	host_tax_id=9544; Macaca mulatta	2022	United States
SRR1635242	0.012043667957186699	0.008133253082633018	0.023079149425029755	0.026203231886029243	0.028498945757746696	0.0207284614443779	0.010690958239138126	0.029576394706964493	0.027140822261571884	0.08246444165706635	0.060332272201776505	0.26843369007110596	0.06273563951253891	0.15633726119995117	0.03677248954772949	0.14682939648628235	water	nli		2011	United Kingdom
SRR12686270	0.016136223450303078	0.015457553789019585	0.016713598743081093	0.020841076970100403	0.043182771652936935	0.04807986319065094	0.014240165241062641	0.014464415609836578	0.023204535245895386	0.04989759251475334	0.04931626841425896	0.042679671198129654	0.01800125651061535	0.18941816687583923	0.09903958439826965	0.33932724595069885	other_animal	nli		2003	Brazil
SRR27474148	NA	NA	NA	NA	NA	NA	NA	NA	NA	NA	NA	NA	NA	NA	NA	NA	other_animal	host_tax_id	host_tax_id=9544; Macaca mulatta	2022	United States
SRR12686252	0.01596498303115368	0.015056414529681206	0.01596498303115368	0.020499445497989655	0.037337835878133774	0.04173479601740837	0.014366930350661278	0.014144191518425941	0.022035691887140274	0.046832140535116196	0.04297558218240738	0.03814869374036789	0.017397653311491013	0.18306677043437958	0.09478846192359924	0.3796854317188263	other_animal	nli		2007	Brazil
SRR29262348	NA	NA	NA	NA	NA	NA	NA	NA	NA	NA	NA	NA	NA	NA	NA	NA	other_animal	host_tax_id	host_tax_id=30538; Vicugna pacos	2022	Germany
SRR27474206	NA	NA	NA	NA	NA	NA	NA	NA	NA	NA	NA	NA	NA	NA	NA	NA	other_animal	host_tax_id	host_tax_id=9544; Macaca mulatta	2022	United States
SRR27474135	NA	NA	NA	NA	NA	NA	NA	NA	NA	NA	NA	NA	NA	NA	NA	NA	other_animal	host_tax_id	host_tax_id=9544; Macaca mulatta	2022	United States
SRR29262334	NA	NA	NA	NA	NA	NA	NA	NA	NA	NA	NA	NA	NA	NA	NA	NA	other_animal	host_tax_id	host_tax_id=30538; Vicugna pacos	2021	Germany
SRR6314321	NA	NA	NA	NA	NA	NA	NA	NA	NA	NA	NA	NA	NA	NA	NA	NA	other_animal	host_tax_id	host_tax_id=9544; Macaca mulatta	1999	Brazil
SRR1635222	0.010752410627901554	0.00649624178186059	0.021093355491757393	0.026560543105006218	0.028439704328775406	0.01909351535141468	0.009433533065021038	0.02740366756916046	0.0268211979418993	0.08101718127727509	0.05991359427571297	0.2868804335594177	0.0563386008143425	0.16627706587314606	0.033971454948186874	0.1395074874162674	water	nli		2011	United Kingdom
SRR1635160	0.012163063511252403	0.008213883265852928	0.022991454228758812	0.025951161980628967	0.028669267892837524	0.0206900704652071	0.010526254773139954	0.029063919559121132	0.02687973529100418	0.08175094425678253	0.05917120352387428	0.2706484794616699	0.06195036321878433	0.15677323937416077	0.036561280488967896	0.14799568057060242	water	nli		2011	United Kingdom
SRR27474144	NA	NA	NA	NA	NA	NA	NA	NA	NA	NA	NA	NA	NA	NA	NA	NA	other_animal	host_tax_id	host_tax_id=9544; Macaca mulatta	2022	United States
SRR1635043	0.009531385265290737	0.005883596371859312	0.014392388984560966	0.019749054685235023	0.02025691606104374	0.013895195908844471	0.007703689858317375	0.023134123533964157	0.01929156854748726	0.06590299308300018	0.04433167353272438	0.33484646677970886	0.05913277715444565	0.17798763513565063	0.05850096791982651	0.1254594624042511	water	nli		2011	United Kingdom
SRR1635167	0.011571315117180347	0.007678105495870113	0.022744204849004745	0.025621991604566574	0.027812408283352852	0.02015024796128273	0.01041305623948574	0.02880757674574852	0.026229599490761757	0.08222559839487076	0.05916706845164299	0.2714235484600067	0.06194602698087692	0.15657100081443787	0.036881450563669205	0.15075677633285522	water	nli		2011	United Kingdom
SRR12686263	0.01636667363345623	0.015556303784251213	0.016559597104787827	0.019974689930677414	0.04130685701966286	0.04617121443152428	0.014500069431960583	0.014556820504367352	0.022945865988731384	0.04914899915456772	0.04801046475768089	0.03941527381539345	0.01776585727930069	0.18566763401031494	0.10006240755319595	0.35199129581451416	other_animal	nli		2004	Brazil
SRR27474188	NA	NA	NA	NA	NA	NA	NA	NA	NA	NA	NA	NA	NA	NA	NA	NA	other_animal	host_tax_id	host_tax_id=9544; Macaca mulatta	2022	United States
SRR3094503	0.02330988645553589	0.03306538611650467	0.12490938603878021	0.05451560392975807	0.06698988378047943	0.04212639480829239	0.01228344812989235	0.03076019324362278	0.025852136313915253	0.04915464669466019	0.054303064942359924	0.07328715920448303	0.03136688470840454	0.0917433351278305	0.11518435180187225	0.17114821076393127	unknown	nli		2013	unknown
SRR11101879	0.026000674813985825	0.015616949647665024	0.016398418694734573	0.02093297429382801	0.03148555010557175	0.022413985803723335	0.011425605975091457	0.02263394370675087	0.024377714842557907	0.0825493261218071	0.03148555010557175	0.03595762699842453	0.012233966961503029	0.061165984719991684	0.015106932260096073	0.5702148079872131	other_animal	nli			Sweden
SRR3094501	0.022615693509578705	0.032522279769182205	0.13532869517803192	0.056303322315216064	0.06544068455696106	0.03992502763867378	0.012368197552859783	0.030972423031926155	0.024549104273319244	0.04769076779484749	0.0527888759970665	0.0728619173169136	0.030972423031926155	0.09138930588960648	0.11838210374116898	0.165889173746109	unknown	nli		2013	unknown
SRR1816196	0.05493327975273132	0.03185509890317917	0.12223238497972488	0.16386038064956665	0.14426247775554657	0.05313926562666893	0.011650371365249157	0.04122356325387955	0.2300388514995575	0.029117915779352188	0.013435711152851582	0.006321837194263935	0.006742717698216438	0.02195790223777294	0.03652204945683479	0.03270619735121727	cat	nli			unknown
SRR6314874	NA	NA	NA	NA	NA	NA	NA	NA	NA	NA	NA	NA	NA	NA	NA	NA	other_animal	host_tax_id	host_tax_id=9544; Macaca mulatta	2009	Brazil
SRR3619988	0.051417119801044464	0.022539380937814713	0.11279992759227753	0.22864225506782532	0.11378180980682373	0.038528453558683395	0.012606460601091385	0.03662077337503433	0.22886568307876587	0.03654932230710983	0.014118566177785397	0.006363736465573311	0.006451338063925505	0.0199687872081995	0.03525226563215256	0.03549407422542572	cat	nli			unknown
SRR1635153	0.013326944783329964	0.00880857277661562	0.024800941348075867	0.02793896570801735	0.030386751517653465	0.022231420502066612	0.011222411878407001	0.03159721940755844	0.029165631160140038	0.08268044888973236	0.060549408197402954	0.25862109661102295	0.06401541084051132	0.15207263827323914	0.038039155304431915	0.14454299211502075	water	nli		2011	United Kingdom
SRR1635168	0.011026478372514248	0.007373967207968235	0.02129564806818962	0.024272939190268517	0.026502862572669983	0.019164009019732475	0.009961593896150589	0.027558617293834686	0.02460707537829876	0.0810784175992012	0.057718224823474884	0.28007033467292786	0.05995887517929077	0.16069349646568298	0.03500787168741226	0.15370962023735046	water	nli		2011	United Kingdom
SRR12686293	0.014765147119760513	0.014423112384974957	0.015595102682709694	0.02094455622136593	0.04442631080746651	0.04784902185201645	0.013235392048954964	0.013391406275331974	0.022121859714388847	0.054008662700653076	0.04674060270190239	0.03675884008407593	0.016311638057231903	0.1748536080121994	0.0938669964671135	0.3707077205181122	other_animal	nli		1996	Brazil
SRR12686280	0.017995446920394897	0.01723858155310154	0.018494298681616783	0.023197045549750328	0.042416635900735855	0.0485360249876976	0.015880925580859184	0.01613101363182068	0.025328129529953003	0.05227535218000412	0.04797055944800377	0.04393436759710312	0.020193347707390785	0.18551328778266907	0.107471764087677	0.3174232244491577	other_animal	nli		2000	Brazil
SRR27474180	NA	NA	NA	NA	NA	NA	NA	NA	NA	NA	NA	NA	NA	NA	NA	NA	other_animal	host_tax_id	host_tax_id=9544; Macaca mulatta	2022	United States
SRR1635134	0.013830425217747688	0.008274669758975506	0.0255875326693058	0.029944082722067833	0.03107616864144802	0.021715855225920677	0.010237829759716988	0.033177465200424194	0.027720807120203972	0.08357119560241699	0.057381521910429	0.24904108047485352	0.070168137550354	0.1721060872077942	0.04009789973497391	0.1260693073272705	water	nli		2011	United Kingdom
SRR1816194	0.05089767277240753	0.024708835408091545	0.12162116169929504	0.18275336921215057	0.09462620317935944	0.04186728969216347	0.01249739807099104	0.04002814367413521	0.2696966230869293	0.03210076317191124	0.013329417444765568	0.006637317128479481	0.006834645755589008	0.022084062919020653	0.041177958250045776	0.039139095693826675	cat	nli			unknown
SRR27474153	NA	NA	NA	NA	NA	NA	NA	NA	NA	NA	NA	NA	NA	NA	NA	NA	other_animal	host_tax_id	host_tax_id=9544; Macaca mulatta	2022	United States
SRR27474102	NA	NA	NA	NA	NA	NA	NA	NA	NA	NA	NA	NA	NA	NA	NA	NA	other_animal	host_tax_id	host_tax_id=9544; Macaca mulatta	2022	United States
SRR12686282	0.01523069478571415	0.01470454316586256	0.015899401158094406	0.019981304183602333	0.04044226184487343	0.0455593504011631	0.01365270558744669	0.013813639059662819	0.02246558479964733	0.04984208196401596	0.048403047025203705	0.03747610002756119	0.016924824565649033	0.18482445180416107	0.09607312828302383	0.3647068738937378	other_animal	nli		1999	Brazil
SRR1635212	0.012979106046259403	0.00866285152733326	0.024438340216875076	0.027855003252625465	0.030354661867022514	0.022164613008499146	0.011210561729967594	0.031502269208431244	0.02896462194621563	0.08243199437856674	0.061799027025699615	0.2571837902069092	0.06482810527086258	0.1509508192539215	0.03893811255693436	0.14573614299297333	water	nli		2011	United Kingdom
SRR27474192	NA	NA	NA	NA	NA	NA	NA	NA	NA	NA	NA	NA	NA	NA	NA	NA	other_animal	host_tax_id	host_tax_id=9544; Macaca mulatta	2022	United States
SRR29262329	NA	NA	NA	NA	NA	NA	NA	NA	NA	NA	NA	NA	NA	NA	NA	NA	other_animal	host_tax_id	host_tax_id=30538; Vicugna pacos	2022	Germany
SRR1635284	0.011693880893290043	0.006955511402338743	0.01920478418469429	0.023484280332922935	0.02554178424179554	0.018686769530177116	0.009451515041291714	0.02692486345767975	0.024088196456432343	0.0827321782708168	0.055300209671258926	0.28186798095703125	0.05365116521716118	0.17764173448085785	0.02922665886580944	0.15354856848716736	water	nli		2011	United Kingdom
SRR3619982	0.050599437206983566	0.022552253678441048	0.11138615012168884	0.2295561283826828	0.11729589104652405	0.03927242383360863	0.012687784619629383	0.03551434352993965	0.2285495549440384	0.03617945313453674	0.01377246156334877	0.006135411560535431	0.006135411560535431	0.020176267251372337	0.03425401821732521	0.03593297675251961	cattle	nli			unknown
SRR12686295	0.016277117654681206	0.015410864725708961	0.016793807968497276	0.0210641548037529	0.03897058591246605	0.046098291873931885	0.014308503828942776	0.014590713195502758	0.02363685518503189	0.04859449714422226	0.04878469184041023	0.039199601858854294	0.017531147226691246	0.18232229351997375	0.100491464138031	0.35592544078826904	other_animal	nli		1996	Brazil
SRR3619972	0.05149475485086441	0.022806070744991302	0.10942770540714264	0.22107702493667603	0.11524759978055954	0.03925173357129097	0.013276706449687481	0.03626648709177971	0.23510557413101196	0.037199098616838455	0.014439905062317848	0.006457924377173185	0.006420196499675512	0.02050320990383625	0.034403543919324875	0.03662238270044327	cat	nli			unknown
SRR11101917	0.024897107854485512	0.015856506302952766	0.01598086766898632	0.01908927410840988	0.031167037785053253	0.022802293300628662	0.01142101176083088	0.023071078583598137	0.023026064038276672	0.08521866798400879	0.03159607574343681	0.03916865214705467	0.012543527409434319	0.06483093649148941	0.015159962698817253	0.5641708970069885	other_animal	nli			Sweden
SRR1635047	0.013373322784900665	0.007861769758164883	0.024887247011065483	0.02912457101047039	0.029844369739294052	0.02112153358757496	0.009765040129423141	0.032427411526441574	0.026804624125361443	0.08049408346414566	0.05652415007352829	0.2486666887998581	0.0685148760676384	0.17992965877056122	0.038659218698740005	0.13200141489505768	water	nli		2011	United Kingdom
SRR27474114	NA	NA	NA	NA	NA	NA	NA	NA	NA	NA	NA	NA	NA	NA	NA	NA	other_animal	host_tax_id	host_tax_id=9544; Macaca mulatta	2022	United States
SRR27474182	NA	NA	NA	NA	NA	NA	NA	NA	NA	NA	NA	NA	NA	NA	NA	NA	other_animal	host_tax_id	host_tax_id=9544; Macaca mulatta	2022	United States
SRR1816195	0.051775574684143066	0.026521960273385048	0.12055827677249908	0.18427877128124237	0.09590648114681244	0.04209323972463608	0.012850256636738777	0.04016565531492233	0.2652592062950134	0.031189534813165665	0.014085708186030388	0.006932193413376808	0.007166227791458368	0.02248692698776722	0.04099786654114723	0.037732139229774475	cat	nli			unknown
SRR1635062	0.014237013645470142	0.008979173377156258	0.02644285373389721	0.03055465593934059	0.031432345509529114	0.022354261949658394	0.01025453582406044	0.03382091969251633	0.028230853378772736	0.08077641576528549	0.056308481842279434	0.2442348748445511	0.06905800849199295	0.17591577768325806	0.039386503398418427	0.12801331281661987	water	nli		2011	United Kingdom
SRR1635166	0.0119804497808218	0.008074774406850338	0.02251395955681801	0.025611508637666702	0.028460312634706497	0.02074083313345909	0.010429145768284798	0.028965013101696968	0.02668382041156292	0.08179160207509995	0.05851093679666519	0.2697274386882782	0.06084175035357475	0.15658339858055115	0.035942088812589645	0.15314297378063202	water	nli		2011	United Kingdom
SRR12686254	0.016152426600456238	0.015352664515376091	0.016406789422035217	0.02173546515405178	0.04068658500909805	0.045300595462322235	0.014366265386343002	0.014366265386343002	0.022867726162075996	0.048790667206048965	0.04710517078638077	0.03982178494334221	0.01770535483956337	0.18648658692836761	0.09913904964923859	0.3537166118621826	other_animal	nli		2007	Brazil
SRR1814942	0.051709819585084915	0.024738067761063576	0.12460696697235107	0.18539771437644958	0.09979504346847534	0.04110606387257576	0.012997906655073166	0.03930036351084709	0.2632460594177246	0.030221043154597282	0.013675003312528133	0.006782852578908205	0.006998163647949696	0.02281203866004944	0.03918539360165596	0.037427496165037155	cat	nli			unknown
SRR27474160	NA	NA	NA	NA	NA	NA	NA	NA	NA	NA	NA	NA	NA	NA	NA	NA	other_animal	host_tax_id	host_tax_id=9544; Macaca mulatta	2022	United States
SRR27474145	NA	NA	NA	NA	NA	NA	NA	NA	NA	NA	NA	NA	NA	NA	NA	NA	other_animal	host_tax_id	host_tax_id=9544; Macaca mulatta	2022	United States
SRR1635147	0.012494380585849285	0.006609845440834761	0.02431989461183548	0.03144155815243721	0.030773263424634933	0.02051944099366665	0.009176861494779587	0.030773263424634933	0.027290236204862595	0.08131462335586548	0.057211983948946	0.2564689517021179	0.06482966989278793	0.18814700841903687	0.03715590760111809	0.12147314101457596	water	nli		2011	United Kingdom
SRR12686266	0.01589386723935604	0.015225392766296864	0.016656631603837013	0.020932938903570175	0.04253419488668442	0.04782247915863991	0.014191625639796257	0.014415111392736435	0.02285602129995823	0.05070829764008522	0.04943699389696121	0.04163011536002159	0.017904890701174736	0.1838601529598236	0.09889496862888336	0.34703630208969116	other_animal	nli		2003	Brazil
SRR27474110	NA	NA	NA	NA	NA	NA	NA	NA	NA	NA	NA	NA	NA	NA	NA	NA	other_animal	host_tax_id	host_tax_id=9544; Macaca mulatta	2022	United States
SRR5209462	NA	NA	NA	NA	NA	NA	NA	NA	NA	NA	NA	NA	NA	NA	NA	NA	other_animal	host_tax_id	host_tax_id=9654; Procyon lotor	2011	Canada
SRR27474107	NA	NA	NA	NA	NA	NA	NA	NA	NA	NA	NA	NA	NA	NA	NA	NA	other_animal	host_tax_id	host_tax_id=9544; Macaca mulatta	2022	United States
SRR1635234	0.012916206382215023	0.008520434610545635	0.02422509714961052	0.027397068217396736	0.029797378927469254	0.021800225600600243	0.01115623489022255	0.03080335073173046	0.028432855382561684	0.08267590403556824	0.0606052428483963	0.26369133591651917	0.06394940614700317	0.1513235718011856	0.03852303698658943	0.14418260753154755	water	nli		2011	United Kingdom
SRR5209460	NA	NA	NA	NA	NA	NA	NA	NA	NA	NA	NA	NA	NA	NA	NA	NA	other_animal	host_tax_id	host_tax_id=9654; Procyon lotor	2011	Canada
SRR1635161	0.011585560627281666	0.007839183323085308	0.022462988272309303	0.025305192917585373	0.027738088741898537	0.0200571920722723	0.010284306481480598	0.028562750667333603	0.026159510016441345	0.08144720643758774	0.05872153490781784	0.27543139457702637	0.06112038716673851	0.15730051696300507	0.03610669821500778	0.14987748861312866	water	nli		2011	United Kingdom
SRR29262342	NA	NA	NA	NA	NA	NA	NA	NA	NA	NA	NA	NA	NA	NA	NA	NA	other_animal	host_tax_id	host_tax_id=30538; Vicugna pacos	2022	Germany
SRR1635151	0.01341252215206623	0.008882468566298485	0.02462127059698105	0.027306541800498962	0.029873449355363846	0.02224346436560154	0.011141110211610794	0.030881989747285843	0.028729017823934555	0.08240272849798203	0.05981796234846115	0.2604248523712158	0.06250529736280441	0.15361067652702332	0.03685278072953224	0.1472937911748886	water	nli		2011	United Kingdom
SRR29262332	NA	NA	NA	NA	NA	NA	NA	NA	NA	NA	NA	NA	NA	NA	NA	NA	other_animal	host_tax_id	host_tax_id=30538; Vicugna pacos	2022	Germany
SRR3619973	0.05026804655790329	0.02241549640893936	0.10992962121963501	0.23426014184951782	0.11470009386539459	0.039034273475408554	0.012709753587841988	0.03585485741496086	0.22749659419059753	0.03568021208047867	0.014068413525819778	0.00632875831797719	0.006279506720602512	0.020369717851281166	0.03481965884566307	0.035784896463155746	cattle	nli			unknown
SRR1816201	0.05453021451830864	0.031916093081235886	0.12127630412578583	0.16147112846374512	0.1420462280511856	0.054476991295814514	0.010753377340734005	0.03895196691155434	0.23791168630123138	0.029923895373940468	0.013175313360989094	0.006211433559656143	0.006309248972684145	0.022390086203813553	0.03677109256386757	0.03188494220376015	cat	nli			unknown
SRR1635210	0.010516306385397911	0.00635359575971961	0.020630184561014175	0.026283536106348038	0.028363825753331184	0.018968332558870316	0.009136726148426533	0.027012141421437263	0.026489682495594025	0.08084049075841904	0.05992906168103218	0.285417377948761	0.05569660663604736	0.16744036972522736	0.033650003373622894	0.143271803855896	water	nli		2011	United Kingdom
SRR1635129	0.013614681549370289	0.008098002523183823	0.024943606927990913	0.02910512685775757	0.030382994562387466	0.021418897435069084	0.009960712864995003	0.032310958951711655	0.02697046659886837	0.08299379050731659	0.05654160678386688	0.2540833652019501	0.06880427896976471	0.1736297309398651	0.03897446021437645	0.1281672865152359	water	nli		2011	United Kingdom
SRR27474163	NA	NA	NA	NA	NA	NA	NA	NA	NA	NA	NA	NA	NA	NA	NA	NA	other_animal	host_tax_id	host_tax_id=9544; Macaca mulatta	2022	United States
SRR27474129	NA	NA	NA	NA	NA	NA	NA	NA	NA	NA	NA	NA	NA	NA	NA	NA	other_animal	host_tax_id	host_tax_id=9544; Macaca mulatta	2022	United States
SRR1635241	0.012493813410401344	0.008257906883955002	0.02361665852367878	0.026501113548874855	0.029048986732959747	0.021461255848407745	0.010876033455133438	0.02985425479710102	0.027772927656769753	0.08259139955043793	0.059546470642089844	0.26927393674850464	0.06289359927177429	0.15313763916492462	0.037154220044612885	0.14551971852779388	water	nli		2011	United Kingdom
SRR6169171	0.014131542295217514	0.011488862335681915	0.01751842349767685	0.02307255007326603	0.0219301488250494	0.014523281715810299	0.006571776699274778	0.013966904021799564	0.015703413635492325	0.035630930215120316	0.02524144947528839	0.1797160506248474	0.021717030555009842	0.43111634254455566	0.041656769812107086	0.1260145753622055	environment	nli		2017	United States
SRR27474111	NA	NA	NA	NA	NA	NA	NA	NA	NA	NA	NA	NA	NA	NA	NA	NA	other_animal	host_tax_id	host_tax_id=9544; Macaca mulatta	2022	United States
SRR1635246	0.012643115594983101	0.008571485057473183	0.024133408442139626	0.02702813781797886	0.029453594237565994	0.021506663411855698	0.010920354165136814	0.030093230307102203	0.0283806212246418	0.08333387225866318	0.06055300682783127	0.26264524459838867	0.0632116049528122	0.1543634980916977	0.03687100112438202	0.14629119634628296	water	nli		2011	United Kingdom
SRR12686250	0.015105640515685081	0.014470319263637066	0.015768859535455704	0.022150959819555283	0.04431132227182388	0.04876160994172096	0.013021877035498619	0.013540608808398247	0.02307838201522827	0.049432847648859024	0.04904816299676895	0.03804982453584671	0.016785863786935806	0.16690286993980408	0.09271418303251266	0.3768567442893982	other_animal	nli		2009	Brazil
SRR3094508	0.023151952773332596	0.030791400000452995	0.12800125777721405	0.052788738161325455	0.06505820900201797	0.03992493450641632	0.012058085761964321	0.031215263530611992	0.025827869772911072	0.047597598284482956	0.05207192897796631	0.07201286405324936	0.030432669445872307	0.09006012976169586	0.12190132588148117	0.17710576951503754	unknown	nli		2013	unknown
SRR3094510	0.022486498579382896	0.03049621731042862	0.13442426919937134	0.05425930395722389	0.06399555504322052	0.03961949795484543	0.012249600142240524	0.03115849755704403	0.02558027021586895	0.046410445123910904	0.05207884684205055	0.07216323912143707	0.029673632234334946	0.09086723625659943	0.1216796338558197	0.17285721004009247	unknown	nli		2013	unknown
SRR1635275	0.012561463750898838	0.008532778359949589	0.02369820512831211	0.027011392638087273	0.02984054759144783	0.021451400592923164	0.010977723635733128	0.030369726940989494	0.028252463787794113	0.08239239454269409	0.05992739647626877	0.2653011679649353	0.06354367733001709	0.1538541167974472	0.03761163726449013	0.14467379450798035	water	nli		2011	United Kingdom
SRR6315299	NA	NA	NA	NA	NA	NA	NA	NA	NA	NA	NA	NA	NA	NA	NA	NA	other_animal	host_tax_id	host_tax_id=9544; Macaca mulatta	2003	Brazil
SRR5054226	NA	NA	NA	NA	NA	NA	NA	NA	NA	NA	NA	NA	NA	NA	NA	NA	other_animal	host_tax_id	host_tax_id=9872; Odocoileus hemionus	2016	United States
SRR27474167	NA	NA	NA	NA	NA	NA	NA	NA	NA	NA	NA	NA	NA	NA	NA	NA	other_animal	host_tax_id	host_tax_id=9544; Macaca mulatta	2022	United States
SRR6314857	NA	NA	NA	NA	NA	NA	NA	NA	NA	NA	NA	NA	NA	NA	NA	NA	other_animal	host_tax_id	host_tax_id=9544; Macaca mulatta	2000	Brazil
SRR4069394	0.086320661008358	0.02776711992919445	0.10569129884243011	0.1808876395225525	0.0705173909664154	0.04109729826450348	0.00644249003380537	0.030038077384233475	0.19673553109169006	0.02239883318543434	0.019252516329288483	0.07113122195005417	0.020454205572605133	0.02560526318848133	0.07137041538953781	0.024289971217513084	unknown	nli			unknown
SRR6314323	NA	NA	NA	NA	NA	NA	NA	NA	NA	NA	NA	NA	NA	NA	NA	NA	other_animal	host_tax_id	host_tax_id=9544; Macaca mulatta	1999	Brazil
SRR5209461	NA	NA	NA	NA	NA	NA	NA	NA	NA	NA	NA	NA	NA	NA	NA	NA	other_animal	host_tax_id	host_tax_id=9654; Procyon lotor	2011	Canada
SRR1635276	0.01250712014734745	0.008413298986852169	0.023457828909158707	0.026685239747166634	0.02902318350970745	0.02115103229880333	0.010760772973299026	0.030120449140667915	0.02802056260406971	0.08259864896535873	0.05984319746494293	0.26543018221855164	0.06283773481845856	0.15503206849098206	0.03719379007816315	0.14692483842372894	water	nli		2011	United Kingdom
SRR1635258	0.012860696762800217	0.008600600995123386	0.024026943370699883	0.02696150913834572	0.029902014881372452	0.021579720079898834	0.010978871956467628	0.030911525711417198	0.02870037779211998	0.08345378935337067	0.06141490116715431	0.2599271833896637	0.06423667073249817	0.15375755727291107	0.03743235394358635	0.1452552080154419	water	nli		2011	United Kingdom
SRR3619993	0.05052375793457031	0.021921826526522636	0.06082437187433243	0.30158889293670654	0.11228359490633011	0.040202461183071136	0.012811887077987194	0.04546646773815155	0.1611631065607071	0.041722372174263	0.015575294382870197	0.008288147859275341	0.007635400164872408	0.02787463739514351	0.04911298304796219	0.04300476610660553	cattle	nli			unknown
SRR1816192	0.056570395827293396	0.03128693625330925	0.12423411756753922	0.16794230043888092	0.1391228884458542	0.05265222117304802	0.01154359057545662	0.040646765381097794	0.2288225144147873	0.028766635805368423	0.012827598489820957	0.006337731145322323	0.006772885099053383	0.02244727872312069	0.03672129660844803	0.03330476954579353	cat	nli			unknown
SRR1635090	0.007009588181972504	0.004912633448839188	0.01399479154497385	0.014326667413115501	0.015072982758283615	0.010751157067716122	0.007461667526513338	0.019429843872785568	0.01307008322328329	0.10222850739955902	0.034334342926740646	0.3534312844276428	0.06427040696144104	0.21662919223308563	0.02785915695130825	0.09521768242120743	water	nli		2011	United Kingdom
SRR1635156	0.011774803511798382	0.007737201172858477	0.022170763462781906	0.02536930702626705	0.027917204424738884	0.020068775862455368	0.010370951145887375	0.028635116294026375	0.02632843144237995	0.08157385885715485	0.05892782658338547	0.2734792232513428	0.06175583600997925	0.15754511952400208	0.035463396459817886	0.15088213980197906	water	nli		2011	United Kingdom
SRR27474113	NA	NA	NA	NA	NA	NA	NA	NA	NA	NA	NA	NA	NA	NA	NA	NA	other_animal	host_tax_id	host_tax_id=9544; Macaca mulatta	2022	United States
SRR27474152	NA	NA	NA	NA	NA	NA	NA	NA	NA	NA	NA	NA	NA	NA	NA	NA	other_animal	host_tax_id	host_tax_id=9544; Macaca mulatta	2022	United States
SRR1635049	0.014878208748996258	0.008901553228497505	0.026575131341814995	0.030528102070093155	0.03171321749687195	0.022686559706926346	0.010800420306622982	0.034762196242809296	0.02879074588418007	0.08396216481924057	0.05742521956562996	0.24191682040691376	0.07118821889162064	0.1703968197107315	0.04084004834294319	0.12463456392288208	water	nli		2011	United Kingdom
SRR3094499	0.022262755781412125	0.031273119151592255	0.11710505932569504	0.05392967164516449	0.06620519608259201	0.04023398458957672	0.01208043284714222	0.031273119151592255	0.025724563747644424	0.05007200315594673	0.05319736525416374	0.07328247278928757	0.03188992664217949	0.09129060804843903	0.12248556315898895	0.17769411206245422	unknown	nli		2013	unknown
SRR27474149	NA	NA	NA	NA	NA	NA	NA	NA	NA	NA	NA	NA	NA	NA	NA	NA	other_animal	host_tax_id	host_tax_id=9544; Macaca mulatta	2022	United States
SRR1635207	0.011696497909724712	0.00764084467664361	0.02245769277215004	0.025697631761431694	0.027840087190270424	0.02017030119895935	0.010221811942756176	0.028779979795217514	0.026307033374905586	0.08214682340621948	0.05969046428799629	0.26908618211746216	0.061345137655735016	0.15857425332069397	0.0359574519097805	0.15238773822784424	water	nli		2011	United Kingdom
SRR1635219	0.01246500015258789	0.008368604816496372	0.023839937523007393	0.027067001909017563	0.030019013211131096	0.02149556390941143	0.01110827550292015	0.030730891972780228	0.027708876878023148	0.08296613395214081	0.06135488301515579	0.2602284550666809	0.06417389214038849	0.1524491161108017	0.03934381529688835	0.14668050408363342	water	nli		2011	United Kingdom
SRR1635233	0.012970087118446827	0.00862308219075203	0.024469107389450073	0.027404099702835083	0.029400305822491646	0.021933963522315025	0.011072257533669472	0.031296465545892715	0.028888018801808357	0.08189346641302109	0.06062079221010208	0.2616584897041321	0.06421618163585663	0.15128852427005768	0.03712919354438782	0.1471358984708786	water	nli		2011	United Kingdom
SRR12625727	0.005825292784720659	0.006485903635621071	0.41319844126701355	0.012164688669145107	0.21311216056346893	0.010787847451865673	0.0026566158048808575	0.017323309555649757	0.01055854931473732	0.0053665111772716045	0.011952725239098072	0.06696873158216476	0.013050805777311325	0.1550052911043167	0.009566839784383774	0.04597635567188263	pig	nli		2020	United States
SRR6856173	0.00648530712351203	0.0056565855629742146	0.5274091362953186	0.013649184256792068	0.009021560661494732	0.005313870031386614	0.004236586391925812	0.010025040246546268	0.0063350750133395195	0.007081103976815939	0.011337694711983204	0.1510314792394638	0.02680221199989319	0.1303563117980957	0.054619915783405304	0.03063899464905262	pig	nli		2010	United States
SRR6659229	0.005166599061340094	0.006342625245451927	0.3682699501514435	0.014747045002877712	0.25064826011657715	0.010726135224103928	0.002279269974678755	0.019271377474069595	0.00855162087827921	0.004806403536349535	0.009540023282170296	0.07712645828723907	0.012479041703045368	0.1554032266139984	0.010205009952187538	0.044436898082494736	pig	nli		2017	United States
SRR8951824	0.00525332847610116	0.006189934443682432	0.3483465313911438	0.014058636501431465	0.23547300696372986	0.010305626317858696	0.0024145625066012144	0.01761626824736595	0.009420105256140232	0.005420086905360222	0.011099596507847309	0.0948382094502449	0.012310152873396873	0.16985344886779785	0.01024541910737753	0.04715508967638016	pig	nli		2019	United States
SRR3215130	0.013600918464362621	0.008815783075988293	0.26194778084754944	0.24014216661453247	0.14586710929870605	0.011644849553704262	0.002932799980044365	0.025372669100761414	0.019368596374988556	0.009284083731472492	0.011724725365638733	0.07202458381652832	0.014996152371168137	0.11371241509914398	0.02065807208418846	0.027907278388738632	pig	nli		2016	United States
SRR6376259	0.007084781304001808	0.006012775469571352	0.5417816042900085	0.014200275763869286	0.009533614851534367	0.0054961214773356915	0.004442210309207439	0.010635515674948692	0.006616652011871338	0.007645526900887489	0.011957830749452114	0.14018097519874573	0.02879761904478073	0.1191953644156456	0.058343466371297836	0.028075631707906723	pig	nli		2009	United States
SRR7496959	0.007184559013694525	0.006002923473715782	0.5252772569656372	0.01500318106263876	0.00978184211999178	0.005617239512503147	0.004620615392923355	0.010976561345160007	0.006696745287626982	0.007768360897898674	0.012245239689946175	0.14061914384365082	0.028277073055505753	0.12716293334960938	0.05951283499598503	0.03325352072715759	pig	nli		2010	United States
ERR4224796	0.0033800594974309206	0.0025966481771320105	0.36415544152259827	0.011660121381282806	0.31515029072761536	0.0033734645694494247	0.033293724060058594	0.00470192264765501	0.007617081981152296	0.01146814227104187	0.009498143568634987	0.10753907263278961	0.028859075158834457	0.04807097092270851	0.03672255948185921	0.011913341470062733	pig	nli		2004	Netherlands
SRR10768360	0.007345680613070726	0.005788257345557213	0.5064932107925415	0.01453747320920229	0.009904018603265285	0.005188559647649527	0.004088487010449171	0.010040354914963245	0.006137545686215162	0.008740264922380447	0.012618047185242176	0.14862653613090515	0.0338006317615509	0.13648730516433716	0.055159322917461395	0.03504427894949913	pig	nli		2009	United States
SRR6998296	0.00709574855864048	0.006116917822510004	0.5458090901374817	0.014788811095058918	0.010104808956384659	0.005780080799013376	0.004492747597396374	0.011163179762661457	0.006810599938035011	0.007885018363595009	0.012380671687424183	0.12693969905376434	0.02644125558435917	0.12253206968307495	0.059702783823013306	0.03195659816265106	pig	nli		2009	United States
SRR7367176	0.014552141539752483	0.009404748678207397	0.2671724855899811	0.25419196486473083	0.10763165354728699	0.011377575807273388	0.0030000731348991394	0.027520885691046715	0.020682765170931816	0.009177920408546925	0.011935248039662838	0.07933355122804642	0.015220756642520428	0.12007177621126175	0.021111303940415382	0.02761511318385601	pig	nli		2018	United States
SRR7543323	0.005141477566212416	0.006287178490310907	0.3432683050632477	0.013362050987780094	0.23091000318527222	0.011462701484560966	0.002525408985093236	0.018299464136362076	0.010185183957219124	0.005419886205345392	0.01182656642049551	0.09328468888998032	0.013271019794046879	0.17652690410614014	0.011351305991411209	0.046877868473529816	pig	nli		2018	United States
SRR5876891	0.007807388436049223	0.006743547040969133	0.5425506234169006	0.015167167410254478	0.010064120404422283	0.006188227329403162	0.004371002782136202	0.009735447354614735	0.006930485833436251	0.008359760977327824	0.011183568276464939	0.12830200791358948	0.02714422345161438	0.1352660059928894	0.05239855498075485	0.027787931263446808	pig	nli		2010	United States
SRR7500598	0.007054608315229416	0.0060933418571949005	0.520329475402832	0.014861861243844032	0.009680246002972126	0.005569764878600836	0.004537040367722511	0.01079909410327673	0.006810903549194336	0.007250169757753611	0.01223697792738676	0.14562354981899261	0.028424054384231567	0.13032910227775574	0.05677694082260132	0.033622801303863525	pig	nli		2010	United States
SRR5427952	0.014931989833712578	0.008778063580393791	0.2892736792564392	0.24216970801353455	0.11267437040805817	0.011893198825418949	0.002986585721373558	0.02769305557012558	0.021057482808828354	0.008294688537716866	0.011504792608320713	0.06594136357307434	0.015005079098045826	0.11865971237421036	0.020731015130877495	0.0284052025526762	pig	nli		2017	United States
SRR6398669	0.0069826035760343075	0.005949252750724554	0.541318416595459	0.014327372424304485	0.009789520874619484	0.0054380567744374275	0.004481969401240349	0.010772704146802425	0.00666284654289484	0.007974384352564812	0.0125209866091609	0.1403692364692688	0.028549090027809143	0.11620693653821945	0.06082328036427498	0.027833333238959312	pig	nli		2009	United States
SRR17152128	0.0023098199162632227	0.0021445949096232653	0.5456693768501282	0.00745618948712945	0.015061917714774609	0.0037273038178682327	0.0044522942043840885	0.00822107307612896	0.004785953089594841	0.01093378011137247	0.03078455850481987	0.08570738881826401	0.019992809742689133	0.18091174960136414	0.022369029000401497	0.05547211691737175	pig	nli		2019	South Korea
SRR10768380	0.007061169948428869	0.005808360408991575	0.5067654252052307	0.01397441141307354	0.009957846254110336	0.005247415974736214	0.004078717436641455	0.00982262846082449	0.006146844942122698	0.00863464456051588	0.012686625123023987	0.14943431317806244	0.03358841314911842	0.13536569476127625	0.05581225827336311	0.03561528027057648	pig	nli		2009	United States
SRR8696153	0.01234446931630373	0.008048404939472675	0.26704758405685425	0.24867276847362518	0.12957791984081268	0.011338990181684494	0.0028753571677953005	0.02668774127960205	0.019707152619957924	0.00896112434566021	0.011130538769066334	0.07805755734443665	0.014264008030295372	0.11412899196147919	0.020312881097197533	0.026844574138522148	pig	nli		2019	United States
SRR5865333	0.0078091127797961235	0.006524758413434029	0.5416116118431091	0.015289501287043095	0.009756634011864662	0.005987454205751419	0.004279040731489658	0.009456454776227474	0.006679488345980644	0.008025589399039745	0.010570063255727291	0.1291002482175827	0.02644369751214981	0.13754397630691528	0.05271812528371811	0.02820420078933239	pig	nli		2010	United States
SRR9289356	0.005324555095285177	0.0062616183422505856	0.3621490001678467	0.015407111495733261	0.24768872559070587	0.010693058371543884	0.00229453993961215	0.020291859284043312	0.008393078111112118	0.004886086564511061	0.009128411300480366	0.08511963486671448	0.01234374474734068	0.15690334141254425	0.010094367899000645	0.04302084073424339	pig	nli		2019	United States
SRR6904941	0.005132155958563089	0.006118438672274351	0.3473627269268036	0.014763624407351017	0.24226154386997223	0.011363967321813107	0.0024432723876088858	0.016696736216545105	0.009873186238110065	0.004945194348692894	0.011565492488443851	0.08738857507705688	0.012371663004159927	0.17061883211135864	0.010982113890349865	0.04611242562532425	pig	nli		2018	United States
SRR7127921	0.0070602199994027615	0.005830308888107538	0.524315357208252	0.014345848001539707	0.009353271685540676	0.005509254522621632	0.004567332100123167	0.010536725632846355	0.006580848712474108	0.007515565492212772	0.011708740144968033	0.14149706065654755	0.02830810472369194	0.13087937235832214	0.059694621711969376	0.03229731321334839	pig	nli		2009	United States
SRR9010153	0.012663658708333969	0.008361997082829475	0.26038825511932373	0.2606426775455475	0.11320110410451889	0.011666307225823402	0.0029353369027376175	0.027565591037273407	0.02029583975672722	0.00904147420078516	0.011463027447462082	0.07709286361932755	0.015067867934703827	0.12085551023483276	0.02063559740781784	0.028123002499341965	cattle	nli		2019	United States
SRR3297736	0.005085021257400513	0.006085973232984543	0.35302314162254333	0.013782083056867123	0.24003659188747406	0.011281612329185009	0.002411395078524947	0.01557146105915308	0.009612053632736206	0.0050553129985928535	0.011182892136275768	0.08908405900001526	0.012127066031098366	0.1703777313232422	0.010881253518164158	0.04440230503678322	pig	nli		2016	United States
SRR7624020	0.004875930026173592	0.005870017688721418	0.35164815187454224	0.01389023195952177	0.23631606996059418	0.011259644292294979	0.0024043500889092684	0.01664067432284355	0.009621482342481613	0.005080077331513166	0.011336877010762691	0.08721219003200531	0.012414699420332909	0.17416350543498993	0.010744026862084866	0.04652203619480133	pig	nli		2018	United States
SRR11654067	0.013632534071803093	0.008776077069342136	0.26957160234451294	0.26255667209625244	0.10691450536251068	0.011213816702365875	0.0030329308938235044	0.028944749385118484	0.0201279129832983	0.009045821614563465	0.011740506626665592	0.06883145123720169	0.015553644858300686	0.11968011409044266	0.021446986123919487	0.028930623084306717	pig	nli		2019	United States
SRR9879527	0.004976240918040276	0.003683610586449504	0.3706364035606384	0.010091625154018402	0.26826605200767517	0.00487999152392149	0.010391652584075928	0.008236545138061047	0.008124700747430325	0.011729376390576363	0.013619608245790005	0.08228477090597153	0.021405739709734917	0.13469520211219788	0.020930303260684013	0.026048187166452408	pig	nli		2018	United States
SRR5865320	0.007673121523112059	0.006448808591812849	0.548537015914917	0.014935473911464214	0.0094750402495265	0.005826012697070837	0.004155539441853762	0.009438100270926952	0.006627576891332865	0.007733302190899849	0.010365724563598633	0.12101352214813232	0.026289477944374084	0.1394047737121582	0.052976708859205246	0.029099799692630768	pig	nli		2010	United States
SRR10045171	0.006471280008554459	0.007654874585568905	0.350912868976593	0.015845440328121185	0.22502285242080688	0.013110700063407421	0.002499778289347887	0.017522184178233147	0.011424193158745766	0.006395888049155474	0.014189896173775196	0.08855155110359192	0.013753318227827549	0.16575950384140015	0.012066353112459183	0.04881931096315384	pig	nli		2019	United States
SRR3583308	0.013870551250874996	0.008520400151610374	0.26766306161880493	0.2502214014530182	0.12011618912220001	0.01181785762310028	0.002961875405162573	0.02464256063103676	0.02262432873249054	0.009477387182414532	0.012133605778217316	0.07801810652017593	0.014493689872324467	0.11619343608617783	0.02154616266489029	0.025699390098452568	pig	nli		2016	United States
SRR5645350	0.008069532923400402	0.006611938588321209	0.5408671498298645	0.01578395627439022	0.009867705404758453	0.006126997992396355	0.004310881718993187	0.009639120660722256	0.006875327788293362	0.007928924635052681	0.010774238966405392	0.12315420806407928	0.0272190161049366	0.13860128819942474	0.05326623469591141	0.030903486534953117	pig	nli		2010	United States
SRR11544808	0.004814231302589178	0.005683641415089369	0.35647493600845337	0.013835537247359753	0.24548038840293884	0.010902142152190208	0.0024829991161823273	0.01617538370192051	0.009100189432501793	0.004711903631687164	0.010382598266005516	0.08259281516075134	0.011915338225662708	0.17271701991558075	0.010775127448141575	0.04195575416088104	pig	nli		2020	United States
SRR6666794	0.007132058031857014	0.006088469177484512	0.5448646545410156	0.01466264296323061	0.010216202586889267	0.005686171818524599	0.00462282495573163	0.01091765332967043	0.006765698082745075	0.00805017352104187	0.012689461000263691	0.14778044819831848	0.02884857915341854	0.1070677787065506	0.05740027874708176	0.027206802740693092	pig	nli		2009	United States
ERR4223951	0.0038028457202017307	0.003152670105919242	0.3723127245903015	0.005742295645177364	0.3190785050392151	0.0036571607924997807	0.042515695095062256	0.004902062006294727	0.006746284198015928	0.011264849454164505	0.008586600422859192	0.10318577289581299	0.02810630202293396	0.04236803576350212	0.033944081515073776	0.010634144768118858	pig	nli		2017	Netherlands
ERR1163653	0.00568682374432683	0.00664857029914856	0.6709265112876892	0.010177536867558956	0.0116004329174757	0.007273558527231216	0.004104073625057936	0.006873029749840498	0.007344936951994896	0.017363369464874268	0.012518585659563541	0.07377486675977707	0.01873764581978321	0.057308826595544815	0.05051315575838089	0.03914806619286537	pig	nli		2008	United Kingdom
SRR8609085	0.012846419587731361	0.008294272236526012	0.26234665513038635	0.25377893447875977	0.11032778769731522	0.01125969085842371	0.0029058821965008974	0.027395788580179214	0.02030918002128601	0.009362000040709972	0.011492987163364887	0.08119188249111176	0.015556388534605503	0.12283938378095627	0.020729977637529373	0.02936270460486412	pig	nli		2019	United States
SRR3583313	0.005708384793251753	0.006544696632772684	0.35110199451446533	0.013707083649933338	0.2359490543603897	0.01129718217998743	0.002498684450984001	0.01588497683405876	0.009959998540580273	0.005565270781517029	0.011804712004959583	0.08809240907430649	0.012615231797099113	0.17440319061279297	0.010706408880650997	0.04416067153215408	pig	nli		2016	United States
SRR6764260	0.005357110407203436	0.006324559450149536	0.3573158085346222	0.012800938449800014	0.2269020527601242	0.0116326455026865	0.002433577086776495	0.016826516017317772	0.010027965530753136	0.005062113516032696	0.011508353985846043	0.08982673287391663	0.0125656109303236	0.17337824404239655	0.01080054510384798	0.04723724350333214	pig	nli		2018	United States
SRR17412822	0.008985058404505253	0.007730490528047085	0.3090950846672058	0.022108308970928192	0.2698609232902527	0.03325339034199715	0.002353066112846136	0.07234890758991241	0.014799397438764572	0.009820089675486088	0.011741635389626026	0.07253904640674591	0.012523341923952103	0.11129278689622879	0.009333861991763115	0.032214559614658356	pig	nli		2021	United States
SRR5760705	0.008254419080913067	0.006829801481217146	0.5521798729896545	0.015557423233985901	0.010454963892698288	0.006353653501719236	0.00440104678273201	0.009840729646384716	0.007074181921780109	0.008533092215657234	0.01132661197334528	0.13099420070648193	0.02743777446448803	0.12235366553068161	0.053957145661115646	0.024451371282339096	pig	nli		2010	United States
SRR12070098	NA	NA	NA	NA	NA	NA	NA	NA	NA	NA	NA	NA	NA	NA	NA	NA	pig	host_tax_id	host_tax_id=9825; Sus scrofa domesticus	2016	Italy
SRR6666474	0.007398261222988367	0.0062421392649412155	0.5553532242774963	0.01497411634773016	0.010291549377143383	0.005818313919007778	0.00473025580868125	0.011127817444503307	0.006963610183447599	0.00833434984087944	0.012984351254999638	0.13712908327579498	0.028638744726777077	0.10451987385749817	0.05822024494409561	0.027273962274193764	pig	nli		2009	United States
SRR12680074	0.018454937264323235	0.009878216311335564	0.301947683095932	0.23083408176898956	0.1547478288412094	0.013727945275604725	0.003222684608772397	0.03242106735706329	0.0308760367333889	0.009763131849467754	0.011973726563155651	0.04445521906018257	0.012634431011974812	0.08321564644575119	0.012997358106076717	0.028849979862570763	pig	nli		2020	United States
SRR11654077	0.013053683564066887	0.007878893986344337	0.26579946279525757	0.25338003039360046	0.1240314468741417	0.011078516021370888	0.002870315220206976	0.028777606785297394	0.019500447437167168	0.008452819660305977	0.010790225118398666	0.07224100083112717	0.015776529908180237	0.11893094331026077	0.020758118480443954	0.02667999640107155	pig	nli		2020	United States
SRR3113830	0.004859180189669132	0.00568095687776804	0.3587506115436554	0.013416626490652561	0.24085375666618347	0.010246778838336468	0.0024243348743766546	0.015563557855784893	0.009167231619358063	0.0045826430432498455	0.01048977393656969	0.07977738231420517	0.011679356917738914	0.17664311826229095	0.010675795376300812	0.045188840478658676	pig	nli		2015	United States
SRR20710162	0.008727969601750374	0.00743632297962904	0.30142611265182495	0.02272723615169525	0.2739161252975464	0.04074382409453392	0.0022635250352323055	0.06732913851737976	0.014389989897608757	0.009128986857831478	0.011461501941084862	0.07187958806753159	0.012058562599122524	0.11541842669248581	0.00841001607477665	0.03268267959356308	pig	nli		2022	United States
SRR5861818	0.008043008856475353	0.006733323913067579	0.5529524683952332	0.015457953326404095	0.010009684599936008	0.006130760535597801	0.0043558599427342415	0.009873764589428902	0.006974252872169018	0.008314545266330242	0.011058093048632145	0.12148977816104889	0.026243556290864944	0.1329832524061203	0.051633890718221664	0.02774580381810665	pig	nli		2010	United States
ERR10497186	0.0038587418384850025	0.0038587418384850025	0.7382240891456604	0.007689026650041342	0.010326527990400791	0.005538198631256819	0.0034253390040248632	0.006825417745858431	0.005357332527637482	0.010226174257695675	0.009663055650889874	0.05180616304278374	0.016501745209097862	0.06313423067331314	0.03900999203324318	0.024555282667279243	pig	nli		2017	Spain
SRR6659230	0.0053781247697770596	0.0063493684865534306	0.35662171244621277	0.012528960593044758	0.24367032945156097	0.011013663373887539	0.0023772241547703743	0.015623028390109539	0.009757563471794128	0.004935245029628277	0.011564785614609718	0.08097923547029495	0.01222678180783987	0.17228266596794128	0.01081119291484356	0.04388009384274483	pig	nli		2017	United States
SRR17066970	0.021047601476311684	0.009159167297184467	0.2584233582019806	0.20583194494247437	0.17588554322719574	0.012716244906187057	0.001831948640756309	0.08675137907266617	0.04289265349507332	0.006940762046724558	0.011657691560685635	0.048645295202732086	0.011026508174836636	0.07585085183382034	0.007697742898017168	0.023641353473067284	pig	nli		2021	United States
SRR11600456	0.005146507173776627	0.006317960098385811	0.35312917828559875	0.01512642577290535	0.23181405663490295	0.011586513370275497	0.0023933483753353357	0.01722438633441925	0.009614941664040089	0.0053098746575415134	0.011055927723646164	0.07946024090051651	0.01226172223687172	0.17948220670223236	0.010684425011277199	0.049392219632864	pig	nli		2019	United States
SRR5815736	0.0050753275863826275	0.006157991010695696	0.3547670245170593	0.013371708802878857	0.24454298615455627	0.011172480881214142	0.0023834086023271084	0.016657618805766106	0.009353207424283028	0.0049384296871721745	0.010797061026096344	0.08560199290513992	0.01210394874215126	0.16807177662849426	0.01055725198239088	0.04444769024848938	pig	nli		2017	United States
SRR6664291	0.006944984197616577	0.006022132467478514	0.5363029837608337	0.014194624498486519	0.009623340331017971	0.005591361317783594	0.004519186913967133	0.010527967475354671	0.006691983435302973	0.007778012193739414	0.012188825756311417	0.136728897690773	0.026884106919169426	0.1275542974472046	0.05710851401090622	0.031338755041360855	pig	nli		2009	United States
SRR9856028	0.006383416708558798	0.007639949209988117	0.34988680481910706	0.016525013372302055	0.23976993560791016	0.013252313248813152	0.002574100624769926	0.017746075987815857	0.011446543037891388	0.006358529441058636	0.013997232541441917	0.08169221878051758	0.01373991183936596	0.16050301492214203	0.01182143297046423	0.04666345566511154	pig	nli		2019	United States
SRR7439653	0.007337651215493679	0.006425062194466591	0.5260939002037048	0.014880477450788021	0.010167442262172699	0.005781929939985275	0.004840428475290537	0.011015119031071663	0.006920064799487591	0.008330903947353363	0.01282777264714241	0.13933296501636505	0.028293389827013016	0.12856338918209076	0.05572130158543587	0.03346824273467064	pig	nli		2010	United States
SRR12782933	0.005502555053681135	0.006333401892334223	0.42408719658851624	0.010953827761113644	0.2138700783252716	0.010421639308333397	0.002666063839569688	0.016427595168352127	0.010300222784280777	0.0055240909568965435	0.011513195000588894	0.06326619535684586	0.012856445275247097	0.1506969928741455	0.00889670755714178	0.04668375104665756	pig	nli		2020	United States
SRR2889269	0.0047051259316504	0.005479403305798769	0.3594553470611572	0.012927989475429058	0.2472911924123764	0.010398080572485924	0.0024553316179662943	0.015040731057524681	0.008841989561915398	0.004411431960761547	0.010177068412303925	0.07643764466047287	0.011221068911254406	0.17647235095500946	0.01097184233367443	0.04371347650885582	pig	nli		2015	United States
SRR8635363	0.005124484654515982	0.005909776780754328	0.3526497185230255	0.014190669171512127	0.2283557951450348	0.010422749444842339	0.002369184046983719	0.016574379056692123	0.009279242716729641	0.0052974894642829895	0.010649099014699459	0.09342005848884583	0.012114238925278187	0.17525751888751984	0.010191254317760468	0.04819430783390999	pig	nli		2019	United States
SRR6212386	0.0066496809013187885	0.005799954757094383	0.5220953226089478	0.013751272112131119	0.00901830568909645	0.005291243549436331	0.004226794932037592	0.010080315172672272	0.006382457911968231	0.007317523937672377	0.011377961374819279	0.15497295558452606	0.028856702148914337	0.12879113852977753	0.0547604002058506	0.030627941712737083	pig	nli		2010	United States
SRR5605553	0.014291390776634216	0.008736152201890945	0.2760535478591919	0.24361640214920044	0.11763274669647217	0.012760776095092297	0.003033911343663931	0.029238246381282806	0.023992080241441727	0.009290508925914764	0.011790268123149872	0.07160963863134384	0.014759454876184464	0.1148516982793808	0.021328579634428024	0.027014560997486115	pig	nli		2017	United States
SRR6289028	0.007191172800958157	0.006175009533762932	0.5403354167938232	0.014190059155225754	0.009790847077965736	0.00578956538811326	0.0045888773165643215	0.010690318420529366	0.006742299534380436	0.007882547564804554	0.01218490581959486	0.13826234638690948	0.027728576213121414	0.12028582394123077	0.059859178960323334	0.028303097933530807	pig	nli		2009	United States
SRR18426075	0.009112822823226452	0.0076662758365273476	0.3086300790309906	0.022010473534464836	0.27156829833984375	0.039487771689891815	0.002384196501225233	0.06216471269726753	0.015592528507113457	0.009457346983253956	0.011610036715865135	0.07330606877803802	0.012726251035928726	0.1145409643650055	0.008989080786705017	0.030753109604120255	pig	nli		2022	United States
SRR5195803	0.005275798495858908	0.006401224993169308	0.3567363917827606	0.013511748984456062	0.23671120405197144	0.01135583408176899	0.0023411214351654053	0.016442159190773964	0.009703677147626877	0.005133492406457663	0.011147072538733482	0.0857311263680458	0.012242663651704788	0.17116402089595795	0.010481935925781727	0.045620474964380264	pig	nli		2016	United States
SRR9007403	0.004824359901249409	0.005740269552916288	0.3561798632144928	0.01477325800806284	0.2440824657678604	0.010766209103167057	0.002440095879137516	0.016675030812621117	0.009119334630668163	0.005016540642827749	0.010599294677376747	0.0767371878027916	0.011404747143387794	0.1763218194246292	0.010651174932718277	0.0446682944893837	pig	nli		2019	United States
SRR12070221	NA	NA	NA	NA	NA	NA	NA	NA	NA	NA	NA	NA	NA	NA	NA	NA	pig	host_tax_id	host_tax_id=9825; Sus scrofa domesticus	2013	Italy
SRR8754469	0.01176159456372261	0.008672457188367844	0.26431572437286377	0.2637999951839447	0.10991450399160385	0.011038212105631828	0.003083213232457638	0.027628380805253983	0.018923897296190262	0.009703211486339569	0.011970169842243195	0.0800430104136467	0.015295135788619518	0.11490853130817413	0.021028827875852585	0.027913136407732964	pig	nli		2019	United States
SRR6443378	0.006880299188196659	0.0060363695956766605	0.5433766841888428	0.014228182844817638	0.009874841198325157	0.005604579113423824	0.004485849291086197	0.010656415484845638	0.006681651808321476	0.008075367659330368	0.012337538413703442	0.14160990715026855	0.02851804904639721	0.11812108755111694	0.05630103498697281	0.02721210941672325	pig	nli		2009	United States
SRR6261965	0.007008108776062727	0.00592451635748148	0.5301922559738159	0.014295695349574089	0.009375345893204212	0.005511481314897537	0.00446333410218358	0.010582240298390388	0.006648115813732147	0.007474677637219429	0.012132599018514156	0.1392236351966858	0.028236698359251022	0.12605474889278412	0.05931190028786659	0.03356466814875603	pig	nli		2010	United States
SRR13921952	0.007237137295305729	0.005462877918034792	0.47476473450660706	0.014907760545611382	0.010166210122406483	0.005669410340487957	0.004406725987792015	0.008378845639526844	0.006772156339138746	0.016229700297117233	0.01134122721850872	0.14479507505893707	0.02122962474822998	0.20270369946956635	0.04739990830421448	0.01853489875793457	pig	nli		2009	United States
SRR23513629	0.008712517097592354	0.00697341188788414	0.31379666924476624	0.022422688081860542	0.2736983299255371	0.03713158145546913	0.00234952662140131	0.06271732598543167	0.015186772681772709	0.009041908197104931	0.011296877637505531	0.07790068536996841	0.01305351871997118	0.11004547029733658	0.008901726454496384	0.026771005243062973	pig	nli		2023	United States
SRR3185261	0.0052245790138840675	0.0061200931668281555	0.3550022840499878	0.013406733050942421	0.23349924385547638	0.011071239598095417	0.0024970071390271187	0.01610855758190155	0.00944203045219183	0.005286164116114378	0.0108677102252841	0.08796882629394531	0.01215937826782465	0.17522476613521576	0.010678346268832684	0.045443058013916016	pig	nli		2016	United States
SRR12070156	0.010598025284707546	0.016935594379901886	0.42979326844215393	0.018527597188949585	0.033549144864082336	0.01849144697189331	0.008432994596660137	0.02628164365887642	0.019916072487831116	0.04090505465865135	0.03543496131896973	0.03335314244031906	0.02502918802201748	0.0725659504532814	0.13458169996738434	0.0756041631102562	pig	nli		2018	Italy
SRR6793679	0.005215441342443228	0.006002936512231827	0.34381380677223206	0.013175795786082745	0.23722440004348755	0.01167310867458582	0.0024206729140132666	0.0169345885515213	0.00985858403146267	0.0053915176540613174	0.011810706928372383	0.09657549113035202	0.012870579957962036	0.16912321746349335	0.010933791287243366	0.04697529599070549	pig	nli		2018	United States
SRR2727701	0.013087714090943336	0.007953619584441185	0.2744153141975403	0.2590511441230774	0.11196186393499374	0.01147118117660284	0.0027486972976475954	0.02627062052488327	0.018986806273460388	0.00806310586631298	0.01103172730654478	0.0701238363981247	0.01445851195603609	0.1217116117477417	0.020589863881468773	0.02807438373565674	pig	nli		2015	United States
SRR17656269	0.009151349775493145	0.007571931462734938	0.30722278356552124	0.022782908752560616	0.26175710558891296	0.03465507924556732	0.0023733251728117466	0.0701848715543747	0.016155501827597618	0.009992072358727455	0.01192395854741335	0.0782395526766777	0.012730228714644909	0.11390737444162369	0.00901827309280634	0.03233364596962929	pig	nli		2021	United States
SRR13921953	0.007530499249696732	0.005684319417923689	0.47508448362350464	0.01552721206098795	0.01061970554292202	0.0058877128176391125	0.004523091483861208	0.008786866441369057	0.007046670187264681	0.017237482592463493	0.012080801650881767	0.14188210666179657	0.021515335887670517	0.19814139604568481	0.0470627024769783	0.021389637142419815	pig	nli		2009	United States
SRR5963909	0.00707826716825366	0.006054362747818232	0.5282285809516907	0.014609010890126228	0.009731698781251907	0.005448336713016033	0.004472935106605291	0.010835311375558376	0.006701568607240915	0.007608718238770962	0.012040538713335991	0.1357100009918213	0.02851937711238861	0.13016103208065033	0.059294555336236954	0.03350573405623436	pig	nli		2010	United States
SRR7500639	0.007406379096210003	0.006116166245192289	0.5310215353965759	0.014902968890964985	0.009888812899589539	0.00579066900536418	0.004536279942840338	0.010945918038487434	0.006809763144701719	0.007792196702212095	0.012598676607012749	0.13460789620876312	0.027924099937081337	0.1266377866268158	0.05917307734489441	0.03384776413440704	pig	nli		2010	United States
SRR5427944	0.005115598440170288	0.006428942084312439	0.37990137934684753	0.011917375959455967	0.23913326859474182	0.00995734054595232	0.002425895072519779	0.016115078702569008	0.00904857087880373	0.0046487171202898026	0.01114080660045147	0.07311426103115082	0.012295674532651901	0.165319561958313	0.009802966378629208	0.04363454133272171	pig	nli		2017	United States
SRR6860706	0.006504447665065527	0.005662209820002317	0.533114492893219	0.014096459373831749	0.009154844097793102	0.005466606467962265	0.004375416785478592	0.010333352722227573	0.006366194225847721	0.007115887477993965	0.011640815064311028	0.13664798438549042	0.02836461551487446	0.13035857677459717	0.058086857199668884	0.032711297273635864	pig	nli		2010	United States
SRR4301153	0.004935838282108307	0.0060357158072292805	0.3615743815898895	0.01349584385752678	0.23118126392364502	0.01177128590643406	0.002354405354708433	0.016152411699295044	0.009532677009701729	0.004974551033228636	0.01084421668201685	0.0827629491686821	0.012144946493208408	0.17561602592468262	0.01083363126963377	0.04578980803489685	pig	nli		2016	United States
SRR6930614	0.007183177396655083	0.005486061796545982	0.46619004011154175	0.014840022660791874	0.010031460784375668	0.005496786441653967	0.004331364296376705	0.008044777438044548	0.0063391318544745445	0.017197925597429276	0.011400486342608929	0.1451258361339569	0.021486936137080193	0.20961596071720123	0.04553227871656418	0.021697793155908585	pig	nli		2009	United States
SRR13921946	0.0073882220312952995	0.005566040053963661	0.4748377203941345	0.015549487434327602	0.01048029214143753	0.005787766072899103	0.004489943850785494	0.0085537638515234	0.006967756897211075	0.017262212932109833	0.01205096673220396	0.14411191642284393	0.021864144131541252	0.19968920946121216	0.04418835788965225	0.02121216058731079	pig	nli		2009	United States
SRR13276339	0.00931327510625124	0.0071546961553394794	0.27270594239234924	0.009506241418421268	0.3341262638568878	0.004955913405865431	0.09983424097299576	0.007071341387927532	0.0076683759689331055	0.011146530508995056	0.010149032808840275	0.038423802703619	0.02169634960591793	0.144762322306633	0.011146530508995056	0.01033910270780325	sheep	nli		2018	United States
SRR10823769	0.007238005753606558	0.005636964924633503	0.5044588446617126	0.014352384023368359	0.009532779455184937	0.005043082870543003	0.003989407327026129	0.00975884310901165	0.006035780068486929	0.008445574901998043	0.01233633328229189	0.14988423883914948	0.03382965922355652	0.13744080066680908	0.0565987229347229	0.035418570041656494	pig	nli		2009	United States
SRR7014281	0.0067250835709273815	0.006087484769523144	0.5352840423583984	0.013638212345540524	0.009880962781608105	0.0057298424653708935	0.004559315275400877	0.010294662788510323	0.006569297052919865	0.00762051809579134	0.01251512672752142	0.1386689394712448	0.029013417661190033	0.12428686767816544	0.05647364631295204	0.03265253081917763	pig	nli		2009	United States
SRR6745536	0.007666721008718014	0.006393285933881998	0.5545399785041809	0.015276903286576271	0.010357080027461052	0.005843936465680599	0.004695734940469265	0.011264481581747532	0.007132225204259157	0.008687533438205719	0.01304153073579073	0.14720778167247772	0.030115893110632896	0.09397159516811371	0.06009766459465027	0.023707589134573936	pig	nli		2009	United States
SRR5815730	0.004826057236641645	0.006124585866928101	0.3654678165912628	0.013788494281470776	0.23481439054012299	0.011079366318881512	0.0023382913786917925	0.01653493009507656	0.009212066419422626	0.0047234781086444855	0.01061338372528553	0.0809864029288292	0.01203828863799572	0.1714586764574051	0.01042845007032156	0.045565322041511536	pig	nli		2017	United States
SRR8420065	0.005104328040033579	0.00645247520878911	0.3492104411125183	0.014540876261889935	0.23513665795326233	0.012054810300469398	0.0023737328592687845	0.017016617581248283	0.009935402311384678	0.005412345286458731	0.011798582039773464	0.0865125060081482	0.012401086278259754	0.17363305389881134	0.010669546201825142	0.04774758964776993	pig	nli		2018	United States
SRR6973039	0.006887298543006182	0.005960460752248764	0.5220711827278137	0.0146374786272645	0.009524788707494736	0.005512525327503681	0.004472906235605478	0.010625668801367283	0.006546285469084978	0.0075347283855080605	0.012087586335837841	0.15071223676204681	0.03035852685570717	0.125204399228096	0.05696699023246765	0.03089689090847969	pig	nli		2010	United States
SRR6213864	0.006617904640734196	0.005561960395425558	0.5288147330284119	0.013873952440917492	0.00861453264951706	0.004927624017000198	0.0041011325083673	0.010170244611799717	0.00627795560285449	0.00694906385615468	0.010868541896343231	0.14584612846374512	0.0291425883769989	0.12769155204296112	0.05921560153365135	0.03132655844092369	pig	nli		2010	United States
SRR6793437	0.013558659702539444	0.008493082597851753	0.2636965215206146	0.25235921144485474	0.11165612190961838	0.012333250604569912	0.0029755348805338144	0.029672732576727867	0.021794002503156662	0.009237177670001984	0.011779967695474625	0.0751364454627037	0.01539401151239872	0.12143854051828384	0.021061677485704422	0.02941307984292507	pig	nli		2018	United States
SRR3350820	0.014045197516679764	0.008988909423351288	0.26839932799339294	0.24871410429477692	0.11409223079681396	0.01227438822388649	0.0032333882991224527	0.026927808299660683	0.02145823836326599	0.010057274252176285	0.012602334842085838	0.07857725024223328	0.015395534224808216	0.11651304364204407	0.021542225033044815	0.02717878483235836	pig	nli		2016	United States
SRR23979057	0.020497029647231102	0.008712957613170147	0.26789432764053345	0.20320703089237213	0.17776033282279968	0.01332465372979641	0.001773605472408235	0.08654890954494476	0.04728615656495094	0.006487578619271517	0.010759066790342331	0.04859104007482529	0.010346892289817333	0.0705702155828476	0.007097432855516672	0.01914268545806408	pig	nli		2023	United States
SRR5876880	0.007920785807073116	0.006881697103381157	0.5466809868812561	0.014812433160841465	0.010091342031955719	0.006241428200155497	0.004348717629909515	0.009780864231288433	0.007003734353929758	0.008464633487164974	0.011279715225100517	0.12296774238348007	0.026717282831668854	0.13611286878585815	0.05200429633259773	0.02869146503508091	pig	nli		2010	United States
SRR6236257	0.006982483901083469	0.0059958104975521564	0.5370966792106628	0.01413258071988821	0.009789352305233479	0.005698936991393566	0.0046241628006100655	0.010605507530272007	0.006741270888596773	0.00788134429603815	0.011785171926021576	0.1425250768661499	0.029282746836543083	0.12107765674591064	0.05840655416250229	0.02737460285425186	pig	nli		2010	United States
ERR4223940	0.003776182420551777	0.0031244568526744843	0.37846946716308594	0.005848666653037071	0.3125389814376831	0.0035682416055351496	0.0412912592291832	0.004905869252979755	0.006262459792196751	0.010948109440505505	0.0080490130931139	0.10499460250139236	0.02779364585876465	0.042984623461961746	0.03468700125813484	0.010757343843579292	pig	nli		2017	Netherlands
SRR12070099	NA	NA	NA	NA	NA	NA	NA	NA	NA	NA	NA	NA	NA	NA	NA	NA	pig	host_tax_id	host_tax_id=9825; Sus scrofa domesticus	2013	Italy
SRR12301966	0.011281209997832775	0.009858882054686546	0.5294142961502075	0.015106584876775742	0.017101293429732323	0.012959256768226624	0.004702707286924124	0.013227766379714012	0.013112016022205353	0.021533777937293053	0.016558965668082237	0.07563889026641846	0.02564702369272709	0.1872994750738144	0.019416188821196556	0.027141617611050606	pig	nli		2015	Germany
SRR17900535	NA	NA	NA	NA	NA	NA	NA	NA	NA	NA	NA	NA	NA	NA	NA	NA	sheep	host_tax_id	host_tax_id=9940; Ovis aries	2018	New Zealand
SRR26678371	NA	NA	NA	NA	NA	NA	NA	NA	NA	NA	NA	NA	NA	NA	NA	NA	sheep	host_tax_id	host_tax_id=9940; Ovis aries	2020	Ethiopia
SRR3094483	NA	NA	NA	NA	NA	NA	NA	NA	NA	NA	NA	NA	NA	NA	NA	NA	sheep	host_tax_id	host_tax_id=9940; Ovis aries	2008	United Kingdom
SRR28199248	0.02275952883064747	0.011500224471092224	0.051691651344299316	0.15860076248645782	0.3423800468444824	0.013018744066357613	0.0030472564976662397	0.045196473598480225	0.016896935179829597	0.012005145661532879	0.014256464317440987	0.10605145245790482	0.014396369457244873	0.1370900720357895	0.016217917203903198	0.0348910354077816	sheep	nli		2024	United States
SRR3094464	NA	NA	NA	NA	NA	NA	NA	NA	NA	NA	NA	NA	NA	NA	NA	NA	sheep	host_tax_id	host_tax_id=9940; Ovis aries	2008	United States
SRR3094423	NA	NA	NA	NA	NA	NA	NA	NA	NA	NA	NA	NA	NA	NA	NA	NA	sheep	host_tax_id	host_tax_id=9940; Ovis aries	2005	United States
ERR4224567	0.0032198906410485506	0.004630332812666893	0.008126487955451012	0.0035225716419517994	0.6330804228782654	0.00817424338310957	0.0027008489705622196	0.006632645148783922	0.005155430641025305	0.015848858281970024	0.01116195973008871	0.11196380853652954	0.015817934647202492	0.11594173312187195	0.025700127705931664	0.02832270972430706	sheep	nli		2018	Netherlands
SRR10218167	0.00709924940019846	0.008187160827219486	0.012435260228812695	0.01979401521384716	0.6266936659812927	0.013354119844734669	0.00227793725207448	0.010430713184177876	0.009368311613798141	0.019910339266061783	0.016848249360919	0.06455441564321518	0.016619471833109856	0.1275383085012436	0.01670081913471222	0.02818796969950199	sheep	nli		2014	United Kingdom
SRR17925224	NA	NA	NA	NA	NA	NA	NA	NA	NA	NA	NA	NA	NA	NA	NA	NA	sheep	host_tax_id	host_tax_id=9940; Ovis aries	2018	New Zealand
SRR28440137	0.011760077439248562	0.008946593850851059	0.018501197919249535	0.018995510414242744	0.47948771715164185	0.01640716940164566	0.003621818032115698	0.01590237207710743	0.012421117164194584	0.016311313956975937	0.014061232097446918	0.1490105390548706	0.021461766213178635	0.16473843157291412	0.012641387060284615	0.035731710493564606	sheep	nli		2024	United States
SRR14228718	0.013418508693575859	0.010583861730992794	0.020884720608592033	0.023596258834004402	0.4762633740901947	0.018575256690382957	0.003336870577186346	0.018003754317760468	0.011222537606954575	0.01779400371015072	0.014722962863743305	0.14272117614746094	0.021275850012898445	0.15575668215751648	0.013262176886200905	0.038582056760787964	sheep	nli		2021	United States
SRR3094452	NA	NA	NA	NA	NA	NA	NA	NA	NA	NA	NA	NA	NA	NA	NA	NA	sheep	host_tax_id	host_tax_id=9940; Ovis aries	2009	United States
ERR4224309	0.0034261487890034914	0.0047105103731155396	0.008938977494835854	0.0036757211200892925	0.6303533911705017	0.008348332718014717	0.002657884731888771	0.007353002205491066	0.005528698675334454	0.016091832891106606	0.012410540133714676	0.11878738552331924	0.015935450792312622	0.11004829406738281	0.023875268176198006	0.0278585534542799	sheep	nli		2016	Netherlands
SRR12063032	NA	NA	NA	NA	NA	NA	NA	NA	NA	NA	NA	NA	NA	NA	NA	NA	sheep	host_tax_id	host_tax_id=9940; Ovis aries	2016	New Zealand
SRR28440155	0.02615657076239586	0.014629584737122059	0.06987909227609634	0.17274142801761627	0.35237160325050354	0.014715555123984814	0.002599987667053938	0.05194241181015968	0.01563406176865101	0.011227850802242756	0.014558324590325356	0.07877364009618759	0.013464247807860374	0.11395232379436493	0.014991147443652153	0.0323621965944767	sheep	nli		2024	United States
SRR11654312	0.013122004456818104	0.009259571321308613	0.03580891340970993	0.1874421387910843	0.3182276785373688	0.010595436207950115	0.002868481446057558	0.029455605894327164	0.011411734856665134	0.01271828357130289	0.013472598046064377	0.11533887684345245	0.01805867999792099	0.16126994788646698	0.018962332978844643	0.041987691074609756	sheep	nli		2020	United States
SRR29740313	0.011616043746471405	0.009243045933544636	0.018799541518092155	0.019002579152584076	0.4867441952228546	0.015799913555383682	0.0037345285527408123	0.01576908491551876	0.012317006476223469	0.015661654993891716	0.013821362517774105	0.14550627768039703	0.02185048535466194	0.1621655374765396	0.013085802085697651	0.03488289564847946	sheep	nli		2024	United States
SRR12063017	NA	NA	NA	NA	NA	NA	NA	NA	NA	NA	NA	NA	NA	NA	NA	NA	sheep	host_tax_id	host_tax_id=9940; Ovis aries	2016	New Zealand
SRR17925216	NA	NA	NA	NA	NA	NA	NA	NA	NA	NA	NA	NA	NA	NA	NA	NA	sheep	host_tax_id	host_tax_id=9940; Ovis aries	2018	New Zealand
SRR29740293	0.023889075964689255	0.014418880455195904	0.06629889458417892	0.16477379202842712	0.3621908724308014	0.013745162636041641	0.002646468114107847	0.047718342393636703	0.014461184851825237	0.011361803859472275	0.014674576930701733	0.08226893097162247	0.013731745071709156	0.11675657331943512	0.016101138666272163	0.03496265783905983	sheep	nli		2024	United States
SRR12347652	NA	NA	NA	NA	NA	NA	NA	NA	NA	NA	NA	NA	NA	NA	NA	NA	sheep	host_tax_id	host_tax_id=9940; Ovis aries	2017	New Zealand
SRR13699956	0.026375440880656242	0.0156116783618927	0.05833104997873306	0.14790266752243042	0.3487881124019623	0.014214593917131424	0.002634576288983226	0.04115138202905655	0.014955070801079273	0.0138176791369915	0.01607581600546837	0.0875893235206604	0.014608638361096382	0.1325143724679947	0.015718763694167137	0.04971081018447876	sheep	nli		2020	United States
SRR13362775	NA	NA	NA	NA	NA	NA	NA	NA	NA	NA	NA	NA	NA	NA	NA	NA	sheep	host_tax_id	host_tax_id=9940; Ovis aries	2015	Spain
SRR12347669	NA	NA	NA	NA	NA	NA	NA	NA	NA	NA	NA	NA	NA	NA	NA	NA	sheep	host_tax_id	host_tax_id=9940; Ovis aries	2017	New Zealand
SRR13362783	NA	NA	NA	NA	NA	NA	NA	NA	NA	NA	NA	NA	NA	NA	NA	NA	sheep	host_tax_id	host_tax_id=9940; Ovis aries	2016	Spain
SRR17929619	NA	NA	NA	NA	NA	NA	NA	NA	NA	NA	NA	NA	NA	NA	NA	NA	sheep	host_tax_id	host_tax_id=9940; Ovis aries	2018	New Zealand
SRR12347663	NA	NA	NA	NA	NA	NA	NA	NA	NA	NA	NA	NA	NA	NA	NA	NA	sheep	host_tax_id	host_tax_id=9940; Ovis aries	2017	New Zealand
SRR27218469	NA	NA	NA	NA	NA	NA	NA	NA	NA	NA	NA	NA	NA	NA	NA	NA	sheep	host_tax_id	host_tax_id=9940; Ovis aries	2022	Ethiopia
SRR17925366	NA	NA	NA	NA	NA	NA	NA	NA	NA	NA	NA	NA	NA	NA	NA	NA	sheep	host_tax_id	host_tax_id=9940; Ovis aries	2018	New Zealand
SRR17974198	NA	NA	NA	NA	NA	NA	NA	NA	NA	NA	NA	NA	NA	NA	NA	NA	sheep	host_tax_id	host_tax_id=9940; Ovis aries	2019	New Zealand
SRR17898865	NA	NA	NA	NA	NA	NA	NA	NA	NA	NA	NA	NA	NA	NA	NA	NA	sheep	host_tax_id	host_tax_id=9940; Ovis aries	2018	New Zealand
SRR26351318	NA	NA	NA	NA	NA	NA	NA	NA	NA	NA	NA	NA	NA	NA	NA	NA	sheep	host_tax_id	host_tax_id=9940; Ovis aries	2022	Ethiopia
SRR12625725	0.02044563740491867	0.013136397115886211	0.04437480866909027	0.13446642458438873	0.35366693139076233	0.013942713849246502	0.00337370578199625	0.0328640379011631	0.015105141326785088	0.01642853207886219	0.016999760642647743	0.0964631661772728	0.01688394695520401	0.15886624157428741	0.01563035510480404	0.047352202236652374	sheep	nli		2020	United States
SRR17900361	NA	NA	NA	NA	NA	NA	NA	NA	NA	NA	NA	NA	NA	NA	NA	NA	sheep	host_tax_id	host_tax_id=9940; Ovis aries	2018	New Zealand
SRR17900429	NA	NA	NA	NA	NA	NA	NA	NA	NA	NA	NA	NA	NA	NA	NA	NA	sheep	host_tax_id	host_tax_id=9940; Ovis aries	2018	New Zealand
SRR12625708	0.026567986235022545	0.014845185913145542	0.05729776248335838	0.15371157228946686	0.3452124297618866	0.013609412126243114	0.003213633317500353	0.03911185637116432	0.015078962780535221	0.01627243310213089	0.015093695372343063	0.08399085700511932	0.01776736043393612	0.14188259840011597	0.014444760978221893	0.04189947620034218	sheep	nli		2020	United States
SRR17899234	NA	NA	NA	NA	NA	NA	NA	NA	NA	NA	NA	NA	NA	NA	NA	NA	sheep	host_tax_id	host_tax_id=9940; Ovis aries	2018	New Zealand
SRR12063018	NA	NA	NA	NA	NA	NA	NA	NA	NA	NA	NA	NA	NA	NA	NA	NA	sheep	host_tax_id	host_tax_id=9940; Ovis aries	2016	New Zealand
SRR17900362	NA	NA	NA	NA	NA	NA	NA	NA	NA	NA	NA	NA	NA	NA	NA	NA	sheep	host_tax_id	host_tax_id=9940; Ovis aries	2018	New Zealand
SRR13238488	0.013530246913433075	0.010914410464465618	0.021453015506267548	0.022526519373059273	0.4476228952407837	0.01780255138874054	0.003302802564576268	0.017458217218518257	0.011043066158890724	0.018224727362394333	0.014530017971992493	0.15192463994026184	0.022592615336179733	0.1671012043952942	0.01274778414517641	0.04722519963979721	sheep	nli		2020	United States
SRR14882958	0.025103753432631493	0.01447229366749525	0.06100505217909813	0.15974891185760498	0.35200393199920654	0.013769160956144333	0.0026099872775375843	0.04621797427535057	0.01363535039126873	0.0126723637804389	0.015226193703711033	0.08579134941101074	0.01391786988824606	0.1280175894498825	0.01549621019512415	0.040312036871910095	sheep	nli		2021	United States
SRR18678775	0.022983310744166374	0.013511192053556442	0.05454500392079353	0.1424146592617035	0.3433910608291626	0.013845114037394524	0.0029363026842474937	0.04129353165626526	0.015904536470770836	0.012854753993451595	0.014897219836711884	0.10521528869867325	0.01456634420901537	0.14151352643966675	0.015370109118521214	0.044758088886737823	sheep	nli		2022	United States
SRR19486036	0.012846405617892742	0.01095596980303526	0.019665097817778587	0.019341319799423218	0.4853644371032715	0.018329884856939316	0.003251253394410014	0.01638273522257805	0.010828327387571335	0.017135459929704666	0.014401349239051342	0.13544055819511414	0.021513681858778	0.15912111103534698	0.011708213947713375	0.04371422156691551	sheep	nli		2022	United States
SRR27218413	NA	NA	NA	NA	NA	NA	NA	NA	NA	NA	NA	NA	NA	NA	NA	NA	sheep	host_tax_id	host_tax_id=9940; Ovis aries	2022	Ethiopia
SRR11544459	0.012797495350241661	0.008881896734237671	0.032110121101140976	0.19689054787158966	0.30764204263687134	0.009869841858744621	0.002800276502966881	0.031031150370836258	0.010989120230078697	0.012797495350241661	0.012785003520548344	0.12315080314874649	0.01811799593269825	0.1625916212797165	0.018565773963928223	0.03897884115576744	sheep	nli		2020	United States
SRR12347670	NA	NA	NA	NA	NA	NA	NA	NA	NA	NA	NA	NA	NA	NA	NA	NA	sheep	host_tax_id	host_tax_id=9940; Ovis aries	2017	New Zealand
SRR5397411	0.006479914765805006	0.003103030612692237	0.22064153850078583	0.011941689066588879	0.03678298741579056	0.01516959723085165	0.0014206708874553442	0.6406334042549133	0.003277453361079097	0.002328606089577079	0.003355175955221057	0.00464003998786211	0.002770694438368082	0.01842353865504265	0.02160249650478363	0.007429258432239294	dog	nli		2009	United States
SRR22956824	NA	NA	NA	NA	NA	NA	NA	NA	NA	NA	NA	NA	NA	NA	NA	NA	sheep	host_tax_id	host_tax_id=9940; Ovis aries	2022	Canada
SRR3094432	NA	NA	NA	NA	NA	NA	NA	NA	NA	NA	NA	NA	NA	NA	NA	NA	sheep	host_tax_id	host_tax_id=9940; Ovis aries	2009	United States
ERR4224861	0.003429581644013524	0.004615006502717733	0.008488294668495655	0.005088430363684893	0.6612664461135864	0.009035742841660976	0.0027719405479729176	0.007078397087752819	0.005588547792285681	0.015704112127423286	0.012410849332809448	0.09047026187181473	0.014680787920951843	0.10178054869174957	0.027187321335077286	0.030403783544898033	sheep	nli		2016	Netherlands
SRR22956826	NA	NA	NA	NA	NA	NA	NA	NA	NA	NA	NA	NA	NA	NA	NA	NA	sheep	host_tax_id	host_tax_id=9940; Ovis aries	2022	Canada
SRR28764814	0.022838229313492775	0.011294708587229252	0.05064409598708153	0.15346385538578033	0.3503401577472687	0.012649472802877426	0.0030103870667517185	0.04254261031746864	0.016757827252149582	0.011585159227252007	0.01408397126942873	0.10574479401111603	0.013974369503557682	0.14082635939121246	0.015589537099003792	0.034654513001441956	sheep	nli		2024	United States
SRR28886138	0.02140449360013008	0.012065603397786617	0.051121558994054794	0.1515810489654541	0.35502728819847107	0.01294450368732214	0.0030092375818639994	0.04207198694348335	0.01603122614324093	0.012089192867279053	0.014384337700903416	0.10432001948356628	0.01360552478581667	0.13926847279071808	0.01528217177838087	0.03579331189393997	sheep	nli		2024	United States
SRR5230112	0.010785555467009544	0.005154790356755257	0.09208888560533524	0.01278317254036665	0.17263109982013702	0.013253509998321533	0.0014147571055218577	0.598729133605957	0.004093735013157129	0.0026123207062482834	0.004786061123013496	0.0062057324685156345	0.0039989035576581955	0.042657699435949326	0.01991531439125538	0.00888929981738329	dog	nli		1905	unknown
SRR3094486	NA	NA	NA	NA	NA	NA	NA	NA	NA	NA	NA	NA	NA	NA	NA	NA	sheep	host_tax_id	host_tax_id=9940; Ovis aries	2005	United Kingdom
SRR29205960	0.013633467257022858	0.010732428170740604	0.021850138902664185	0.021595578640699387	0.48721209168434143	0.018725953996181488	0.003390326164662838	0.018079057335853577	0.01162720937281847	0.01665520668029785	0.014259873889386654	0.13782767951488495	0.021469412371516228	0.1529342532157898	0.012983761727809906	0.03702343627810478	sheep	nli		2024	United States
SRR3094446	NA	NA	NA	NA	NA	NA	NA	NA	NA	NA	NA	NA	NA	NA	NA	NA	sheep	host_tax_id	host_tax_id=9940; Ovis aries	2007	United States
SRR3619966	0.10228575766086578	0.021476931869983673	0.33269092440605164	0.01997964084148407	0.12008152157068253	0.2782452404499054	0.0024837087839841843	0.02198624238371849	0.018370192497968674	0.006844358518719673	0.008668995462357998	0.005674172658473253	0.004063076339662075	0.012774464674293995	0.0243365541100502	0.020038260146975517	pig	nli			unknown
SRR26678370	NA	NA	NA	NA	NA	NA	NA	NA	NA	NA	NA	NA	NA	NA	NA	NA	sheep	host_tax_id	host_tax_id=9940; Ovis aries	2020	Ethiopia
SRR17900439	NA	NA	NA	NA	NA	NA	NA	NA	NA	NA	NA	NA	NA	NA	NA	NA	sheep	host_tax_id	host_tax_id=9940; Ovis aries	2018	New Zealand
SRR3094408	NA	NA	NA	NA	NA	NA	NA	NA	NA	NA	NA	NA	NA	NA	NA	NA	sheep	host_tax_id	host_tax_id=9940; Ovis aries	1993	United States
SRR17898893	NA	NA	NA	NA	NA	NA	NA	NA	NA	NA	NA	NA	NA	NA	NA	NA	sheep	host_tax_id	host_tax_id=9940; Ovis aries	2018	New Zealand
SRR12625734	0.011324230581521988	0.00983866211026907	0.016949953511357307	0.016079265624284744	0.5036424994468689	0.011660902760922909	0.0034469561651349068	0.013149172998964787	0.010131168179214	0.016444507986307144	0.012534781359136105	0.13225190341472626	0.020646190270781517	0.16600258648395538	0.010091670788824558	0.04580556973814964	sheep	nli		2020	United States
ERR4224617	0.003698085667565465	0.005486806854605675	0.009601476602256298	0.0036836678627878428	0.6366708874702454	0.008836659602820873	0.002721476601436734	0.00779832573607564	0.005874998867511749	0.015954313799738884	0.012894988059997559	0.10870900005102158	0.015223712660372257	0.11036701500415802	0.024161692708730698	0.028316926211118698	sheep	nli		2018	Netherlands
SRR19139531	0.011109388433396816	0.009842372499406338	0.017683539539575577	0.016595933586359024	0.46415218710899353	0.015774212777614594	0.003468520473688841	0.014603016898036003	0.01159715000540018	0.017172982916235924	0.014603016898036003	0.15261337161064148	0.021943140774965286	0.17234353721141815	0.012106325477361679	0.04439134523272514	sheep	nli		2022	United States
SRR12063034	NA	NA	NA	NA	NA	NA	NA	NA	NA	NA	NA	NA	NA	NA	NA	NA	sheep	host_tax_id	host_tax_id=9940; Ovis aries	2016	New Zealand
SRR13350071	0.01384016778320074	0.01144033670425415	0.021207032725214958	0.024266542866826057	0.45921945571899414	0.01679253578186035	0.0031583071686327457	0.017875559628009796	0.011045125313103199	0.01801576092839241	0.01443372294306755	0.1425376683473587	0.021987315267324448	0.16381970047950745	0.013103608973324299	0.04725708067417145	sheep	nli		2020	United States
SRR17900545	NA	NA	NA	NA	NA	NA	NA	NA	NA	NA	NA	NA	NA	NA	NA	NA	sheep	host_tax_id	host_tax_id=9940; Ovis aries	2018	New Zealand
SRR17925265	NA	NA	NA	NA	NA	NA	NA	NA	NA	NA	NA	NA	NA	NA	NA	NA	sheep	host_tax_id	host_tax_id=9940; Ovis aries	2018	New Zealand
SRR5209489	NA	NA	NA	NA	NA	NA	NA	NA	NA	NA	NA	NA	NA	NA	NA	NA	sheep	host_tax_id	host_tax_id=9940; Ovis aries	2005	Canada
SRR27218412	NA	NA	NA	NA	NA	NA	NA	NA	NA	NA	NA	NA	NA	NA	NA	NA	sheep	host_tax_id	host_tax_id=9940; Ovis aries	2022	Ethiopia
SRR3094413	NA	NA	NA	NA	NA	NA	NA	NA	NA	NA	NA	NA	NA	NA	NA	NA	sheep	host_tax_id	host_tax_id=9940; Ovis aries	2003	United States
SRR17925218	NA	NA	NA	NA	NA	NA	NA	NA	NA	NA	NA	NA	NA	NA	NA	NA	sheep	host_tax_id	host_tax_id=9940; Ovis aries	2018	New Zealand
SRR13362754	NA	NA	NA	NA	NA	NA	NA	NA	NA	NA	NA	NA	NA	NA	NA	NA	sheep	host_tax_id	host_tax_id=9940; Ovis aries	2014	Spain
SRR10218159	0.008058611303567886	0.008428873494267464	0.012530272826552391	0.022272281348705292	0.6395499110221863	0.013937637209892273	0.002555642742663622	0.010865247808396816	0.010068356059491634	0.019578590989112854	0.016342556104063988	0.0677049458026886	0.01676281727850437	0.10558921098709106	0.01857287622988224	0.02718217857182026	sheep	nli		2014	United Kingdom
SRR20307428	0.01333825197070837	0.011101077310740948	0.02102503925561905	0.020943067967891693	0.47341474890708923	0.01954016089439392	0.0033072091173380613	0.017861152067780495	0.011520770378410816	0.017896071076393127	0.014720907434821129	0.13793982565402985	0.022468632087111473	0.156803160905838	0.012665455229580402	0.045454420149326324	sheep	nli		2022	United States
SRR17900435	NA	NA	NA	NA	NA	NA	NA	NA	NA	NA	NA	NA	NA	NA	NA	NA	sheep	host_tax_id	host_tax_id=9940; Ovis aries	2018	New Zealand
SRR17964877	NA	NA	NA	NA	NA	NA	NA	NA	NA	NA	NA	NA	NA	NA	NA	NA	sheep	host_tax_id	host_tax_id=9940; Ovis aries	2018	New Zealand
SRR29740282	0.021185481920838356	0.012225348502397537	0.049716830253601074	0.13764172792434692	0.36184170842170715	0.012925158254802227	0.0030550400260835886	0.039870645850896835	0.015605948865413666	0.011942149139940739	0.01443314366042614	0.10936310142278671	0.013440036214888096	0.14396582543849945	0.015805333852767944	0.03698251023888588	sheep	nli		2024	United States
SRR17898864	NA	NA	NA	NA	NA	NA	NA	NA	NA	NA	NA	NA	NA	NA	NA	NA	sheep	host_tax_id	host_tax_id=9940; Ovis aries	2018	New Zealand
SRR20124469	0.010743952356278896	0.009782479144632816	0.018401440232992172	0.01721915788948536	0.4631332755088806	0.015678223222494125	0.0034339732956141233	0.015181022696197033	0.011799922212958336	0.017152028158307076	0.014401203021407127	0.15298637747764587	0.022923339158296585	0.17062696814537048	0.012758757919073105	0.04377785697579384	sheep	nli		2022	United States
SRR3094482	NA	NA	NA	NA	NA	NA	NA	NA	NA	NA	NA	NA	NA	NA	NA	NA	sheep	host_tax_id	host_tax_id=9940; Ovis aries	2013	United States
SRR13362760	NA	NA	NA	NA	NA	NA	NA	NA	NA	NA	NA	NA	NA	NA	NA	NA	sheep	host_tax_id	host_tax_id=9940; Ovis aries	2014	Spain
SRR18959246	0.022010469809174538	0.012467917986214161	0.053762950003147125	0.1491708755493164	0.33208316564559937	0.013028042390942574	0.0028730821795761585	0.03803068399429321	0.015320831909775734	0.013827708549797535	0.015053875744342804	0.11406653374433517	0.014576474204659462	0.14635708928108215	0.017024990171194077	0.040345314890146255	sheep	nli		2022	United States
SRR5397416	0.0058523365296423435	0.0030302279628813267	0.06250517070293427	0.0068822819739580154	0.16082510352134705	0.1899615079164505	0.0013420318718999624	0.49586021900177	0.003282863413915038	0.002161380834877491	0.003447137540206313	0.004417575430124998	0.0028410812374204397	0.02914576791226864	0.02138606086373329	0.007059265859425068	dog	nli		2009	United States
SRR17974194	NA	NA	NA	NA	NA	NA	NA	NA	NA	NA	NA	NA	NA	NA	NA	NA	sheep	host_tax_id	host_tax_id=9940; Ovis aries	2019	New Zealand
SRR3094418	NA	NA	NA	NA	NA	NA	NA	NA	NA	NA	NA	NA	NA	NA	NA	NA	sheep	host_tax_id	host_tax_id=9940; Ovis aries	2004	United States
SRR29740290	0.02341347560286522	0.016218042001128197	0.05364634469151497	0.13863937556743622	0.35706618428230286	0.013198056258261204	0.0030472795478999615	0.04043511301279068	0.01629742421209812	0.012242020107805729	0.014694768004119396	0.10666246712207794	0.013980825431644917	0.13853788375854492	0.01590435765683651	0.03601645305752754	sheep	nli		2024	United States
SRR18982390	0.011355338618159294	0.00965599250048399	0.01954377442598343	0.020441735163331032	0.4518190920352936	0.015796151012182236	0.0035522407852113247	0.015920039266347885	0.01151165459305048	0.01825241558253765	0.014452957548201084	0.16086523234844208	0.022319693118333817	0.17207834124565125	0.01364375464618206	0.03879160061478615	sheep	nli		2022	United States
SRR17964955	NA	NA	NA	NA	NA	NA	NA	NA	NA	NA	NA	NA	NA	NA	NA	NA	sheep	host_tax_id	host_tax_id=9940; Ovis aries	2019	New Zealand
SRR12347676	NA	NA	NA	NA	NA	NA	NA	NA	NA	NA	NA	NA	NA	NA	NA	NA	sheep	host_tax_id	host_tax_id=9940; Ovis aries	2017	New Zealand
SRR17900532	NA	NA	NA	NA	NA	NA	NA	NA	NA	NA	NA	NA	NA	NA	NA	NA	sheep	host_tax_id	host_tax_id=9940; Ovis aries	2018	New Zealand
SRR28886116	0.011045434512197971	0.009156986139714718	0.018642699345946312	0.017946025356650352	0.47799259424209595	0.015883779153227806	0.0036709653213620186	0.01579098217189312	0.011643539182841778	0.01583731360733509	0.013719444163143635	0.14836469292640686	0.02164703980088234	0.16869483888149261	0.012888223864138126	0.03707543760538101	sheep	nli		2024	United States
SRR17974188	NA	NA	NA	NA	NA	NA	NA	NA	NA	NA	NA	NA	NA	NA	NA	NA	sheep	host_tax_id	host_tax_id=9940; Ovis aries	2019	New Zealand
SRR11459577	0.006684727035462856	0.006606847047805786	0.012513129971921444	0.01757754571735859	0.4506824314594269	0.010640516877174377	0.003232523100450635	0.011194812133908272	0.009208600968122482	0.013810253702104092	0.012223263271152973	0.17240138351917267	0.02301516942679882	0.19374145567417145	0.013385356403887272	0.04308205470442772	sheep	nli		2020	United States
SRR5366142	0.003425589296966791	0.0025807253550738096	0.01833859644830227	0.004897355567663908	0.1832343190908432	0.3665464222431183	0.001257744967006147	0.3450116813182831	0.0033331902232021093	0.002345192013308406	0.004494065884500742	0.004115940071642399	0.0033331902232021093	0.03312593698501587	0.015932848677039146	0.008027201518416405	goat	nli		2017	United States
SRR17925217	NA	NA	NA	NA	NA	NA	NA	NA	NA	NA	NA	NA	NA	NA	NA	NA	sheep	host_tax_id	host_tax_id=9940; Ovis aries	2018	New Zealand
SRR12063030	NA	NA	NA	NA	NA	NA	NA	NA	NA	NA	NA	NA	NA	NA	NA	NA	sheep	host_tax_id	host_tax_id=9940; Ovis aries	2016	New Zealand
SRR29740291	0.02543644979596138	0.014592666178941727	0.07038677483797073	0.1648169606924057	0.3528580963611603	0.014199054799973965	0.0026291271205991507	0.050635844469070435	0.015307923778891563	0.011782930232584476	0.01480800099670887	0.08398004621267319	0.013004359789192677	0.11753083765506744	0.015655644237995148	0.03237524628639221	sheep	nli		2024	United States
SRR12347634	NA	NA	NA	NA	NA	NA	NA	NA	NA	NA	NA	NA	NA	NA	NA	NA	sheep	host_tax_id	host_tax_id=9940; Ovis aries	2017	New Zealand
SRR6410196	0.017303401604294777	0.33619794249534607	0.023929737508296967	0.04793980345129967	0.018116110935807228	0.009252803400158882	0.0098111592233181	0.01313804928213358	0.011776871979236603	0.02547307498753071	0.02187355048954487	0.1914663016796112	0.038501910865306854	0.17450237274169922	0.036810602992773056	0.02390637993812561	turkey	nli		2016	United States
SRR5754139	0.01205529272556305	0.33584582805633545	0.01465550996363163	0.019095730036497116	0.021219775080680847	0.013554130680859089	0.004469678271561861	0.013580629602074623	0.01263383962213993	0.02648591808974743	0.01815023459494114	0.18510980904102325	0.034747153520584106	0.2208992838859558	0.028582226485013962	0.038914963603019714	turkey	nli		2017	United States
SRR17260636	0.01422788854688406	0.40261369943618774	0.01439560204744339	0.01892266236245632	0.02190784178674221	0.01414476614445448	0.003958666231483221	0.014939850196242332	0.014823589473962784	0.027505438774824142	0.022166086360812187	0.16046175360679626	0.027158455923199654	0.18041200935840607	0.02040042355656624	0.041961267590522766	turkey	nli		2021	United States
SRR8208263	0.012421377934515476	0.3279484808444977	0.014479580335319042	0.0202013049274683	0.020519427955150604	0.012966741807758808	0.0042927139438688755	0.013615596108138561	0.012815676629543304	0.026219133287668228	0.018232543021440506	0.18915438652038574	0.036259740591049194	0.22342315316200256	0.02812902256846428	0.039321158081293106	turkey	nli		2018	United States
SRR8663531	0.006711316294968128	0.6449835896492004	0.009745854884386063	0.007545736152678728	0.008303572423756123	0.006027746479958296	0.0038016526959836483	0.005563877057284117	0.006317024119198322	0.04350760951638222	0.0227262731641531	0.016675682738423347	0.011687065474689007	0.14092513918876648	0.025979578495025635	0.03949823975563049	turkey	nli		2018	United States
SRR10218502	0.011496145278215408	0.3356386721134186	0.01381293497979641	0.01751241832971573	0.01727461814880371	0.012700242921710014	0.004321040119975805	0.013335760682821274	0.01228548027575016	0.025257449597120285	0.017376136034727097	0.19096122682094574	0.03817599639296532	0.2250073254108429	0.02744348905980587	0.037401068955659866	turkey	nli		2019	United States
SRR16089306	0.013482694514095783	0.39944615960121155	0.013588442467153072	0.01768808811903	0.021461287513375282	0.013856450095772743	0.003931359387934208	0.0143242496997118	0.014185046777129173	0.027103129774332047	0.02190595678985119	0.16537952423095703	0.028210334479808807	0.18494515120983124	0.020043229684233665	0.04044891521334648	turkey	nli		2021	United States
SRR22629699	0.013858716934919357	0.404220849275589	0.013724036514759064	0.01828823797404766	0.021633150056004524	0.01388581097126007	0.003947391640394926	0.014566424302756786	0.01438266783952713	0.027187099680304527	0.021696623414754868	0.15856590867042542	0.02877143956720829	0.1851561814546585	0.019620414823293686	0.04049506410956383	turkey	nli		2022	United States
SRR12472207	0.012290114536881447	0.42073294520378113	0.012705033645033836	0.013953751884400845	0.016155051067471504	0.012980948202311993	0.004108639899641275	0.013031752780079842	0.012123229913413525	0.028214894235134125	0.02016427554190159	0.15215633809566498	0.027858957648277283	0.19461092352867126	0.016329528763890266	0.04258367791771889	turkey	nli		2020	United States
SRR21909378	0.013809636235237122	0.40043604373931885	0.013917946256697178	0.018330560997128487	0.02267947420477867	0.014164759777486324	0.003933411557227373	0.014514836482703686	0.014109537936747074	0.027679141610860825	0.022046193480491638	0.1605709344148636	0.027950771152973175	0.185403510928154	0.019665822386741638	0.04078745096921921	turkey	nli		2022	United States
SRR13436893	0.014466033317148685	0.36945828795433044	0.014607995748519897	0.02152606099843979	0.020600575953722	0.014381520450115204	0.003679080167785287	0.014508475549519062	0.01433944795280695	0.028295472264289856	0.020661018788814545	0.1715625524520874	0.028047872707247734	0.19746726751327515	0.02038046345114708	0.046017877757549286	turkey	nli		2019	United States
SRR8075036	0.016828566789627075	0.2366619110107422	0.03469899296760559	0.04648785665631294	0.03562607243657112	0.01851869933307171	0.005653402302414179	0.02165055274963379	0.02092304639518261	0.021231792867183685	0.018019188195466995	0.19899757206439972	0.02919096127152443	0.20232883095741272	0.04692114517092705	0.046261418610811234	turkey	nli		2018	United States
ERR4224737	0.004011236596852541	0.5581604242324829	0.006237040739506483	0.011415796354413033	0.009697926230728626	0.005723430775105953	0.0029808981344103813	0.007039939984679222	0.005493429955095053	0.025129953399300575	0.02005491964519024	0.15461760759353638	0.026620395481586456	0.0965213030576706	0.04119023308157921	0.025105426087975502	turkey	nli		2014	Netherlands
SRR26628477	0.013236290775239468	0.4302677810192108	0.013262167572975159	0.01722969301044941	0.020621243864297867	0.013314075767993927	0.0037554074078798294	0.013603213243186474	0.013844447210431099	0.024825431406497955	0.021110260859131813	0.1601915806531906	0.027613751590251923	0.1743539422750473	0.01890464499592781	0.03386613354086876	turkey	nli		2023	United States
SRR20994490	0.014214822091162205	0.39484918117523193	0.014623145572841167	0.021152246743440628	0.023253895342350006	0.013912682421505451	0.00398604990914464	0.014623145572841167	0.014382381923496723	0.026712844148278236	0.021297337487339973	0.16451728343963623	0.02642742730677128	0.18660464882850647	0.022210704162716866	0.03723226860165596	turkey	nli		2022	United States
SRR11521765	0.011010617017745972	0.3306973874568939	0.014360552653670311	0.018065016716718674	0.01928653009235859	0.012697919271886349	0.003995577339082956	0.01320374570786953	0.011998690664768219	0.025700649246573448	0.017560584470629692	0.18258386850357056	0.039728276431560516	0.2324475795030594	0.029523545876145363	0.037139467895030975	turkey	nli		2020	United States
SRR19847146	0.014073196798563004	0.40096795558929443	0.013855011202394962	0.01879018358886242	0.021648500114679337	0.014266924932599068	0.004024170804768801	0.014691084623336792	0.014294817112386227	0.026706233620643616	0.022075477987527847	0.16007918119430542	0.029302431270480156	0.18564975261688232	0.020982444286346436	0.0385926254093647	turkey	nli		2022	United States
SRR14619693	0.013725495897233486	0.40111783146858215	0.013860192149877548	0.017675595358014107	0.020664865151047707	0.014244410209357738	0.00387145415879786	0.014356131665408611	0.013941640965640545	0.026899471879005432	0.02167775109410286	0.16325759887695312	0.028328390792012215	0.18481452763080597	0.02020588517189026	0.041358690708875656	turkey	nli		2021	United States
SRR27503896	0.014064641669392586	0.42366254329681396	0.014064641669392586	0.018094662576913834	0.022497190162539482	0.013900781981647015	0.003936241380870342	0.014454524032771587	0.014482785016298294	0.02427779883146286	0.02150893583893776	0.15982568264007568	0.02764500491321087	0.1749352216720581	0.02010735496878624	0.03254198655486107	turkey	nli		2023	United States
SRR7084862	0.011764216236770153	0.3242349922657013	0.014329610392451286	0.01949084922671318	0.021385615691542625	0.013201053254306316	0.003940518479794264	0.013620100915431976	0.012645835056900978	0.025846408680081367	0.018185222521424294	0.18582919239997864	0.03749628737568855	0.2294684201478958	0.027919353917241096	0.04064226150512695	turkey	nli		2018	United States
SRR7367187	0.017476506531238556	0.3100811839103699	0.025131922215223312	0.05869082361459732	0.018031271174550056	0.0073209526017308235	0.008024804294109344	0.01402906235307455	0.009604433551430702	0.027280446141958237	0.02261628396809101	0.20266233384609222	0.04449727386236191	0.17250192165374756	0.03871656954288483	0.0233341995626688	turkey	nli		2018	United States
SRR16764948	0.01345082651823759	0.40835076570510864	0.01352987252175808	0.01692061871290207	0.02061045542359352	0.013609380461275578	0.003891544882208109	0.013986647129058838	0.014151519164443016	0.027144895866513252	0.021790247410535812	0.16430526971817017	0.027491705492138863	0.18120455741882324	0.01926742121577263	0.04029424488544464	turkey	nli		2021	United States
SRR8099154	0.012050477787852287	0.3409983813762665	0.014143574982881546	0.018755502998828888	0.02055869624018669	0.012978875078260899	0.004140203353017569	0.013628335669636726	0.012408741749823093	0.02624366246163845	0.018374783918261528	0.18145693838596344	0.03566127270460129	0.22070327401161194	0.02736916020512581	0.0405280739068985	turkey	nli		2018	United States
SRR13797356	0.01426885835826397	0.38868409395217896	0.014650092460215092	0.023342294618487358	0.023205922916531563	0.01410262007266283	0.003900888841599226	0.015056208707392216	0.01498286984860897	0.025938689708709717	0.021253401413559914	0.17088480293750763	0.02862752042710781	0.18181709945201874	0.022382395341992378	0.036902330815792084	turkey	nli		2021	United States
SRR3140161	0.0110454261302948	0.32755789160728455	0.014575762674212456	0.020355362445116043	0.019253257662057877	0.012418706901371479	0.003923013340681791	0.012688401155173779	0.011989695020020008	0.02588280476629734	0.017359932884573936	0.18491336703300476	0.0374758280813694	0.23159383237361908	0.03052719309926033	0.038439542055130005	turkey	nli		2015	United States
SRR8592659	0.011099312454462051	0.3212171792984009	0.013027198612689972	0.01930943876504898	0.01608644239604473	0.011954429559409618	0.004180039279162884	0.01295109186321497	0.01262639369815588	0.026418663561344147	0.01758144609630108	0.19905909895896912	0.03589906916022301	0.23306484520435333	0.026136385276913643	0.03938892483711243	turkey	nli		2018	United States
SRR7904252	0.01145494356751442	0.322252482175827	0.014608236029744148	0.019220920279622078	0.02074221894145012	0.012904317118227482	0.003997571300715208	0.013030953705310822	0.012169931083917618	0.026169460266828537	0.018021155148744583	0.18815185129642487	0.03822536766529083	0.23030348122119904	0.02930840663611889	0.03943876922130585	turkey	nli		2018	United States
SRR26959982	0.014008925296366215	0.40502652525901794	0.01508820615708828	0.022017620503902435	0.023300709202885628	0.01371116191148758	0.004060935694724321	0.014941577799618244	0.014652581885457039	0.024827709421515465	0.021507583558559418	0.1658577024936676	0.02740137092769146	0.17964167892932892	0.021888989955186844	0.03206675127148628	turkey	nli		2023	United States
SRR7138685	0.012427924200892448	0.3319891393184662	0.013810298405587673	0.020570378750562668	0.02095562033355236	0.013024352490901947	0.004098294768482447	0.013649404048919678	0.012648316100239754	0.02677648328244686	0.018693000078201294	0.18943896889686584	0.03571639955043793	0.21857590973377228	0.02789757214486599	0.039727963507175446	turkey	nli		2018	United States
SRR10834037	0.01674254797399044	0.32657390832901	0.024768058210611343	0.0606909841299057	0.017752867192029953	0.008451631292700768	0.008839952759444714	0.012774431146681309	0.011131180450320244	0.02540498785674572	0.021102650091052055	0.1922643482685089	0.03873797878623009	0.17471711337566376	0.035687100142240524	0.02436026558279991	turkey	nli		2019	United States
SRR5683997	0.017916198819875717	0.22530241310596466	0.03446699306368828	0.045572251081466675	0.03796565532684326	0.0196195300668478	0.006036441307514906	0.022406205534934998	0.021887168288230896	0.021844463422894478	0.017951225861907005	0.20483990013599396	0.031107941642403603	0.1995094269514084	0.04815739765763283	0.045416753739118576	turkey	nli		2017	United States
SRR20994523	0.015182996168732643	0.3791566789150238	0.01577240601181984	0.02409706823527813	0.025776751339435577	0.01490387786179781	0.004146748688071966	0.015741633251309395	0.016052108258008957	0.026751281693577766	0.022026503458619118	0.16315290331840515	0.028925031423568726	0.18742142617702484	0.02342420443892479	0.03746834397315979	turkey	nli		2022	United States
SRR6108541	0.005046954844146967	0.6388088464736938	0.009958959184587002	0.0070619587786495686	0.010096050798892975	0.004249961581081152	0.003375154687091708	0.006911855656653643	0.004532904829829931	0.04188785329461098	0.025882070884108543	0.018015742301940918	0.014099350199103355	0.13976353406906128	0.024817733094096184	0.045491043478250504	turkey	nli		2016	United States
SRR12515354	0.013261278159916401	0.40813833475112915	0.013816505670547485	0.017094463109970093	0.01674746349453926	0.013287205249071121	0.004238559398800135	0.01341759692877531	0.012433509342372417	0.027747053653001785	0.019752614200115204	0.15366880595684052	0.029107075184583664	0.1951587200164795	0.020660171285271645	0.041470613330602646	turkey	nli		2020	United States
SRR8538386	0.016749026253819466	0.3321692943572998	0.02366609126329422	0.051014482975006104	0.017096057534217834	0.008471431210637093	0.008723289705812931	0.012218001298606396	0.010941456072032452	0.024729294702410698	0.0213388130068779	0.19863812625408173	0.037726085633039474	0.17658615112304688	0.035823140293359756	0.024109305813908577	turkey	nli		2019	United States
SRR13176900	0.009747946634888649	0.6019074320793152	0.007971597835421562	0.00891034584492445	0.009767004288733006	0.004559856839478016	0.0044195642694830894	0.00692584365606308	0.005993817932903767	0.03927590698003769	0.021945895627141	0.0650402307510376	0.02327020838856697	0.09652300179004669	0.06050586327910423	0.03323552384972572	turkey	nli		2020	United States
SRR19242167	0.01433883048593998	0.40456604957580566	0.014282927848398685	0.01782754436135292	0.021483132615685463	0.014061491936445236	0.0038743484765291214	0.014394951052963734	0.014366863295435905	0.02671009488403797	0.02190685085952282	0.16135801374912262	0.0281839482486248	0.18351338803768158	0.01961800456047058	0.03951352462172508	turkey	nli		2022	United States
SRR10097033	0.013317438773810863	0.3145627975463867	0.01546359434723854	0.0178332831710577	0.018835699185729027	0.014259646646678448	0.004248203244060278	0.015208992175757885	0.013983841985464096	0.027783045545220375	0.020207755267620087	0.1856456845998764	0.034678004682064056	0.22779127955436707	0.02917330153286457	0.04700738564133644	turkey	nli		2019	United States
SRR26806889	0.012295408174395561	0.4091610014438629	0.013716517947614193	0.01700393296778202	0.02134854719042778	0.013477514497935772	0.003578167874366045	0.013905338011682034	0.01401439867913723	0.02503220923244953	0.02181216888129711	0.16750986874103546	0.030760088935494423	0.18120980262756348	0.02069171890616417	0.034483328461647034	turkey	nli		2023	United States
SRR15323874	0.023986389860510826	0.369032621383667	0.02322571538388729	0.03041060082614422	0.016341330483555794	0.008602871559560299	0.008928115479648113	0.012701808474957943	0.012014093808829784	0.026087885722517967	0.02324840798974037	0.18135127425193787	0.04424716532230377	0.1660114824771881	0.028401216492056847	0.02540900930762291	turkey	nli		2021	United States
SRR13245107	0.013145244680345058	0.38341081142425537	0.014020397327840328	0.016584724187850952	0.020399555563926697	0.014721976593136787	0.0035937100183218718	0.01426902785897255	0.013884145766496658	0.028019368648529053	0.02156727947294712	0.16660252213478088	0.029797350987792015	0.1946829855442047	0.020700577646493912	0.044600263237953186	turkey	nli		2020	United States
SRR8838819	0.011998540721833706	0.3839857280254364	0.01389139425009489	0.020550206303596497	0.0167398639023304	0.011743509210646152	0.00401900801807642	0.013702763244509697	0.011812521144747734	0.02605411410331726	0.016625821590423584	0.15073853731155396	0.03656322509050369	0.2118500918149948	0.028895657509565353	0.04082907363772392	turkey	nli		2019	United States
SRR17915050	0.013837240636348724	0.41035062074661255	0.01411015447229147	0.018135501071810722	0.02224178984761238	0.01400035060942173	0.0039182486943900585	0.01461503840982914	0.014444767497479916	0.0265420600771904	0.022155074402689934	0.15824289619922638	0.02787022292613983	0.17953169345855713	0.020470095798373222	0.03953428193926811	turkey	nli		2021	United States
SRR27040758	0.013180756010115147	0.4226444959640503	0.013310106471180916	0.01669461466372013	0.02011788822710514	0.013180756010115147	0.0039038415998220444	0.013894489035010338	0.013921653851866722	0.025456242263317108	0.021436305716633797	0.1603785902261734	0.02755165472626686	0.18045061826705933	0.019252946600317955	0.03462507575750351	turkey	nli		2023	United States
SRR12112583	0.017107492312788963	0.23318243026733398	0.03236934170126915	0.0504046194255352	0.035759683698415756	0.015290194191038609	0.005494646728038788	0.023474687710404396	0.019385328516364098	0.019903263077139854	0.015500676818192005	0.20013438165187836	0.034255679696798325	0.20318681001663208	0.05065133795142174	0.04389933869242668	turkey	nli		2020	United States
ERR4224893	0.00405291561037302	0.5568456649780273	0.006204146426171064	0.00934997946023941	0.00993358064442873	0.005604979116469622	0.0032249614596366882	0.0068807899951934814	0.005794206168502569	0.02589186280965805	0.020243525505065918	0.1573726087808609	0.02807791903614998	0.09507917612791061	0.04010210186243057	0.025341525673866272	turkey	nli		2016	Netherlands
SRR26969078	0.005319527816027403	0.5994387865066528	0.007531097158789635	0.009101997129619122	0.011641631834208965	0.006737659219652414	0.004871948156505823	0.007487099152058363	0.006633202079683542	0.024477435275912285	0.020173953846096992	0.11636266112327576	0.033099215477705	0.08660013973712921	0.03371909260749817	0.02680456079542637	turkey	nli		2023	United States
SRR7084888	0.01736878603696823	0.3338625729084015	0.02204214036464691	0.048545751720666885	0.017539232969284058	0.009117024019360542	0.00962949637323618	0.012806939892470837	0.01158141065388918	0.02522212639451027	0.02208523266017437	0.19636352360248566	0.03967997059226036	0.17253033816814423	0.03720315545797348	0.024422261863946915	turkey	nli		2018	United States
SRR10246444	0.011550757102668285	0.358632355928421	0.014573032967746258	0.022091399878263474	0.019230864942073822	0.012489346787333488	0.004086498636752367	0.01393287256360054	0.012587301433086395	0.027439545840024948	0.017221610993146896	0.16714638471603394	0.03761545568704605	0.21269024908542633	0.02798074670135975	0.040731627494096756	turkey	nli		2019	United States
SRR8839759	0.011363632045686245	0.32440105080604553	0.013028467074036598	0.018974829465150833	0.017600340768694878	0.012049362994730473	0.004051827825605869	0.013105031102895737	0.012167609296739101	0.026113418862223625	0.0172936599701643	0.1940874308347702	0.03755214810371399	0.23104791343212128	0.027770455926656723	0.03939276561141014	turkey	nli		2019	United States
SRR9668773	0.011931750923395157	0.3604690432548523	0.01450531929731369	0.023868564516305923	0.02011898346245289	0.01202533207833767	0.003942366223782301	0.014004227705299854	0.012167083099484444	0.026705432683229446	0.01642063818871975	0.16857761144638062	0.036716509610414505	0.21077367663383484	0.02865074761211872	0.039122700691223145	turkey	nli		2019	United States
SRR8942624	0.0112388851121068	0.32493898272514343	0.013011896051466465	0.0194000955671072	0.019744127988815308	0.012295378372073174	0.004199664574116468	0.013165276497602463	0.01224744226783514	0.026620574295520782	0.01787220686674118	0.1899985373020172	0.03550843521952629	0.23245030641555786	0.028309794142842293	0.03899838775396347	turkey	nli		2019	United States
SRR19139537	0.01405436359345913	0.4099273085594177	0.013836470432579517	0.01809910498559475	0.02147223986685276	0.013917781412601471	0.003948759753257036	0.014331558719277382	0.014359579421579838	0.026670493185520172	0.02161952666938305	0.15885338187217712	0.02743660658597946	0.18297310173511505	0.018967701122164726	0.03953208401799202	turkey	nli		2022	United States
SRR9010123	0.011555804871022701	0.3315017819404602	0.013068892061710358	0.01908954791724682	0.017330385744571686	0.011876143515110016	0.004080307669937611	0.012841172516345978	0.01189936138689518	0.02561265043914318	0.017347317188978195	0.1927035003900528	0.03555963933467865	0.23041076958179474	0.026711080223321915	0.03841160610318184	turkey	nli		2019	United States
SRR7543322	0.011888103559613228	0.3276495039463043	0.013790441676974297	0.01743275113403797	0.019773196429014206	0.012556339614093304	0.004116450902074575	0.013158931396901608	0.012241540476679802	0.025814305990934372	0.018021291121840477	0.19622249901294708	0.03792818263173103	0.22464090585708618	0.027132533490657806	0.0376330204308033	turkey	nli		2018	United States
SRR10698082	0.009505460038781166	0.5840756297111511	0.015042068436741829	0.015398778952658176	0.015580296516418457	0.007788495626300573	0.0078189792111516	0.014020749367773533	0.01144340168684721	0.024824408814311028	0.02177947573363781	0.038448791950941086	0.015219379216432571	0.143623948097229	0.04660511016845703	0.028824955224990845	turkey	nli		2017	Germany
SRR27844354	0.013574318960309029	0.42435169219970703	0.013869109563529491	0.017704250290989876	0.020698364824056625	0.013028822839260101	0.004131855443120003	0.014142654836177826	0.014421593397855759	0.023615200072526932	0.021251380443572998	0.15969529747962952	0.02747448720037937	0.18003305792808533	0.020199153572320938	0.031808774918317795	turkey	nli		2024	United States
SRR17067005	0.014002430252730846	0.40168821811676025	0.014195183292031288	0.017804749310016632	0.02137201651930809	0.013975108042359352	0.003918830770999193	0.014418725855648518	0.014617211185395718	0.027096029371023178	0.021857483312487602	0.16261400282382965	0.02776569128036499	0.18327873945236206	0.020917750895023346	0.040477823466062546	turkey	nli		2021	United States
SRR17657446	0.013622388243675232	0.4012269377708435	0.013756072148680687	0.017270836979150772	0.02093457616865635	0.013782965950667858	0.0039720917120575905	0.014137404039502144	0.014529308304190636	0.02703849785029888	0.02224125899374485	0.16482408344745636	0.02861417457461357	0.18459422886371613	0.02017194591462612	0.03928318992257118	turkey	nli		2021	United States
SRR8375510	0.01226422656327486	0.3383461534976959	0.014171287417411804	0.01990680582821369	0.019598178565502167	0.013029728084802628	0.004347397014498711	0.013762135058641434	0.012678273022174835	0.026892375200986862	0.018921151757240295	0.18440525233745575	0.035661421716213226	0.21930770576000214	0.0275032389909029	0.0392046719789505	turkey	nli		2018	United States
SRR26304285	0.013284345157444477	0.4297264516353607	0.013732831925153732	0.017224831506609917	0.02041507698595524	0.013414709828794003	0.0038810959085822105	0.013867598958313465	0.014031064696609974	0.024649346247315407	0.021562620997428894	0.16148124635219574	0.02673049457371235	0.17507240176200867	0.018588142469525337	0.0323377326130867	turkey	nli		2023	United States
SRR15321209	0.01347531471401453	0.4015735387802124	0.013581001199781895	0.01816846802830696	0.021116994321346283	0.013848865404725075	0.003991082776337862	0.014232766814529896	0.014066951349377632	0.026590313762426376	0.021554529666900635	0.16549086570739746	0.027300748974084854	0.18565800786018372	0.02009103260934353	0.03925957530736923	turkey	nli		2021	United States
SRR24660421	0.012442919425666332	0.4068548381328583	0.01377305667847395	0.015546072274446487	0.020756728947162628	0.013454004190862179	0.003663780400529504	0.013746182434260845	0.013908217661082745	0.02462516538798809	0.02177411876618862	0.16869382560253143	0.030230369418859482	0.1848672777414322	0.021541468799114227	0.03412195295095444	turkey	nli		2023	United States
SRR7708075	0.012277941219508648	0.3283030390739441	0.014466948807239532	0.018287936225533485	0.020302293822169304	0.013018845580518246	0.004377834498882294	0.013723811134696007	0.01284206472337246	0.02666081301867962	0.018612246960401535	0.18770189583301544	0.035806044936180115	0.2265222668647766	0.02788577415049076	0.039210204035043716	turkey	nli		2018	United States
SRR11236364	0.011970230378210545	0.33055800199508667	0.01361713744699955	0.019353853538632393	0.01758750155568123	0.01230205874890089	0.004072666168212891	0.013223984278738499	0.01230205874890089	0.0257651899009943	0.01758750155568123	0.1909390091896057	0.03507954627275467	0.22986702620983124	0.02713385410606861	0.038640376180410385	turkey	nli		2019	United States
SRR10574919	0.011644593439996243	0.3416368067264557	0.013720682822167873	0.017965184524655342	0.01697590760886669	0.012444119900465012	0.004192753229290247	0.01309236790984869	0.012108461931347847	0.025384502485394478	0.01741245575249195	0.18592619895935059	0.036898184567689896	0.22580815851688385	0.02694261446595192	0.03784704580903053	turkey	nli		2019	United States
SRR10447229	0.017447974532842636	0.31568071246147156	0.024944299831986427	0.05558508634567261	0.01784430630505085	0.008363457396626472	0.008747726678848267	0.013157566078007221	0.011622855439782143	0.02581162564456463	0.021884659305214882	0.19572368264198303	0.03912809491157532	0.18181204795837402	0.03783177584409714	0.024414103478193283	turkey	nli		2019	United States
SRR13059399	0.0228990837931633	0.34990420937538147	0.021638114005327225	0.02872188575565815	0.017067082226276398	0.009270154871046543	0.010102041997015476	0.01238937396556139	0.01153689343482256	0.027947161346673965	0.023465024307370186	0.18765638768672943	0.04565158486366272	0.1750858873128891	0.028526216745376587	0.028138861060142517	turkey	nli		2020	United States
SRR3113823	0.011305245570838451	0.3402102291584015	0.013743684627115726	0.019118519499897957	0.017272142693400383	0.012223885394632816	0.00424928730353713	0.013217170722782612	0.01180160604417324	0.026157449930906296	0.017647238448262215	0.18090498447418213	0.03526751324534416	0.2286294847726822	0.028560498729348183	0.03969106823205948	turkey	nli		2015	United States
SRR8136319	0.016677768900990486	0.30589938163757324	0.024552050977945328	0.06331111490726471	0.01794513128697872	0.007763461209833622	0.008443632163107395	0.013348718173801899	0.00991024263203144	0.02704427018761635	0.02264050766825676	0.20327606797218323	0.04555677995085716	0.17084158957004547	0.03885278478264809	0.023936506360769272	turkey	nli		2018	United States
SRR8252758	0.012223714031279087	0.3233606815338135	0.014263084158301353	0.01858440972864628	0.020976794883608818	0.012810342945158482	0.004307721275836229	0.013556870631873608	0.012661096639931202	0.026908446103334427	0.01876678876578808	0.19252263009548187	0.03710417449474335	0.22552181780338287	0.027546564117074013	0.038884833455085754	turkey	nli		2018	United States
SRR9643036	0.011235854588449001	0.3638163208961487	0.015016493387520313	0.023670444265007973	0.01950884237885475	0.01186742726713419	0.003944155760109425	0.014065421186387539	0.012220249511301517	0.02630333974957466	0.016284339129924774	0.17316024005413055	0.0374576710164547	0.20428183674812317	0.027700593695044518	0.03946671634912491	turkey	nli		2019	United States
SRR20994461	0.014880897477269173	0.3959660232067108	0.0157020203769207	0.024012966081500053	0.024272309616208076	0.014650189317762852	0.004124213010072708	0.015293411910533905	0.014895436353981495	0.026972150430083275	0.02163044549524784	0.15881723165512085	0.026502175256609917	0.1810210794210434	0.02329690381884575	0.03796261176466942	turkey	nli		2022	United States
SRR8839808	0.011365421116352081	0.32731637358665466	0.013736117631196976	0.01892230100929737	0.01765475608408451	0.011910859495401382	0.0040683262050151825	0.0129797188565135	0.011910859495401382	0.02578805759549141	0.017449071630835533	0.1907355636358261	0.03555925935506821	0.23460876941680908	0.026710795238614082	0.03928370773792267	turkey	nli		2019	United States
SRR24324263	0.02303542010486126	0.2865832448005676	0.03374623879790306	0.03283599019050598	0.03417738899588585	0.020749885588884354	0.0053082359954714775	0.02416449785232544	0.025029143318533897	0.02007223851978779	0.01655941642820835	0.1895124763250351	0.03397771716117859	0.18309973180294037	0.03578263521194458	0.0353657491505146	turkey	nli		2023	United States
ERR4224927	0.004093943163752556	0.5510647892951965	0.007046122569590807	0.011673955246806145	0.010454251430928707	0.00621818145737052	0.0031145077664405107	0.007515221368521452	0.006279203109443188	0.02393002063035965	0.019896889105439186	0.15935426950454712	0.027759307995438576	0.09604167938232422	0.03953106328845024	0.026026571169495583	turkey	nli		2017	Netherlands
SRR28901624	0.02683071419596672	0.6819108724594116	0.019457999616861343	0.013425616547465324	0.014889855869114399	0.008787554688751698	0.004070660099387169	0.011687182821333408	0.00988011248409748	0.012835859321057796	0.02377069741487503	0.026621919125318527	0.01361043006181717	0.07583878934383392	0.01995837688446045	0.03642340004444122	turkey	nli		2023	United States
SRR18982367	0.014797612093389034	0.38726693391799927	0.015089467167854309	0.02269625850021839	0.024612508714199066	0.014553975313901901	0.003932480700314045	0.01507473923265934	0.014696801081299782	0.02661246620118618	0.02182678133249283	0.1679907739162445	0.027808038517832756	0.18517866730690002	0.021238040179014206	0.03662443906068802	turkey	nli		2022	United States
SRR10831345	0.016078360378742218	0.30248895287513733	0.023279931396245956	0.058812208473682404	0.0179367084056139	0.0073972418904304504	0.00814016442745924	0.013645528815686703	0.009895922616124153	0.02813585288822651	0.022874288260936737	0.20627953112125397	0.04716472700238228	0.1741293966770172	0.03958116099238396	0.02416006289422512	turkey	nli		2019	United States
SRR12680060	0.01420687511563301	0.44804689288139343	0.014179155230522156	0.017663484439253807	0.018082361668348312	0.013164900243282318	0.004078295547515154	0.014123874716460705	0.013294091448187828	0.026619810611009598	0.018403027206659317	0.13300947844982147	0.02932192198932171	0.17830777168273926	0.017321839928627014	0.040176279842853546	turkey	nli		2020	United States
SRR25915113	0.014309670776128769	0.41493546962738037	0.014253879897296429	0.02059798687696457	0.0228444654494524	0.014005513861775398	0.004028351977467537	0.015128790400922298	0.015487558208405972	0.023731300607323647	0.0214394424110651	0.16348585486412048	0.028962841257452965	0.17394483089447021	0.021649837493896484	0.031194206327199936	turkey	nli		2023	United States
SRR13045497	0.013500175438821316	0.4150852560997009	0.014092904515564442	0.016141822561621666	0.016605498269200325	0.013239058665931225	0.00419852789491415	0.01357950922101736	0.012558993883430958	0.02791781909763813	0.019854780286550522	0.15199463069438934	0.02770056203007698	0.1921861469745636	0.020345481112599373	0.04099879041314125	turkey	nli		2020	United States
SRR25523927	0.01385186705738306	0.42052584886550903	0.01385186705738306	0.017171718180179596	0.02181333675980568	0.013295217417180538	0.003930058795958757	0.014235856011509895	0.01431951392441988	0.024863004684448242	0.02143324911594391	0.16375815868377686	0.029410434886813164	0.17444738745689392	0.019668255001306534	0.033424168825149536	turkey	nli		2023	United States
SRR8698547	0.016990430653095245	0.33303123712539673	0.02181614749133587	0.04944028705358505	0.015852296724915504	0.008192000910639763	0.008720340207219124	0.012394101358950138	0.011197137646377087	0.02593262866139412	0.02185879647731781	0.19925080239772797	0.03872095048427582	0.1776505410671234	0.03459080681204796	0.024361450225114822	turkey	nli		2019	United States
SRR16764944	0.013365458697080612	0.41054201126098633	0.013602474704384804	0.016764041036367416	0.020419733598828316	0.013470284640789032	0.0038668462075293064	0.013870758935809135	0.01384369470179081	0.027317222207784653	0.02177918702363968	0.16183383762836456	0.027477754279971123	0.18128956854343414	0.019408682361245155	0.04114841669797897	turkey	nli		2021	United States
SRR24529378	0.02451859973371029	0.27210015058517456	0.03245016187429428	0.03331715986132622	0.03357847034931183	0.019855765625834465	0.005359786096960306	0.024304049089550972	0.025100039318203926	0.020031047984957695	0.01676928997039795	0.19665740430355072	0.03410725295543671	0.19097955524921417	0.03488200530409813	0.03598927706480026	turkey	nli		2023	United States
SRR10698086	0.011652936227619648	0.406788170337677	0.013784254901111126	0.013438668102025986	0.014389456249773502	0.008744709193706512	0.006069124676287174	0.01179029792547226	0.010425242595374584	0.02952524647116661	0.03161415830254555	0.14213523268699646	0.02097746543586254	0.21678325533866882	0.037689682096242905	0.024192119017243385	turkey	nli		2016	Germany
SRR27038776	0.01322266273200512	0.41823098063468933	0.013589209876954556	0.017262455075979233	0.02131628431379795	0.013589209876954556	0.003908611834049225	0.01432505901902914	0.014409242197871208	0.025762615725398064	0.022014424204826355	0.16179445385932922	0.029278520494699478	0.17713335156440735	0.01942765899002552	0.034735165536403656	turkey	nli		2023	United States
SRR22884909	0.013512075878679752	0.40582722425460815	0.013671350665390491	0.017848225310444832	0.021195290610194206	0.013459396548569202	0.0037229685112833977	0.013995558954775333	0.01385954674333334	0.02653297781944275	0.0209893137216568	0.16178199648857117	0.028051791712641716	0.18625541031360626	0.019640762358903885	0.03965606167912483	turkey	nli		2022	United States
SRR9609600	0.016392109915614128	0.331502765417099	0.02509280852973461	0.05190359055995941	0.01722918637096882	0.008347778581082821	0.008697286248207092	0.011783757247030735	0.010919499211013317	0.02394372783601284	0.02068113535642624	0.2030397355556488	0.039902880787849426	0.1720653474330902	0.0360492505133152	0.022449159994721413	turkey	nli		2019	United States
ERR10497218	0.004116466268897057	0.5606279969215393	0.005517714656889439	0.006048200186342001	0.006800173781812191	0.004840918350964785	0.004673686809837818	0.004926764871925116	0.005715147126466036	0.0413319431245327	0.015459708869457245	0.14050856232643127	0.04353815317153931	0.05829450115561485	0.07968399673700333	0.01791607216000557	turkey	nli		2018	Spain
SRR13842615	0.023324981331825256	0.37024813890457153	0.022851506248116493	0.03464082255959511	0.015371770597994328	0.007602149620652199	0.008414814248681068	0.014511124230921268	0.010330201126635075	0.02463609166443348	0.024756677448749542	0.16984336078166962	0.05171084776520729	0.1643768548965454	0.03486140817403793	0.02251920849084854	turkey	nli		2021	United States
SRR5080903	0.011911367066204548	0.328932523727417	0.01341849286109209	0.018484754487872124	0.021069061011075974	0.012904438190162182	0.004116458352655172	0.013056551106274128	0.012075336650013924	0.02660779096186161	0.018215956166386604	0.18962933123111725	0.03528403863310814	0.22829030454158783	0.026947740465402603	0.03905586898326874	turkey	nli		2016	United States
SRR8252775	0.012183832004666328	0.3348177671432495	0.0141611248254776	0.018307968974113464	0.019111784175038338	0.012693949043750763	0.0043273428454995155	0.01364524569362402	0.012521580792963505	0.02617378532886505	0.01807701215147972	0.18203727900981903	0.036802973598241806	0.22710281610488892	0.027753224596381187	0.0402822382748127	turkey	nli		2018	United States
SRR23525304	0.025529714301228523	0.37442439794540405	0.02508486993610859	0.03355817869305611	0.01690709963440895	0.008660636842250824	0.008728563785552979	0.013651732355356216	0.01251530647277832	0.022662293165922165	0.023336045444011688	0.1821238100528717	0.04739398881793022	0.15623581409454346	0.029070554301142693	0.020116928964853287	turkey	nli		2023	United States
SRR7739737	0.012420151382684708	0.3803893029689789	0.015277048572897911	0.02356930635869503	0.01936865970492363	0.012493140995502472	0.0039234706200659275	0.01437951810657978	0.01225150004029274	0.025784900411963463	0.016959764063358307	0.14994779229164124	0.03629158437252045	0.20762354135513306	0.027934633195400238	0.041385628283023834	turkey	nli		2018	United States
SRR8753356	0.017810022458434105	0.3314873278141022	0.02251398004591465	0.049718283116817474	0.01744849979877472	0.008445787243545055	0.008799397386610508	0.012903464026749134	0.011566590517759323	0.0254867784678936	0.021693812683224678	0.19871482253074646	0.03974546864628792	0.17374582588672638	0.035977236926555634	0.02394261211156845	turkey	nli		2019	United States
SRR17621928	0.012869661673903465	0.39147111773490906	0.013726466335356236	0.01680160127580166	0.02109452150762081	0.01416219212114811	0.003573775989934802	0.01410697866231203	0.013753301464021206	0.028302740305662155	0.02285320870578289	0.16579978168010712	0.030010653659701347	0.18627722561359406	0.021531591191887856	0.043665241450071335	turkey	nli		2021	United States
SRR14478907	0.024234803393483162	0.36887064576148987	0.022413529455661774	0.0311941709369421	0.016286375001072884	0.00858231633901596	0.008803017437458038	0.012770844623446465	0.01168490294367075	0.025672156363725662	0.023627212271094322	0.17986099421977997	0.044990088790655136	0.16666944324970245	0.02866734378039837	0.025672156363725662	turkey	nli		2021	United States
SRR11272909	0.017004119232296944	0.3227296471595764	0.023932861164212227	0.05236359313130379	0.018047837540507317	0.008434105664491653	0.009244978427886963	0.012661092914640903	0.011021653190255165	0.0261570755392313	0.022286104038357735	0.19989877939224243	0.03932397812604904	0.17563650012016296	0.03723119571805	0.02402653358876705	turkey	nli		2020	United States
ERR4224419	0.028228458017110825	0.020521704107522964	0.04391365125775337	0.04495503380894661	0.048971280455589294	0.014580516144633293	0.009933343157172203	0.026843877509236336	0.03951800987124443	0.01835964247584343	0.016409331932663918	0.2546876072883606	0.30392947793006897	0.06512237340211868	0.046523816883563995	0.017501793801784515	wastewater	nli		2018	Netherlands
ERR4224394	0.02726719155907631	0.020342564210295677	0.04314413294196129	0.04363139346241951	0.04675254598259926	0.014645044691860676	0.01004574354737997	0.026467008516192436	0.03873556852340698	0.018621867522597313	0.016305850818753242	0.2563149333000183	0.30527451634407043	0.06843266636133194	0.04643971100449562	0.017579251900315285	wastewater	nli		2018	Netherlands
ERR4224662	0.025951623916625977	0.017810164019465446	0.05129065364599228	0.06781650334596634	0.04372686892747879	0.013938463293015957	0.008587238378822803	0.013965713791549206	0.019560640677809715	0.017568325623869896	0.014635943807661533	0.5573139786720276	0.017011184245347977	0.0933641716837883	0.018592126667499542	0.01886647567152977	water	nli		2019	Netherlands
SRR21995108	0.016596870496869087	0.012638568878173828	0.022774020209908485	0.024890530854463577	0.01867859438061714	0.015698261559009552	0.012297664768993855	0.01648380048573017	0.019498683512210846	0.022116489708423615	0.01675974205136299	0.6089603304862976	0.08575829118490219	0.03347752243280411	0.05001092329621315	0.023359667509794235	water	nli		2016	China
ERR1025588	0.017529673874378204	0.014113025739789009	0.02106238715350628	0.07752414047718048	0.048911772668361664	0.014030574820935726	0.013638798147439957	0.022464629262685776	0.02536889910697937	0.03294219821691513	0.029673734679818153	0.4798460900783539	0.08253409713506699	0.07064041495323181	0.03025899827480316	0.019460510462522507	water	nli		2010	Spain
ERR4224335	0.02611491084098816	0.02329523116350174	0.05511680617928505	0.06658508628606796	0.04704616963863373	0.014706471934914589	0.008824619464576244	0.014087937772274017	0.019770406186580658	0.017464367672801018	0.01482181716710329	0.5529352426528931	0.016910523176193237	0.08617275953292847	0.017791438847780228	0.01835620030760765	water	nli		2018	Netherlands
SRR7010530	0.019399043172597885	0.009792628698050976	0.02476334385573864	0.03543722257018089	0.01454340759664774	0.008829641155898571	0.009199323132634163	0.012549450621008873	0.014586078003048897	0.019956285133957863	0.013332754373550415	0.5769767165184021	0.14260759949684143	0.04982829838991165	0.03251902759075165	0.015679171308875084	water	nli		2010	United States
SRR9030813	0.013637395575642586	0.007823653519153595	0.018658321350812912	0.013960798271000385	0.02145463600754738	0.012070268392562866	0.0062011186964809895	0.013637395575642586	0.026805227622389793	0.05626383423805237	0.030108511447906494	0.4095911383628845	0.05406878888607025	0.28316187858581543	0.01172177866101265	0.02083520032465458	water	nli		2015	Australia
ERR4224356	0.026959042996168137	0.021441210061311722	0.04000858590006828	0.03080322965979576	0.03968755155801773	0.014522024430334568	0.017740705981850624	0.022165078669786453	0.03697480633854866	0.040322382003068924	0.026308832690119743	0.5199806094169617	0.029220929369330406	0.10164305567741394	0.013300157152116299	0.018921801820397377	water	nli		2018	Netherlands
ERR4224476	0.028084369376301765	0.021365463733673096	0.04049506038427353	0.030980493873357773	0.03943164646625519	0.01414931658655405	0.018044309690594673	0.022238273173570633	0.03543269634246826	0.03664681687951088	0.025396905839443207	0.5257894396781921	0.029504112899303436	0.10113570839166641	0.013137196190655231	0.01816808432340622	water	nli		2018	Netherlands
SRR5209551	0.03007548861205578	0.016953399404883385	0.039668839424848557	0.055101629346609116	0.03201519325375557	0.01631985418498516	0.013345916755497456	0.024812007322907448	0.029178645461797714	0.029928995296359062	0.024355871602892876	0.4254402816295624	0.13137762248516083	0.09645289182662964	0.011800756677985191	0.023172546178102493	water	nli		2006	Canada
ERR9129992	0.03059159778058529	0.0187918022274971	0.038239531219005585	0.043204303830862045	0.025090346112847328	0.018464362248778343	0.01608918234705925	0.0177396722137928	0.02763720415532589	0.021148834377527237	0.015457714907824993	0.5744094848632812	0.010950461961328983	0.029766440391540527	0.09186073392629623	0.020558292046189308	water	nli		2014	Sweden
ERR4224375	0.02934105321764946	0.01989196240901947	0.04872636869549751	0.05040522292256355	0.05265523120760918	0.014688914641737938	0.009483875706791878	0.028065865859389305	0.04218331351876259	0.017962118610739708	0.015712805092334747	0.24966023862361908	0.29188239574432373	0.06883902847766876	0.04366070777177811	0.016840925440192223	wastewater	nli		2018	Netherlands
SRR3210426	0.03347824513912201	0.011867296881973743	0.03967882692813873	0.06111164391040802	0.01639585755765438	0.009954305365681648	0.010472851805388927	0.014611287042498589	0.017283683642745018	0.018597090616822243	0.010975454933941364	0.5252243280410767	0.125607430934906	0.061892423778772354	0.026926806196570396	0.01592247746884823	water	nli		2012	United States
SRR6261994	0.019863193854689598	0.009718435816466808	0.026912188157439232	0.04139844700694084	0.014689172618091106	0.008410604670643806	0.008626889437437057	0.012912610545754433	0.015170264057815075	0.020694833248853683	0.0133355176076293	0.5582494735717773	0.1382824182510376	0.062848299741745	0.030854977667331696	0.018032735213637352	water	nli		2010	United States
SRR9030826	0.013943372294306755	0.008180891163647175	0.01979818381369114	0.014260097406804562	0.022151270881295204	0.012683193199336529	0.006509649101644754	0.013875454664230347	0.027513910084962845	0.05063054338097572	0.028166385367512703	0.4143063724040985	0.054106876254081726	0.2822566628456116	0.011741496622562408	0.019875671714544296	water	nli		2015	Australia
SRR21995107	0.016620034351944923	0.012496551498770714	0.022672569379210472	0.024779655039310455	0.01864994503557682	0.01565888524055481	0.012290800921618938	0.016522936522960663	0.01941182278096676	0.021697789430618286	0.016783136874437332	0.6104061603546143	0.08483411371707916	0.03314986452460289	0.05101862922310829	0.02300713025033474	water	nli		2016	China
ERR4224507	0.02746668830513954	0.020154017955064774	0.04533469304442406	0.044751863926649094	0.047932691872119904	0.014228671789169312	0.009913832880556583	0.02614498883485794	0.03885737061500549	0.018341483548283577	0.016233794391155243	0.2536913752555847	0.3051150143146515	0.06795581430196762	0.04658004641532898	0.017297666519880295	wastewater	nli		2018	Netherlands
ERR4224408	0.029682587832212448	0.020182549953460693	0.04419049620628357	0.047201599925756454	0.049943145364522934	0.014214071445167065	0.010389086790382862	0.027211684733629227	0.041180022060871124	0.018233414739370346	0.016075225546956062	0.2512134313583374	0.2986147701740265	0.06955536454916	0.045216359198093414	0.016896123066544533	wastewater	nli		2018	Netherlands
ERR4224686	0.02172677218914032	0.01620124652981758	0.035205814987421036	0.03211008757352829	0.042017705738544464	0.012543829157948494	0.009961823001503944	0.012409801594913006	0.0190338883548975	0.020340770483016968	0.023004136979579926	0.5551664233207703	0.0854916125535965	0.07721637934446335	0.020772362127900124	0.016797346994280815	water	nli		2019	Netherlands
ERR4224333	0.02781173214316368	0.020071201026439667	0.04443759098649025	0.04376467689871788	0.04806022718548775	0.014142554253339767	0.009911736473441124	0.025174926966428757	0.0378844179213047	0.0183018259704113	0.015885381028056145	0.2581356167793274	0.3044552505016327	0.06917162239551544	0.04548029601573944	0.01731090620160103	wastewater	nli		2018	Netherlands
ERR4224651	0.026163825765252113	0.016933927312493324	0.05140795186161995	0.0673254132270813	0.04205537214875221	0.013875163160264492	0.008888764306902885	0.013902289792895317	0.01962452568113804	0.017574140802025795	0.01442788727581501	0.5607746839523315	0.016933927312493324	0.09307640045881271	0.0183099415153265	0.01872585341334343	water	nli		2019	Netherlands
ERR321059	0.11163826286792755	0.03954673185944557	0.06375338137149811	0.09759277105331421	0.05899103358387947	0.02809765934944153	0.042220793664455414	0.04940933734178543	0.052853405475616455	0.04076226055622101	0.0400128997862339	0.11498185247182846	0.06331904977560043	0.05487840250134468	0.11035111546516418	0.03159104660153389	unknown	nli			unknown
ERR4224675	0.020675817504525185	0.014987065456807613	0.03235338628292084	0.029486877843737602	0.03802865371108055	0.01223208662122488	0.009944615885615349	0.011821062304079533	0.018308818340301514	0.02037515677511692	0.022807955741882324	0.5673500895500183	0.08555254340171814	0.07875699549913406	0.020484888926148415	0.016833962872624397	water	nli		2019	Netherlands
SRR12634069	0.016591006889939308	0.014828573912382126	0.01827511563897133	0.019077489152550697	0.017956679686903954	0.014857564121484756	0.013448931276798248	0.015121040865778923	0.016542470082640648	0.025671569630503654	0.018726777285337448	0.6857686638832092	0.03939373418688774	0.04244944453239441	0.0171511247754097	0.0241397712379694	water	nli		2016	United States
SRR5209565	0.024648917838931084	0.015097041614353657	0.03664281591773033	0.0587555430829525	0.030437352135777473	0.015713777393102646	0.012725403532385826	0.024385550990700722	0.02725723385810852	0.03152644634246826	0.024361751973628998	0.45698702335357666	0.13344614207744598	0.0741652324795723	0.011384720914065838	0.022465024143457413	water	nli		2004	Canada
SRR7121406	0.019935278221964836	0.009887970983982086	0.025522520765662193	0.03949147090315819	0.015180778689682484	0.008915606886148453	0.00925267580896616	0.01302290428429842	0.015284908004105091	0.020170269533991814	0.013370848260819912	0.5713257789611816	0.13817569613456726	0.05288273096084595	0.03157772496342659	0.01600280962884426	water	nli		2010	United States
SRR8280097	0.019137267023324966	0.009575949981808662	0.025651611387729645	0.037836648523807526	0.015050380490720272	0.00865115039050579	0.008873620070517063	0.01266131829470396	0.014889570884406567	0.02051125094294548	0.013075996190309525	0.5730950832366943	0.13672152161598206	0.05674409493803978	0.031123582273721695	0.01640097238123417	water	nli		2010	United States
SRR6398697	0.01962822861969471	0.009918004274368286	0.02547534368932247	0.035855889320373535	0.014990813098847866	0.008890440687537193	0.008942686021327972	0.0124156903475523	0.014830641448497772	0.020350422710180283	0.013307090848684311	0.5708268880844116	0.14157065749168396	0.054647017270326614	0.03139646723866463	0.01695367321372032	water	nli		2009	United States
SRR6398728	0.020418627187609673	0.010137610137462616	0.025887293741106987	0.03583580628037453	0.0151738366112113	0.00919441320002079	0.00933920405805111	0.013067894615232944	0.015442921780049801	0.019965119659900665	0.013522274792194366	0.5840362906455994	0.13926371932029724	0.0409257747232914	0.033631764352321625	0.014157387427985668	water	nli		2009	United States
SRR14190372	0.006796033587306738	0.005355145316570997	0.009463041089475155	0.008133786730468273	0.010241983458399773	0.008149689063429832	0.003797366516664624	0.006346983835101128	0.0078069232404232025	0.013010452501475811	0.011811497621238232	0.862718939781189	0.010272033512592316	0.01995515450835228	0.005656160414218903	0.010484865866601467	water	nli		2016	United States
SRR6260848	0.02057979628443718	0.010049400851130486	0.026399189606308937	0.04007744789123535	0.015564816072583199	0.008731069974601269	0.009025835432112217	0.013004889711737633	0.015933925285935402	0.02094474621117115	0.013339320197701454	0.5556886792182922	0.13838940858840942	0.062179334461688995	0.032124608755111694	0.017967555671930313	water	nli		2009	United States
ERR4224700	0.020324382930994034	0.016062218695878983	0.032748993486166	0.029313035309314728	0.03870095685124397	0.01221949141472578	0.009704245254397392	0.011983143165707588	0.018379490822553635	0.02017606794834137	0.022387461736798286	0.5673196911811829	0.08451002091169357	0.07850322127342224	0.02086741104722023	0.01680021546781063	water	nli		2019	Netherlands
ERR4224464	0.017216261476278305	0.014740239828824997	0.022520123049616814	0.018281931057572365	0.028191445395350456	0.010462607257068157	0.010534374974668026	0.013605891726911068	0.019932247698307037	0.04975993558764458	0.053230881690979004	0.5618337988853455	0.08620209246873856	0.06543515622615814	0.012208160012960434	0.015844885259866714	water	nli		2018	Netherlands
ERR4224388	0.027427591383457184	0.023118911311030388	0.055270154029130936	0.06893612444400787	0.04645131528377533	0.014977797865867615	0.00923656951636076	0.014404007233679295	0.019420605152845383	0.017172131687402725	0.014919404871761799	0.5468777418136597	0.016562728211283684	0.08855897188186646	0.017769215628504753	0.018896767869591713	water	nli		2018	Netherlands
SRR5209458	0.02328033186495304	0.016125814989209175	0.03347805142402649	0.05190248414874077	0.027565201744437218	0.015690848231315613	0.012669662944972515	0.022874683141708374	0.022630274295806885	0.0342719629406929	0.02492741495370865	0.4708053767681122	0.0871221274137497	0.12175706028938293	0.010879349894821644	0.024019328877329826	water	nli		2011	Canada
ERR4224423	0.027050767093896866	0.02335340343415737	0.05474420264363289	0.07142605632543564	0.04689956456422806	0.014514626003801823	0.008709502406418324	0.014275651425123215	0.019417455419898033	0.017354777082800865	0.01488788053393364	0.5457221865653992	0.017490891739726067	0.08794139325618744	0.01761086843907833	0.018600784242153168	water	nli		2018	Netherlands
SRR6398641	0.01989348977804184	0.010032422840595245	0.025693854317069054	0.036322712898254395	0.015208246186375618	0.008733361028134823	0.00887089129537344	0.012682171538472176	0.0149578507989645	0.020625440403819084	0.013486923649907112	0.5667973756790161	0.142471581697464	0.056011032313108444	0.03154231607913971	0.01667040027678013	water	nli		2009	United States
SRR7128223	0.02024693787097931	0.009954678826034069	0.026875274255871773	0.044244978576898575	0.015508713200688362	0.00866568274796009	0.009134926833212376	0.01321358885616064	0.015208748169243336	0.020686637610197067	0.013659686781466007	0.5542266964912415	0.13735300302505493	0.0613381527364254	0.03222837671637535	0.017453951761126518	water	nli		2010	United States
ERR4224642	0.027994723990559578	0.017872899770736694	0.04019860923290253	0.04268685728311539	0.04322167858481407	0.013320980593562126	0.009822273626923561	0.024310365319252014	0.036789387464523315	0.018065929412841797	0.015974294394254684	0.2672978937625885	0.30765795707702637	0.07268372923135757	0.04529592767357826	0.01680644042789936	wastewater	nli		2019	Netherlands
ERR4224460	0.028566626831889153	0.01974891498684883	0.04454835131764412	0.04674329236149788	0.049773164093494415	0.01443451177328825	0.010067076422274113	0.027445441111922264	0.040660880506038666	0.018034350126981735	0.016213316470384598	0.2518911361694336	0.3026541471481323	0.06610394269227982	0.04627209156751633	0.01684272661805153	wastewater	nli		2018	Netherlands
ERR4224337	0.028667951002717018	0.024188030511140823	0.060249924659729004	0.0777755156159401	0.04839814454317093	0.014721011742949486	0.00878173764795065	0.014365964569151402	0.019886817783117294	0.01721060648560524	0.014677947387099266	0.5322783589363098	0.017294850200414658	0.08546141535043716	0.017756929621100426	0.01828484795987606	water	nli		2018	Netherlands
ERR4224474	0.023977134376764297	0.018231937661767006	0.0313638299703598	0.02703731134533882	0.04041970521211624	0.013951634988188744	0.009570099413394928	0.017757494002580643	0.026179879903793335	0.019125575199723244	0.01826757937669754	0.414147287607193	0.2375926822423935	0.05036458000540733	0.035844866186380386	0.0161683838814497	water	nli		2018	Netherlands
ERR4224506	0.02874429151415825	0.020047161728143692	0.04507782310247421	0.04619189724326134	0.04986311495304108	0.014118720777332783	0.009818029589951038	0.026325779035687447	0.038964010775089264	0.0186313446611166	0.016076916828751564	0.2512398064136505	0.3012825548648834	0.07022818922996521	0.045922037214040756	0.017468377947807312	wastewater	nli		2018	Netherlands
ERR4224444	0.025237152352929115	0.02167096734046936	0.052432067692279816	0.06366536766290665	0.044924233108758926	0.01357459556311369	0.008611702360212803	0.01361442357301712	0.017930807545781136	0.017601175233721733	0.014591886661946774	0.5643863677978516	0.01643817313015461	0.08908113837242126	0.017227057367563248	0.019012833014130592	water	nli		2018	Netherlands
SRR8434632	0.018701879307627678	0.009358090348541737	0.02406063862144947	0.03389781340956688	0.014034444466233253	0.008339530788362026	0.009017182514071465	0.011945824138820171	0.01438129972666502	0.020103413611650467	0.013068772852420807	0.5817983746528625	0.13657927513122559	0.05690692737698555	0.031350355595350266	0.01645606942474842	water	nli		2010	United States
ERR4224390	0.026473024860024452	0.022368846461176872	0.05292496830224991	0.06718168407678604	0.044856566935777664	0.014288099482655525	0.008598729968070984	0.013916286639869213	0.019226741045713425	0.016868410632014275	0.014400162734091282	0.5586050152778625	0.016397394239902496	0.08819016069173813	0.017712503671646118	0.017991434782743454	water	nli		2018	Netherlands
ERR4224349	0.027743054553866386	0.022854266688227654	0.05653034895658493	0.07055956870317459	0.04794740676879883	0.014712657779455185	0.009333687834441662	0.014371839351952076	0.019720859825611115	0.017505871132016182	0.014973565004765987	0.5440601110458374	0.016802381724119186	0.08635645359754562	0.017746852710843086	0.018781058490276337	water	nli		2018	Netherlands
SRR6314031	0.020061718299984932	0.010028730146586895	0.026681479066610336	0.039839088916778564	0.015457144007086754	0.008833054453134537	0.009131263010203838	0.013247043825685978	0.015502492897212505	0.020658159628510475	0.01353472750633955	0.5599877834320068	0.13719740509986877	0.06144842505455017	0.03053077682852745	0.017860693857073784	water	nli		2009	United States
ERR4224430	0.02884683385491371	0.020445482805371284	0.04253409057855606	0.04384678974747658	0.04697761312127113	0.014483869075775146	0.010032681748270988	0.027485553175210953	0.03944820538163185	0.017920155078172684	0.016110654920339584	0.25874629616737366	0.30636993050575256	0.06350145488977432	0.046612031757831573	0.016638299450278282	wastewater	nli		2018	Netherlands
ERR4224412	0.026981154456734657	0.024197561666369438	0.0594615675508976	0.07276273518800735	0.05140163004398346	0.014633629471063614	0.008867081254720688	0.014463141560554504	0.019691700115799904	0.01722579635679722	0.014690903946757317	0.5348331928253174	0.0167121272534132	0.08782220631837845	0.017428850755095482	0.018826685845851898	water	nli		2018	Netherlands
SRR9030821	0.013434219174087048	0.007729705423116684	0.01809537783265114	0.013672455213963985	0.02119700238108635	0.011878835037350655	0.006126654800027609	0.01352636981755495	0.027058478444814682	0.06127568706870079	0.03126601129770279	0.4042776823043823	0.05457962676882744	0.28305938839912415	0.01131274551153183	0.021509790793061256	water	nli		2015	Australia
SRR9030830	0.01377249974757433	0.007978699170053005	0.01904667541384697	0.014030429534614086	0.022596409544348717	0.013039539568126202	0.006287063471972942	0.014016734436154366	0.027658676728606224	0.05264093726873398	0.027416648343205452	0.4209843873977661	0.052898604422807693	0.276358038187027	0.011699988506734371	0.019574670121073723	water	nli		2015	Australia
ERR4224491	0.027440862730145454	0.01963026076555252	0.04604463651776314	0.04544713720679283	0.04986519739031792	0.014001742005348206	0.009651481173932552	0.026700694113969803	0.038660045713186264	0.018279556185007095	0.016037406399846077	0.2535766065120697	0.30171841382980347	0.06930707395076752	0.0462304949760437	0.01740844175219536	wastewater	nli		2018	Netherlands
SRR5209487	0.023503482341766357	0.016216915100812912	0.03256767988204956	0.05019611865282059	0.027693871408700943	0.01639205776154995	0.013210034929215908	0.02348054200410843	0.023595470935106277	0.03413063660264015	0.025338979437947273	0.4804517328739166	0.06819247454404831	0.12943817675113678	0.010718725621700287	0.0248731579631567	water	nli		2006	Canada
SRR6261989	0.019756386056542397	0.009694538079202175	0.026096394285559654	0.03864337503910065	0.014739163219928741	0.008505417965352535	0.00872414093464613	0.012594766914844513	0.015103433281183243	0.020664116367697716	0.013407060876488686	0.5601493120193481	0.1392620950937271	0.06283167004585266	0.03166324272751808	0.018164923414587975	water	nli		2010	United States
SRR6261893	0.01888129487633705	0.009766829200088978	0.02548210136592388	0.037239525467157364	0.014224537648260593	0.008272827602922916	0.008686798624694347	0.012274298816919327	0.01463314052671194	0.020838545635342598	0.013388840481638908	0.5632251501083374	0.1381591111421585	0.06510260701179504	0.03193051740527153	0.017893914133310318	water	nli		2010	United States
SRR5209546	0.030163263902068138	0.017220107838511467	0.0388440266251564	0.053640708327293396	0.032265789806842804	0.016788383945822716	0.013877344317734241	0.025599230080842972	0.029493318870663643	0.029782749712467194	0.024236861616373062	0.42751607298851013	0.13086339831352234	0.09442434459924698	0.012021573260426521	0.023262882605195045	water	nli		2007	Canada
ERR4224647	0.02680538408458233	0.017197348177433014	0.03787555545568466	0.030928224325180054	0.03803308308124542	0.01406350638717413	0.017147038131952286	0.021549250930547714	0.03676405921578407	0.04247041791677475	0.02696290984749794	0.5195474624633789	0.030928224325180054	0.10544945299625397	0.013432602398097515	0.02084549330174923	water	nli		2019	Netherlands
ERR4224500	0.025564661249518394	0.022081201896071434	0.05416334792971611	0.06521793454885483	0.04784860834479332	0.01372392475605011	0.00875760056078434	0.014228876680135727	0.018868615850806236	0.01760466769337654	0.014623316004872322	0.5562896132469177	0.017196854576468468	0.08767464756965637	0.01721365749835968	0.018942467868328094	water	nli		2018	Netherlands
SRR7012236	0.018894366919994354	0.009500685147941113	0.0246188472956419	0.03693922236561775	0.01436004787683487	0.008667384274303913	0.008995067328214645	0.012415454722940922	0.014628980308771133	0.019878627732396126	0.013062209822237492	0.5781088471412659	0.13714540004730225	0.055263131856918335	0.031642112880945206	0.015879608690738678	water	nli		2010	United States
ERR4224395	0.026289846748113632	0.022311903536319733	0.05297098681330681	0.06425206363201141	0.04456794634461403	0.014265652745962143	0.008669471368193626	0.014071940444409847	0.019177796319127083	0.017461581155657768	0.014790535904467106	0.5593637228012085	0.016596997156739235	0.08869887888431549	0.018139448016881943	0.018371202051639557	water	nli		2018	Netherlands
SRR6261842	0.02008604072034359	0.010011517442762852	0.026428397744894028	0.039288174360990524	0.015445687808096409	0.008732200600206852	0.009062333963811398	0.0129558639600873	0.015597262419760227	0.02072364091873169	0.013367128558456898	0.5606667399406433	0.13672803342342377	0.06062828376889229	0.03197226673364639	0.018306417390704155	water	nli		2010	United States
SRR6314326	0.041629716753959656	0.010665325447916985	0.04197671636939049	0.15512695908546448	0.019482893869280815	0.008721803314983845	0.009654155932366848	0.04096430167555809	0.024317994713783264	0.024676838889718056	0.012789678759872913	0.1450892984867096	0.21069177985191345	0.1947629153728485	0.03202790021896362	0.027421675622463226	wastewater	nli		1996	Brazil
ERR4224438	0.02693132497370243	0.021799005568027496	0.05527298152446747	0.06916724145412445	0.04895121976733208	0.014592344872653484	0.00902526918798685	0.01447878684848547	0.019751539453864098	0.017550235614180565	0.015129249542951584	0.5454389452934265	0.01696051098406315	0.08830440789461136	0.01767061837017536	0.018976330757141113	water	nli		2018	Netherlands
ERR4224496	0.026903456076979637	0.02178708277642727	0.040455952286720276	0.030799811705946922	0.04016072303056717	0.014598613604903221	0.01788659766316414	0.02276587300002575	0.036220237612724304	0.04022941738367081	0.02628023736178875	0.5166330337524414	0.029289105907082558	0.10197974741458893	0.013422632589936256	0.020587347447872162	water	nli		2018	Netherlands
ERR4224690	0.023265080526471138	0.016602465882897377	0.029166704043745995	0.025701850652694702	0.03589317947626114	0.013005997985601425	0.009285894222557545	0.016963018104434013	0.026119345799088478	0.018648432567715645	0.017916521057486534	0.42776528000831604	0.23600387573242188	0.05140833184123039	0.03667266666889191	0.015581349842250347	water	nli		2019	Netherlands
SRR14190376	0.0047441935166716576	0.0034037919249385595	0.006044258829206228	0.004952488001435995	0.007745838724076748	0.004430719651281834	0.0030810819007456303	0.004688921384513378	0.005881225690245628	0.017084496095776558	0.01253595482558012	0.8848667144775391	0.009782100096344948	0.013188987970352173	0.004971871618181467	0.012597315944731236	water	nli		2014	United States
ERR4224345	0.027150575071573257	0.021646324545145035	0.05764288455247879	0.07271193712949753	0.04715311527252197	0.014405487105250359	0.008874962106347084	0.014071783982217312	0.01932799071073532	0.01729169487953186	0.014561066403985023	0.5442698001861572	0.016726983711123466	0.08792172372341156	0.01754685677587986	0.018696779385209084	water	nli		2018	Netherlands
ERR4224671	0.016957378014922142	0.012083440087735653	0.020725952461361885	0.017788542434573174	0.024769406765699387	0.009643170982599258	0.010345611721277237	0.013206420466303825	0.019479738548398018	0.04626404866576195	0.05089182034134865	0.5748680830001831	0.0890674889087677	0.06522683799266815	0.013014378026127815	0.01566770300269127	water	nli		2019	Netherlands
SRR16091611	0.025859128683805466	0.01501002348959446	0.028567593544721603	0.028015049174427986	0.024079827591776848	0.011850737035274506	0.0050770677626132965	0.0300851222127676	0.01837271638214588	0.02227020263671875	0.011576216667890549	0.12971432507038116	0.5014517307281494	0.09193632006645203	0.028847938403487206	0.027286021038889885	wastewater	nli			United States
ERR321060	0.11949539929628372	0.03959707170724869	0.06296772509813309	0.09411126375198364	0.05636128783226013	0.028023742139339447	0.04165979102253914	0.04872901365160942	0.051242418587207794	0.039946623146533966	0.04113425314426422	0.11607012897729874	0.06598961353302002	0.053754065185785294	0.11028943955898285	0.030628139153122902	unknown	nli			unknown
SRR12686264	0.033817358314991	0.014263344928622246	0.033554185181856155	0.15452925860881805	0.01976405270397663	0.014947855845093727	0.004612576682120562	0.025476867333054543	0.022243032231926918	0.02765488065779209	0.021537644788622856	0.03805902227759361	0.4533558189868927	0.08057095110416412	0.02241748571395874	0.03319567069411278	wastewater	nli		1995	Brazil
ERR4224397	0.029260413721203804	0.020041747018694878	0.043434541672468185	0.044086240231990814	0.04730917885899544	0.014302226714789867	0.010291452519595623	0.02710113115608692	0.04087276756763458	0.018097374588251114	0.015970876440405846	0.25575098395347595	0.3040085434913635	0.06692872196435928	0.046541616320610046	0.016002099961042404	wastewater	nli		2018	Netherlands
ERR4224470	0.027442287653684616	0.023108722642064095	0.057443033903837204	0.07158944010734558	0.04850492253899574	0.014202157035470009	0.008835559710860252	0.014299573376774788	0.019449995830655098	0.01709764450788498	0.014652981422841549	0.5413244366645813	0.017214922234416008	0.0888013169169426	0.017761383205652237	0.018271582201123238	water	nli		2018	Netherlands
SRR1635285	0.03078540787100792	0.022152254357933998	0.036238666623830795	0.05968914553523064	0.04666789248585701	0.024046041071414948	0.02276633493602276	0.036809343844652176	0.029318325221538544	0.03709804266691208	0.029175514355301857	0.07126434892416	0.18078425526618958	0.2922264635562897	0.04094365984201431	0.040034279227256775	environment	nli		2011	United Kingdom
SRR8434292	0.01907813921570778	0.009425935335457325	0.024737214669585228	0.0360100120306015	0.014274917542934418	0.008532271720468998	0.009011873975396156	0.01224580965936184	0.014728053472936153	0.019993718713521957	0.013176382519304752	0.5803214311599731	0.13636566698551178	0.054508015513420105	0.031240247189998627	0.01635030098259449	water	nli		2010	United States
SRR9030874	0.012560656294226646	0.007248283363878727	0.017168380320072174	0.012683918699622154	0.020209548994898796	0.011073919013142586	0.005973931401968002	0.01257292740046978	0.02582317776978016	0.06352406740188599	0.03173204883933067	0.40631622076034546	0.05211334303021431	0.289249062538147	0.011182593181729317	0.020567936822772026	water	nli		2014	Australia
SRR8434366	0.019359426572918892	0.009583611972630024	0.025597035884857178	0.03770088031888008	0.014785520732402802	0.00844100583344698	0.008898082189261913	0.012353763915598392	0.01444301288574934	0.020587889477610588	0.012971945106983185	0.5657654404640198	0.13908751308918	0.060231130570173264	0.031918298453092575	0.018275517970323563	water	nli		2010	United States
SRR9030829	0.014085977338254452	0.008240383118391037	0.01875222846865654	0.014363797381520271	0.022465407848358154	0.013052868656814098	0.006467951461672783	0.014405940659344196	0.0278224665671587	0.05498146638274193	0.028621667996048927	0.4152865707874298	0.05300440266728401	0.27637043595314026	0.01146300695836544	0.020615415647625923	water	nli		2015	Australia
SRR9879555	0.01696685329079628	0.009489699266850948	0.025795677676796913	0.032071903347969055	0.018835697323083878	0.00905513484030962	0.006471413187682629	0.010795325972139835	0.016917217522859573	0.020686965435743332	0.013123777695000172	0.5668250322341919	0.13853390514850616	0.07362871617078781	0.02225899137556553	0.018543677404522896	water	nli		2015	Canada
SRR9030879	0.012980679981410503	0.007417868357151747	0.017759820446372032	0.013133690692484379	0.020381629467010498	0.011113811284303665	0.00610177218914032	0.01296800933778286	0.02655670791864395	0.06494686007499695	0.0319397933781147	0.402635782957077	0.053384725004434586	0.28634920716285706	0.011444227769970894	0.020885350182652473	water	nli		2014	Australia
SRR7345807	0.01944883167743683	0.009627868421375751	0.02614571712911129	0.03881104663014412	0.015146764926612377	0.008596719242632389	0.008974160067737103	0.012630902230739594	0.014926506206393242	0.020642606541514397	0.013095637783408165	0.5661622285842896	0.13526558876037598	0.060731276869773865	0.031754083931446075	0.01804000325500965	water	nli		2010	United States
SRR6367412	0.020083824172616005	0.00986484345048666	0.025562481954693794	0.03592587262392044	0.015071498230099678	0.008999601937830448	0.008947025053203106	0.012816020287573338	0.015368756838142872	0.02032056637108326	0.013722755014896393	0.5761454105377197	0.13718102872371674	0.05166285112500191	0.032408811151981354	0.0159186739474535	water	nli		2009	United States
SRR12686236	0.03291642665863037	0.01332543883472681	0.03272411599755287	0.16156607866287231	0.019369475543498993	0.014324057847261429	0.004542615730315447	0.026166491210460663	0.02257896400988102	0.027342023327946663	0.021087056025862694	0.039782408624887466	0.44735246896743774	0.08222827315330505	0.0217776857316494	0.03291642665863037	wastewater	nli		1996	Brazil
SRR6311922	0.02025294303894043	0.009860862977802753	0.028036169707775116	0.041414543986320496	0.015050710178911686	0.008668254129588604	0.008634459227323532	0.012835894711315632	0.015513313934206963	0.0205919798463583	0.013637077994644642	0.5549327731132507	0.13887761533260345	0.06313423067331314	0.03118511289358139	0.017374087125062943	water	nli		2009	United States
ERR4224391	0.027067074552178383	0.02034170925617218	0.04171810299158096	0.04339585080742836	0.04595841467380524	0.014445578679442406	0.010213482193648815	0.026030151173472404	0.03915227949619293	0.017716383561491966	0.015989797189831734	0.25907227396965027	0.307655930519104	0.06798849999904633	0.04656263440847397	0.01669183187186718	wastewater	nli		2018	Netherlands
SRR7904961	0.01926998794078827	0.009492868557572365	0.02567860297858715	0.037747230380773544	0.015243814326822758	0.008609659038484097	0.00893516093492508	0.012600596994161606	0.01487615704536438	0.02061319909989834	0.013128162361681461	0.5742587447166443	0.13395629823207855	0.058307256549596786	0.03094407729804516	0.01633826084434986	water	nli		2010	United States
ERR4224688	0.021798087283968925	0.015510081313550472	0.035012293606996536	0.031087400391697884	0.03860398009419441	0.01254818495362997	0.010271579958498478	0.012126539833843708	0.01869046874344349	0.019993284717202187	0.022855358198285103	0.5586228370666504	0.08806388080120087	0.07771610468626022	0.02042747661471367	0.016672421246767044	water	nli		2019	Netherlands
SRR9030816	0.0133995171636343	0.00812721811234951	0.017908181995153427	0.013744095340371132	0.021308066323399544	0.0121647072955966	0.006341857835650444	0.013770964927971363	0.02725343406200409	0.060567814856767654	0.03127674385905266	0.4044164717197418	0.052737973630428314	0.28398728370666504	0.011394254863262177	0.021601391956210136	water	nli		2014	Australia
SRR5209548	0.030432486906647682	0.01698792725801468	0.04159627854824066	0.05772252380847931	0.032681193202733994	0.016321182250976562	0.013425438664853573	0.025551754981279373	0.02990221604704857	0.03016618639230728	0.024262893944978714	0.41643139719963074	0.13264529407024384	0.09701206535100937	0.011596078053116798	0.023265138268470764	water	nli		2006	Canada
ERR4224434	0.027620483189821243	0.021764414384961128	0.0399625338613987	0.030335165560245514	0.0399625338613987	0.01454076450318098	0.017815718427300453	0.022291425615549088	0.03668959438800812	0.04156460613012314	0.027020206674933434	0.5176097750663757	0.029144566506147385	0.1003432422876358	0.013343354687094688	0.019991662353277206	water	nli		2018	Netherlands
ERR4224427	0.026678049936890602	0.023121770471334457	0.055809225887060165	0.06785919517278671	0.0475819893181324	0.014661254361271858	0.009165823459625244	0.014363647438585758	0.019613614305853844	0.01756437122821808	0.014892136678099632	0.546945333480835	0.017207831144332886	0.08796653151512146	0.017633115872740746	0.018936052918434143	water	nli		2018	Netherlands
ERR4224353	0.027951043099164963	0.019975706934928894	0.044725652784109116	0.0456690676510334	0.048587776720523834	0.014514976181089878	0.010212562046945095	0.02620633877813816	0.04031265154480934	0.01829497329890728	0.016208449378609657	0.2537904977798462	0.3034510016441345	0.06722316890954971	0.046038493514060974	0.016837669536471367	wastewater	nli		2018	Netherlands
SRR6398687	0.019798461347818375	0.009916478767991066	0.025297896936535835	0.036468323320150375	0.015047173015773296	0.008632429875433445	0.008717143908143044	0.012438050471246243	0.01490094419568777	0.020466867834329605	0.013331055641174316	0.5701820850372314	0.14031025767326355	0.05634551867842674	0.03136100247502327	0.016786333173513412	water	nli		2009	United States
SRR5209541	0.0299287810921669	0.016969844698905945	0.03953320533037186	0.058740947395563126	0.0327741801738739	0.01644773595035076	0.013476792722940445	0.025775041431188583	0.029149958863854408	0.030340777710080147	0.024403316900134087	0.41884148120880127	0.1285528540611267	0.09950786828994751	0.01188161876052618	0.023675616830587387	water	nli		2007	Canada
SRR9030837	0.013367392122745514	0.007881340570747852	0.017847811803221703	0.013684390112757683	0.02066342532634735	0.011785168200731277	0.006137994583696127	0.013472233898937702	0.0265582874417305	0.06352363526821136	0.032891325652599335	0.4034469425678253	0.05210025981068611	0.2830299437046051	0.011157973669469357	0.022451849654316902	water	nli		2014	Australia
ERR4224501	0.021003682166337967	0.019596710801124573	0.03470539301633835	0.03072476014494896	0.043149400502443314	0.012554124929010868	0.00979627761989832	0.0125051811337471	0.01801811158657074	0.019750410690903664	0.022511664777994156	0.5567083358764648	0.08834249526262283	0.07363293319940567	0.02023853361606598	0.016761956736445427	water	nli		2018	Netherlands
ERR4224358	0.028777508065104485	0.021839389577507973	0.038743287324905396	0.03151345252990723	0.0394592322409153	0.014619381166994572	0.01815861277282238	0.022831672802567482	0.03662770986557007	0.03800319507718086	0.025545302778482437	0.520916759967804	0.029373763129115105	0.10142906755208969	0.013298103585839272	0.018863538280129433	water	nli		2018	Netherlands
ERR4224632	0.025841116905212402	0.01725597307085991	0.05179426446557045	0.06947594881057739	0.045286186039447784	0.013960672542452812	0.008719319477677345	0.014042713679373264	0.01955357939004898	0.017786359414458275	0.01483206171542406	0.5543991327285767	0.01677413284778595	0.0930120199918747	0.017978450283408165	0.019288064911961555	water	nli		2019	Netherlands
SRR8787406	0.026883592829108238	0.021475372835993767	0.024334784597158432	0.01895194873213768	0.03385154902935028	0.022070690989494324	0.014933777041733265	0.022027626633644104	0.02419261261820793	0.1501644402742386	0.2562503218650818	0.13027414679527283	0.03411705419421196	0.07598824054002762	0.09112382680177689	0.05336008593440056	waterbird	nli		1979	United States
SRR29316403	0.020396621897816658	0.012738974764943123	0.015306230634450912	0.021797068417072296	0.0337270088493824	0.023568252101540565	0.005775648634880781	0.016876401379704475	0.019963083788752556	0.05959877371788025	0.4624151587486267	0.09505273401737213	0.028876425698399544	0.06846391409635544	0.06584110110998154	0.04960249736905098	waterbird	nli		2018	United States
SRR8787349	0.02799232490360737	0.022273879498243332	0.024272698909044266	0.016649816185235977	0.033502425998449326	0.0228913351893425	0.013300342485308647	0.02032025158405304	0.021928556263446808	0.13108889758586884	0.21340258419513702	0.15206579864025116	0.03986290097236633	0.09304677695035934	0.09675332903862	0.07064813375473022	waterbird	nli		1979	United States
ERR2197811	0.028890186920762062	0.01838166080415249	0.005750254727900028	0.00976242683827877	0.019226228818297386	0.006327765993773937	0.0054442319087684155	0.010680126957595348	0.009480566717684269	0.09898292273283005	0.3074301779270172	0.26781824231147766	0.04558398947119713	0.0852869525551796	0.04150469973683357	0.03944965824484825	waterbird	nli		2014	Luxembourg
SRR29316407	0.017512809485197067	0.010457376949489117	0.011373568326234818	0.01495027169585228	0.03002394177019596	0.01727500557899475	0.005330684129148722	0.014490301720798016	0.016516152769327164	0.05415438115596771	0.5267580151557922	0.09002969413995743	0.030141452327370644	0.0614849291741848	0.04797812178730965	0.051523301750421524	waterbird	nli		2018	United States
SRR8787404	0.026184234768152237	0.021039623767137527	0.023471394553780556	0.0182795412838459	0.032586805522441864	0.021454591304063797	0.014774339273571968	0.02137094922363758	0.02333427034318447	0.1471175104379654	0.2690424919128418	0.13027526438236237	0.0332295224070549	0.07503028213977814	0.09032721072435379	0.052481986582279205	waterbird	nli		1979	United States
SRR8787412	0.023960718885064125	0.020059071481227875	0.018624216318130493	0.012675831094384193	0.02947218529880047	0.018228353932499886	0.011815172620117664	0.015319863334298134	0.01773667521774769	0.189295694231987	0.2950538694858551	0.1105770617723465	0.030706141144037247	0.07070010155439377	0.08637017011642456	0.04940485581755638	waterbird	nli		1979	United States
SRR5209482	0.014621119946241379	0.005748122464865446	0.011036599986255169	0.011656973510980606	0.012928317300975323	0.004984310828149319	0.004916629288345575	0.005965439137071371	0.004728276282548904	0.06514447927474976	0.10070087760686874	0.33571282029151917	0.033697646111249924	0.32364100217819214	0.02225104160606861	0.04226631298661232	water	nli		2006	Canada
SRR8787361	0.023354968056082726	0.020853638648986816	0.023354968056082726	0.01742386817932129	0.037248313426971436	0.02330939471721649	0.013783413916826248	0.0201725997030735	0.023446375504136086	0.14153790473937988	0.19535785913467407	0.16882066428661346	0.03865654021501541	0.09031908214092255	0.1041598692536354	0.05820060148835182	unknown	nli		1979	United States
SRR8787357	0.017194898799061775	0.018447434529662132	0.01848350092768669	0.01370896864682436	0.0330793634057045	0.018958814442157745	0.012828175909817219	0.019868668168783188	0.019033018499612808	0.15265899896621704	0.2308529019355774	0.17760707437992096	0.03618893399834633	0.08422400802373886	0.0885249674320221	0.05834026634693146	waterbird	nli		1979	United States
SRR29316423	0.02758769318461418	0.019372493028640747	0.019524432718753815	0.025118881836533546	0.04357140511274338	0.029138410463929176	0.00666885357350111	0.023050380870699883	0.02679118514060974	0.0736844390630722	0.3652644753456116	0.07691957801580429	0.03528520092368126	0.07411745190620422	0.08707623183727264	0.0668288841843605	waterbird	nli		2018	United States
SRR2915957	0.012811052612960339	0.012152974493801594	0.016449717804789543	0.027387147769331932	0.04577535390853882	0.0602882020175457	0.0067377774976193905	0.01089385524392128	0.023062292486429214	0.18529313802719116	0.2622638940811157	0.05964403972029686	0.013557622209191322	0.15398891270160675	0.04645082727074623	0.06324322521686554	waterbird	nli		2009	United States
SRR29316425	0.01967320777475834	0.011701609939336777	0.014032373204827309	0.021606791764497757	0.03262624517083168	0.021564632654190063	0.005603538826107979	0.01630966179072857	0.0192174781113863	0.056043755263090134	0.46017253398895264	0.09669318050146103	0.030292443931102753	0.07119271159172058	0.07189135998487473	0.051378440111875534	waterbird	nli		2018	United States
SRR2915955	0.012764643877744675	0.012061740271747112	0.01645427569746971	0.027287935838103294	0.044292695820331573	0.05919628590345383	0.006713369395583868	0.010790977627038956	0.022889161482453346	0.18636541068553925	0.2657855749130249	0.05960233137011528	0.013508508913218975	0.1532813161611557	0.04623737558722496	0.06276844441890717	waterbird	nli		2009	United States
SRR8787409	0.021343020722270012	0.020286254584789276	0.01993277482688427	0.013252182863652706	0.032735466957092285	0.019169162958860397	0.0120662497356534	0.015768123790621758	0.018761716783046722	0.17447806894779205	0.2789853513240814	0.120916448533535	0.03260784596204758	0.07814580202102661	0.08794752508401871	0.05360397696495056	waterbird	nli		1979	United States
SRR29316436	0.03907652571797371	0.025131339207291603	0.03158338740468025	0.04143457114696503	0.07816962897777557	0.050766706466674805	0.012034619227051735	0.04095184803009033	0.04930097609758377	0.056413549929857254	0.27497875690460205	0.08296772092580795	0.02522970177233219	0.08272500336170197	0.04930097609758377	0.05993473529815674	waterbird	nli		2018	United States
SRR21995114	0.026724008843302727	0.017871703952550888	0.029465459287166595	0.03578592836856842	0.03627854585647583	0.03118257038295269	0.015740949660539627	0.02762622758746147	0.04139095917344093	0.18392305076122284	0.08072362095117569	0.10512933135032654	0.06562783569097519	0.08809655904769897	0.15326133370399475	0.061171870678663254	unknown	nli		2017	China
SRR13367297	0.020038237795233727	0.007158821448683739	0.010852127335965633	0.015155226923525333	0.014153841882944107	0.006595015991479158	0.0055319094099104404	0.007229075767099857	0.007371656130999327	0.07688947021961212	0.1094956174492836	0.3017003536224365	0.0469098798930645	0.28128889203071594	0.030734222382307053	0.05889565870165825	water	nli		2007	United Kingdom
SRR8787347	0.027508266270160675	0.022320425137877464	0.024323420599102974	0.016522467136383057	0.0343015193939209	0.0233004093170166	0.013564489781856537	0.020723816007375717	0.022451594471931458	0.12907390296459198	0.21115079522132874	0.15046121180057526	0.0400242954492569	0.09434030205011368	0.09781140834093094	0.07212162017822266	waterbird	nli		1979	United States
SRR11515394	0.017936335876584053	0.014710865914821625	0.010150192305445671	0.011569264344871044	0.02473248541355133	0.016030991449952126	0.0038002647925168276	0.013578780926764011	0.02000942826271057	0.5847612023353577	0.13453753292560577	0.03387138992547989	0.015629077330231667	0.03254200518131256	0.04014478623867035	0.025995470583438873	wildbird	nli		2017	Italy
ERR1163670	0.006594604812562466	0.005651692394167185	0.00892615970224142	0.00928173866122961	0.012514360249042511	0.007356812711805105	0.005899831186980009	0.005196423269808292	0.0059461044147610664	0.12758415937423706	0.3422257602214813	0.21721351146697998	0.042605120688676834	0.09825300425291061	0.06706000864505768	0.037690795958042145	waterbird	nli		2013	United Kingdom
SRR8787350	0.01672366075217724	0.017663704231381416	0.01718725636601448	0.012772484682500362	0.031366195529699326	0.017906859517097473	0.012331252917647362	0.01843923330307007	0.0178719200193882	0.14617334306240082	0.2498663067817688	0.1790953427553177	0.03533490374684334	0.08175594359636307	0.08926675468683243	0.05624488741159439	waterbird	nli		1979	United States
ERR1163655	0.007022009696811438	0.005924684926867485	0.00954187661409378	0.00996081531047821	0.01317018736153841	0.0077121686190366745	0.006041539367288351	0.005394487176090479	0.00631912425160408	0.1165119856595993	0.3494204878807068	0.21307562291622162	0.042472388595342636	0.09514220803976059	0.07277907431125641	0.03951137140393257	waterbird	nli		2013	United Kingdom
SRR29316455	0.03012179210782051	0.020065441727638245	0.022297346964478493	0.03231596574187279	0.06439361721277237	0.04061254858970642	0.011233730241656303	0.03200191631913185	0.037633899599313736	0.04975953698158264	0.357322096824646	0.08716029673814774	0.02477751113474369	0.0763201043009758	0.0526592917740345	0.06132492795586586	waterbird	nli		2018	United States
SRR8787395	0.026296360418200493	0.02112971991300583	0.023206455633044243	0.016011973842978477	0.032662492245435715	0.022448578849434853	0.012157497927546501	0.01912643201649189	0.021673083305358887	0.12435512244701385	0.24949292838573456	0.14510220289230347	0.03781522810459137	0.09000806510448456	0.08956965059041977	0.06894422322511673	waterbird	nli		1979	United States
SRR29316452	0.017517078667879105	0.010157926939427853	0.012421469204127789	0.01901460625231266	0.030207736417651176	0.020519578829407692	0.005239075981080532	0.01446555182337761	0.017211848869919777	0.05286113917827606	0.49690115451812744	0.09080224484205246	0.027184022590517998	0.06840739399194717	0.06630273163318634	0.05078643932938576	waterbird	nli		2018	United States
ERR1163662	0.006418682634830475	0.00593631062656641	0.009248369373381138	0.009541943669319153	0.012641021981835365	0.007474943529814482	0.006029793992638588	0.005269561428576708	0.00595954479649663	0.1307133585214615	0.34400564432144165	0.2102864533662796	0.04314154013991356	0.09678283333778381	0.06939592212438583	0.037154026329517365	waterbird	nli		2013	United Kingdom
SRR21995109	0.030719226226210594	0.022169485688209534	0.03580934926867485	0.039482805877923965	0.04400325566530228	0.03894667327404022	0.016156308352947235	0.03324785828590393	0.052357323467731476	0.12952235341072083	0.08945505321025848	0.09564381092786789	0.06471583247184753	0.09288237988948822	0.14626726508140564	0.06862106919288635	unknown	nli		2017	China
SRR29316406	0.019221920520067215	0.011477931402623653	0.013710481114685535	0.021866537630558014	0.032697584480047226	0.02140175737440586	0.005496426019817591	0.015657862648367882	0.01877664402127266	0.05616629496216774	0.4515967071056366	0.10061734169721603	0.030358677729964256	0.07354136556386948	0.07339788228273392	0.054014597088098526	waterbird	nli		2018	United States
ERR2601935	0.07847006618976593	0.01721235364675522	0.020133109763264656	0.10528411716222763	0.1383257955312729	0.1245405375957489	0.0058163125067949295	0.028357597067952156	0.3024265170097351	0.06535642594099045	0.031046034768223763	0.013790055178105831	0.008479229174554348	0.009358194656670094	0.04018146172165871	0.011222189292311668	cat	nli		2007	Finland
ERR12188774	0.06352972984313965	0.05274519324302673	0.049115944653749466	0.06003137305378914	0.08209323137998581	0.07599800825119019	0.03646424040198326	0.03607463464140892	0.051573701202869415	0.06849105656147003	0.05562848225235939	0.10720054060220718	0.05503411218523979	0.07097642123699188	0.09211981296539307	0.042923443019390106	unknown	nli		2003	United Kingdom
SRR5209566	0.020617298781871796	0.062490660697221756	0.018808964639902115	0.011655963025987148	0.015838734805583954	0.010592167265713215	0.008058096282184124	0.005559919402003288	0.008362744934856892	0.07720336318016052	0.09711882472038269	0.2800637185573578	0.02573392726480961	0.2984175384044647	0.021147489547729492	0.0383305661380291	environment	nli		2004	Canada
SRR29316409	0.019805405288934708	0.012177947908639908	0.012687819078564644	0.016940459609031677	0.029964622110128403	0.018138999119400978	0.0056965528056025505	0.01572868600487709	0.017649730667471886	0.06570491194725037	0.47540998458862305	0.10417906194925308	0.030735181644558907	0.06487604230642319	0.05878257751464844	0.05152203515172005	waterbird	nli		2018	United States
SRR8787363	0.02383941411972046	0.02107933908700943	0.023607740178704262	0.017578082159161568	0.0372127965092659	0.023515699431300163	0.013932592235505581	0.020510759204626083	0.023746471852064133	0.13758884370326996	0.1935582458972931	0.17181836068630219	0.03892258554697037	0.08926886320114136	0.10663237422704697	0.057187777012586594	unknown	nli		1979	United States
SRR13367282	0.021679537370800972	0.007390512153506279	0.01111616287380457	0.014079617336392403	0.013487447053194046	0.006103063002228737	0.00544942170381546	0.007669920567423105	0.007565773092210293	0.07143240422010422	0.1077050268650055	0.3198643922805786	0.04721393808722496	0.26922133564949036	0.03045385517179966	0.05956755578517914	water	nli		2007	United Kingdom
ERR1163759	0.007662157062441111	0.006709208246320486	0.010150708258152008	0.010784288868308067	0.013847299851477146	0.008172268979251385	0.006828186567872763	0.005863315891474485	0.006389479618519545	0.11739467084407806	0.3283584713935852	0.22228696942329407	0.0465029701590538	0.09863924235105515	0.07199005037546158	0.038420770317316055	waterbird	nli		2013	United Kingdom
SRR13367291	0.0191348884254694	0.00635950593277812	0.009735042229294777	0.013332239352166653	0.012021172791719437	0.005590364336967468	0.005272215697914362	0.006998206023126841	0.006862848065793514	0.0704726129770279	0.10173910111188889	0.3313170373439789	0.04541175439953804	0.2800632417201996	0.02906346693634987	0.0566263310611248	water	nli		2007	United Kingdom
ERR12188769	0.09519882500171661	0.05474822223186493	0.043927039951086044	0.06146498769521713	0.07046995311975479	0.03861434385180473	0.032835640013217926	0.04011337831616402	0.051859889179468155	0.07815562188625336	0.05580078810453415	0.11299621313810349	0.05544770136475563	0.07367178052663803	0.0929027795791626	0.0417928546667099	unknown	nli		2007	United Kingdom
SRR21995110	0.03088408336043358	0.022507185116410255	0.03621308505535126	0.04047759622335434	0.044196225702762604	0.03965594619512558	0.016402412205934525	0.03378728777170181	0.05415034294128418	0.12262699007987976	0.08772318810224533	0.0969112440943718	0.06576582044363022	0.0936548188328743	0.14612174034118652	0.06892199069261551	unknown	nli		2017	China
SRR10239225	0.03732249140739441	0.13839927315711975	0.06107042357325554	0.11872650682926178	0.07579953968524933	0.046687331050634384	0.008546099998056889	0.023979833349585533	0.09737605601549149	0.03225263953208923	0.028103796765208244	0.12172018736600876	0.03884716331958771	0.1399623453617096	0.01213459949940443	0.01907177083194256	unknown	nli		2005	United States
SRR21995113	0.030539322644472122	0.021868135780096054	0.036124955862760544	0.04006485641002655	0.04426121339201927	0.03871858865022659	0.01606169156730175	0.033672161400318146	0.05215245857834816	0.12895259261131287	0.08810994029045105	0.09559573978185654	0.06484143435955048	0.0927451029419899	0.14726847410202026	0.06902334839105606	unknown	nli		2017	China
SRR29316445	0.027463451027870178	0.016657425090670586	0.0197040606290102	0.029349111020565033	0.05440466105937958	0.032933708280324936	0.008933507837355137	0.028005117550492287	0.0313030481338501	0.04286983981728554	0.4626063108444214	0.06562454998493195	0.02176784910261631	0.059635236859321594	0.04662574827671051	0.05211646854877472	waterbird	nli		2018	United States
SRR29316426	0.0181394312530756	0.010335535742342472	0.011734593659639359	0.0214571263641119	0.02973214164376259	0.018389133736491203	0.005046985577791929	0.01388084702193737	0.01600799150764942	0.061006397008895874	0.46440818905830383	0.09801296889781952	0.0314340814948082	0.07244689017534256	0.07644446194171906	0.05152326077222824	waterbird	nli		2018	United States
SRR13367287	0.020326973870396614	0.007595634553581476	0.011581961065530777	0.01452703308314085	0.01370029617100954	0.00647156173363328	0.005375601816922426	0.007205462548881769	0.007390756160020828	0.07199503481388092	0.10192664712667465	0.3284614384174347	0.04603176191449165	0.2700974643230438	0.029575573280453682	0.05773676559329033	water	nli		2007	United Kingdom
SRR13367278	0.01565624587237835	0.00617916090413928	0.00874811876565218	0.0114096999168396	0.01181795448064804	0.0057147894985973835	0.0050927759148180485	0.006167103536427021	0.006760021671652794	0.07646302878856659	0.10936792194843292	0.31373563408851624	0.04468769207596779	0.29271945357322693	0.027423953637480736	0.058056507259607315	water	nli		2007	United Kingdom
SRR29316444	0.03677534684538841	0.023883484303951263	0.029723472893238068	0.039763640612363815	0.0754581168293953	0.047683876007795334	0.010681354440748692	0.03861558437347412	0.04639768972992897	0.05278124660253525	0.3019605875015259	0.08095475286245346	0.026128608733415604	0.07985547184944153	0.04929371550679207	0.06004307046532631	waterbird	nli		2018	United States
SRR6197701	0.018036184832453728	0.012702439911663532	0.017193449661135674	0.02073925919830799	0.047057222574949265	0.020597970113158226	0.004381280392408371	0.01612023636698723	0.016993138939142227	0.10443925857543945	0.1802567094564438	0.29037946462631226	0.043947912752628326	0.14829322695732117	0.026551833376288414	0.0323103591799736	water	nli		2002	Sweden
SRR29316416	0.020324742421507835	0.01259529497474432	0.013407622464001179	0.018183432519435883	0.03228909522294998	0.018687497824430466	0.0057328566908836365	0.016459479928016663	0.01876063644886017	0.06541714817285538	0.4655347466468811	0.10087576508522034	0.032037824392318726	0.06644731014966965	0.0593307688832283	0.053915876895189285	waterbird	nli		2018	United States
SRR29316433	0.022759966552257538	0.0146949402987957	0.01489722728729248	0.02028270997107029	0.034942857921123505	0.021930838003754616	0.005868120118975639	0.018323900178074837	0.020521799102425575	0.06663446873426437	0.4638919234275818	0.07003720849752426	0.02860320545732975	0.0670260488986969	0.0727560892701149	0.05682874470949173	waterbird	nli		2018	United States
SRR29316417	0.025012660771608353	0.016858430579304695	0.01756426692008972	0.022333791479468346	0.03881610557436943	0.024866530671715736	0.005837508011609316	0.01967104710638523	0.023960663005709648	0.07028688490390778	0.4136607050895691	0.10352283716201782	0.03408823907375336	0.06940021365880966	0.05675354227423668	0.05736647918820381	waterbird	nli		2018	United States
SRR29316458	0.015916364267468452	0.00965376291424036	0.01021634042263031	0.013195130042731762	0.02593592368066311	0.016167011111974716	0.0050475867465138435	0.013481687754392624	0.015823377296328545	0.05902108550071716	0.48913607001304626	0.09860070049762726	0.029822932556271553	0.07084623724222183	0.07660304009914398	0.05053273215889931	waterbird	nli		2018	United States
SRR8787399	0.027105284854769707	0.02225269190967083	0.024583423510193825	0.01726284995675087	0.034533023834228516	0.023457666859030724	0.013418087735772133	0.021068427711725235	0.022780397906899452	0.13147678971290588	0.21081863343715668	0.15118111670017242	0.03951505944132805	0.09423789381980896	0.09405401349067688	0.07225470244884491	waterbird	nli		1979	United States
ERR1163661	0.006710960064083338	0.005830582696944475	0.009501012042164803	0.009860211052000523	0.012835048139095306	0.007560086902230978	0.006062847096472979	0.005424096714705229	0.006134314462542534	0.13343442976474762	0.34589138627052307	0.20563551783561707	0.042642999440431595	0.0935739278793335	0.07176314294338226	0.037139441817998886	waterbird	nli		2013	United Kingdom
SRR29316428	0.021170057356357574	0.012690695933997631	0.015278033912181854	0.022935040295124054	0.034228432923555374	0.023114923387765884	0.005821583326905966	0.017414016649127007	0.020319320261478424	0.058910854160785675	0.4391383230686188	0.10070125013589859	0.03110452927649021	0.07302992045879364	0.0709213986992836	0.05322152003645897	waterbird	nli		2018	United States
SRR11515393	0.018238183110952377	0.014654790982604027	0.01049378328025341	0.012101884000003338	0.025197871029376984	0.016492923721671104	0.003975218627601862	0.013983700424432755	0.02034616284072399	0.5779988765716553	0.1340247243642807	0.03553469479084015	0.01618972420692444	0.033284105360507965	0.04050271213054657	0.026980621740221977	wildbird	nli		2017	Italy
SRR13367283	0.02144535258412361	0.007557491306215525	0.011060704477131367	0.015296397730708122	0.014229991473257542	0.006084486376494169	0.005245155654847622	0.008013543672859669	0.007239633239805698	0.07212485373020172	0.10944157093763351	0.31529104709625244	0.04725446179509163	0.27090251445770264	0.02948457933962345	0.05932828038930893	water	nli		2007	United Kingdom
SRR4379981	0.006763695273548365	0.008000772446393967	0.007938510738313198	0.00745754037052393	0.017305469140410423	0.015497379936277866	0.006684895604848862	0.010914422571659088	0.044624727219343185	0.685884952545166	0.02294841967523098	0.04139221832156181	0.010547672398388386	0.08721114695072174	0.01264859177172184	0.014179592952132225	wildbird	nli		2000	Sweden
SRR29316456	0.01676516979932785	0.010369147174060345	0.012075498700141907	0.01439613662660122	0.029945576563477516	0.019296593964099884	0.005400497000664473	0.015087021514773369	0.019146425649523735	0.056826721876859665	0.47766655683517456	0.10032009333372116	0.029770627617836	0.07024019211530685	0.07024019211530685	0.052453577518463135	waterbird	nli		2018	United States
SRR29316418	0.02094547636806965	0.013005339540541172	0.013656125403940678	0.01798573136329651	0.031751446425914764	0.019714919850230217	0.005827718880027533	0.016280522570014	0.018775399774312973	0.06689039617776871	0.45800653100013733	0.10611052066087723	0.03206303343176842	0.0666947066783905	0.05937746539711952	0.052914656698703766	waterbird	nli		2018	United States
SRR27387502	0.02630344033241272	0.022586580365896225	0.0349145233631134	0.03498278185725212	0.05386584624648094	0.050110526382923126	0.020645806565880775	0.032543912529945374	0.03595253825187683	0.0982074961066246	0.1603432595729828	0.16286832094192505	0.041059091687202454	0.08367383480072021	0.057116344571113586	0.08482566475868225	unknown	nli		2022	Peru
SRR29316404	0.01604211889207363	0.009749060496687889	0.01096116192638874	0.018142633140087128	0.026294462382793427	0.017278043553233147	0.005290129687637091	0.013144440948963165	0.01454957015812397	0.054216817021369934	0.5096446871757507	0.09008949995040894	0.027395369485020638	0.06655770540237427	0.07454109191894531	0.04610317572951317	waterbird	nli		2018	United States
ERR1163780	0.009100643917918205	0.0073699261993169785	0.00811010506004095	0.009463172405958176	0.015330273658037186	0.008334926329553127	0.004712139721959829	0.005381432361900806	0.0064156209118664265	0.11496181041002274	0.36997050046920776	0.22221773862838745	0.030369030311703682	0.09945473074913025	0.044707536697387695	0.044100455939769745	waterbird	nli		2013	United Kingdom
ERR1163473	0.0077115208841860294	0.006912562530487776	0.010478820651769638	0.01072731800377369	0.014378906227648258	0.008502596989274025	0.006926077418029308	0.005878084804862738	0.0066089085303246975	0.11377564072608948	0.3483690321445465	0.20914094150066376	0.043475933372974396	0.0950065553188324	0.07166220247745514	0.040444958955049515	waterbird	nli		2013	United Kingdom
ERR12188771	0.09917108714580536	0.05519701912999153	0.044612690806388855	0.05982809513807297	0.07496798783540726	0.041219718754291534	0.03194558620452881	0.04054105654358864	0.053446561098098755	0.07291024923324585	0.05310837924480438	0.11122915148735046	0.05452732369303703	0.07216645777225494	0.0935044065117836	0.04162422940135002	unknown	nli		2007	United Kingdom
SRR2962355	0.01265417318791151	0.01219319086521864	0.016407731920480728	0.027424167841672897	0.04651360586285591	0.06013432517647743	0.006655269768089056	0.010760453529655933	0.023003429174423218	0.185566246509552	0.26587626338005066	0.059783004224300385	0.014451519586145878	0.14901567995548248	0.04697006568312645	0.06259090453386307	waterbird	nli		2009	United States
SRR27387504	0.025279492139816284	0.022092271596193314	0.03368669003248215	0.03395089879631996	0.05299660563468933	0.048442818224430084	0.02031264454126358	0.03322926536202431	0.03448554873466492	0.09709564596414566	0.16436074674129486	0.166949063539505	0.04095260426402092	0.08370169252157211	0.05752727389335632	0.08493680506944656	unknown	nli		2022	Peru
SRR13367289	0.022062405943870544	0.008179963566362858	0.012184019200503826	0.01658865250647068	0.014610870741307735	0.006741809193044901	0.00582316517829895	0.008132174611091614	0.007974883541464806	0.07319257408380508	0.10161781311035156	0.3141341209411621	0.04837733507156372	0.2690952718257904	0.032415635883808136	0.05886934697628021	water	nli		2007	United Kingdom
SRR8787364	0.027263039723038673	0.021693577989935875	0.024200936779379845	0.01647140271961689	0.03333820030093193	0.022646043449640274	0.013261020183563232	0.020379232242703438	0.021992206573486328	0.1281733363866806	0.22243903577327728	0.15014278888702393	0.03920534998178482	0.0928623154759407	0.09590369462966919	0.07002773880958557	waterbird	nli		1979	United States
ERR1163751	0.0074113584123551846	0.006708694621920586	0.010329924523830414	0.010699545033276081	0.014202306978404522	0.008464036509394646	0.006604685913771391	0.005627262406051159	0.006326901726424694	0.118180051445961	0.34409040212631226	0.214277446269989	0.0427536740899086	0.09552713483572006	0.06915928423404694	0.03963734209537506	waterbird	nli		2013	United Kingdom
SRR5209561	0.0219834353774786	0.06553434580564499	0.020016146823763847	0.012525783851742744	0.01675681211054325	0.011206131428480148	0.00829522404819727	0.005701218731701374	0.008558543398976326	0.07893380522727966	0.09250854700803757	0.2805286943912506	0.027172444388270378	0.2874618172645569	0.022026417776942253	0.04079067334532738	environment	nli		2004	Canada
SRR13132260	0.03153484687209129	0.028994577005505562	0.025166338309645653	0.1702885925769806	0.19459441304206848	0.04306095466017723	0.014881467446684837	0.04499547928571701	0.20984242856502533	0.04780397564172745	0.03141190856695175	0.026841800659894943	0.013736252672970295	0.029682165011763573	0.0626533180475235	0.024511441588401794	cat	nli		1978	United States
SRR15194602	0.02236243151128292	0.01504277903586626	0.025339951738715172	0.031229611486196518	0.039247285574674606	0.03000391088426113	0.013994052074849606	0.03450058028101921	0.3167197108268738	0.041860196739435196	0.04412691295146942	0.080924391746521	0.05348775163292885	0.0700342208147049	0.14507566392421722	0.03605052828788757	cat	nli		2009	Bangladesh
SRR8787410	0.019306156784296036	0.019533731043338776	0.02483806014060974	0.01806574873626232	0.034551650285720825	0.02257118560373783	0.01406962051987648	0.020075228065252304	0.022659527137875557	0.21394041180610657	0.2298049032688141	0.1396903246641159	0.03381724655628204	0.08296608924865723	0.04708835110068321	0.05702169984579086	waterbird	nli		1979	United States
SRR13367284	0.01856095902621746	0.0063521587289869785	0.010052074678242207	0.013901514001190662	0.013161689974367619	0.006037641316652298	0.005443911999464035	0.007127988152205944	0.007226110901683569	0.07529780268669128	0.11386632919311523	0.3009514808654785	0.048331890255212784	0.28165528178215027	0.029487041756510735	0.06254611164331436	water	nli		2007	United Kingdom
SRR29316449	0.0382244847714901	0.025264840573072433	0.030238056555390358	0.04013723134994507	0.07766934484243393	0.04898544028401375	0.010930128395557404	0.03966961428523064	0.046742238104343414	0.052862539887428284	0.2981734871864319	0.07881544530391693	0.02627127803862095	0.08107943832874298	0.04665103182196617	0.05828537791967392	waterbird	nli		2018	United States
SRR13367296	0.022480178624391556	0.00779934786260128	0.012463322840631008	0.01625523902475834	0.014012890867888927	0.006554894614964724	0.005519774742424488	0.007953176274895668	0.007663447875529528	0.07033425569534302	0.10025841742753983	0.33317863941192627	0.045767370611429214	0.26315009593963623	0.02909151278436184	0.05751737579703331	water	nli		2007	United Kingdom
ERR1163626	0.007768755778670311	0.006762807257473469	0.010413245297968388	0.01074379775673151	0.014205447398126125	0.008499043993651867	0.006710178684443235	0.005852721631526947	0.006632003001868725	0.1293455958366394	0.33750972151756287	0.21069318056106567	0.043436553329229355	0.0953967496752739	0.06790289282798767	0.03812728822231293	waterbird	nli		2013	United Kingdom
SRR29316437	0.036636073142290115	0.02342415228486061	0.029668796807527542	0.03861990198493004	0.07473316788673401	0.04825136438012123	0.011824504472315311	0.03969048708677292	0.04722576588392258	0.054782845079898834	0.29384857416152954	0.0841890275478363	0.02513045258820057	0.08272207528352737	0.04920303449034691	0.06004977971315384	waterbird	nli		2018	United States
SRR13367285	0.022297091782093048	0.0074249571189284325	0.011612853035330772	0.016091391444206238	0.014940350316464901	0.006514220032840967	0.005571907386183739	0.008266975171864033	0.007705668453127146	0.07030858099460602	0.10559721291065216	0.31583282351493835	0.04678989201784134	0.2715305984020233	0.03065560758113861	0.05885985866189003	water	nli		2007	United Kingdom
ERR12188775	0.06284623593091965	0.05091928318142891	0.04920829087495804	0.061932340264320374	0.08172715455293655	0.07573302835226059	0.037951018661260605	0.037766166031360626	0.05430926755070686	0.06785351037979126	0.05614276975393295	0.10685285180807114	0.054097529500722885	0.06905679404735565	0.09101755172014236	0.04258622229099274	unknown	nli		2003	United Kingdom
SRR29316441	0.020584216341376305	0.012781031429767609	0.014202683232724667	0.02309829741716385	0.033805329352617264	0.022431407123804092	0.005572723690420389	0.016188323497772217	0.019261695444583893	0.05801243707537651	0.456303209066391	0.09333950281143188	0.030184755101799965	0.07031887769699097	0.07093963027000427	0.05297590419650078	waterbird	nli		2018	United States
ERR1163752	0.006986163090914488	0.0062868655659258366	0.009987689554691315	0.010284626856446266	0.013731777667999268	0.00800967589020729	0.006336173973977566	0.005294071976095438	0.006034222897142172	0.12585188448429108	0.3493383228778839	0.21095530688762665	0.042070284485816956	0.09426446259021759	0.06605670601129532	0.038511723279953	waterbird	nli		2013	United Kingdom
ERR12188772	0.06195796653628349	0.07243619859218597	0.05253171920776367	0.07554272562265396	0.07550585269927979	0.08321087807416916	0.03166048973798752	0.04557354003190994	0.08310937136411667	0.06452053785324097	0.046472400426864624	0.08106530457735062	0.04679116979241371	0.061206236481666565	0.07893649488687515	0.039479147642850876	unknown	nli		2003	United Kingdom
SRR13367281	0.014967023395001888	0.005463211331516504	0.007933415472507477	0.011386310681700706	0.010633956640958786	0.0056037018075585365	0.0044415597803890705	0.005284793674945831	0.005581854842603207	0.08266808092594147	0.12223517894744873	0.33226966857910156	0.03707993030548096	0.27850422263145447	0.022206399589776993	0.053740642964839935	water	nli		2007	United Kingdom
SRR29316429	0.02333545871078968	0.01594451256096363	0.017172913998365402	0.023244481533765793	0.039967238903045654	0.026288054883480072	0.006183280143886805	0.02031383477151394	0.02464715577661991	0.07201879471540451	0.3889499008655548	0.08018600195646286	0.03462255001068115	0.07351098209619522	0.08893134444952011	0.0646834447979927	waterbird	nli		2018	United States
SRR21995118	0.018617156893014908	0.010301471687853336	0.01665574684739113	0.017799347639083862	0.023951638489961624	0.013916399329900742	0.004643237218260765	0.010484152473509312	0.013098806142807007	0.08842803537845612	0.40769094228744507	0.09159212559461594	0.041142940521240234	0.08417287468910217	0.10010428726673126	0.0574009083211422	waterbird	nli		2010	China
ERR1163781	0.0063617597334086895	0.005803773179650307	0.008797993883490562	0.009420453570783138	0.012382952496409416	0.007350999861955643	0.0059066941030323505	0.00521263899281621	0.005941404495388269	0.12898606061935425	0.35315483808517456	0.21005624532699585	0.040562503039836884	0.09822329878807068	0.0638449415564537	0.037993475794792175	waterbird	nli		2013	United Kingdom
SRR12634062	0.014088107272982597	0.2348172664642334	0.010246863588690758	0.008098023943603039	0.02302411198616028	0.3288894593715668	0.005587468855082989	0.0032148861791938543	0.004998801276087761	0.09798203408718109	0.11143553256988525	0.06511890143156052	0.016583645716309547	0.04362813010811806	0.011828672140836716	0.020458081737160683	goat	nli		2017	United States
SRR8787351	0.01702117547392845	0.018013089895248413	0.017733825370669365	0.013127279467880726	0.03211180865764618	0.0184042789041996	0.012550627812743187	0.019137423485517502	0.018368367105722427	0.14862856268882751	0.24183768033981323	0.1791052669286728	0.03582330793142319	0.082482248544693	0.08857700228691101	0.05707802623510361	waterbird	nli		1979	United States
SRR8787362	0.023201676085591316	0.020395580679178238	0.02297619916498661	0.017309503629803658	0.036501359194517136	0.022619986906647682	0.013428098522126675	0.019845444709062576	0.022886624559760094	0.14303253591060638	0.20319099724292755	0.16551606357097626	0.03840281441807747	0.08946379274129868	0.10408429801464081	0.05714499205350876	waterbird	nli		1979	United States
ERR1163640	0.007633385714143515	0.006567549891769886	0.010392923839390278	0.010577226057648659	0.013903502374887466	0.00859922543168068	0.0067892735823988914	0.005606562364846468	0.006453113164752722	0.12218566983938217	0.3345561921596527	0.21203477680683136	0.0439700148999691	0.09663912653923035	0.07536374777555466	0.038727693259716034	waterbird	nli		2013	United Kingdom
SRR29316460	0.013335451483726501	0.008167736232280731	0.009642760269343853	0.01546939555555582	0.022951764985919	0.014732197858393192	0.005131243262439966	0.01160869188606739	0.013077521696686745	0.052026551216840744	0.5339848399162292	0.09086468070745468	0.027043791487812996	0.06596069037914276	0.07202041149139404	0.04398221895098686	waterbird	nli		2018	United States
SRR2584003	0.012329327873885632	0.011764726601541042	0.01617497205734253	0.027300436049699783	0.04707888141274452	0.061043716967105865	0.006535280030220747	0.01050471793860197	0.022854963317513466	0.19010499119758606	0.26425701379776	0.05951328203082085	0.013462007977068424	0.14765684306621552	0.04594341292977333	0.06347541511058807	waterbird	nli		2009	United States
SRR8787346	0.0248071551322937	0.02109472267329693	0.019547568634152412	0.013174980878829956	0.030812762677669525	0.019357604905962944	0.012090042233467102	0.01586105301976204	0.018688885495066643	0.18303316831588745	0.28431904315948486	0.11226900666952133	0.03166692703962326	0.07220371812582016	0.08942128717899323	0.05165208876132965	waterbird	nli		1979	United States
SRR13367298	0.02038850262761116	0.007738602347671986	0.011436913162469864	0.015632405877113342	0.014457613229751587	0.006977603305131197	0.005910260137170553	0.007708432152867317	0.00795312412083149	0.07649587094783783	0.11038077622652054	0.28968966007232666	0.04972822591662407	0.2802375257015228	0.03270825371146202	0.06255616992712021	water	nli		2007	United Kingdom
SRR29316453	0.03756992518901825	0.024115251377224922	0.02786511741578579	0.04273892566561699	0.07544994354248047	0.047678712755441666	0.011458178982138634	0.03999297693371773	0.045495349913835526	0.05205889418721199	0.3038505017757416	0.07604169845581055	0.02643374539911747	0.07544994354248047	0.053293440490961075	0.06050744280219078	waterbird	nli		2018	United States
SRR29316434	0.02500017173588276	0.015644706785678864	0.017936745658516884	0.023577407002449036	0.04762767627835274	0.03057108260691166	0.008948974311351776	0.025793762877583504	0.027944231405854225	0.07376717776060104	0.38391438126564026	0.08038691431283951	0.03383910655975342	0.07478263229131699	0.058697570115327835	0.07156746089458466	waterbird	nli		2018	United States
SRR29316442	0.0341227650642395	0.0226863082498312	0.02731151692569256	0.037330422550439835	0.07351893186569214	0.046640291810035706	0.011340747587382793	0.03725758194923401	0.044941216707229614	0.052234649658203125	0.2986876368522644	0.0867111086845398	0.027364913374185562	0.08486803621053696	0.05295369401574135	0.06203017383813858	waterbird	nli		2018	United States
SRR29316459	0.020359324291348457	0.012421121820807457	0.014607099816203117	0.020639585331082344	0.03346865251660347	0.022143041715025902	0.00585587415844202	0.016714446246623993	0.019163206219673157	0.05626881867647171	0.45753055810928345	0.09727128595113754	0.029564838856458664	0.0715484470129013	0.07030175626277924	0.05214189365506172	waterbird	nli		2018	United States
SRR8787354	0.027428336441516876	0.02191052958369255	0.02439526654779911	0.016538934782147408	0.03433571755886078	0.02318737469613552	0.013237597420811653	0.020502794533967972	0.02208237536251545	0.13291393220424652	0.21385273337364197	0.1485660821199417	0.04053645581007004	0.09461896866559982	0.09369944781064987	0.07219351828098297	waterbird	nli		1979	United States
SRR13736822	0.0017720271134749055	0.0018426165916025639	0.0020961302798241377	0.0015038998099043965	0.004024644382297993	0.00415240041911602	0.0011441066162660718	0.002079817932099104	0.0025234820786863565	0.7289865612983704	0.054804086685180664	0.03153286501765251	0.004714485257863998	0.13593977689743042	0.0032656285911798477	0.019617479294538498	wildbird	nli		2018	unknown
SRR1816118	0.01147078163921833	0.004744521342217922	0.008474559523165226	0.01507805846631527	0.012549074366688728	0.008181801997125149	0.008950918912887573	0.00882937666028738	0.013151315972208977	0.7408304810523987	0.016495443880558014	0.013890557922422886	0.008794954046607018	0.04183563217520714	0.05100841075181961	0.03571408614516258	wildbird	nli			unknown
SRR11515454	0.017897604033350945	0.017380865290760994	0.020680643618106842	0.023641109466552734	0.032376740127801895	0.05777418240904808	0.0071890391409397125	0.022757649421691895	0.047431010752916336	0.5059630870819092	0.05136032775044441	0.042144838720560074	0.019163861870765686	0.04112836718559265	0.05547955259680748	0.03763110190629959	wildbird	nli		2019	Italy
SRR3619935	0.01598777063190937	0.006677723024040461	0.012548944912850857	0.018728137016296387	0.0161131639033556	0.01138139795511961	0.013099908828735352	0.01133702602237463	0.01672234572470188	0.716629147529602	0.020368946716189384	0.014557029120624065	0.00994644034653902	0.03588853031396866	0.04422994703054428	0.035783540457487106	wildbird	nli			unknown
SRR11515421	0.017514942213892937	0.01707582175731659	0.020497048273682594	0.022910811007022858	0.035208817571401596	0.06456947326660156	0.006405742838978767	0.022011607885360718	0.06101386621594429	0.507878303527832	0.04632633551955223	0.03974127024412155	0.017514942213892937	0.036647144705057144	0.05246898531913757	0.03221490606665611	wildbird	nli		2016	Italy
SRR23244655	0.014681070111691952	0.07540670782327652	0.011038649827241898	0.0098275700584054	0.013524834997951984	0.011433630250394344	0.004922347143292427	0.009808395057916641	0.010279109701514244	0.6984500288963318	0.03502940386533737	0.04361608996987343	0.014709771610796452	0.022517511621117592	0.010259052738547325	0.014495868235826492	wildbird	nli		2018	France
ERR3546043	0.0065447608940303326	0.014379077591001987	0.0075772409327328205	0.007651600055396557	0.016261836513876915	0.011397024616599083	0.004863652866333723	0.010276262648403645	0.009393265470862389	0.6669320464134216	0.02598634362220764	0.035484448075294495	0.02011994644999504	0.06826460361480713	0.055934008210897446	0.038933999836444855	wildbird	nli		2017	Sweden
SRR1815361	0.012922821566462517	0.005011469591408968	0.009547321125864983	0.01602001115679741	0.013359103351831436	0.009092341177165508	0.009491543285548687	0.009145773015916348	0.014874076470732689	0.7265386581420898	0.018153049051761627	0.014472872950136662	0.008847090415656567	0.04274635761976242	0.05201712250709534	0.037760380655527115	wildbird	nli			unknown
SRR4067224	0.03248283639550209	0.014176849275827408	0.03084436245262623	0.03945053741335869	0.03522536903619766	0.014513041824102402	0.015738382935523987	0.015494381077587605	0.028582144528627396	0.32806503772735596	0.02727326937019825	0.14636196196079254	0.03966299816966057	0.04957880079746246	0.15752263367176056	0.025027360767126083	wildbird	nli			unknown
ERR10497225	0.0025474808644503355	0.004815422464162111	0.004740766249597073	0.002717080991715193	0.006354527547955513	0.004559149965643883	0.0033486008178442717	0.0037138096522539854	0.004375936929136515	0.7316200137138367	0.07178876549005508	0.01720605418086052	0.005575088318437338	0.08871224522590637	0.013906698673963547	0.03401840850710869	wildbird	nli		2008	Spain
ERR4225107	0.004155769944190979	0.018862824887037277	0.004915858618915081	0.003646027995273471	0.008527086116373539	0.00609403382986784	0.0017562302527949214	0.003710684832185507	0.004792613442987204	0.6252612471580505	0.07616826891899109	0.1202104240655899	0.0115870526060462	0.08553381264209747	0.0077035799622535706	0.017074456438422203	wildbird	nli		2019	Netherlands
ERR4225086	0.004222709685564041	0.017180882394313812	0.005550646688789129	0.004116842523217201	0.009478923864662647	0.006840759888291359	0.0017329964321106672	0.004348251968622208	0.005453929305076599	0.6206153035163879	0.07225479930639267	0.1252266764640808	0.011947428807616234	0.08556411415338516	0.007842970080673695	0.017622701823711395	wildbird	nli		2019	Netherlands
SRR1816119	0.011629863642156124	0.004735743626952171	0.008525223471224308	0.015377002768218517	0.01250141579657793	0.008118951693177223	0.008864831179380417	0.008659476414322853	0.013333704322576523	0.7380169630050659	0.016594063490629196	0.0140831982716918	0.008951825089752674	0.04245726764202118	0.051514193415641785	0.03663621097803116	wildbird	nli			unknown
SRR13736827	0.001906899269670248	0.0019712771754711866	0.0021991184912621975	0.001590165076777339	0.0042306408286094666	0.004330967552959919	0.001202666200697422	0.00226008053869009	0.0026786751113831997	0.7198712229728699	0.05655009672045708	0.0348224975168705	0.005213950760662556	0.13759121298789978	0.003534832736477256	0.02004575915634632	wildbird	nli		2018	unknown
SRR23244644	0.01052822731435299	0.04172135889530182	0.011022718623280525	0.010548812337219715	0.014029600657522678	0.012332810088992119	0.004585986956954002	0.010456503368914127	0.011076672933995724	0.6926906108856201	0.056403253227472305	0.05658254772424698	0.014418515376746655	0.027361532673239708	0.010234247893095016	0.016006669029593468	wildbird	nli		2017	France
SRR25523034	0.014302478171885014	0.02592374198138714	0.014613079838454723	0.01105209719389677	0.027035517618060112	0.028057636693120003	0.00927051529288292	0.016688663512468338	0.026331981644034386	0.4740957021713257	0.05745819956064224	0.12373566627502441	0.04166946932673454	0.06529969722032547	0.020668210461735725	0.04379735514521599	wildbird	nli		2022	United States
SRR11515410	0.010995672084391117	0.010543501935899258	0.049605097621679306	0.017674291506409645	0.05173248425126076	0.14093278348445892	0.007535099517554045	0.014695491641759872	0.15320535004138947	0.3823475241661072	0.03380297124385834	0.028688209131360054	0.014970708638429642	0.02429986000061035	0.037252411246299744	0.021718531847000122	wildbird	nli		2015	Italy
SRR1816048	0.018708769232034683	0.008125505410134792	0.014799853786826134	0.020229004323482513	0.017168130725622177	0.013137578032910824	0.01200871728360653	0.012634285725653172	0.019077768549323082	0.6884626746177673	0.019954318180680275	0.012783215381205082	0.01021159254014492	0.04126472398638725	0.05155577510595322	0.03987814113497734	wildbird	nli			unknown
SRR3619961	0.015516752377152443	0.0064054857939481735	0.012060880661010742	0.018426598981022835	0.015577484853565693	0.011024536564946175	0.012738829478621483	0.010917400009930134	0.015915777534246445	0.7260533571243286	0.019653361290693283	0.014155784621834755	0.009653408080339432	0.034358248114585876	0.043517809361219406	0.034024354070425034	wildbird	nli			unknown
SRR29025236	0.01226135529577732	0.011406539008021355	0.006250267848372459	0.010145187377929688	0.05172315612435341	0.01022475678473711	0.005515842232853174	0.013519170694053173	0.005462238565087318	0.6000887155532837	0.10195121169090271	0.032685160636901855	0.014307006262242794	0.03931049257516861	0.05666825920343399	0.02848067693412304	wildbird	nli		2009	United States
SRR11515440	0.017916006967425346	0.017263343557715416	0.020341189578175545	0.023344073444604874	0.03228367865085602	0.05624615401029587	0.0067340657114982605	0.02231861837208271	0.052478399127721786	0.5035244226455688	0.05019764602184296	0.04256060719490051	0.01927746646106243	0.04153410717844963	0.056273628026247025	0.03770660609006882	wildbird	nli		2016	Italy
SRR11515356	0.008072564378380775	0.009871413931250572	0.012237276881933212	0.008918079547584057	0.021102862432599068	0.01849633827805519	0.00314279249869287	0.010990869253873825	0.013051982037723064	0.7147047519683838	0.03503139317035675	0.022007886320352554	0.012975729070603848	0.03769347071647644	0.040085319429636	0.031617339700460434	wildbird	nli		2016	Italy
SRR3619924	0.016022494062781334	0.006562788505107164	0.012284873053431511	0.018916022032499313	0.01605381816625595	0.011207371950149536	0.012899606488645077	0.01125123631209135	0.01653110235929489	0.718185544013977	0.02041318640112877	0.014446872286498547	0.009699171409010887	0.03533978387713432	0.04449950158596039	0.03568658605217934	wildbird	nli			unknown
SRR12495827	0.023847786709666252	0.025836016982793808	0.026448700577020645	0.0819464772939682	0.13144658505916595	0.05133089795708656	0.008850556798279285	0.027261635288596153	0.027799323201179504	0.41251692175865173	0.042306192219257355	0.03456304594874382	0.014450294896960258	0.04377720132470131	0.01587054319679737	0.03174782544374466	wildbird	nli		2009	United States
SRR3619952	0.015852507203817368	0.006467847153544426	0.012467101216316223	0.018389228731393814	0.01588349975645542	0.011175435967743397	0.01278770249336958	0.0111536318436265	0.01632380485534668	0.7203476428985596	0.020236101001501083	0.014321545138955116	0.009785539470613003	0.0352390818297863	0.043984416872262955	0.03558489680290222	wildbird	nli			unknown
ERR4225099	0.00418594665825367	0.01841522939503193	0.005250352434813976	0.003963174764066935	0.009089532308280468	0.006585417781025171	0.0017381588695570827	0.0041371784172952175	0.005219678860157728	0.6249003410339355	0.07346764206886292	0.12341119349002838	0.011866568587720394	0.08261198550462723	0.007959060370922089	0.017198439687490463	wildbird	nli		2019	Netherlands
SRR23244669	0.0152733838185668	0.05009172484278679	0.011439235880970955	0.010036112740635872	0.014125571586191654	0.011976516805589199	0.0050169918686151505	0.01021408848464489	0.010788227431476116	0.7008428573608398	0.04196575656533241	0.04942360892891884	0.015835344791412354	0.026415826752781868	0.010672958567738533	0.01588180661201477	wildbird	nli		2017	France
SRR11515427	0.01741635985672474	0.016521716490387917	0.020421529188752174	0.0228487029671669	0.03456898406147957	0.06364422291517258	0.006495319772511721	0.021823687478899956	0.059062808752059937	0.5119717717170715	0.04690539464354515	0.03986644744873047	0.017707914113998413	0.03591097146272659	0.05245465785264969	0.03237955644726753	wildbird	nli		2016	Italy
SRR6197703	0.018021637573838234	0.035927914083004	0.016569916158914566	0.01621771790087223	0.11735814064741135	0.06470855325460434	0.014824192970991135	0.014326069504022598	0.18751490116119385	0.15244852006435394	0.042895227670669556	0.15104074776172638	0.033439476042985916	0.0898718386888504	0.0214221328496933	0.02341301180422306	unknown	nli		2011	Sweden
SRR11515453	0.017954405397176743	0.01730034127831459	0.020564734935760498	0.02350861206650734	0.03273423761129379	0.056947652250528336	0.007155731786042452	0.022829875349998474	0.04882897436618805	0.5050965547561646	0.05127236992120743	0.04252704977989197	0.019224680960178375	0.040897857397794724	0.05584618076682091	0.037310726940631866	wildbird	nli		2019	Italy
ERR4224019	0.009664184413850307	0.03019229881465435	0.004816934000700712	0.003885663812980056	0.010019764304161072	0.006967652123421431	0.0017175307730212808	0.00465962290763855	0.005533439107239246	0.6186912655830383	0.0872151330113411	0.09875532984733582	0.009835564531385899	0.08596786856651306	0.006113008130341768	0.015964698046445847	wildbird	nli		2018	Netherlands
SRR14242059	0.009396213106811047	0.006546813994646072	0.012643985450267792	0.011006761342287064	0.017014343291521072	0.020563337951898575	0.009341318160295486	0.00907161645591259	0.015643762424588203	0.2371807098388672	0.0843631774187088	0.2156393826007843	0.04174241051077843	0.1965337097644806	0.060027267783880234	0.05328518524765968	wildbird	nli		2018	Finland
ERR3546047	0.006334858480840921	0.013568979687988758	0.007537538185715675	0.007611507084220648	0.015894757583737373	0.010988494381308556	0.004809902515262365	0.010302593000233173	0.009145435877144337	0.6712579131126404	0.025549015030264854	0.03536752611398697	0.019742745906114578	0.06790690869092941	0.0551002062857151	0.0388815775513649	wildbird	nli		2017	Sweden
ERR4225115	0.004146270453929901	0.018491782248020172	0.005334325134754181	0.0040423194877803326	0.009136234410107136	0.006612793542444706	0.0017556415405124426	0.004089969210326672	0.005220943130552769	0.6238320469856262	0.07455159723758698	0.12224147468805313	0.011800097301602364	0.0833207443356514	0.007899034768342972	0.017524775117635727	wildbird	nli		2019	Netherlands
SRR11515359	0.017596321180462837	0.017054937779903412	0.02029283717274666	0.023017263039946556	0.030642176046967506	0.05227702856063843	0.006731193047016859	0.0220491886138916	0.045864783227443695	0.5238705277442932	0.0501762293279171	0.04212901368737221	0.01885967142879963	0.039809126406908035	0.05391015112400055	0.035719528794288635	wildbird	nli		2018	Italy
SRR11515457	0.017999786883592606	0.017480097711086273	0.020536338910460472	0.023683391511440277	0.03359520807862282	0.05784924328327179	0.007131907623261213	0.022909939289093018	0.046369828283786774	0.5083551406860352	0.05072874575853348	0.04172833263874054	0.018900495022535324	0.04032616689801216	0.05514625459909439	0.03725920245051384	wildbird	nli		2019	Italy
SRR14242051	0.010222925804555416	0.006626250222325325	0.013177871704101562	0.011471515521407127	0.016496503725647926	0.02081284485757351	0.009850512258708477	0.009253699332475662	0.015167636796832085	0.23813222348690033	0.08930998295545578	0.21419121325016022	0.04233149439096451	0.19115787744522095	0.06123211979866028	0.05056530237197876	wildbird	nli		2018	Finland
SRR11515420	0.01221244502812624	0.009928648360073566	0.014460212551057339	0.01291151624172926	0.10705621540546417	0.08827729523181915	0.0072356355376541615	0.018731188029050827	0.27471572160720825	0.33169421553611755	0.030181851238012314	0.022882793098688126	0.009182498790323734	0.01747644692659378	0.028983116149902344	0.014070173725485802	wildbird	nli		2015	Italy
ERR4225117	0.004177880473434925	0.01807713322341442	0.005322757177054882	0.00406518904492259	0.009134246036410332	0.00661135371774435	0.001728046452626586	0.00406518904492259	0.005158993881195784	0.624915599822998	0.07338876277208328	0.1230531707406044	0.011648700572550297	0.0831400603055954	0.007974814623594284	0.017538078129291534	wildbird	nli		2019	Netherlands
ERR4224018	0.009316356852650642	0.02415299229323864	0.004744409583508968	0.003917919006198645	0.009985235519707203	0.007039225660264492	0.0017016123747453094	0.0048003350384533405	0.005601209122687578	0.6287197470664978	0.08682975172996521	0.09520098567008972	0.009640291333198547	0.08623821288347244	0.006139721721410751	0.015971951186656952	wildbird	nli		2018	Netherlands
SRR14242054	0.011055737733840942	0.007054959889501333	0.014589370228350163	0.012799855321645737	0.017875272780656815	0.021103395149111748	0.011012635193765163	0.009929674677550793	0.016148962080478668	0.22950129210948944	0.08523652702569962	0.21947334706783295	0.04394032433629036	0.18653766810894012	0.06226909160614014	0.05147187411785126	wildbird	nli		2018	Finland
SRR13736830	0.001736555714160204	0.001834168448112905	0.001987085910513997	0.001473795622587204	0.0038078315556049347	0.003830208443105221	0.0011168334167450666	0.0019909709226340055	0.0023875385522842407	0.7327653169631958	0.05352379381656647	0.030751138925552368	0.004566287621855736	0.13604524731636047	0.002977148862555623	0.01920602284371853	wildbird	nli		2018	unknown
SRR12495820	0.023527242243289948	0.02556353248655796	0.025864865630865097	0.08451826125383377	0.13919402658939362	0.051187872886657715	0.008571075275540352	0.026790350675582886	0.027776062488555908	0.4099639058113098	0.04137232154607773	0.033767104148864746	0.014103742316365242	0.04129159450531006	0.01567251980304718	0.030835505574941635	wildbird	nli		2009	United States
ERR3546042	0.006460429169237614	0.014361110515892506	0.007597392424941063	0.007671949453651905	0.016336960718035698	0.011294201947748661	0.004838638007640839	0.010283487848937511	0.009326718747615814	0.6700131297111511	0.02565149776637554	0.034754637628793716	0.019938426092267036	0.06784720718860626	0.05435728281736374	0.03926695138216019	wildbird	nli		2017	Sweden
SRR11515374	0.01764928176999092	0.017240434885025024	0.020057933405041695	0.022529728710651398	0.031248897314071655	0.060676608234643936	0.007158863823860884	0.022507738322019577	0.05072196573019028	0.5048243999481201	0.05258820578455925	0.04225581884384155	0.01878756284713745	0.039348304271698	0.055870626121759415	0.0365336611866951	wildbird	nli		2018	Italy
SRR23244646	0.009941186755895615	0.03742615878582001	0.010644525289535522	0.010137259028851986	0.013429684564471245	0.011770915240049362	0.004472100175917149	0.009873460978269577	0.010561688803136349	0.6821175217628479	0.07024984806776047	0.061337318271398544	0.013707941398024559	0.02862566150724888	0.010019156150519848	0.015685567632317543	wildbird	nli		2017	France
SRR11515385	0.016596026718616486	0.016211580485105515	0.01928936503827572	0.021687615662813187	0.0352712981402874	0.06365014612674713	0.006336158141493797	0.021205922588706017	0.06142132356762886	0.510770857334137	0.04966769367456436	0.039772938936948776	0.017443517223000526	0.037072453647851944	0.050597865134477615	0.03300514072179794	wildbird	nli		2017	Italy
SRR13736807	0.0017804570961743593	0.0018441645661368966	0.002114345086738467	0.001484725042246282	0.0038211140781641006	0.003950116690248251	0.0011383781675249338	0.0020333456341177225	0.002424108562991023	0.7196919918060303	0.05820263922214508	0.032370928674936295	0.004645293112844229	0.14137017726898193	0.003028659848496318	0.020099565386772156	wildbird	nli		2018	unknown
ERR3546046	0.00645819865167141	0.013887309469282627	0.007594769820570946	0.007624494377523661	0.016046755015850067	0.011202440597116947	0.004808708559721708	0.01023986004292965	0.009269028902053833	0.6697818040847778	0.02579333260655403	0.03487861156463623	0.01993154175579548	0.06828900426626205	0.05497903749346733	0.039215076714754105	wildbird	nli		2017	Sweden
SRR6197705	0.018045997247099876	0.03713662549853325	0.01687007211148739	0.01639900915324688	0.11494877189397812	0.06388497352600098	0.015196256339550018	0.014585581608116627	0.18350832164287567	0.155323788523674	0.043993301689624786	0.146842360496521	0.03394562378525734	0.0933842658996582	0.021981244906783104	0.02395380474627018	unknown	nli		2012	Sweden
ERR4223916	0.009234975092113018	0.026154298335313797	0.005001393612474203	0.004933480639010668	0.010152545757591724	0.007906810380518436	0.0016851018881425261	0.005428961478173733	0.006127836182713509	0.6117705702781677	0.09290631860494614	0.0984165370464325	0.009612237103283405	0.0888468325138092	0.005974204745143652	0.01584790088236332	wildbird	nli		2018	Netherlands
SRR11515387	0.01706797443330288	0.01612810231745243	0.0194352138787508	0.022130781784653664	0.029404541477560997	0.052062153816223145	0.006390305235981941	0.02101447992026806	0.046169575303792953	0.5340893268585205	0.047915082424879074	0.04146704822778702	0.01818651519715786	0.038878679275512695	0.055881813168525696	0.03377838060259819	wildbird	nli		2017	Italy
SRR1815406	0.012909607961773872	0.005016132723540068	0.00964998360723257	0.016034917905926704	0.01347640622407198	0.008769264444708824	0.009100801311433315	0.009316620416939259	0.014543037861585617	0.7293483018875122	0.01785333827137947	0.014657100662589073	0.008667100220918655	0.04159140959382057	0.0517108254134655	0.03735518828034401	wildbird	nli			unknown
SRR11515378	0.017303289845585823	0.016803709790110588	0.0197996087372303	0.02326139248907566	0.03235838562250137	0.05704084783792496	0.006427991669625044	0.022088060155510902	0.04427188262343407	0.5171626806259155	0.04931655898690224	0.041145209223032	0.01845526695251465	0.04142743721604347	0.05563793703913689	0.03749974071979523	wildbird	nli		2016	Italy
ERR4225118	0.004267798271030188	0.01841217465698719	0.00549067510291934	0.0041043017990887165	0.009240157902240753	0.006688013672828674	0.0017756116576492786	0.0042180768214166164	0.00536348344758153	0.6260181665420532	0.07241380214691162	0.12183414399623871	0.011876191012561321	0.08284061402082443	0.007973297499120235	0.017483443021774292	wildbird	nli		2019	Netherlands
SRR1816039	0.018746279180049896	0.008062673732638359	0.01480059139430523	0.020309187471866608	0.017068680375814438	0.013138232752680779	0.012198437005281448	0.012684367597103119	0.01904148980975151	0.6871535778045654	0.020072579383850098	0.012909305281937122	0.010232065804302692	0.041875723749399185	0.0517096146941185	0.03999713063240051	wildbird	nli			unknown
SRR1816047	0.018308000639081	0.007904991507530212	0.01468218769878149	0.019603291526436806	0.01686611957848072	0.01293170265853405	0.012124506756663322	0.01233951561152935	0.019000163301825523	0.6903653740882874	0.020186103880405426	0.01268158107995987	0.009973347187042236	0.04109686613082886	0.05210372805595398	0.039832450449466705	wildbird	nli			unknown
SRR11515384	0.0170651413500309	0.016637302935123444	0.019680257886648178	0.021954914554953575	0.03467511385679245	0.06172458827495575	0.006389244459569454	0.021551303565502167	0.06056028977036476	0.5115413665771484	0.04892362654209137	0.03991080820560455	0.017658505588769913	0.03749273717403412	0.050822872668504715	0.03341192379593849	wildbird	nli		2017	Italy
SRR11515424	0.01759493537247181	0.01722095161676407	0.02065107598900795	0.023264020681381226	0.03564703091979027	0.06345468014478683	0.006561918184161186	0.022220375016331673	0.057130925357341766	0.512194812297821	0.04626603052020073	0.03968954086303711	0.017802340909838676	0.03610246628522873	0.05211999639868736	0.032078854739665985	wildbird	nli		2016	Italy
SRR11515423	0.017912866547703743	0.01699271984398365	0.021024227142333984	0.023638175800442696	0.03579835966229439	0.06394224613904953	0.0065640839748084545	0.022533686831593513	0.060185614973306656	0.5009838938713074	0.04737882688641548	0.04013143107295036	0.017965424805879593	0.03810715302824974	0.052648842334747314	0.034192413091659546	wildbird	nli		2016	Italy
SRR11515422	0.01597425527870655	0.015573765151202679	0.018207576125860214	0.02128681354224682	0.028869200497865677	0.048346810042858124	0.005888089071959257	0.019919149577617645	0.04131285473704338	0.5625622868537903	0.04462624341249466	0.04087144136428833	0.017716456204652786	0.03499335050582886	0.05438433215022087	0.029467357322573662	wildbird	nli		2015	Italy
SRR11515458	0.017674453556537628	0.017097242176532745	0.02010616660118103	0.023300793021917343	0.03298799321055412	0.05764186754822731	0.006989338435232639	0.022451965138316154	0.04633915796875954	0.5165232419967651	0.05042363703250885	0.04069497808814049	0.01839648187160492	0.038869354873895645	0.05430839955806732	0.03619486093521118	wildbird	nli		2019	Italy
ERR4225103	0.004083967301994562	0.017601894214749336	0.005192957352846861	0.004036387894302607	0.009016544558107853	0.0065773469395935535	0.001746230642311275	0.004044279456138611	0.005112448241561651	0.6253545880317688	0.07484311610460281	0.12230072915554047	0.011622784659266472	0.08313757181167603	0.007949304766952991	0.017379844561219215	wildbird	nli		2019	Netherlands
SRR13736820	0.0018441296415403485	0.00190266827121377	0.0021985291969031096	0.0015559487510472536	0.0042212544940412045	0.004329807125031948	0.0011540267150849104	0.002168675884604454	0.002631294773891568	0.7253226637840271	0.054475415498018265	0.03225985914468765	0.004877650178968906	0.1376551240682602	0.0031064844224601984	0.020296428352594376	wildbird	nli		2018	unknown
SRR29025215	0.2023283690214157	0.00755933066830039	0.014261282049119473	0.0031327877659350634	0.16381052136421204	0.004478755407035351	0.0021998907905071974	0.002364752348512411	0.0024113929830491543	0.4901236295700073	0.03394480422139168	0.00849918369203806	0.004805003292858601	0.018098508939146996	0.022545963525772095	0.019435836002230644	wildbird	nli		2008	United States
SRR23244651	0.014336968772113323	0.0832827016711235	0.010196262039244175	0.008738375268876553	0.012347176671028137	0.010266200639307499	0.004533409606665373	0.008824129588901997	0.009211555123329163	0.6928206086158752	0.03981826454401016	0.04576345905661583	0.013814683072268963	0.022533202543854713	0.009644203819334507	0.013868752866983414	wildbird	nli		2018	France
SRR11515380	0.008152483031153679	0.009988632053136826	0.01226225309073925	0.009605973027646542	0.019575899466872215	0.018389856442809105	0.003124699927866459	0.011519321240484715	0.013053101487457752	0.7217804193496704	0.035171523690223694	0.021647393703460693	0.012800631113350391	0.035725388675928116	0.03784424439072609	0.02935822121798992	wildbird	nli		2018	Italy
SRR11515452	0.01788511499762535	0.01731792837381363	0.020385589450597763	0.023486590012907982	0.03308907523751259	0.05861440300941467	0.007093395106494427	0.022741764783859253	0.05055345594882965	0.5065984725952148	0.050776101648807526	0.0410996675491333	0.01867036707699299	0.04042298346757889	0.05431544780731201	0.03694959729909897	wildbird	nli		2019	Italy
SRR11515412	0.010760148987174034	0.010257383808493614	0.05279548093676567	0.017414351925253868	0.0515095554292202	0.14389891922473907	0.007302041631191969	0.014394769445061684	0.157579705119133	0.37635648250579834	0.033517904579639435	0.02804630808532238	0.014779367484152317	0.023779362440109253	0.036561429500579834	0.02104678563773632	wildbird	nli		2015	Italy
SRR29025277	0.011518437415361404	0.010905436240136623	0.0059756869450211525	0.00964283011853695	0.04804661124944687	0.0098330182954669	0.005232485942542553	0.012749748304486275	0.005273525137454271	0.612520158290863	0.10634912550449371	0.031036376953125	0.013387743383646011	0.03656978905200958	0.054073043167591095	0.02688598819077015	wildbird	nli		2009	United States
SRR1816124	0.013428005389869213	0.0052073802798986435	0.009824138134717941	0.016292450949549675	0.0138542540371418	0.009103605523705482	0.009429346770048141	0.009410948492586613	0.014719001948833466	0.7267287969589233	0.017998911440372467	0.014892504550516605	0.00952188204973936	0.04071992263197899	0.052081573754549026	0.03678738325834274	wildbird	nli			unknown
SRR1815850	0.01966741308569908	0.014991428703069687	0.04192150756716728	0.12335336953401566	0.07075593620538712	0.037578195333480835	0.006128484383225441	0.061925727874040604	0.06721974164247513	0.4083669185638428	0.03750487416982651	0.01016354002058506	0.007523455191403627	0.022703466936945915	0.044843640178442	0.025352295488119125	wildbird	nli			unknown
ERR4225090	0.004327774979174137	0.01804354414343834	0.005438857711851597	0.004113491624593735	0.00937916710972786	0.006835192907601595	0.0017417620401829481	0.0043109022080898285	0.005470819305628538	0.6261956691741943	0.07215193659067154	0.12264472246170044	0.012007858604192734	0.08191870152950287	0.008101154118776321	0.017318448051810265	wildbird	nli		2019	Netherlands
SRR12495816	0.023642493411898613	0.025915533304214478	0.026195423677563667	0.0866074189543724	0.14205260574817657	0.05174091085791588	0.008834553882479668	0.027106251567602158	0.02791212871670723	0.4002731442451477	0.04218847677111626	0.03376723453402519	0.014256118796765804	0.04218847677111626	0.01602858677506447	0.03129064291715622	wildbird	nli		2009	United States
SRR23244640	0.011684583500027657	0.060939494520425797	0.012173797935247421	0.011810777708888054	0.015076735988259315	0.013580851256847382	0.00523077417165041	0.011413910426199436	0.012221443466842175	0.6666169166564941	0.05121607333421707	0.05401577427983284	0.016143418848514557	0.029174910858273506	0.011616318486630917	0.017084183171391487	wildbird	nli		2016	France
ERR4225094	0.004780056420713663	0.01683131791651249	0.006125737447291613	0.005048745311796665	0.011355322785675526	0.008471587672829628	0.0017244721530005336	0.00516847288236022	0.006610577926039696	0.6139546632766724	0.07667676359415054	0.12303872406482697	0.012266048230230808	0.08170174807310104	0.007850254885852337	0.018395544961094856	wildbird	nli		2019	Netherlands
ERR4223921	0.009185423143208027	0.03047286346554756	0.0046868762001395226	0.0036931694485247135	0.009626240469515324	0.006545322015881538	0.0017107874155044556	0.004463521763682365	0.005363044328987598	0.61988365650177	0.08640735596418381	0.1004057303071022	0.009504804387688637	0.08657629042863846	0.006077125668525696	0.015397717244923115	wildbird	nli		2018	Netherlands
SRR3619941	0.015709811821579933	0.006664957385510206	0.012524954974651337	0.01847456395626068	0.016050979495048523	0.011271238327026367	0.012771986424922943	0.011139924637973309	0.016463741660118103	0.7215731739997864	0.02005394734442234	0.01422037836164236	0.009603215381503105	0.0348537415266037	0.04397328570485115	0.03465011343359947	wildbird	nli			unknown
SRR11515448	0.017916006967425346	0.017196038737893105	0.02048071287572384	0.023527158424258232	0.03206373751163483	0.05619124323129654	0.00701600918546319	0.02271440252661705	0.050616055727005005	0.5089624524116516	0.04990437254309654	0.04137217998504639	0.01884930022060871	0.03998198360204697	0.056411173194646835	0.0367971733212471	wildbird	nli		2019	Italy
ERR3546019	0.006438171491026878	0.01439573522657156	0.007600851356983185	0.0076455180533230305	0.0162489116191864	0.011211411096155643	0.004803168587386608	0.010128666646778584	0.009222254157066345	0.6657515168190002	0.026220498606562614	0.03542163223028183	0.0203409306704998	0.07051315903663635	0.053958818316459656	0.04009878635406494	wildbird	nli		2017	Sweden
ERR4224022	0.009407578967511654	0.023906078189611435	0.004804920870810747	0.003906372934579849	0.009811034426093102	0.006855897605419159	0.0017402268713340163	0.004638932645320892	0.005465998314321041	0.6232046484947205	0.08689148724079132	0.09996265918016434	0.009897645562887192	0.0873807743191719	0.006169640459120274	0.01595601625740528	wildbird	nli		2018	Netherlands
SRR25523029	0.014452493749558926	0.026119021698832512	0.014284118078649044	0.01114623062312603	0.027641117572784424	0.02756025642156601	0.009258615784347057	0.016995972022414207	0.026582205668091774	0.4647827744483948	0.06111525371670723	0.12081737071275711	0.044603846967220306	0.06692561507225037	0.02289292775094509	0.044822175055742264	wildbird	nli		2022	United States
SRR29025259	0.1649915724992752	0.007275820709764957	0.013382281176745892	0.003266683779656887	0.1764061450958252	0.004633834585547447	0.0021173846907913685	0.002352904062718153	0.0023713582195341587	0.520134687423706	0.032039791345596313	0.008390790782868862	0.004837284330278635	0.01706612855195999	0.022987421602010727	0.017745966091752052	wildbird	nli		2009	United States
SRR1815867	0.018765486776828766	0.008166072890162468	0.01455759909003973	0.019975759088993073	0.017355239018797874	0.013254845514893532	0.011858382262289524	0.01259855180978775	0.019135603681206703	0.6878576278686523	0.020171789452433586	0.012747060507535934	0.009966274723410606	0.04110784828662872	0.051813170313835144	0.04066862165927887	wildbird	nli			unknown
SRR12495815	0.024246904999017715	0.025559861212968826	0.02647443674504757	0.08279073983430862	0.14419792592525482	0.05218997597694397	0.008177404291927814	0.027394965291023254	0.028072016313672066	0.39170753955841064	0.045166660100221634	0.03336891904473305	0.014184589497745037	0.046509478241205215	0.015731604769825935	0.034227024763822556	wildbird	nli		2009	United States
SRR11515369	0.016334328800439835	0.0156779196113348	0.018636181950569153	0.020871533080935478	0.028361333534121513	0.05277938023209572	0.0066254958510398865	0.020348260179162025	0.04594516381621361	0.5382839441299438	0.05090634897351265	0.041711170226335526	0.017904743552207947	0.03838862106204033	0.05347980186343193	0.03374576196074486	wildbird	nli		2018	Italy
SRR1815854	0.018385818228125572	0.00804787129163742	0.014318889938294888	0.019343584775924683	0.016773207113146782	0.013114113360643387	0.01205771416425705	0.012416192330420017	0.018566247075796127	0.6919468641281128	0.019879808649420738	0.012661079876124859	0.009918403811752796	0.040990378707647324	0.052121203392744064	0.03945857658982277	wildbird	nli			unknown
SRR13736833	0.001698166597634554	0.0017692659748718143	0.0019393671536818147	0.0014412152813747525	0.003430390963330865	0.0036090894136577845	0.001131222816184163	0.001909299986436963	0.002254103310406208	0.7292737364768982	0.053844064474105835	0.030965371057391167	0.004319514147937298	0.14061884582042694	0.003033227752894163	0.018763113766908646	wildbird	nli		2018	unknown
ERR4225121	0.004196681082248688	0.017807265743613243	0.005409735720604658	0.0041074794717133045	0.009130658581852913	0.006628147326409817	0.001780460705049336	0.004188492428511381	0.005284419748932123	0.6252804398536682	0.07310070097446442	0.12258512526750565	0.011873787268996239	0.08300603181123734	0.00808931514620781	0.01753118820488453	wildbird	nli		2019	Netherlands
SRR12495830	0.024142231792211533	0.025799855589866638	0.02623175084590912	0.0832829549908638	0.13509909808635712	0.05130914971232414	0.008591381832957268	0.027410218492150307	0.02803284116089344	0.40654438734054565	0.04329109936952591	0.033781055361032486	0.014444169588387012	0.04384420067071915	0.01574036292731762	0.032455213367938995	wildbird	nli		2009	United States
SRR23244663	0.014339092187583447	0.07410223037004471	0.011069576255977154	0.009845484979450703	0.013965952210128307	0.011726106517016888	0.004682578612118959	0.009874371811747551	0.010378614068031311	0.6868597865104675	0.04120887443423271	0.046287160366773605	0.014722201973199844	0.025313781574368477	0.010059298016130924	0.015564938075840473	wildbird	nli		2017	France
SRR11515463	0.01605900749564171	0.0157483983784914	0.018519939854741096	0.021588662639260292	0.028768403455615044	0.047803089022636414	0.005954114254564047	0.020122846588492393	0.0399409718811512	0.5649949312210083	0.04455737769603729	0.04096808284521103	0.01805562525987625	0.035110365599393845	0.05227120220661163	0.029537035152316093	wildbird	nli		2015	Italy
SRR13736803	0.001739169703796506	0.0017978850519284606	0.00202536815777421	0.0014817911433055997	0.003575521055608988	0.003806122113019228	0.0011450393358245492	0.0020492426119744778	0.002443060278892517	0.742518961429596	0.051074765622615814	0.028455162420868874	0.004519882146269083	0.13180038332939148	0.0033918535336852074	0.01817573420703411	wildbird	nli		2017	unknown
SRR1816131	0.012755081057548523	0.005034137051552534	0.009665723890066147	0.015873955562710762	0.013630854897201061	0.00904470682144165	0.009497303515672684	0.00933181680738926	0.014538335613906384	0.7291125655174255	0.017812741920351982	0.014340922236442566	0.00895681045949459	0.04227398708462715	0.051795173436403275	0.03633584827184677	wildbird	nli			unknown
SRR13736811	0.0016955056926235557	0.0017459136433899403	0.0019515152089297771	0.0014389570569619536	0.0034586270339787006	0.0036104789469391108	0.0011119397822767496	0.001910035265609622	0.00228155218064785	0.7295545935630798	0.054713040590286255	0.03207004442811012	0.004287549760192633	0.138323113322258	0.002929571084678173	0.01891755498945713	wildbird	nli		2018	unknown
ERR4225112	0.0042574661783874035	0.018260294571518898	0.005477382335811853	0.004134544637054205	0.009390418417751789	0.00677688792347908	0.0017575286328792572	0.004249158781021833	0.005340058822184801	0.6245025992393494	0.07347468286752701	0.12201488763093948	0.012045766226947308	0.08231787383556366	0.008110873401165009	0.017889628186821938	wildbird	nli		2019	Netherlands
SRR11515433	0.016599852591753006	0.016183678060770035	0.018994688987731934	0.021884115412831306	0.029276249930262566	0.0480801984667778	0.006106744520366192	0.02045808732509613	0.04222394898533821	0.5605536699295044	0.043267495930194855	0.04029037430882454	0.017843859270215034	0.03439493849873543	0.05450861155986786	0.029333487153053284	wildbird	nli		2015	Italy
SRR1815856	0.0184958316385746	0.008143603801727295	0.014545926824212074	0.019497374072670937	0.016807787120342255	0.0131411487236619	0.011872039176523685	0.012344966642558575	0.01867734082043171	0.6913450956344604	0.019920796155929565	0.012761740945279598	0.00991945993155241	0.04099474102258682	0.05172109603881836	0.0398111492395401	wildbird	nli			unknown
ERR4224017	0.00945313274860382	0.024519560858607292	0.004795295186340809	0.003815682604908943	0.010013791732490063	0.006882372312247753	0.0017165070166811347	0.00458464864641428	0.005487105343490839	0.6243904232978821	0.08712060004472733	0.09811986982822418	0.009743686765432358	0.08716315031051636	0.006145266816020012	0.016048943623900414	wildbird	nli		2018	Netherlands
SRR11515368	0.016441356390714645	0.015780644491314888	0.018831707537174225	0.02142263948917389	0.028491463512182236	0.05199601128697395	0.006514422595500946	0.020581841468811035	0.04552923142910004	0.53654545545578	0.050396259874105453	0.04169844463467598	0.017829502001404762	0.03971129655838013	0.053047437220811844	0.03518225625157356	wildbird	nli		2018	Italy
ERR12726479	0.07712136954069138	0.04452558606863022	0.05323813110589981	0.1257757842540741	0.06674297899007797	0.03634072095155716	0.03742114081978798	0.0537605807185173	0.05656111612915993	0.05042947083711624	0.04232097044587135	0.09630770236253738	0.05838505178689957	0.07351788878440857	0.08732596784830093	0.04022550955414772	unknown	nli		2004	United Kingdom
SRR9971615	0.07050300389528275	0.04238804429769516	0.05862053856253624	0.06143379211425781	0.04578766971826553	0.03510662168264389	0.042058177292346954	0.05249582231044769	0.04975060746073723	0.05058343708515167	0.04226404055953026	0.11205998808145523	0.08099013566970825	0.08194482326507568	0.12367624044418335	0.050337053835392	unknown	nli			United States
ERR976125	0.05269268900156021	0.03913876414299011	0.04909101128578186	0.05241042748093605	0.09497256577014923	0.05497932434082031	0.0349469855427742	0.045224763453006744	0.07146188616752625	0.04575785622000694	0.039755113422870636	0.1591753512620926	0.06067853420972824	0.06782413274049759	0.09590457379817963	0.03598596528172493	unknown	nli			unknown
SRR9864928	0.05704376846551895	0.040529172867536545	0.05364001914858818	0.06546490639448166	0.046105314046144485	0.034396663308143616	0.036902230232954025	0.0495121106505394	0.051033928990364075	0.05501940846443176	0.041006915271282196	0.12135276198387146	0.07758980989456177	0.08613606542348862	0.13057449460029602	0.05369242653250694	unknown	nli			United States
ERR10372741	0.07210257649421692	0.05043411627411842	0.054852746427059174	0.06074611470103264	0.062369123101234436	0.1025034487247467	0.0382000170648098	0.04712468013167381	0.15696831047534943	0.039182353764772415	0.0383869931101799	0.07512139528989792	0.04563022404909134	0.049097709357738495	0.06934037804603577	0.03793977200984955	unknown	nli			unknown
ERR226207	0.04828834906220436	0.0312382560223341	0.04562928527593613	0.06876576691865921	0.051957834511995316	0.025545768439769745	0.03764374926686287	0.05650996044278145	0.05125230923295021	0.05418612062931061	0.05180584266781807	0.1691819280385971	0.07067202031612396	0.07143528014421463	0.11572466790676117	0.05016293004155159	unknown	nli			unknown
SRR13169053	0.05511854588985443	0.037367988377809525	0.048547036945819855	0.049456220120191574	0.04770113155245781	0.03878074511885643	0.035413868725299835	0.04226085916161537	0.04578421637415886	0.04677850380539894	0.03795645013451576	0.1690223217010498	0.09936916828155518	0.09052084386348724	0.11210627108812332	0.04381578043103218	unknown	nli		2020	unknown
SRR10063337	0.07048074156045914	0.04163629561662674	0.05718862637877464	0.06093646213412285	0.0448002815246582	0.03316295146942139	0.04027654230594635	0.05202001333236694	0.04934784770011902	0.04992954060435295	0.04059243202209473	0.11734344810247421	0.08199896663427353	0.08272284269332886	0.12831145524978638	0.04925156012177467	unknown	nli			United States
SRR28095900	0.05397343635559082	0.03197820112109184	0.04562807455658913	0.05455635488033295	0.03344747796654701	0.02348732016980648	0.025495247915387154	0.03872404620051384	0.036413419991731644	0.04536150395870209	0.033512867987155914	0.14199291169643402	0.10307580977678299	0.09874056279659271	0.18921548128128052	0.04439733549952507	unknown	nli		2022	United States
SRR16969880	0.05044563114643097	0.031169837340712547	0.046654582023620605	0.050791654735803604	0.03305076062679291	0.023643389344215393	0.026896333321928978	0.03687078878283501	0.03556232526898384	0.04499891772866249	0.03334252908825874	0.15572527050971985	0.10715904831886292	0.10185323655605316	0.1763952523469925	0.04544050991535187	unknown	nli		2021	United States
ERR1163442	0.11878779530525208	0.0609976127743721	0.13310100138187408	0.25898176431655884	0.043211568146944046	0.035753749310970306	0.019382109865546227	0.03326113149523735	0.06075981259346008	0.026962002739310265	0.027926741167902946	0.027601387351751328	0.013987703248858452	0.030255045741796494	0.05161656066775322	0.057413987815380096	cattle	nli		2012	United Kingdom
SRR9899056	0.2479829043149948	0.04819118604063988	0.06343898177146912	0.2490750551223755	0.02957398071885109	0.02439826913177967	0.01854310743510723	0.02537018619477749	0.039757296442985535	0.030932791531085968	0.021053170785307884	0.06393653899431229	0.015553983859717846	0.0329921580851078	0.05678309500217438	0.03241728991270065	cattle	nli		2018	United Kingdom
SRR29294247	0.06609346717596054	0.04254831373691559	0.05223320052027702	0.05736694857478142	0.046958912163972855	0.038439199328422546	0.03625161573290825	0.04950172081589699	0.051023222506046295	0.04940513148903847	0.043429896235466	0.13714659214019775	0.07964611798524857	0.08395892381668091	0.11759443581104279	0.04840225726366043	unknown	nli			unknown
ERR450239	0.05199123173952103	0.03913023695349693	0.04898454248905182	0.05138552188873291	0.09393734484910965	0.05539846420288086	0.03497350960969925	0.044210657477378845	0.07151611149311066	0.04548061266541481	0.03890163451433182	0.16458366811275482	0.06108143553137779	0.06780936568975449	0.09516073763370514	0.035454943776130676	unknown	nli			unknown
SRR8791352	0.07095950841903687	0.04241324961185455	0.058085378259420395	0.060399241745471954	0.0454583615064621	0.034854136407375336	0.041592907160520554	0.05237337574362755	0.050662968307733536	0.05091095343232155	0.04196007922291756	0.11245561391115189	0.08183355629444122	0.08151452243328094	0.1243555024266243	0.050170619040727615	unknown	nli			United States
ERR1512684	0.07732181996107101	0.056376826018095016	0.07064337283372879	0.06877145171165466	0.0708160474896431	0.05754493549466133	0.05173428729176521	0.050142597407102585	0.056376826018095016	0.05290943756699562	0.04869488254189491	0.0818677470088005	0.06060175597667694	0.062464434653520584	0.0785011276602745	0.05523243919014931	unknown	nli			unknown
ERR12072144	0.08948829025030136	0.04352801665663719	0.045217789709568024	0.09770946949720383	0.06069881469011307	0.03203291445970535	0.034635841846466064	0.054436638951301575	0.05019838362932205	0.045616962015628815	0.0379287451505661	0.1345183551311493	0.05814589932560921	0.07591065019369125	0.10277432203292847	0.03715883567929268	unknown	nli		2021	United Kingdom
SRR25517464	0.06932941824197769	0.041723184287548065	0.05669565126299858	0.05976569652557373	0.044893767684698105	0.03378846496343613	0.04139849171042442	0.0513705313205719	0.04892246052622795	0.05087130889296532	0.04192740470170975	0.11520139873027802	0.08145105093717575	0.08297645300626755	0.12965096533298492	0.05003374069929123	unknown	nli			United States
ERR11003616	0.09873242676258087	0.03626846522092819	0.0586400181055069	0.12130960822105408	0.06896000355482101	0.027430394664406776	0.03745630383491516	0.05154787376523018	0.043876469135284424	0.040224019438028336	0.039600394666194916	0.10279087722301483	0.05631100386381149	0.06127443164587021	0.11681906133890152	0.03875868394970894	unknown	nli			unknown
ERR137056	0.05618886277079582	0.028530800715088844	0.04358932375907898	0.06569143384695053	0.045815251767635345	0.026232518255710602	0.03880703076720238	0.05483367294073105	0.046264853328466415	0.05774647742509842	0.05757754668593407	0.1606544405221939	0.07207750529050827	0.07292713224887848	0.11785337328910828	0.055209800601005554	unknown	nli			unknown
SRR10019064	0.09238535910844803	0.04437841475009918	0.0801042914390564	0.2935104966163635	0.07017591595649719	0.03369544818997383	0.0024926806800067425	0.12131234258413315	0.14058741927146912	0.018855340778827667	0.013240505009889603	0.008269527927041054	0.009011621586978436	0.008598948828876019	0.020952647551894188	0.04242897033691406	cattle	nli		2016	United Kingdom
SRR12972551	0.06617431342601776	0.042062949389219284	0.054274268448352814	0.056878939270973206	0.047154296189546585	0.03647362068295479	0.03618977963924408	0.049176573753356934	0.04912856966257095	0.051035769283771515	0.043952636420726776	0.1391706019639969	0.08084126561880112	0.08484512567520142	0.11185402423143387	0.05078717693686485	unknown	nli			unknown
SRR1816221	0.045535217970609665	0.027862312272191048	0.050699084997177124	0.05711395666003227	0.04269290342926979	0.026482755318284035	0.017266348004341125	0.03160298243165016	0.04833018407225609	0.03324927017092705	0.022563587874174118	0.1118236854672432	0.0452691912651062	0.049961838871240616	0.3572888672351837	0.03225778415799141	laboratory	nli			unknown
SRR15123871	0.06476792693138123	0.040570326149463654	0.054115623235702515	0.05687908083200455	0.04583772271871567	0.03576824441552162	0.03460012748837471	0.049176692962646484	0.049080740660429	0.051135674118995667	0.043738655745983124	0.1407770812511444	0.0811578705906868	0.08609732985496521	0.11501117050647736	0.05128570646047592	unknown	nli			unknown
SRR14633216	0.0712263435125351	0.04500971734523773	0.05552533268928528	0.05910639837384224	0.05001620575785637	0.04228271171450615	0.04142441973090172	0.05211030691862106	0.05319000408053398	0.05155352130532265	0.0451858788728714	0.12409389764070511	0.07678873836994171	0.08098635077476501	0.10167889297008514	0.04982120916247368	unknown	nli			unknown
SRR10990438	0.053256209939718246	0.03649534285068512	0.05377883464097977	0.0584334097802639	0.04380736127495766	0.03189403563737869	0.033294353634119034	0.047831885516643524	0.05237936973571777	0.051567304879426956	0.04577541723847389	0.12713272869586945	0.08144428580999374	0.09015058726072311	0.14017446339130402	0.05258437618613243	unknown	nli			United States
ERR473837	0.052730537950992584	0.03999792039394379	0.0491022914648056	0.051862359046936035	0.09545936435461044	0.054457537829875946	0.036347463726997375	0.044144149869680405	0.06860589236021042	0.0465800017118454	0.0391477569937706	0.16095110774040222	0.061049144715070724	0.06843859702348709	0.09402529895305634	0.03710056468844414	unknown	nli			unknown
SRR24880177	0.09124188125133514	0.0366496779024601	0.0655428022146225	0.12362154573202133	0.07417912036180496	0.036793120205402374	0.03764725849032402	0.06893186271190643	0.08349095284938812	0.043756961822509766	0.039357781410217285	0.10231086611747742	0.04605886712670326	0.047683633863925934	0.0687553808093071	0.03397826477885246	unknown	nli			unknown
ERR470695	0.05107860639691353	0.03842459246516228	0.04777350276708603	0.0508546307682991	0.09664659947156906	0.05381820350885391	0.0347476452589035	0.043583307415246964	0.0693405345082283	0.046484895050525665	0.03820010647177696	0.17199699580669403	0.062338829040527344	0.06819888949394226	0.0910796970129013	0.03543298318982124	unknown	nli			unknown
ERR713723	0.046618539839982986	0.029835805296897888	0.04509607329964638	0.0651673898100853	0.046846725046634674	0.027864396572113037	0.038384828716516495	0.055795080959796906	0.05125046893954277	0.057961076498031616	0.053084295243024826	0.17027391493320465	0.0696418359875679	0.07355643063783646	0.11600338667631149	0.05261977016925812	unknown	nli			unknown
SRR12835194	0.06503758579492569	0.03684080392122269	0.05722755938768387	0.05875656008720398	0.041991423815488815	0.027404505759477615	0.03351118788123131	0.04833182692527771	0.046299051493406296	0.04909294471144676	0.04026462137699127	0.1253020465373993	0.08641359955072403	0.0872616171836853	0.1463499367237091	0.04991476610302925	unknown	nli			United States
ERR226238	0.04352494329214096	0.024606769904494286	0.040057916194200516	0.06382511556148529	0.0418575257062912	0.022713137790560722	0.03755750134587288	0.04743079096078873	0.04403800144791603	0.0603104904294014	0.0563804917037487	0.18504515290260315	0.07661277800798416	0.0796646773815155	0.11854436248540878	0.05783035606145859	unknown	nli			unknown
ERR946747	0.33997517824172974	0.011275391094386578	0.015869826078414917	0.019866380840539932	0.023294296115636826	0.014677188359200954	0.026370132341980934	0.04476957768201828	0.04538586735725403	0.06610056757926941	0.04213935509324074	0.11710210889577866	0.04784349352121353	0.04994407668709755	0.10667801648378372	0.02870849147439003	chicken	nli			unknown
SRR29931273	0.059774063527584076	0.04368895664811134	0.055228013545274734	0.058048270642757416	0.07199575006961823	0.060125336050987244	0.03881983458995819	0.05394865572452545	0.08059205114841461	0.0480298176407814	0.054478079080581665	0.13339386880397797	0.06101255863904953	0.06400308012962341	0.07735338807106018	0.03950824216008186	unknown	nli			unknown
SRR13923227	0.07159809023141861	0.04568864032626152	0.05559752508997917	0.05872269347310066	0.0508699044585228	0.04246191307902336	0.041599977761507034	0.05238228291273117	0.053992319852113724	0.05121884495019913	0.04515634849667549	0.12328829616308212	0.07681354135274887	0.0797954648733139	0.10136467963457108	0.049449462443590164	unknown	nli			unknown
SRR18072425	0.05349588766694069	0.03295786306262016	0.04785984009504318	0.05261510610580444	0.03549701347947121	0.02546785958111286	0.028466999530792236	0.03841892257332802	0.03793426975607872	0.046342071145772934	0.03447214886546135	0.14302270114421844	0.10301538556814194	0.09965111315250397	0.17493584752082825	0.04584691673517227	unknown	nli		2022	United States
SRR11853953	0.0715465322136879	0.0405278205871582	0.056157518178224564	0.059662722051143646	0.043480005115270615	0.03323974832892418	0.04040926322340965	0.05219143256545067	0.04917316511273384	0.050486970692873	0.040925536304712296	0.11935076862573624	0.08259116858243942	0.08291441947221756	0.12816978991031647	0.04917316511273384	unknown	nli			United States
ERR1163719	0.027073854580521584	0.02366040088236332	0.04072212427854538	0.039934489876031876	0.03751498460769653	0.02691568247973919	0.014893312007188797	0.020556515082716942	0.027232954278588295	0.03973997011780739	0.02741975709795952	0.024554919451475143	0.02008032239973545	0.5502029061317444	0.03402460739016533	0.04547320306301117	environment	nli		2014	United Kingdom
ERR670848	0.05156723037362099	0.03776425123214722	0.04797215759754181	0.05012731999158859	0.09612882882356644	0.05465233325958252	0.034250691533088684	0.0443669930100441	0.0742282047867775	0.044150885194540024	0.03653094917535782	0.16848494112491608	0.06147728115320206	0.0667981505393982	0.09771417081356049	0.033785607665777206	unknown	nli			unknown
ERR694574	0.04023265093564987	0.02388365939259529	0.035435911267995834	0.13563261926174164	0.05221768096089363	0.0168371070176363	0.027977416291832924	0.033062174916267395	0.033978693187236786	0.03880488872528076	0.03895676136016846	0.18294861912727356	0.07232029736042023	0.07888718694448471	0.14767780900001526	0.04114654287695885	unknown	nli			unknown
ERR10703458	0.12871181964874268	0.037156712263822556	0.07774433493614197	0.20937947928905487	0.04373857378959656	0.017145005986094475	0.019389931112527847	0.028157133609056473	0.03154988959431648	0.03768659755587578	0.023229381069540977	0.13879743218421936	0.04312359169125557	0.05885667726397514	0.08075039088726044	0.024583082646131516	cattle	nli		2020	Denmark
SRR25382606	0.05959470197558403	0.03843967244029045	0.04959911108016968	0.05410285294055939	0.047235459089279175	0.03703934699296951	0.03732984885573387	0.046231456100940704	0.0466395802795887	0.04275710880756378	0.03586472570896149	0.13131588697433472	0.09692087024450302	0.08494966477155685	0.15118056535720825	0.04079911485314369	unknown	nli		2023	United States
SRR25052815	0.05340798944234848	0.03296803683042526	0.04604056850075722	0.05222177132964134	0.034482792019844055	0.02537640370428562	0.028643127530813217	0.0393037423491478	0.038020163774490356	0.043760936707258224	0.034147683531045914	0.14425936341285706	0.10513093322515488	0.09656781703233719	0.18262822926044464	0.043040432035923004	unknown	nli		2023	United States
SRR9856010	0.07025716453790665	0.0416666604578495	0.05773555859923363	0.060565464198589325	0.04527292400598526	0.03430755063891411	0.04050320014357567	0.052826132625341415	0.04977115988731384	0.05050559714436531	0.04142323136329651	0.11583448201417923	0.08126131445169449	0.08205877244472504	0.1267233043909073	0.04928747937083244	unknown	nli			United States
SRR9077775	0.03698015585541725	0.030064657330513	0.02668788470327854	0.03194121643900871	0.03542482480406761	0.01916632615029812	0.013070299290120602	0.02756195329129696	0.03194121643900871	0.36554786562919617	0.02871592715382576	0.1280064582824707	0.039211705327034	0.1117105782032013	0.048799753189086914	0.025169074535369873	wildbird	nli			unknown
SRR25436740	0.056766584515571594	0.04425305128097534	0.05379803106188774	0.05794276297092438	0.06724760681390762	0.05654527246952057	0.038749270141124725	0.05173706263303757	0.07432735711336136	0.04888809099793434	0.05395587533712387	0.1375458836555481	0.0664316937327385	0.0686744675040245	0.08111609518527985	0.042020875960588455	unknown	nli			unknown
ERR470518	0.051526378840208054	0.0382537804543972	0.047887369990348816	0.05147608369588852	0.09692426025867462	0.053605131804943085	0.03422355651855469	0.043389562517404556	0.0692010372877121	0.045560769736766815	0.038403499871492386	0.1702735722064972	0.06178957223892212	0.06842822581529617	0.0939192920923233	0.03513794019818306	unknown	nli			unknown
SRR24863315	0.07321842014789581	0.03455217555165291	0.04963891580700874	0.08240211755037308	0.056275732815265656	0.03645874932408333	0.034789182245731354	0.05641329288482666	0.05943902209401131	0.04524090886116028	0.046043191105127335	0.1528613120317459	0.063924640417099	0.06505824625492096	0.10697523504495621	0.036708831787109375	unknown	nli			unknown
SRR19383128	0.06918691843748093	0.04524114727973938	0.055701933801174164	0.059120938181877136	0.050965435802936554	0.04258321598172188	0.04155617207288742	0.052021414041519165	0.05304744839668274	0.051065072417259216	0.04541821405291557	0.12327880412340164	0.0771082267165184	0.08076928555965424	0.10305359959602356	0.049882154911756516	unknown	nli			unknown
ERR326230	0.05011842027306557	0.03075668402016163	0.047220032662153244	0.07095493376255035	0.0525236539542675	0.029752233996987343	0.04070621356368065	0.05825205147266388	0.05075874552130699	0.05673617497086525	0.05607518553733826	0.15057876706123352	0.07095493376255035	0.07109365612268448	0.1102195754647255	0.0532987080514431	unknown	nli			unknown
ERR713652	0.04687703028321266	0.030772743746638298	0.045479170978069305	0.06407330185174942	0.048035573214292526	0.028908319771289825	0.03974518924951553	0.05615927278995514	0.05249978229403496	0.058396413922309875	0.054751306772232056	0.16586922109127045	0.07043951749801636	0.07274651527404785	0.11300259083509445	0.05224405974149704	unknown	nli			unknown
ERR467052	0.08300206810235977	0.04543698579072952	0.05332912877202034	0.05039248242974281	0.07044293731451035	0.05427484214305878	0.03829916566610336	0.06066633388400078	0.07221915572881699	0.044951509684324265	0.047246985137462616	0.12314921617507935	0.06265324354171753	0.06382661312818527	0.09147204458713531	0.03863725811243057	unknown	nli			unknown
SRR4069948	0.06395351141691208	0.02592802233994007	0.057551924139261246	0.13250374794006348	0.05131286382675171	0.024934733286499977	0.027871087193489075	0.04342126473784447	0.05828721821308136	0.0354740284383297	0.031520456075668335	0.14808951318264008	0.05061608925461769	0.06046133115887642	0.15409216284751892	0.033982038497924805	unknown	nli			unknown
SRR12158718	0.07082506269216537	0.04506313055753708	0.057805728167295456	0.05993260443210602	0.052019525319337845	0.04471245035529137	0.04449465870857239	0.054729361087083817	0.05597255006432533	0.04778243973851204	0.04212668910622597	0.10637293756008148	0.07862620800733566	0.07539288699626923	0.11705620586872101	0.04708760231733322	unknown	nli			United States
SRR12422695	0.07143577188253403	0.041303496807813644	0.056676145642995834	0.05933811888098717	0.043967340141534805	0.033188290894031525	0.03995461016893387	0.05170510336756706	0.049001239240169525	0.05031044781208038	0.04086218401789665	0.11714678257703781	0.08238281309604645	0.08238281309604645	0.13081437349319458	0.04953046143054962	unknown	nli			United States
SRR27042677	0.05853933468461037	0.038692135363817215	0.0500713475048542	0.054458193480968475	0.04717568680644035	0.03702862188220024	0.037137262523174286	0.04626322165131569	0.04667162522673607	0.042870137840509415	0.03606503829360008	0.13237209618091583	0.09618572145700455	0.08442890644073486	0.1511736810207367	0.04086704179644585	unknown	nli		2023	United States
SRR11072035	0.05553960055112839	0.03850874304771423	0.051566772162914276	0.06355221569538116	0.0448019877076149	0.03342432156205177	0.035649560391902924	0.0476914681494236	0.050470709800720215	0.055053599178791046	0.040396250784397125	0.1250382661819458	0.07886063307523727	0.08857886493206024	0.1376633495092392	0.053203679621219635	unknown	nli			United States
SRR4070139	0.06489834189414978	0.02618291787803173	0.058860234916210175	0.1341252624988556	0.052249230444431305	0.02537735365331173	0.028172584250569344	0.04419204220175743	0.05906176194548607	0.03606849163770676	0.03220553696155548	0.14195232093334198	0.05061696469783783	0.060050465166568756	0.151095911860466	0.034890566021203995	unknown	nli			unknown
SRR15178534	0.06782497465610504	0.03745650872588158	0.05546536296606064	0.0585830882191658	0.04042112082242966	0.02860693633556366	0.034037996083498	0.04918759688735008	0.045535534620285034	0.04981602355837822	0.03868326544761658	0.12702347338199615	0.08582257479429245	0.08760077506303787	0.14323535561561584	0.050699442625045776	unknown	nli			United States
ERR221328	0.04677592217922211	0.024649178609251976	0.04075886309146881	0.06294387578964233	0.04402782395482063	0.02222522534430027	0.0374024361371994	0.05274588614702225	0.043941911309957504	0.056588076055049896	0.056147702038288116	0.180320143699646	0.07489383965730667	0.07614757865667343	0.1254235953092575	0.05500796437263489	unknown	nli			unknown
ERR148287	0.04551389068365097	0.02662590704858303	0.040560029447078705	0.06275928765535355	0.04234083369374275	0.02419586107134819	0.037475284188985825	0.048449285328388214	0.04493972659111023	0.05953546613454819	0.054846640676259995	0.18715889751911163	0.07637043297290802	0.07727066427469254	0.11498197913169861	0.05697581544518471	unknown	nli			unknown
ERR11721283	0.07977686822414398	0.043778203427791595	0.048410750925540924	0.0899367481470108	0.054111674427986145	0.03396157547831535	0.03974389657378197	0.052883993834257126	0.0495104044675827	0.05224236845970154	0.042805857956409454	0.12547598779201508	0.06419648975133896	0.08307642489671707	0.0970313772559166	0.043057411909103394	unknown	nli		2019	United Kingdom
SRR13202276	0.08066218346357346	0.027469897642731667	0.04340654984116554	0.18526406586170197	0.03222552314400673	0.015111175365746021	0.021751709282398224	0.039425741881132126	0.03462361916899681	0.024432232603430748	0.020413896068930626	0.12532533705234528	0.07311055064201355	0.060796014964580536	0.19462966918945312	0.021351832896471024	unknown	nli		2020	United States
ERR356059	0.050241466611623764	0.025937968865036964	0.04251464456319809	0.06289394944906235	0.04512420669198036	0.024750184267759323	0.03882359713315964	0.05342956259846687	0.04530081897974014	0.05782756954431534	0.05720970034599304	0.17180031538009644	0.07417958974838257	0.07534775882959366	0.11906072497367859	0.05555795505642891	unknown	nli			unknown
SRR6398721	0.02111373469233513	0.016379285603761673	0.04598172381520271	0.03535885363817215	0.024805279448628426	0.016093885526061058	0.007951504550874233	0.015030479058623314	0.01907466910779476	0.02689959853887558	0.017814308404922485	0.03030315600335598	0.015477338805794716	0.6600440740585327	0.024708574637770653	0.022963548079133034	environment	nli		2009	United States
SRR17857257	0.0708421915769577	0.04542755335569382	0.05598608776926994	0.058672912418842316	0.05097591131925583	0.04255039244890213	0.041727397590875626	0.051829252392053604	0.05363138020038605	0.05137572064995766	0.04547193646430969	0.12542949616909027	0.07697360217571259	0.08003988116979599	0.09936834871768951	0.04969789832830429	unknown	nli			unknown
ERR12084056	0.08273610472679138	0.042113274335861206	0.049235403537750244	0.09751075506210327	0.05658665671944618	0.03302282840013504	0.039024561643600464	0.05579103156924248	0.05228302255272865	0.05139710009098053	0.042818255722522736	0.11880368739366531	0.06278882175683975	0.07848610728979111	0.09483425319194794	0.04256810247898102	unknown	nli		2019	United Kingdom
ERR439920	0.05260876566171646	0.039057355374097824	0.049711789935827255	0.05164162814617157	0.09369372576475143	0.05433178320527077	0.03501078858971596	0.043870504945516586	0.06972934305667877	0.04606578126549721	0.038943100720644	0.16605132818222046	0.06102724000811577	0.06768306344747543	0.09445163607597351	0.0361221507191658	unknown	nli			unknown
SRR27559027	0.0561746284365654	0.04404893144965172	0.053811993449926376	0.057788245379924774	0.0667090117931366	0.0561746284365654	0.038233015686273575	0.0513477586209774	0.07358819991350174	0.049092166125774384	0.05434007942676544	0.13964584469795227	0.0663192868232727	0.06963789463043213	0.08109753578901291	0.04199075698852539	unknown	nli			unknown
ERR3145269	0.07474160194396973	0.07861590385437012	0.08132955431938171	0.07304587960243225	0.10374312102794647	0.1254439651966095	0.017085101455450058	0.08196743577718735	0.1240430548787117	0.02880842052400112	0.025163987651467323	0.04961875453591347	0.025151701644062996	0.023103050887584686	0.07193095982074738	0.01620747335255146	unknown	nli		2016	Denmark
SRR15230816	0.06939273327589035	0.0391928032040596	0.057248376309871674	0.0593547523021698	0.04192472994327545	0.030226757749915123	0.034520041197538376	0.05017733573913574	0.047367971390485764	0.04954434558749199	0.039307791739702225	0.12178803980350494	0.08403122425079346	0.08594000339508057	0.13990366458892822	0.050079427659511566	unknown	nli			United States
SRR21388670	0.057604316622018814	0.03535063564777374	0.05014534294605255	0.054591961205005646	0.03818583860993385	0.02848837338387966	0.03291825205087662	0.04305946081876755	0.041571952402591705	0.046105921268463135	0.035977527499198914	0.14067043364048004	0.09953133761882782	0.09441861510276794	0.15781289339065552	0.04356703534722328	unknown	nli		2022	United States
ERR12953173	0.018878933042287827	0.03681904822587967	0.022883808240294456	0.015529385767877102	0.037398867309093475	0.01992066577076912	0.010476969182491302	0.014760473743081093	0.026519767940044403	0.30979111790657043	0.06754722446203232	0.19151021540164948	0.07866702973842621	0.08719412982463837	0.03793220967054367	0.02417011372745037	wildbird	nli		2021	Luxembourg
SRR10699576	0.05710633099079132	0.03913375362753868	0.05219941958785057	0.0643947646021843	0.045086681842803955	0.033603884279727936	0.03494250774383545	0.048655204474925995	0.05099021643400192	0.05486501753330231	0.041333481669425964	0.1272539347410202	0.07729656249284744	0.08741757273674011	0.13290594518184662	0.052814725786447525	unknown	nli			United States
ERR976146	0.052808910608291626	0.03916768729686737	0.04879259690642357	0.05193944647908211	0.09295447170734406	0.05507370084524155	0.03541962429881096	0.044949840754270554	0.0710274800658226	0.04597088322043419	0.03997921571135521	0.16058151423931122	0.061020590364933014	0.06797374784946442	0.09611612558364868	0.036224182695150375	unknown	nli			unknown
SRR24939988	0.04016171395778656	0.022429894655942917	0.10049927979707718	0.24043866991996765	0.07867123186588287	0.030035708099603653	0.0020339996553957462	0.18507224321365356	0.15814617276191711	0.013237464241683483	0.010657395236194134	0.004173496272414923	0.010430870577692986	0.02234244905412197	0.03508102148771286	0.04658840596675873	cattle	nli		2019	United States
ERR1658689	0.05285435542464256	0.03755262494087219	0.04751734435558319	0.04936199635267258	0.10255321860313416	0.05376539006829262	0.03269006684422493	0.045032475143671036	0.07526805996894836	0.04076298698782921	0.036114003509283066	0.1627035290002823	0.059280846267938614	0.07213759422302246	0.10237811505794525	0.03002740442752838	unknown	nli			unknown
SRR1815315	0.04654135927557945	0.020896049216389656	0.05328182131052017	0.100766122341156	0.04083264619112015	0.022838033735752106	0.01677405647933483	0.03088236041367054	0.05119061470031738	0.034823838621377945	0.02395743690431118	0.11700496077537537	0.03743356838822365	0.04564116895198822	0.32607215642929077	0.03106384165585041	laboratory	nli			unknown
SRR1993248	0.06431014090776443	0.03881607577204704	0.05331497639417648	0.05901430547237396	0.04317578673362732	0.03243204578757286	0.03703855723142624	0.04663858562707901	0.04728059843182564	0.04797828570008278	0.03889196366071701	0.12628255784511566	0.08371257036924362	0.07972323149442673	0.15397098660469055	0.04741932451725006	unknown	nli			United States
ERR4879520	0.11270011961460114	0.04530210420489311	0.05850374698638916	0.14032606780529022	0.09858719259500504	0.027269942685961723	0.02337081916630268	0.03799019753932953	0.08106592297554016	0.05408070608973503	0.03546266257762909	0.1148107498884201	0.047337308526039124	0.04629722237586975	0.052557773888111115	0.02433743327856064	unknown	nli		2019	Denmark
SRR9945146	0.20800045132637024	0.052136920392513275	0.06252171844244003	0.23676235973834991	0.03372793644666672	0.027852429077029228	0.021904362365603447	0.030292633920907974	0.04013121873140335	0.03679053112864494	0.024991149082779884	0.0642862617969513	0.018481384962797165	0.0376262329518795	0.06513939797878265	0.03935501351952553	cattle	nli		2017	United Kingdom
SRR7411500	0.0703246146440506	0.042404841631650925	0.05807386338710785	0.06068284064531326	0.04527215287089348	0.033676281571388245	0.041422534734010696	0.05220980569720268	0.04914245754480362	0.05030783638358116	0.04195175692439079	0.1131492629647255	0.08189726620912552	0.08165768533945084	0.12771505117416382	0.05011170729994774	unknown	nli			United States
SRR12341582	0.0666455402970314	0.03771479055285454	0.05623089522123337	0.05812927708029747	0.04126010835170746	0.028635913506150246	0.034272700548172	0.04856882989406586	0.04558165743947029	0.05129890516400337	0.039370663464069366	0.12567077577114105	0.0859934389591217	0.08734764158725739	0.14177919924259186	0.051499683409929276	unknown	nli			United States
SRR23980959	0.053226057440042496	0.03334055840969086	0.04566023498773575	0.052298616617918015	0.035283494740724564	0.02591499127447605	0.029193969443440437	0.03940004110336304	0.03800182044506073	0.04403984919190407	0.03456727787852287	0.14174649119377136	0.10350160300731659	0.09511764347553253	0.18505291640758514	0.04365447536110878	unknown	nli		2023	United States
SRR9969039	0.23152758181095123	0.049174871295690536	0.06366808712482452	0.2430538684129715	0.03134915605187416	0.026501959189772606	0.020639745518565178	0.02956506796181202	0.03916735574603081	0.0332084596157074	0.02311541885137558	0.05698816478252411	0.017245152965188026	0.03346891328692436	0.0666259229183197	0.03470035642385483	cattle	nli		2017	United Kingdom
ERR1906113	0.06766015291213989	0.040520258247852325	0.05243711173534393	0.0668066143989563	0.047697924077510834	0.03479446470737457	0.044676974415779114	0.04840177297592163	0.04945290833711624	0.05431338772177696	0.05008472502231598	0.1268695592880249	0.06596384197473526	0.08253543823957443	0.11240019649267197	0.05538462474942207	unknown	nli			unknown
ERR213031	0.08992844074964523	0.046200867742300034	0.052814602851867676	0.0483236238360405	0.0745169073343277	0.05333289876580238	0.034434303641319275	0.06433175504207611	0.07058564573526382	0.04129303991794586	0.043274737894535065	0.12781408429145813	0.060552243143320084	0.06358227133750916	0.09410624951124191	0.034908320754766464	unknown	nli			unknown
ERR12072012	0.08649055659770966	0.04305703192949295	0.04775296524167061	0.09705420583486557	0.056957803666591644	0.03327189385890961	0.03818368539214134	0.05640428140759468	0.052857715636491776	0.04836307093501091	0.041610222309827805	0.12059438228607178	0.05945855379104614	0.07789011299610138	0.09884769469499588	0.04120584949851036	unknown	nli		2020	United Kingdom
ERR278336	0.05178238824009895	0.02796179987490177	0.04247042536735535	0.06488627195358276	0.04765761271119118	0.02550927922129631	0.03848140686750412	0.05793692544102669	0.04756461828947067	0.05469310283660889	0.05480003356933594	0.16569291055202484	0.07196297496557236	0.07345401495695114	0.12187637388706207	0.05326984450221062	unknown	nli			unknown
ERR3446633	0.07016190886497498	0.04779956489801407	0.055178381502628326	0.08344146609306335	0.06407058238983154	0.04416421800851822	0.041447948664426804	0.055178381502628326	0.052343979477882385	0.05692993104457855	0.048410262912511826	0.11567743122577667	0.06400804221630096	0.06476255506277084	0.08459010720252991	0.05183529108762741	unknown	nli			unknown
SRR15223897	0.061317186802625656	0.03878572955727577	0.043184179812669754	0.04715145006775856	0.04025207832455635	0.031966645270586014	0.032724712044000626	0.04420826584100723	0.04173309728503227	0.04335319623351097	0.04052818566560745	0.18512670695781708	0.09822409600019455	0.08689434081315994	0.12302028387784958	0.0415298193693161	unknown	nli		2021	unknown
SRR28868230	0.07373631745576859	0.0358135923743248	0.049239035695791245	0.0806283950805664	0.05606824532151222	0.036377571523189545	0.03563914820551872	0.05648041144013405	0.05756627023220062	0.04518428444862366	0.046436842530965805	0.1517687886953354	0.06310081481933594	0.06526299566030502	0.1092015877366066	0.0374956876039505	unknown	nli			unknown
ERR3144883	0.07470420002937317	0.08002859354019165	0.08196642249822617	0.07318778336048126	0.10607244819402695	0.12676624953746796	0.016458481550216675	0.08122934401035309	0.11943527311086655	0.029440872371196747	0.0256662480533123	0.05058365315198898	0.02477959729731083	0.022772371768951416	0.071126788854599	0.015781663358211517	unknown	nli		2015	Denmark
ERR330642	0.0495915561914444	0.032144032418727875	0.04636003449559212	0.06778361648321152	0.05052030086517334	0.02610740438103676	0.038886863738298416	0.05658005550503731	0.05037251114845276	0.05516153573989868	0.053048327565193176	0.1587601751089096	0.07152388989925385	0.0729345753788948	0.11717679351568222	0.053048327565193176	unknown	nli			unknown
ERR148380	0.04566246271133423	0.0260685533285141	0.040494225919246674	0.06401818245649338	0.0452628917992115	0.024346068501472473	0.03852682188153267	0.05260851979255676	0.04430081322789192	0.056661609560251236	0.057161808013916016	0.17886531352996826	0.07513777911663055	0.074698805809021	0.12196063995361328	0.05422551557421684	unknown	nli			unknown
SRR9945233	0.20378530025482178	0.050049588084220886	0.06382711976766586	0.23964923620224	0.033832188695669174	0.0296533964574337	0.02199353277683258	0.030654512345790863	0.04045230522751808	0.03562937676906586	0.026451660320162773	0.06376482546329498	0.019523287191987038	0.037742532789707184	0.06572471559047699	0.037266410887241364	cattle	nli		2017	United Kingdom
ERR1658511	0.054694995284080505	0.038351427763700485	0.049630433320999146	0.05055990442633629	0.10101788491010666	0.05632108822464943	0.03364728391170502	0.04726528376340866	0.0762709230184555	0.0418747253715992	0.03794165328145027	0.1527978777885437	0.0572359636425972	0.06816879659891129	0.1020839586853981	0.032137833535671234	unknown	nli			unknown
ERR594006	0.06265144050121307	0.04956136643886566	0.059201449155807495	0.05908593162894249	0.07116691023111343	0.054061684757471085	0.04855532571673393	0.05048954859375954	0.060546208173036575	0.05083587393164635	0.04517022520303726	0.10254096239805222	0.06662700325250626	0.07609042525291443	0.09331902861595154	0.05009663477540016	unknown	nli			unknown
ERR12757156	0.08849015086889267	0.04052363336086273	0.04076177626848221	0.13450175523757935	0.05487775057554245	0.02985108643770218	0.03320387750864029	0.05092739686369896	0.04632465913891792	0.04605402052402496	0.035937026143074036	0.1366792470216751	0.05601479485630989	0.07471656054258347	0.09603170305490494	0.035104550421237946	unknown	nli		2022	United Kingdom
ERR1701073	0.04875662922859192	0.03328161686658859	0.045004524290561676	0.09180379658937454	0.04311169683933258	0.022941213101148605	0.03440522029995918	0.04580261558294296	0.035221122205257416	0.04562404751777649	0.04315381497144699	0.13604208827018738	0.08552877604961395	0.0788697823882103	0.15773454308509827	0.05271849036216736	unknown	nli			unknown
