run_accession	chicken	turkey	pig	cattle	sheep	goat	human	dog	cat	wildbird	environment	water	wastewater	laboratory	other_animal	other_food	best_hit	source_method	source_evidence	source_llm_score	nli_verification_score	year	country
ERR4224313	NA	NA	NA	NA	NA	NA	NA	NA	NA	NA	NA	NA	NA	NA	NA	NA	cat	mistral		NA	0.9921233057975769	2016	Netherlands
ERR4224555	NA	NA	NA	NA	NA	NA	NA	NA	NA	NA	NA	NA	NA	NA	NA	NA	cat	mistral		NA	0.9921992421150208	2018	Netherlands
SRR28564538	NA	NA	NA	NA	NA	NA	NA	NA	NA	NA	NA	NA	NA	NA	NA	NA	cat	host_tax_id	host_tax_id=9685; Felis catus	NA	0.9708263874053955	2022	United States
SRR6627731	NA	NA	NA	NA	NA	NA	NA	NA	NA	NA	NA	NA	NA	NA	NA	NA	cat	mistral		NA	0.9797065258026123	2017	United States
ERR4224319	NA	NA	NA	NA	NA	NA	NA	NA	NA	NA	NA	NA	NA	NA	NA	NA	cat	mistral		NA	0.9923192858695984	2016	Netherlands
ERR4224530	NA	NA	NA	NA	NA	NA	NA	NA	NA	NA	NA	NA	NA	NA	NA	NA	cat	mistral		NA	0.9921841025352478	2017	Netherlands
ERR4224584	NA	NA	NA	NA	NA	NA	NA	NA	NA	NA	NA	NA	NA	NA	NA	NA	cat	mistral		NA	0.9922294020652771	2018	Netherlands
ERR4224321	NA	NA	NA	NA	NA	NA	NA	NA	NA	NA	NA	NA	NA	NA	NA	NA	cat	mistral		NA	0.9922893643379211	2016	Netherlands
ERR4224598	NA	NA	NA	NA	NA	NA	NA	NA	NA	NA	NA	NA	NA	NA	NA	NA	cat	mistral		NA	0.9924080967903137	2018	Netherlands
ERR4224544	NA	NA	NA	NA	NA	NA	NA	NA	NA	NA	NA	NA	NA	NA	NA	NA	cat	mistral		NA	0.9922294020652771	2018	Netherlands
ERR4224591	NA	NA	NA	NA	NA	NA	NA	NA	NA	NA	NA	NA	NA	NA	NA	NA	cat	mistral		NA	0.9925826787948608	2018	Netherlands
ERR4224614	NA	NA	NA	NA	NA	NA	NA	NA	NA	NA	NA	NA	NA	NA	NA	NA	cat	mistral		NA	0.9923043847084045	2018	Netherlands
SRR5209498	NA	NA	NA	NA	NA	NA	NA	NA	NA	NA	NA	NA	NA	NA	NA	NA	cat	host_tax_id	host_tax_id=9685; Felis catus	NA	0.9743128418922424	2004	Canada
ERR4224509	NA	NA	NA	NA	NA	NA	NA	NA	NA	NA	NA	NA	NA	NA	NA	NA	cat	mistral		NA	0.9922444224357605	2018	Netherlands
ERR4224592	NA	NA	NA	NA	NA	NA	NA	NA	NA	NA	NA	NA	NA	NA	NA	NA	cat	mistral		NA	0.9925682544708252	2018	Netherlands
ERR4224525	NA	NA	NA	NA	NA	NA	NA	NA	NA	NA	NA	NA	NA	NA	NA	NA	cat	mistral		NA	0.9921385049819946	2017	Netherlands
ERR4224528	NA	NA	NA	NA	NA	NA	NA	NA	NA	NA	NA	NA	NA	NA	NA	NA	cat	mistral		NA	0.9922143816947937	2017	Netherlands
ERR4224527	NA	NA	NA	NA	NA	NA	NA	NA	NA	NA	NA	NA	NA	NA	NA	NA	cat	mistral		NA	0.9921537041664124	2017	Netherlands
SRR8399251	NA	NA	NA	NA	NA	NA	NA	NA	NA	NA	NA	NA	NA	NA	NA	NA	cat	mistral		NA	0.9642205238342285	2018	United States
SRR8607992	NA	NA	NA	NA	NA	NA	NA	NA	NA	NA	NA	NA	NA	NA	NA	NA	cat	mistral		NA	0.9715639352798462	2009	United States
SRR5750634	NA	NA	NA	NA	NA	NA	NA	NA	NA	NA	NA	NA	NA	NA	NA	NA	cattle	mistral		NA	0.9689150452613831	2017	United States
SRR8606599	NA	NA	NA	NA	NA	NA	NA	NA	NA	NA	NA	NA	NA	NA	NA	NA	cattle	mistral		NA	0.9865458011627197	2018	United States
SRR7465511	NA	NA	NA	NA	NA	NA	NA	NA	NA	NA	NA	NA	NA	NA	NA	NA	cattle	mistral		NA	0.9720456600189209	2018	United States
SRR5164537	NA	NA	NA	NA	NA	NA	NA	NA	NA	NA	NA	NA	NA	NA	NA	NA	cattle	mistral		NA	0.9861246943473816	2016	United States
SRR23803202	NA	NA	NA	NA	NA	NA	NA	NA	NA	NA	NA	NA	NA	NA	NA	NA	cattle	mistral		NA	0.9798226952552795	2023	United States
SRR14503779	NA	NA	NA	NA	NA	NA	NA	NA	NA	NA	NA	NA	NA	NA	NA	NA	cattle	mistral		NA	0.9877822995185852	2021	United States
SRR3611737	NA	NA	NA	NA	NA	NA	NA	NA	NA	NA	NA	NA	NA	NA	NA	NA	cattle	mistral		NA	0.985772967338562	2016	United States
ERR2601882	NA	NA	NA	NA	NA	NA	NA	NA	NA	NA	NA	NA	NA	NA	NA	NA	cattle	host_tax_id	host_tax_id=9913; Bos taurus	NA	0.9565125703811646	2003	Finland
SRR8841108	NA	NA	NA	NA	NA	NA	NA	NA	NA	NA	NA	NA	NA	NA	NA	NA	cattle	mistral		NA	0.9918910264968872	2019	United States
SRR21602127	NA	NA	NA	NA	NA	NA	NA	NA	NA	NA	NA	NA	NA	NA	NA	NA	cattle	mistral		NA	0.9786310791969299	2022	United States
SRR2423693	NA	NA	NA	NA	NA	NA	NA	NA	NA	NA	NA	NA	NA	NA	NA	NA	cattle	mistral		NA	0.9663470387458801	2015	United States
SRR7163773	NA	NA	NA	NA	NA	NA	NA	NA	NA	NA	NA	NA	NA	NA	NA	NA	cattle	mistral		NA	0.9862841367721558	2018	United States
SRR16465102	NA	NA	NA	NA	NA	NA	NA	NA	NA	NA	NA	NA	NA	NA	NA	NA	cattle	mistral		NA	0.9782188534736633	2021	United States
SRR15275302	NA	NA	NA	NA	NA	NA	NA	NA	NA	NA	NA	NA	NA	NA	NA	NA	cattle	mistral		NA	0.9810945391654968	2021	United States
SRR6322613	NA	NA	NA	NA	NA	NA	NA	NA	NA	NA	NA	NA	NA	NA	NA	NA	cattle	host_tax_id	host_tax_id=9913; Bos taurus	NA	0.963949978351593	2014	United States
SRR2962345	NA	NA	NA	NA	NA	NA	NA	NA	NA	NA	NA	NA	NA	NA	NA	NA	cattle	host_tax_id	host_tax_id=9913; Bos taurus	NA	0.9860173463821411	2011	United States
SRR11457120	NA	NA	NA	NA	NA	NA	NA	NA	NA	NA	NA	NA	NA	NA	NA	NA	cattle	mistral		NA	0.9805434346199036	2013	United States
SRR7163778	NA	NA	NA	NA	NA	NA	NA	NA	NA	NA	NA	NA	NA	NA	NA	NA	cattle	mistral		NA	0.9640855193138123	2018	United States
SRR3774242	NA	NA	NA	NA	NA	NA	NA	NA	NA	NA	NA	NA	NA	NA	NA	NA	cattle	mistral		NA	0.9601374864578247	2016	United States
SRR6498630	NA	NA	NA	NA	NA	NA	NA	NA	NA	NA	NA	NA	NA	NA	NA	NA	cattle	mistral		NA	0.9671630263328552	2017	United States
SRR11457294	NA	NA	NA	NA	NA	NA	NA	NA	NA	NA	NA	NA	NA	NA	NA	NA	cattle	mistral		NA	0.9810219407081604	2013	United States
SRR12828244	NA	NA	NA	NA	NA	NA	NA	NA	NA	NA	NA	NA	NA	NA	NA	NA	cattle	mistral		NA	0.9901592135429382	2020	United States
SRR12828245	NA	NA	NA	NA	NA	NA	NA	NA	NA	NA	NA	NA	NA	NA	NA	NA	cattle	mistral		NA	0.9862841367721558	2020	United States
SRR6652913	NA	NA	NA	NA	NA	NA	NA	NA	NA	NA	NA	NA	NA	NA	NA	NA	cattle	mistral		NA	0.957635760307312	2017	United States
SRR17900481	NA	NA	NA	NA	NA	NA	NA	NA	NA	NA	NA	NA	NA	NA	NA	NA	cattle	mistral		NA	0.9564311504364014	2018	New Zealand
SRR4022329	NA	NA	NA	NA	NA	NA	NA	NA	NA	NA	NA	NA	NA	NA	NA	NA	environment	mistral		NA	0.9180404543876648	2011	United States
SRR11459624	NA	NA	NA	NA	NA	NA	NA	NA	NA	NA	NA	NA	NA	NA	NA	NA	cattle	mistral		NA	0.9858002662658691	2020	United States
SRR5941988	NA	NA	NA	NA	NA	NA	NA	NA	NA	NA	NA	NA	NA	NA	NA	NA	cattle	mistral		NA	0.9640517234802246	2017	United States
SRR5890889	NA	NA	NA	NA	NA	NA	NA	NA	NA	NA	NA	NA	NA	NA	NA	NA	cattle	mistral		NA	0.9864417314529419	2017	United States
SRR4018340	NA	NA	NA	NA	NA	NA	NA	NA	NA	NA	NA	NA	NA	NA	NA	NA	cattle	mistral		NA	0.9858548641204834	2016	United States
SRR3402099	NA	NA	NA	NA	NA	NA	NA	NA	NA	NA	NA	NA	NA	NA	NA	NA	cattle	mistral		NA	0.9844862222671509	2015	United States
SRR2976804	NA	NA	NA	NA	NA	NA	NA	NA	NA	NA	NA	NA	NA	NA	NA	NA	cattle	mistral		NA	0.9701269268989563	2015	United States
SRR12302131	NA	NA	NA	NA	NA	NA	NA	NA	NA	NA	NA	NA	NA	NA	NA	NA	cattle	mistral		NA	0.9543505311012268	2012	Germany
SRR6916748	NA	NA	NA	NA	NA	NA	NA	NA	NA	NA	NA	NA	NA	NA	NA	NA	cattle	mistral		NA	0.9650203585624695	2018	United States
SRR18771549	NA	NA	NA	NA	NA	NA	NA	NA	NA	NA	NA	NA	NA	NA	NA	NA	cattle	mistral		NA	0.9789554476737976	2022	United States
SRR18319608	NA	NA	NA	NA	NA	NA	NA	NA	NA	NA	NA	NA	NA	NA	NA	NA	cattle	mistral		NA	0.9802241921424866	2022	United States
SRR18769954	NA	NA	NA	NA	NA	NA	NA	NA	NA	NA	NA	NA	NA	NA	NA	NA	cattle	mistral		NA	0.9887118935585022	2022	United States
SRR17988521	NA	NA	NA	NA	NA	NA	NA	NA	NA	NA	NA	NA	NA	NA	NA	NA	cattle	mistral		NA	0.986151397228241	2022	United States
SRR7465516	NA	NA	NA	NA	NA	NA	NA	NA	NA	NA	NA	NA	NA	NA	NA	NA	cattle	mistral		NA	0.966568648815155	2018	United States
SRR5517169	NA	NA	NA	NA	NA	NA	NA	NA	NA	NA	NA	NA	NA	NA	NA	NA	cattle	mistral		NA	0.9646559357643127	2017	United States
SRR14503780	NA	NA	NA	NA	NA	NA	NA	NA	NA	NA	NA	NA	NA	NA	NA	NA	cattle	mistral		NA	0.9861779808998108	2021	United States
SRR5646894	NA	NA	NA	NA	NA	NA	NA	NA	NA	NA	NA	NA	NA	NA	NA	NA	cattle	mistral		NA	0.9842002391815186	2017	United States
SRR10257508	NA	NA	NA	NA	NA	NA	NA	NA	NA	NA	NA	NA	NA	NA	NA	NA	cattle	mistral		NA	0.9098268747329712	2018	Egypt
ERR2834479	NA	NA	NA	NA	NA	NA	NA	NA	NA	NA	NA	NA	NA	NA	NA	NA	cattle	mistral		NA	0.9976813197135925	2014	Finland
ERR4224938	NA	NA	NA	NA	NA	NA	NA	NA	NA	NA	NA	NA	NA	NA	NA	NA	cattle	mistral		NA	0.994667112827301	2017	Netherlands
SRR8172917	NA	NA	NA	NA	NA	NA	NA	NA	NA	NA	NA	NA	NA	NA	NA	NA	cattle	mistral		NA	0.9622142314910889	2018	United States
SRR25790765	NA	NA	NA	NA	NA	NA	NA	NA	NA	NA	NA	NA	NA	NA	NA	NA	cattle	mistral		NA	0.9748929738998413	2023	United States
SRR7903408	NA	NA	NA	NA	NA	NA	NA	NA	NA	NA	NA	NA	NA	NA	NA	NA	cattle	mistral		NA	0.9608783721923828	2018	United States
SRR6973053	NA	NA	NA	NA	NA	NA	NA	NA	NA	NA	NA	NA	NA	NA	NA	NA	cattle	mistral		NA	0.9637117385864258	2018	United States
SRR6313961	NA	NA	NA	NA	NA	NA	NA	NA	NA	NA	NA	NA	NA	NA	NA	NA	cattle	mistral		NA	0.9838626980781555	2017	United States
SRR5297186	NA	NA	NA	NA	NA	NA	NA	NA	NA	NA	NA	NA	NA	NA	NA	NA	cattle	mistral		NA	0.9700419306755066	2017	United States
SRR14518549	NA	NA	NA	NA	NA	NA	NA	NA	NA	NA	NA	NA	NA	NA	NA	NA	cattle	mistral		NA	0.9880619645118713	2021	United States
SRR10245648	NA	NA	NA	NA	NA	NA	NA	NA	NA	NA	NA	NA	NA	NA	NA	NA	cattle	mistral		NA	0.9849563837051392	2019	United States
SRR7882485	NA	NA	NA	NA	NA	NA	NA	NA	NA	NA	NA	NA	NA	NA	NA	NA	cattle	mistral		NA	0.9910492897033691	2010	United States
SRR10287017	NA	NA	NA	NA	NA	NA	NA	NA	NA	NA	NA	NA	NA	NA	NA	NA	cattle	mistral		NA	0.9628830552101135	2019	United States
SRR7716478	NA	NA	NA	NA	NA	NA	NA	NA	NA	NA	NA	NA	NA	NA	NA	NA	cattle	mistral		NA	0.9918595552444458	2018	United States
SRR3726434	NA	NA	NA	NA	NA	NA	NA	NA	NA	NA	NA	NA	NA	NA	NA	NA	cattle	mistral		NA	0.9845902919769287	2016	United States
SRR10082192	NA	NA	NA	NA	NA	NA	NA	NA	NA	NA	NA	NA	NA	NA	NA	NA	cattle	mistral		NA	0.982624351978302	2019	United States
SRR6916764	NA	NA	NA	NA	NA	NA	NA	NA	NA	NA	NA	NA	NA	NA	NA	NA	cattle	mistral		NA	0.9631613492965698	2018	United States
SRR5209911	NA	NA	NA	NA	NA	NA	NA	NA	NA	NA	NA	NA	NA	NA	NA	NA	cattle	mistral		NA	0.9630224108695984	2016	United States
SRR8754439	NA	NA	NA	NA	NA	NA	NA	NA	NA	NA	NA	NA	NA	NA	NA	NA	cattle	mistral		NA	0.9859364032745361	2019	United States
SRR22222924	NA	NA	NA	NA	NA	NA	NA	NA	NA	NA	NA	NA	NA	NA	NA	NA	cattle	mistral		NA	0.9803186058998108	2022	United States
SRR5828129	NA	NA	NA	NA	NA	NA	NA	NA	NA	NA	NA	NA	NA	NA	NA	NA	cattle	host_tax_id	host_tax_id=9913; Bos taurus	NA	0.974531888961792	2015	United States
SRR10386699	NA	NA	NA	NA	NA	NA	NA	NA	NA	NA	NA	NA	NA	NA	NA	NA	cattle	mistral		NA	0.9696994423866272	2019	United States
SRR19344124	NA	NA	NA	NA	NA	NA	NA	NA	NA	NA	NA	NA	NA	NA	NA	NA	cattle	mistral		NA	0.9880849719047546	2022	United States
SRR6160548	NA	NA	NA	NA	NA	NA	NA	NA	NA	NA	NA	NA	NA	NA	NA	NA	cattle	mistral		NA	0.9846199154853821	2017	United States
SRR6269763	NA	NA	NA	NA	NA	NA	NA	NA	NA	NA	NA	NA	NA	NA	NA	NA	cattle	mistral		NA	0.9859092235565186	2017	United States
SRR9045758	NA	NA	NA	NA	NA	NA	NA	NA	NA	NA	NA	NA	NA	NA	NA	NA	cattle	mistral		NA	0.9653158783912659	2019	United States
SRR8838824	NA	NA	NA	NA	NA	NA	NA	NA	NA	NA	NA	NA	NA	NA	NA	NA	cattle	mistral		NA	0.9644890427589417	2019	United States
SRR5241742	NA	NA	NA	NA	NA	NA	NA	NA	NA	NA	NA	NA	NA	NA	NA	NA	cattle	mistral		NA	0.9869794845581055	2016	United States
SRR6844235	NA	NA	NA	NA	NA	NA	NA	NA	NA	NA	NA	NA	NA	NA	NA	NA	cattle	mistral		NA	0.9659638404846191	2018	United States
SRR10138273	NA	NA	NA	NA	NA	NA	NA	NA	NA	NA	NA	NA	NA	NA	NA	NA	cattle	mistral		NA	0.9843213558197021	2019	United States
ERR10497142	NA	NA	NA	NA	NA	NA	NA	NA	NA	NA	NA	NA	NA	NA	NA	NA	cattle	mistral		NA	0.9915870428085327	2015	Spain
SRR10186879	NA	NA	NA	NA	NA	NA	NA	NA	NA	NA	NA	NA	NA	NA	NA	NA	cattle	mistral		NA	0.9856352806091309	2019	United States
SRR5754163	NA	NA	NA	NA	NA	NA	NA	NA	NA	NA	NA	NA	NA	NA	NA	NA	cattle	mistral		NA	0.9856076836585999	2017	United States
SRR6010310	NA	NA	NA	NA	NA	NA	NA	NA	NA	NA	NA	NA	NA	NA	NA	NA	cattle	mistral		NA	0.971238374710083	2017	United States
SRR26806985	NA	NA	NA	NA	NA	NA	NA	NA	NA	NA	NA	NA	NA	NA	NA	NA	cattle	mistral		NA	0.9790958166122437	2023	United States
SRR8252759	NA	NA	NA	NA	NA	NA	NA	NA	NA	NA	NA	NA	NA	NA	NA	NA	cattle	mistral		NA	0.9613528251647949	2018	United States
SRR6269730	NA	NA	NA	NA	NA	NA	NA	NA	NA	NA	NA	NA	NA	NA	NA	NA	cattle	mistral		NA	0.9654137492179871	2017	United States
SRR3215112	NA	NA	NA	NA	NA	NA	NA	NA	NA	NA	NA	NA	NA	NA	NA	NA	cattle	mistral		NA	0.9863631129264832	2016	United States
SRR3129728	NA	NA	NA	NA	NA	NA	NA	NA	NA	NA	NA	NA	NA	NA	NA	NA	cattle	mistral		NA	0.9865198731422424	2015	United States
SRR8699411	NA	NA	NA	NA	NA	NA	NA	NA	NA	NA	NA	NA	NA	NA	NA	NA	cattle	mistral		NA	0.9662516117095947	2019	United States
SRR5582449	NA	NA	NA	NA	NA	NA	NA	NA	NA	NA	NA	NA	NA	NA	NA	NA	cattle	mistral		NA	0.9650532603263855	2017	United States
SRR7009076	NA	NA	NA	NA	NA	NA	NA	NA	NA	NA	NA	NA	NA	NA	NA	NA	cattle	mistral		NA	0.9864417314529419	2018	United States
ERR4224946	NA	NA	NA	NA	NA	NA	NA	NA	NA	NA	NA	NA	NA	NA	NA	NA	cattle	mistral		NA	0.9956685304641724	2017	Netherlands
SRR6313958	NA	NA	NA	NA	NA	NA	NA	NA	NA	NA	NA	NA	NA	NA	NA	NA	cattle	mistral		NA	0.9624267220497131	2017	United States
SRR5427956	NA	NA	NA	NA	NA	NA	NA	NA	NA	NA	NA	NA	NA	NA	NA	NA	cattle	mistral		NA	0.9854404926300049	2017	United States
SRR12302135	NA	NA	NA	NA	NA	NA	NA	NA	NA	NA	NA	NA	NA	NA	NA	NA	cattle	mistral		NA	0.9395261406898499	2012	Germany
SRR3995966	NA	NA	NA	NA	NA	NA	NA	NA	NA	NA	NA	NA	NA	NA	NA	NA	cattle	mistral		NA	0.9859634637832642	2016	United States
SRR5858791	NA	NA	NA	NA	NA	NA	NA	NA	NA	NA	NA	NA	NA	NA	NA	NA	cattle	mistral		NA	0.9850141406059265	2017	United States
SRR20988051	NA	NA	NA	NA	NA	NA	NA	NA	NA	NA	NA	NA	NA	NA	NA	NA	cattle	mistral		NA	0.9242101907730103	2019	United States
SRR6973059	NA	NA	NA	NA	NA	NA	NA	NA	NA	NA	NA	NA	NA	NA	NA	NA	cattle	mistral		NA	0.9647888541221619	2018	United States
SRR5129712	NA	NA	NA	NA	NA	NA	NA	NA	NA	NA	NA	NA	NA	NA	NA	NA	cattle	mistral		NA	0.9864417314529419	2016	United States
SRR8256677	NA	NA	NA	NA	NA	NA	NA	NA	NA	NA	NA	NA	NA	NA	NA	NA	cattle	mistral		NA	0.9863104820251465	2018	United States
SRR8188915	NA	NA	NA	NA	NA	NA	NA	NA	NA	NA	NA	NA	NA	NA	NA	NA	cattle	mistral		NA	0.9709092378616333	2018	United States
SRR2239877	NA	NA	NA	NA	NA	NA	NA	NA	NA	NA	NA	NA	NA	NA	NA	NA	cattle	mistral		NA	0.9618933796882629	2015	United States
SRR11600433	NA	NA	NA	NA	NA	NA	NA	NA	NA	NA	NA	NA	NA	NA	NA	NA	cattle	mistral		NA	0.9864417314529419	2019	United States
SRR8832618	NA	NA	NA	NA	NA	NA	NA	NA	NA	NA	NA	NA	NA	NA	NA	NA	cattle	mistral		NA	0.9714829325675964	2019	United States
SRR11457287	NA	NA	NA	NA	NA	NA	NA	NA	NA	NA	NA	NA	NA	NA	NA	NA	cattle	mistral		NA	0.9908566474914551	2013	United States
SRR3139476	NA	NA	NA	NA	NA	NA	NA	NA	NA	NA	NA	NA	NA	NA	NA	NA	cattle	mistral		NA	0.9692078232765198	2015	United States
SRR9670813	NA	NA	NA	NA	NA	NA	NA	NA	NA	NA	NA	NA	NA	NA	NA	NA	chicken	mistral		NA	0.9418149590492249	2019	United States
SRR11615623	NA	NA	NA	NA	NA	NA	NA	NA	NA	NA	NA	NA	NA	NA	NA	NA	chicken	mistral		NA	0.9413852691650391	2019	United States
SRR8663512	NA	NA	NA	NA	NA	NA	NA	NA	NA	NA	NA	NA	NA	NA	NA	NA	chicken	mistral		NA	0.9591160416603088	2018	United States
ERR11203555	NA	NA	NA	NA	NA	NA	NA	NA	NA	NA	NA	NA	NA	NA	NA	NA	chicken	mistral		NA	0.9851718544960022	2019	Sweden
SRR8662861	NA	NA	NA	NA	NA	NA	NA	NA	NA	NA	NA	NA	NA	NA	NA	NA	chicken	mistral		NA	0.9817007184028625	2018	United States
SRR12179540	NA	NA	NA	NA	NA	NA	NA	NA	NA	NA	NA	NA	NA	NA	NA	NA	chicken	mistral		NA	0.9330047965049744	2020	United States
SRR24482067	NA	NA	NA	NA	NA	NA	NA	NA	NA	NA	NA	NA	NA	NA	NA	NA	chicken	mistral		NA	0.9767802357673645	2023	United States
SRR9962624	NA	NA	NA	NA	NA	NA	NA	NA	NA	NA	NA	NA	NA	NA	NA	NA	chicken	mistral		NA	0.9426125288009644	2019	United States
SRR8662758	NA	NA	NA	NA	NA	NA	NA	NA	NA	NA	NA	NA	NA	NA	NA	NA	chicken	mistral		NA	0.9784877300262451	2018	United States
SRR22197412	NA	NA	NA	NA	NA	NA	NA	NA	NA	NA	NA	NA	NA	NA	NA	NA	chicken	mistral		NA	0.9764905571937561	2022	United States
SRR22987937	NA	NA	NA	NA	NA	NA	NA	NA	NA	NA	NA	NA	NA	NA	NA	NA	chicken	mistral		NA	0.04103744029998779	2022	United States
SRR13592140	NA	NA	NA	NA	NA	NA	NA	NA	NA	NA	NA	NA	NA	NA	NA	NA	chicken	mistral		NA	0.9675332307815552	2021	United States
SRR23517257	NA	NA	NA	NA	NA	NA	NA	NA	NA	NA	NA	NA	NA	NA	NA	NA	chicken	mistral		NA	0.9749646186828613	2023	United States
SRR21757000	NA	NA	NA	NA	NA	NA	NA	NA	NA	NA	NA	NA	NA	NA	NA	NA	chicken	mistral		NA	0.9764904975891113	2022	United States
SRR17871415	NA	NA	NA	NA	NA	NA	NA	NA	NA	NA	NA	NA	NA	NA	NA	NA	chicken	mistral		NA	0.969555675983429	2022	United States
SRR20438527	NA	NA	NA	NA	NA	NA	NA	NA	NA	NA	NA	NA	NA	NA	NA	NA	chicken	mistral		NA	0.9682013392448425	2022	United States
SRR12698365	NA	NA	NA	NA	NA	NA	NA	NA	NA	NA	NA	NA	NA	NA	NA	NA	chicken	mistral		NA	0.9865975975990295	2019	United States
SRR12625768	NA	NA	NA	NA	NA	NA	NA	NA	NA	NA	NA	NA	NA	NA	NA	NA	chicken	mistral		NA	0.9702681303024292	2020	United States
SRR7665260	NA	NA	NA	NA	NA	NA	NA	NA	NA	NA	NA	NA	NA	NA	NA	NA	chicken	mistral		NA	0.9428234100341797	2018	United States
SRR14920260	NA	NA	NA	NA	NA	NA	NA	NA	NA	NA	NA	NA	NA	NA	NA	NA	chicken	mistral		NA	0.9593070149421692	2021	United States
SRR19842112	NA	NA	NA	NA	NA	NA	NA	NA	NA	NA	NA	NA	NA	NA	NA	NA	chicken	mistral		NA	0.9669764637947083	2022	United States
SRR15998504	NA	NA	NA	NA	NA	NA	NA	NA	NA	NA	NA	NA	NA	NA	NA	NA	chicken	mistral		NA	0.9669140577316284	2021	United States
SRR17478232	NA	NA	NA	NA	NA	NA	NA	NA	NA	NA	NA	NA	NA	NA	NA	NA	chicken	mistral		NA	0.969555675983429	2021	United States
SRR9898424	NA	NA	NA	NA	NA	NA	NA	NA	NA	NA	NA	NA	NA	NA	NA	NA	chicken	mistral		NA	0.939968466758728	2019	United States
SRR26896508	NA	NA	NA	NA	NA	NA	NA	NA	NA	NA	NA	NA	NA	NA	NA	NA	chicken	mistral		NA	0.9542227983474731	2017	Brazil
SRR8796760	NA	NA	NA	NA	NA	NA	NA	NA	NA	NA	NA	NA	NA	NA	NA	NA	chicken	mistral		NA	0.9144436717033386	2016	United Kingdom
SRR27990989	NA	NA	NA	NA	NA	NA	NA	NA	NA	NA	NA	NA	NA	NA	NA	NA	chicken	mistral		NA	0.9765353798866272	2024	United States
SRR10119176	NA	NA	NA	NA	NA	NA	NA	NA	NA	NA	NA	NA	NA	NA	NA	NA	chicken	mistral		NA	0.9390807747840881	2019	United States
SRR12788365	NA	NA	NA	NA	NA	NA	NA	NA	NA	NA	NA	NA	NA	NA	NA	NA	chicken	mistral		NA	0.9710742831230164	2020	United States
SRR12819058	NA	NA	NA	NA	NA	NA	NA	NA	NA	NA	NA	NA	NA	NA	NA	NA	chicken	mistral		NA	0.9815598130226135	2020	United States
SRR12634079	NA	NA	NA	NA	NA	NA	NA	NA	NA	NA	NA	NA	NA	NA	NA	NA	chicken	mistral		NA	0.9863631725311279	2017	United States
SRR7987219	NA	NA	NA	NA	NA	NA	NA	NA	NA	NA	NA	NA	NA	NA	NA	NA	chicken	mistral		NA	0.9442797303199768	2018	United States
SRR24698312	NA	NA	NA	NA	NA	NA	NA	NA	NA	NA	NA	NA	NA	NA	NA	NA	chicken	mistral		NA	0.9709367752075195	2023	United States
SRR5414427	NA	NA	NA	NA	NA	NA	NA	NA	NA	NA	NA	NA	NA	NA	NA	NA	chicken	mistral		NA	0.9628481864929199	2015	United States
SRR21897644	NA	NA	NA	NA	NA	NA	NA	NA	NA	NA	NA	NA	NA	NA	NA	NA	chicken	mistral		NA	0.9722834229469299	2022	United States
SRR14054907	NA	NA	NA	NA	NA	NA	NA	NA	NA	NA	NA	NA	NA	NA	NA	NA	chicken	mistral		NA	0.8668104410171509	2021	United States
SRR10758621	NA	NA	NA	NA	NA	NA	NA	NA	NA	NA	NA	NA	NA	NA	NA	NA	chicken	mistral		NA	0.9476723074913025	2019	United States
SRR5414733	NA	NA	NA	NA	NA	NA	NA	NA	NA	NA	NA	NA	NA	NA	NA	NA	chicken	mistral		NA	0.9800721406936646	2015	United States
SRR8662779	NA	NA	NA	NA	NA	NA	NA	NA	NA	NA	NA	NA	NA	NA	NA	NA	chicken	mistral		NA	0.9656736850738525	2018	United States
ERR2197471	NA	NA	NA	NA	NA	NA	NA	NA	NA	NA	NA	NA	NA	NA	NA	NA	chicken	mistral		NA	0.9361099600791931	2014	France
SRR23704415	NA	NA	NA	NA	NA	NA	NA	NA	NA	NA	NA	NA	NA	NA	NA	NA	chicken	host_tax_id	host_tax_id=9031; Gallus gallus	NA	0.4490755498409271	2015	Italy
SRR26952112	NA	NA	NA	NA	NA	NA	NA	NA	NA	NA	NA	NA	NA	NA	NA	NA	chicken	mistral		NA	0.9798033833503723	2023	United States
SRR21602128	NA	NA	NA	NA	NA	NA	NA	NA	NA	NA	NA	NA	NA	NA	NA	NA	chicken	mistral		NA	0.9668201804161072	2022	United States
SRR8662873	NA	NA	NA	NA	NA	NA	NA	NA	NA	NA	NA	NA	NA	NA	NA	NA	chicken	mistral		NA	0.9795506000518799	2018	United States
SRR9298923	NA	NA	NA	NA	NA	NA	NA	NA	NA	NA	NA	NA	NA	NA	NA	NA	chicken	mistral		NA	0.940298318862915	2019	United States
ERR11203677	NA	NA	NA	NA	NA	NA	NA	NA	NA	NA	NA	NA	NA	NA	NA	NA	chicken	mistral		NA	0.9853702783584595	2019	Sweden
SRR25648167	NA	NA	NA	NA	NA	NA	NA	NA	NA	NA	NA	NA	NA	NA	NA	NA	chicken	mistral		NA	0.029367852956056595	2018	United States
SRR14286421	NA	NA	NA	NA	NA	NA	NA	NA	NA	NA	NA	NA	NA	NA	NA	NA	chicken	mistral		NA	0.9701552391052246	2021	United States
SRR8753499	NA	NA	NA	NA	NA	NA	NA	NA	NA	NA	NA	NA	NA	NA	NA	NA	chicken	mistral		NA	0.9505488872528076	2019	United States
SRR23803163	NA	NA	NA	NA	NA	NA	NA	NA	NA	NA	NA	NA	NA	NA	NA	NA	chicken	mistral		NA	0.9692078232765198	2023	United States
SRR29807932	NA	NA	NA	NA	NA	NA	NA	NA	NA	NA	NA	NA	NA	NA	NA	NA	chicken	mistral		NA	0.9680506587028503	2024	United States
SRR7525350	NA	NA	NA	NA	NA	NA	NA	NA	NA	NA	NA	NA	NA	NA	NA	NA	chicken	mistral		NA	0.9351098537445068	2018	United States
SRR18230626	NA	NA	NA	NA	NA	NA	NA	NA	NA	NA	NA	NA	NA	NA	NA	NA	chicken	mistral		NA	0.9694690704345703	2022	United States
SRR10987399	NA	NA	NA	NA	NA	NA	NA	NA	NA	NA	NA	NA	NA	NA	NA	NA	chicken	mistral		NA	0.9483940005302429	2020	United States
SRR9998277	NA	NA	NA	NA	NA	NA	NA	NA	NA	NA	NA	NA	NA	NA	NA	NA	chicken	mistral		NA	0.9764905571937561	2019	United States
SRR11629880	NA	NA	NA	NA	NA	NA	NA	NA	NA	NA	NA	NA	NA	NA	NA	NA	chicken	mistral		NA	0.9825575351715088	2019	United States
SRR22880083	NA	NA	NA	NA	NA	NA	NA	NA	NA	NA	NA	NA	NA	NA	NA	NA	chicken	mistral		NA	0.9701551795005798	2022	United States
SRR24016088	NA	NA	NA	NA	NA	NA	NA	NA	NA	NA	NA	NA	NA	NA	NA	NA	chicken	mistral		NA	0.9840323328971863	2023	United States
SRR29234623	NA	NA	NA	NA	NA	NA	NA	NA	NA	NA	NA	NA	NA	NA	NA	NA	chicken	host_tax_id	host_tax_id=9031; Gallus gallus	NA	0.9458012580871582	2019	United States
ERR11203907	NA	NA	NA	NA	NA	NA	NA	NA	NA	NA	NA	NA	NA	NA	NA	NA	chicken	mistral		NA	0.9842760562896729	2020	Sweden
SRR16012019	NA	NA	NA	NA	NA	NA	NA	NA	NA	NA	NA	NA	NA	NA	NA	NA	chicken	mistral		NA	0.9826909303665161	2021	United States
SRR20875039	NA	NA	NA	NA	NA	NA	NA	NA	NA	NA	NA	NA	NA	NA	NA	NA	chicken	mistral		NA	0.9708263874053955	2022	United States
ERR4225077	NA	NA	NA	NA	NA	NA	NA	NA	NA	NA	NA	NA	NA	NA	NA	NA	chicken	mistral		NA	0.9914059042930603	2018	Netherlands
SRR11544496	NA	NA	NA	NA	NA	NA	NA	NA	NA	NA	NA	NA	NA	NA	NA	NA	chicken	mistral		NA	0.9328214526176453	2020	United States
SRR9417526	NA	NA	NA	NA	NA	NA	NA	NA	NA	NA	NA	NA	NA	NA	NA	NA	chicken	mistral		NA	0.940735399723053	2019	United States
SRR29101205	NA	NA	NA	NA	NA	NA	NA	NA	NA	NA	NA	NA	NA	NA	NA	NA	chicken	mistral		NA	0.970687747001648	2024	United States
SRR7138715	NA	NA	NA	NA	NA	NA	NA	NA	NA	NA	NA	NA	NA	NA	NA	NA	chicken	mistral		NA	0.9417078495025635	2018	United States
SRR5414819	NA	NA	NA	NA	NA	NA	NA	NA	NA	NA	NA	NA	NA	NA	NA	NA	chicken	mistral		NA	0.9823893308639526	2015	United States
ERR2197483	NA	NA	NA	NA	NA	NA	NA	NA	NA	NA	NA	NA	NA	NA	NA	NA	chicken	mistral		NA	0.9339749217033386	2014	France
SRR21598450	NA	NA	NA	NA	NA	NA	NA	NA	NA	NA	NA	NA	NA	NA	NA	NA	chicken	mistral		NA	0.9734687209129333	2022	United States
SRR24339384	NA	NA	NA	NA	NA	NA	NA	NA	NA	NA	NA	NA	NA	NA	NA	NA	chicken	mistral		NA	0.9684410095214844	2023	United States
SRR9007373	NA	NA	NA	NA	NA	NA	NA	NA	NA	NA	NA	NA	NA	NA	NA	NA	chicken	mistral		NA	0.933673083782196	2018	United States
SRR6108377	NA	NA	NA	NA	NA	NA	NA	NA	NA	NA	NA	NA	NA	NA	NA	NA	chicken	mistral		NA	0.9690325260162354	2016	United States
SRR7503394	NA	NA	NA	NA	NA	NA	NA	NA	NA	NA	NA	NA	NA	NA	NA	NA	chicken	mistral		NA	0.9775429368019104	2017	United States
ERR11203419	NA	NA	NA	NA	NA	NA	NA	NA	NA	NA	NA	NA	NA	NA	NA	NA	chicken	mistral		NA	0.9852287769317627	2017	Sweden
SRR11966499	NA	NA	NA	NA	NA	NA	NA	NA	NA	NA	NA	NA	NA	NA	NA	NA	chicken	mistral		NA	0.9424008131027222	2020	United States
SRR8074988	NA	NA	NA	NA	NA	NA	NA	NA	NA	NA	NA	NA	NA	NA	NA	NA	chicken	mistral		NA	0.9393594264984131	2018	United States
SRR24327307	NA	NA	NA	NA	NA	NA	NA	NA	NA	NA	NA	NA	NA	NA	NA	NA	chicken	mistral		NA	0.9672559499740601	2023	United States
SRR21598161	NA	NA	NA	NA	NA	NA	NA	NA	NA	NA	NA	NA	NA	NA	NA	NA	chicken	mistral		NA	0.9791955351829529	2022	United States
SRR22007717	NA	NA	NA	NA	NA	NA	NA	NA	NA	NA	NA	NA	NA	NA	NA	NA	chicken	mistral		NA	0.976557731628418	2022	United States
SRR19486114	NA	NA	NA	NA	NA	NA	NA	NA	NA	NA	NA	NA	NA	NA	NA	NA	chicken	mistral		NA	0.9706321358680725	2022	United States
SRR8255905	NA	NA	NA	NA	NA	NA	NA	NA	NA	NA	NA	NA	NA	NA	NA	NA	chicken	mistral		NA	0.9326375722885132	2018	United States
SRR16817007	NA	NA	NA	NA	NA	NA	NA	NA	NA	NA	NA	NA	NA	NA	NA	NA	chicken	mistral		NA	0.9698140025138855	2021	United States
SRR8942631	NA	NA	NA	NA	NA	NA	NA	NA	NA	NA	NA	NA	NA	NA	NA	NA	chicken	mistral		NA	0.9414392113685608	2019	United States
SRR11521675	NA	NA	NA	NA	NA	NA	NA	NA	NA	NA	NA	NA	NA	NA	NA	NA	chicken	mistral		NA	0.9382373094558716	2020	United States
SRR11085356	NA	NA	NA	NA	NA	NA	NA	NA	NA	NA	NA	NA	NA	NA	NA	NA	chicken	mistral		NA	0.940626323223114	2020	United States
SRR28745426	NA	NA	NA	NA	NA	NA	NA	NA	NA	NA	NA	NA	NA	NA	NA	NA	chicken	mistral		NA	0.9744590520858765	2024	United States
ERR2197617	NA	NA	NA	NA	NA	NA	NA	NA	NA	NA	NA	NA	NA	NA	NA	NA	chicken	mistral		NA	0.9412235021591187	2014	Poland
SRR10200146	NA	NA	NA	NA	NA	NA	NA	NA	NA	NA	NA	NA	NA	NA	NA	NA	chicken	mistral		NA	0.9269015192985535	2019	United States
SRR24674592	NA	NA	NA	NA	NA	NA	NA	NA	NA	NA	NA	NA	NA	NA	NA	NA	chicken	mistral		NA	0.9701269268989563	2023	United States
SRR21728318	NA	NA	NA	NA	NA	NA	NA	NA	NA	NA	NA	NA	NA	NA	NA	NA	chicken	mistral		NA	0.9718859195709229	2022	United States
SRR18339700	NA	NA	NA	NA	NA	NA	NA	NA	NA	NA	NA	NA	NA	NA	NA	NA	chicken	mistral		NA	0.9692661166191101	2022	United States
ERR2197355	NA	NA	NA	NA	NA	NA	NA	NA	NA	NA	NA	NA	NA	NA	NA	NA	chicken	mistral		NA	0.9865975379943848	2014	United Kingdom
SRR2920319	NA	NA	NA	NA	NA	NA	NA	NA	NA	NA	NA	NA	NA	NA	NA	NA	chicken	mistral		NA	0.929823637008667	2015	United States
SRR13187284	NA	NA	NA	NA	NA	NA	NA	NA	NA	NA	NA	NA	NA	NA	NA	NA	chicken	mistral		NA	0.9687085151672363	2020	United States
SRR16026962	NA	NA	NA	NA	NA	NA	NA	NA	NA	NA	NA	NA	NA	NA	NA	NA	chicken	mistral		NA	0.9688266515731812	2021	United States
ERR11204032	NA	NA	NA	NA	NA	NA	NA	NA	NA	NA	NA	NA	NA	NA	NA	NA	chicken	mistral		NA	0.984351396560669	2021	Sweden
SRR13849948	NA	NA	NA	NA	NA	NA	NA	NA	NA	NA	NA	NA	NA	NA	NA	NA	chicken	mistral		NA	0.9522643685340881	2021	United States
SRR24111455	NA	NA	NA	NA	NA	NA	NA	NA	NA	NA	NA	NA	NA	NA	NA	NA	chicken	mistral		NA	0.9680506587028503	2023	United States
SRR18776851	NA	NA	NA	NA	NA	NA	NA	NA	NA	NA	NA	NA	NA	NA	NA	NA	chicken	mistral		NA	0.9714287519454956	2022	United States
SRR6741488	NA	NA	NA	NA	NA	NA	NA	NA	NA	NA	NA	NA	NA	NA	NA	NA	dog	mistral		NA	0.9825742244720459	2018	United States
ERR4224593	NA	NA	NA	NA	NA	NA	NA	NA	NA	NA	NA	NA	NA	NA	NA	NA	dog	mistral		NA	0.9905874133110046	2018	Netherlands
SRR8787372	NA	NA	NA	NA	NA	NA	NA	NA	NA	NA	NA	NA	NA	NA	NA	NA	dog	host_tax_id	host_tax_id=9615; Canis lupus familiaris	NA	0.9299510717391968	1979	United States
SRR23097466	NA	NA	NA	NA	NA	NA	NA	NA	NA	NA	NA	NA	NA	NA	NA	NA	dog	mistral		NA	0.9532315135002136	2022	United States
ERR4224589	NA	NA	NA	NA	NA	NA	NA	NA	NA	NA	NA	NA	NA	NA	NA	NA	dog	mistral		NA	0.9908390045166016	2018	Netherlands
ERR4224545	NA	NA	NA	NA	NA	NA	NA	NA	NA	NA	NA	NA	NA	NA	NA	NA	dog	mistral		NA	0.9905508756637573	2018	Netherlands
SRR28564537	NA	NA	NA	NA	NA	NA	NA	NA	NA	NA	NA	NA	NA	NA	NA	NA	dog	host_tax_id	host_tax_id=9615; Canis lupus familiaris	NA	0.30834639072418213	2022	United States
ERR4224318	NA	NA	NA	NA	NA	NA	NA	NA	NA	NA	NA	NA	NA	NA	NA	NA	dog	mistral		NA	0.9905874133110046	2016	Netherlands
SRR12623862	NA	NA	NA	NA	NA	NA	NA	NA	NA	NA	NA	NA	NA	NA	NA	NA	dog	host_tax_id	host_tax_id=9615; Canis lupus familiaris	NA	0.9815773963928223	2019	Peru
SRR8787352	NA	NA	NA	NA	NA	NA	NA	NA	NA	NA	NA	NA	NA	NA	NA	NA	dog	host_tax_id	host_tax_id=9615; Canis lupus familiaris	NA	0.9312752485275269	1979	United States
SRR6219838	NA	NA	NA	NA	NA	NA	NA	NA	NA	NA	NA	NA	NA	NA	NA	NA	dog	mistral		NA	0.8353492617607117	2017	United States
ERR4224322	NA	NA	NA	NA	NA	NA	NA	NA	NA	NA	NA	NA	NA	NA	NA	NA	dog	mistral		NA	0.9906418919563293	2016	Netherlands
SRR27989230	NA	NA	NA	NA	NA	NA	NA	NA	NA	NA	NA	NA	NA	NA	NA	NA	dog	host_tax_id	host_tax_id=9615; Canis lupus familiaris	NA	0.5804263949394226	2023	United States
SRR6171586	NA	NA	NA	NA	NA	NA	NA	NA	NA	NA	NA	NA	NA	NA	NA	NA	dog	mistral		NA	0.21816924214363098		United States
SRR8397531	NA	NA	NA	NA	NA	NA	NA	NA	NA	NA	NA	NA	NA	NA	NA	NA	dog	host_tax_id	host_tax_id=9615; Canis lupus familiaris	NA	0.10678369551897049	2018	United States
ERR4224535	NA	NA	NA	NA	NA	NA	NA	NA	NA	NA	NA	NA	NA	NA	NA	NA	dog	mistral		NA	0.9908566474914551	2017	Netherlands
ERR4224519	NA	NA	NA	NA	NA	NA	NA	NA	NA	NA	NA	NA	NA	NA	NA	NA	dog	mistral		NA	0.990532636642456	2018	Netherlands
SRR13042628	NA	NA	NA	NA	NA	NA	NA	NA	NA	NA	NA	NA	NA	NA	NA	NA	dog	host_tax_id	host_tax_id=9615; Canis lupus familiaris	NA	0.762424111366272	2020	United States
SRR8041688	NA	NA	NA	NA	NA	NA	NA	NA	NA	NA	NA	NA	NA	NA	NA	NA	dog	host_tax_id	host_tax_id=9615; Canis lupus familiaris	NA	0.380845308303833	2018	United States
SRR6814034	NA	NA	NA	NA	NA	NA	NA	NA	NA	NA	NA	NA	NA	NA	NA	NA	dog	host_tax_id	host_tax_id=9615; Canis lupus familiaris	NA	0.12137298285961151	2018	United States
SRR6297976	NA	NA	NA	NA	NA	NA	NA	NA	NA	NA	NA	NA	NA	NA	NA	NA	dog	mistral		NA	0.8268516659736633	2017	United States
SRR10537310	NA	NA	NA	NA	NA	NA	NA	NA	NA	NA	NA	NA	NA	NA	NA	NA	dog	mistral		NA	0.9907499551773071	2019	Australia
SRR28564533	NA	NA	NA	NA	NA	NA	NA	NA	NA	NA	NA	NA	NA	NA	NA	NA	dog	host_tax_id	host_tax_id=9615; Canis lupus familiaris	NA	0.7072025537490845	2023	United States
SRR6903158	NA	NA	NA	NA	NA	NA	NA	NA	NA	NA	NA	NA	NA	NA	NA	NA	dog	host_tax_id	host_tax_id=9615; Canis lupus familiaris	NA	0.18374003469944	2018	United States
SRR7066541	NA	NA	NA	NA	NA	NA	NA	NA	NA	NA	NA	NA	NA	NA	NA	NA	dog	mistral		NA	0.9737197160720825	2018	United States
SRR8388781	NA	NA	NA	NA	NA	NA	NA	NA	NA	NA	NA	NA	NA	NA	NA	NA	dog	mistral		NA	0.9749407172203064	2018	United States
SRR12488030	NA	NA	NA	NA	NA	NA	NA	NA	NA	NA	NA	NA	NA	NA	NA	NA	dog	host_tax_id	host_tax_id=9615; Canis lupus familiaris	NA	0.9835496544837952	2019	Peru
SRR8041470	NA	NA	NA	NA	NA	NA	NA	NA	NA	NA	NA	NA	NA	NA	NA	NA	dog	host_tax_id	host_tax_id=9615; Canis lupus familiaris	NA	0.41510632634162903	2018	United States
SRR9831452	NA	NA	NA	NA	NA	NA	NA	NA	NA	NA	NA	NA	NA	NA	NA	NA	dog	mistral		NA	0.975296139717102	2019	United States
SRR7499466	NA	NA	NA	NA	NA	NA	NA	NA	NA	NA	NA	NA	NA	NA	NA	NA	dog	mistral		NA	0.9453489780426025	2018	United States
ERR4224610	NA	NA	NA	NA	NA	NA	NA	NA	NA	NA	NA	NA	NA	NA	NA	NA	dog	mistral		NA	0.9907320141792297	2018	Netherlands
SRR7705338	NA	NA	NA	NA	NA	NA	NA	NA	NA	NA	NA	NA	NA	NA	NA	NA	dog	mistral		NA	0.9464483261108398	2018	United States
ERR4224522	NA	NA	NA	NA	NA	NA	NA	NA	NA	NA	NA	NA	NA	NA	NA	NA	dog	mistral		NA	0.9906418919563293	2018	Netherlands
ERR4224557	NA	NA	NA	NA	NA	NA	NA	NA	NA	NA	NA	NA	NA	NA	NA	NA	dog	mistral		NA	0.9908212423324585	2018	Netherlands
ERR4224515	NA	NA	NA	NA	NA	NA	NA	NA	NA	NA	NA	NA	NA	NA	NA	NA	dog	mistral		NA	0.9904220700263977	2018	Netherlands
SRR29692399	NA	NA	NA	NA	NA	NA	NA	NA	NA	NA	NA	NA	NA	NA	NA	NA	dog	host_tax_id	host_tax_id=9615; Canis lupus familiaris	NA	0.5196869969367981	2023	Canada
ERR4224317	NA	NA	NA	NA	NA	NA	NA	NA	NA	NA	NA	NA	NA	NA	NA	NA	dog	mistral		NA	0.9905874133110046	2016	Netherlands
ERR4224517	NA	NA	NA	NA	NA	NA	NA	NA	NA	NA	NA	NA	NA	NA	NA	NA	dog	mistral		NA	0.9906237721443176	2018	Netherlands
SRR10537322	NA	NA	NA	NA	NA	NA	NA	NA	NA	NA	NA	NA	NA	NA	NA	NA	dog	mistral		NA	0.9906418323516846	2018	Australia
SRR6289217	NA	NA	NA	NA	NA	NA	NA	NA	NA	NA	NA	NA	NA	NA	NA	NA	dog	host_tax_id	host_tax_id=9615; Canis lupus familiaris	NA	0.9461506009101868	2017	United States
ERR4224324	NA	NA	NA	NA	NA	NA	NA	NA	NA	NA	NA	NA	NA	NA	NA	NA	dog	mistral		NA	0.9906237721443176	2016	Netherlands
ERR4224574	NA	NA	NA	NA	NA	NA	NA	NA	NA	NA	NA	NA	NA	NA	NA	NA	dog	mistral		NA	0.9906960725784302	2018	Netherlands
SRR6171587	NA	NA	NA	NA	NA	NA	NA	NA	NA	NA	NA	NA	NA	NA	NA	NA	dog	mistral		NA	0.22210903465747833		United States
SRR6232416	NA	NA	NA	NA	NA	NA	NA	NA	NA	NA	NA	NA	NA	NA	NA	NA	dog	mistral		NA	0.9622851610183716	2007	United States
ERR4224556	NA	NA	NA	NA	NA	NA	NA	NA	NA	NA	NA	NA	NA	NA	NA	NA	dog	mistral		NA	0.9910319447517395	2018	Netherlands
SRR27150577	NA	NA	NA	NA	NA	NA	NA	NA	NA	NA	NA	NA	NA	NA	NA	NA	dog	host_tax_id	host_tax_id=9615; Canis lupus familiaris	NA	0.8192434906959534	2023	United States
SRR9831419	NA	NA	NA	NA	NA	NA	NA	NA	NA	NA	NA	NA	NA	NA	NA	NA	dog	mistral		NA	0.9760150909423828	2019	United States
SRR10611149	NA	NA	NA	NA	NA	NA	NA	NA	NA	NA	NA	NA	NA	NA	NA	NA	dog	mistral		NA	0.9701268672943115	2018	United States
SRR10898003	NA	NA	NA	NA	NA	NA	NA	NA	NA	NA	NA	NA	NA	NA	NA	NA	dog	mistral		NA	0.9713473320007324	2018	United States
SRR9029459	NA	NA	NA	NA	NA	NA	NA	NA	NA	NA	NA	NA	NA	NA	NA	NA	dog	host_tax_id	host_tax_id=9615; Canis lupus familiaris	NA	0.3922494947910309	2019	United States
SRR6080585	NA	NA	NA	NA	NA	NA	NA	NA	NA	NA	NA	NA	NA	NA	NA	NA	dog	host_tax_id	host_tax_id=9615; Canis lupus familiaris	NA	0.44467025995254517	2017	United States
SRR12488025	NA	NA	NA	NA	NA	NA	NA	NA	NA	NA	NA	NA	NA	NA	NA	NA	dog	host_tax_id	host_tax_id=9615; Canis lupus familiaris	NA	0.9817356467247009	2019	Peru
ERR4224523	NA	NA	NA	NA	NA	NA	NA	NA	NA	NA	NA	NA	NA	NA	NA	NA	dog	mistral		NA	0.9908034205436707	2017	Netherlands
SRR6058449	NA	NA	NA	NA	NA	NA	NA	NA	NA	NA	NA	NA	NA	NA	NA	NA	dog	mistral		NA	0.957912266254425	2014	United States
SRR10537312	NA	NA	NA	NA	NA	NA	NA	NA	NA	NA	NA	NA	NA	NA	NA	NA	dog	mistral		NA	0.9899476766586304	2018	Australia
SRR10537313	NA	NA	NA	NA	NA	NA	NA	NA	NA	NA	NA	NA	NA	NA	NA	NA	dog	mistral		NA	0.9897909760475159	2018	Australia
ERR4224605	NA	NA	NA	NA	NA	NA	NA	NA	NA	NA	NA	NA	NA	NA	NA	NA	dog	mistral		NA	0.9907677173614502	2018	Netherlands
SRR24886328	NA	NA	NA	NA	NA	NA	NA	NA	NA	NA	NA	NA	NA	NA	NA	NA	dog	mistral		NA	0.9925969839096069	2022	United States
ERR4224579	NA	NA	NA	NA	NA	NA	NA	NA	NA	NA	NA	NA	NA	NA	NA	NA	dog	mistral		NA	0.991066575050354	2018	Netherlands
SRR6252248	NA	NA	NA	NA	NA	NA	NA	NA	NA	NA	NA	NA	NA	NA	NA	NA	dog	mistral		NA	0.9548162221908569	2009	United States
ERR4224597	NA	NA	NA	NA	NA	NA	NA	NA	NA	NA	NA	NA	NA	NA	NA	NA	dog	mistral		NA	0.9906418919563293	2018	Netherlands
SRR6902729	NA	NA	NA	NA	NA	NA	NA	NA	NA	NA	NA	NA	NA	NA	NA	NA	dog	host_tax_id	host_tax_id=9615; Canis lupus familiaris	NA	0.2011847048997879	2018	United States
SRR5935033	NA	NA	NA	NA	NA	NA	NA	NA	NA	NA	NA	NA	NA	NA	NA	NA	dog	mistral		NA	0.8467678427696228	2017	United States
ERR4224590	NA	NA	NA	NA	NA	NA	NA	NA	NA	NA	NA	NA	NA	NA	NA	NA	dog	mistral		NA	0.9906960725784302	2018	Netherlands
SRR5579133	NA	NA	NA	NA	NA	NA	NA	NA	NA	NA	NA	NA	NA	NA	NA	NA	dog	mistral		NA	0.9724408984184265	2017	United States
SRR7660681	NA	NA	NA	NA	NA	NA	NA	NA	NA	NA	NA	NA	NA	NA	NA	NA	dog	host_tax_id	host_tax_id=9615; Canis lupus familiaris	NA	0.3764224946498871	2018	United States
SRR8260220	NA	NA	NA	NA	NA	NA	NA	NA	NA	NA	NA	NA	NA	NA	NA	NA	dog	mistral		NA	0.9792947173118591	2018	United States
SRR22974871	NA	NA	NA	NA	NA	NA	NA	NA	NA	NA	NA	NA	NA	NA	NA	NA	dog	mistral		NA	0.8566325306892395	2022	United States
SRR28564534	NA	NA	NA	NA	NA	NA	NA	NA	NA	NA	NA	NA	NA	NA	NA	NA	dog	host_tax_id	host_tax_id=9615; Canis lupus familiaris	NA	0.5759458541870117	2023	United States
ERR4224537	NA	NA	NA	NA	NA	NA	NA	NA	NA	NA	NA	NA	NA	NA	NA	NA	dog	mistral		NA	0.9908212423324585	2017	Netherlands
ERR4224320	NA	NA	NA	NA	NA	NA	NA	NA	NA	NA	NA	NA	NA	NA	NA	NA	dog	mistral		NA	0.9905874133110046	2016	Netherlands
SRR6289215	NA	NA	NA	NA	NA	NA	NA	NA	NA	NA	NA	NA	NA	NA	NA	NA	dog	host_tax_id	host_tax_id=9615; Canis lupus familiaris	NA	0.9464978575706482	2017	United States
ERR4224588	NA	NA	NA	NA	NA	NA	NA	NA	NA	NA	NA	NA	NA	NA	NA	NA	dog	mistral		NA	0.9908212423324585	2018	Netherlands
SRR6813834	NA	NA	NA	NA	NA	NA	NA	NA	NA	NA	NA	NA	NA	NA	NA	NA	dog	host_tax_id	host_tax_id=9615; Canis lupus familiaris	NA	0.11037521809339523	2018	United States
ERR4224559	NA	NA	NA	NA	NA	NA	NA	NA	NA	NA	NA	NA	NA	NA	NA	NA	dog	mistral		NA	0.9908034801483154	2018	Netherlands
SRR7242753	NA	NA	NA	NA	NA	NA	NA	NA	NA	NA	NA	NA	NA	NA	NA	NA	dog	host_tax_id	host_tax_id=9615; Canis lupus familiaris	NA	0.2813068926334381	2013	United States
SRR6354173	NA	NA	NA	NA	NA	NA	NA	NA	NA	NA	NA	NA	NA	NA	NA	NA	dog	mistral		NA	0.9709919095039368	2017	United States
ERR4224510	NA	NA	NA	NA	NA	NA	NA	NA	NA	NA	NA	NA	NA	NA	NA	NA	dog	mistral		NA	0.9905691742897034	2018	Netherlands
SRR6269843	NA	NA	NA	NA	NA	NA	NA	NA	NA	NA	NA	NA	NA	NA	NA	NA	dog	host_tax_id	host_tax_id=9615; Canis lupus familiaris	NA	0.9532750248908997	2017	United States
SRR7213803	NA	NA	NA	NA	NA	NA	NA	NA	NA	NA	NA	NA	NA	NA	NA	NA	dog	mistral		NA	0.9749168753623962	2018	United States
SRR6252251	NA	NA	NA	NA	NA	NA	NA	NA	NA	NA	NA	NA	NA	NA	NA	NA	dog	mistral		NA	0.9711017608642578	2007	United States
ERR4224548	NA	NA	NA	NA	NA	NA	NA	NA	NA	NA	NA	NA	NA	NA	NA	NA	dog	mistral		NA	0.9905508756637573	2018	Netherlands
SRR6814032	NA	NA	NA	NA	NA	NA	NA	NA	NA	NA	NA	NA	NA	NA	NA	NA	dog	host_tax_id	host_tax_id=9615; Canis lupus familiaris	NA	0.12469184398651123	2018	United States
SRR6814049	NA	NA	NA	NA	NA	NA	NA	NA	NA	NA	NA	NA	NA	NA	NA	NA	dog	host_tax_id	host_tax_id=9615; Canis lupus familiaris	NA	0.12700155377388	2018	United States
ERR4224316	NA	NA	NA	NA	NA	NA	NA	NA	NA	NA	NA	NA	NA	NA	NA	NA	dog	mistral		NA	0.9905874133110046	2016	Netherlands
ERR4224511	NA	NA	NA	NA	NA	NA	NA	NA	NA	NA	NA	NA	NA	NA	NA	NA	dog	mistral		NA	0.9907320141792297	2018	Netherlands
SRR11101933	NA	NA	NA	NA	NA	NA	NA	NA	NA	NA	NA	NA	NA	NA	NA	NA	dog	mistral		NA	0.9685304164886475		Sweden
SRR28564535	NA	NA	NA	NA	NA	NA	NA	NA	NA	NA	NA	NA	NA	NA	NA	NA	dog	host_tax_id	host_tax_id=9615; Canis lupus familiaris	NA	0.4464419484138489	2023	United States
ERR4224533	NA	NA	NA	NA	NA	NA	NA	NA	NA	NA	NA	NA	NA	NA	NA	NA	dog	mistral		NA	0.9908743500709534	2017	Netherlands
ERR4224315	NA	NA	NA	NA	NA	NA	NA	NA	NA	NA	NA	NA	NA	NA	NA	NA	dog	mistral		NA	0.99051433801651	2016	Netherlands
ERR4224532	NA	NA	NA	NA	NA	NA	NA	NA	NA	NA	NA	NA	NA	NA	NA	NA	dog	mistral		NA	0.9907855987548828	2017	Netherlands
SRR7660781	NA	NA	NA	NA	NA	NA	NA	NA	NA	NA	NA	NA	NA	NA	NA	NA	dog	host_tax_id	host_tax_id=9615; Canis lupus familiaris	NA	0.39987024664878845	2018	United States
SRR10537320	NA	NA	NA	NA	NA	NA	NA	NA	NA	NA	NA	NA	NA	NA	NA	NA	dog	mistral		NA	0.9902727603912354	2018	Australia
SRR6366583	NA	NA	NA	NA	NA	NA	NA	NA	NA	NA	NA	NA	NA	NA	NA	NA	dog	mistral		NA	0.595404326915741	2017	United States
ERR4224547	NA	NA	NA	NA	NA	NA	NA	NA	NA	NA	NA	NA	NA	NA	NA	NA	dog	mistral		NA	0.9907140135765076	2018	Netherlands
ERR4224603	NA	NA	NA	NA	NA	NA	NA	NA	NA	NA	NA	NA	NA	NA	NA	NA	dog	mistral		NA	0.9908389449119568	2018	Netherlands
SRR24684368	NA	NA	NA	NA	NA	NA	NA	NA	NA	NA	NA	NA	NA	NA	NA	NA	dog	mistral		NA	0.9463493227958679	2023	United States
SRR6171584	NA	NA	NA	NA	NA	NA	NA	NA	NA	NA	NA	NA	NA	NA	NA	NA	dog	mistral		NA	0.1979866474866867		United States
SRR8112791	NA	NA	NA	NA	NA	NA	NA	NA	NA	NA	NA	NA	NA	NA	NA	NA	dog	mistral		NA	0.9775214791297913	2018	United States
ERR4224619	NA	NA	NA	NA	NA	NA	NA	NA	NA	NA	NA	NA	NA	NA	NA	NA	dog	mistral		NA	0.9908919930458069	2018	Netherlands
ERR4224858	NA	NA	NA	NA	NA	NA	NA	NA	NA	NA	NA	NA	NA	NA	NA	NA	goat	mistral		NA	0.9944342970848083	2016	Netherlands
SRR28406675	NA	NA	NA	NA	NA	NA	NA	NA	NA	NA	NA	NA	NA	NA	NA	NA	goat	host_tax_id	host_tax_id=9925; Capra hircus	NA	0.576780378818512	2022	Ethiopia
SRR27218418	NA	NA	NA	NA	NA	NA	NA	NA	NA	NA	NA	NA	NA	NA	NA	NA	goat	host_tax_id	host_tax_id=9925; Capra hircus	NA	0.5205267667770386	2021	Ethiopia
SRR27218416	NA	NA	NA	NA	NA	NA	NA	NA	NA	NA	NA	NA	NA	NA	NA	NA	goat	host_tax_id	host_tax_id=9925; Capra hircus	NA	0.4765530228614807	2022	Ethiopia
ERR4224621	NA	NA	NA	NA	NA	NA	NA	NA	NA	NA	NA	NA	NA	NA	NA	NA	goat	mistral		NA	0.9940428733825684	2018	Netherlands
SRR28406655	NA	NA	NA	NA	NA	NA	NA	NA	NA	NA	NA	NA	NA	NA	NA	NA	goat	host_tax_id	host_tax_id=9925; Capra hircus	NA	0.5543799996376038	2022	Ethiopia
SRR11714421	NA	NA	NA	NA	NA	NA	NA	NA	NA	NA	NA	NA	NA	NA	NA	NA	goat	mistral		NA	0.954562783241272	2020	United States
SRR22867624	NA	NA	NA	NA	NA	NA	NA	NA	NA	NA	NA	NA	NA	NA	NA	NA	goat	mistral		NA	0.863449215888977	2022	United States
ERR4224811	NA	NA	NA	NA	NA	NA	NA	NA	NA	NA	NA	NA	NA	NA	NA	NA	goat	mistral		NA	0.9939730763435364	2016	Netherlands
SRR27218434	NA	NA	NA	NA	NA	NA	NA	NA	NA	NA	NA	NA	NA	NA	NA	NA	goat	host_tax_id	host_tax_id=9925; Capra hircus	NA	0.517180323600769	2022	Ethiopia
SRR20114915	NA	NA	NA	NA	NA	NA	NA	NA	NA	NA	NA	NA	NA	NA	NA	NA	goat	mistral		NA	0.9806178212165833	2022	United States
SRR26678367	NA	NA	NA	NA	NA	NA	NA	NA	NA	NA	NA	NA	NA	NA	NA	NA	goat	host_tax_id	host_tax_id=9925; Capra hircus	NA	0.5027809143066406	2022	Ethiopia
SRR3210434	NA	NA	NA	NA	NA	NA	NA	NA	NA	NA	NA	NA	NA	NA	NA	NA	goat	mistral		NA	0.8600755929946899	2015	United States
SRR27218417	NA	NA	NA	NA	NA	NA	NA	NA	NA	NA	NA	NA	NA	NA	NA	NA	goat	host_tax_id	host_tax_id=9925; Capra hircus	NA	0.5679216980934143	2021	Ethiopia
SRR27218419	NA	NA	NA	NA	NA	NA	NA	NA	NA	NA	NA	NA	NA	NA	NA	NA	goat	host_tax_id	host_tax_id=9925; Capra hircus	NA	0.5336101055145264	2021	Ethiopia
ERR4224900	NA	NA	NA	NA	NA	NA	NA	NA	NA	NA	NA	NA	NA	NA	NA	NA	goat	mistral		NA	0.9944880604743958	2016	Netherlands
ERR4224867	NA	NA	NA	NA	NA	NA	NA	NA	NA	NA	NA	NA	NA	NA	NA	NA	goat	mistral		NA	0.994088888168335	2016	Netherlands
ERR4224868	NA	NA	NA	NA	NA	NA	NA	NA	NA	NA	NA	NA	NA	NA	NA	NA	goat	mistral		NA	0.9942250847816467	2016	Netherlands
ERR4224822	NA	NA	NA	NA	NA	NA	NA	NA	NA	NA	NA	NA	NA	NA	NA	NA	goat	mistral		NA	0.9944450855255127	2016	Netherlands
ERR4224818	NA	NA	NA	NA	NA	NA	NA	NA	NA	NA	NA	NA	NA	NA	NA	NA	goat	mistral		NA	0.9938905835151672	2016	Netherlands
SRR15845037	NA	NA	NA	NA	NA	NA	NA	NA	NA	NA	NA	NA	NA	NA	NA	NA	goat	mistral		NA	0.9789755344390869	2021	unknown
SRR26351330	NA	NA	NA	NA	NA	NA	NA	NA	NA	NA	NA	NA	NA	NA	NA	NA	goat	host_tax_id	host_tax_id=9925; Capra hircus	NA	0.8071568012237549	2021	Ethiopia
SRR18959245	NA	NA	NA	NA	NA	NA	NA	NA	NA	NA	NA	NA	NA	NA	NA	NA	goat	mistral		NA	0.9815244078636169	2022	United States
SRR26351314	NA	NA	NA	NA	NA	NA	NA	NA	NA	NA	NA	NA	NA	NA	NA	NA	goat	host_tax_id	host_tax_id=9925; Capra hircus	NA	0.7108290791511536	2021	Ethiopia
SRR26351307	NA	NA	NA	NA	NA	NA	NA	NA	NA	NA	NA	NA	NA	NA	NA	NA	goat	host_tax_id	host_tax_id=9925; Capra hircus	NA	0.8279672861099243	2020	Ethiopia
ERR4224891	NA	NA	NA	NA	NA	NA	NA	NA	NA	NA	NA	NA	NA	NA	NA	NA	goat	mistral		NA	0.9945730566978455	2016	Netherlands
ERR4224913	NA	NA	NA	NA	NA	NA	NA	NA	NA	NA	NA	NA	NA	NA	NA	NA	goat	mistral		NA	0.9945940971374512	2016	Netherlands
SRR26351296	NA	NA	NA	NA	NA	NA	NA	NA	NA	NA	NA	NA	NA	NA	NA	NA	goat	host_tax_id	host_tax_id=9925; Capra hircus	NA	0.7215470671653748	2020	Ethiopia
SRR27218439	NA	NA	NA	NA	NA	NA	NA	NA	NA	NA	NA	NA	NA	NA	NA	NA	goat	host_tax_id	host_tax_id=9925; Capra hircus	NA	0.5196812748908997	2021	Ethiopia
SRR27218409	NA	NA	NA	NA	NA	NA	NA	NA	NA	NA	NA	NA	NA	NA	NA	NA	goat	host_tax_id	host_tax_id=9925; Capra hircus	NA	0.5644886493682861	2021	Ethiopia
SRR6169167	NA	NA	NA	NA	NA	NA	NA	NA	NA	NA	NA	NA	NA	NA	NA	NA	goat	host_tax_id	host_tax_id=9925; Capra hircus	NA	0.9673177599906921	2013	United States
SRR11653840	NA	NA	NA	NA	NA	NA	NA	NA	NA	NA	NA	NA	NA	NA	NA	NA	goat	mistral		NA	0.9536649584770203	2020	United States
SRR26770174	NA	NA	NA	NA	NA	NA	NA	NA	NA	NA	NA	NA	NA	NA	NA	NA	goat	host_tax_id	host_tax_id=9925; Capra hircus	NA	0.45289888978004456	2021	Ethiopia
SRR14882944	NA	NA	NA	NA	NA	NA	NA	NA	NA	NA	NA	NA	NA	NA	NA	NA	goat	mistral		NA	0.9783433675765991	2021	United States
SRR26351303	NA	NA	NA	NA	NA	NA	NA	NA	NA	NA	NA	NA	NA	NA	NA	NA	goat	host_tax_id	host_tax_id=9925; Capra hircus	NA	0.6666053533554077	2021	Ethiopia
SRR27218404	NA	NA	NA	NA	NA	NA	NA	NA	NA	NA	NA	NA	NA	NA	NA	NA	goat	host_tax_id	host_tax_id=9925; Capra hircus	NA	0.5489909052848816	2021	Ethiopia
SRR27218468	NA	NA	NA	NA	NA	NA	NA	NA	NA	NA	NA	NA	NA	NA	NA	NA	goat	host_tax_id	host_tax_id=9925; Capra hircus	NA	0.5897754430770874	2021	Ethiopia
ERR4224820	NA	NA	NA	NA	NA	NA	NA	NA	NA	NA	NA	NA	NA	NA	NA	NA	goat	mistral		NA	0.9946045875549316	2016	Netherlands
SRR13699958	NA	NA	NA	NA	NA	NA	NA	NA	NA	NA	NA	NA	NA	NA	NA	NA	goat	mistral		NA	0.9778199195861816	2020	United States
SRR26351338	NA	NA	NA	NA	NA	NA	NA	NA	NA	NA	NA	NA	NA	NA	NA	NA	goat	host_tax_id	host_tax_id=9925; Capra hircus	NA	0.8363541960716248	2021	Ethiopia
SRR27218466	NA	NA	NA	NA	NA	NA	NA	NA	NA	NA	NA	NA	NA	NA	NA	NA	goat	host_tax_id	host_tax_id=9925; Capra hircus	NA	0.41828101873397827	2021	Ethiopia
SRR26351310	NA	NA	NA	NA	NA	NA	NA	NA	NA	NA	NA	NA	NA	NA	NA	NA	goat	host_tax_id	host_tax_id=9925; Capra hircus	NA	0.6666595339775085	2022	Ethiopia
SRR19487409	NA	NA	NA	NA	NA	NA	NA	NA	NA	NA	NA	NA	NA	NA	NA	NA	goat	mistral		NA	0.9808392524719238	2022	United States
SRR27218437	NA	NA	NA	NA	NA	NA	NA	NA	NA	NA	NA	NA	NA	NA	NA	NA	goat	host_tax_id	host_tax_id=9925; Capra hircus	NA	0.6709318161010742	2022	Ethiopia
ERR4224814	NA	NA	NA	NA	NA	NA	NA	NA	NA	NA	NA	NA	NA	NA	NA	NA	goat	mistral		NA	0.9941913485527039	2016	Netherlands
ERR4224908	NA	NA	NA	NA	NA	NA	NA	NA	NA	NA	NA	NA	NA	NA	NA	NA	goat	mistral		NA	0.9943140745162964	2016	Netherlands
SRR27218444	NA	NA	NA	NA	NA	NA	NA	NA	NA	NA	NA	NA	NA	NA	NA	NA	goat	host_tax_id	host_tax_id=9925; Capra hircus	NA	0.6975573897361755	2022	Ethiopia
SRR3692309	NA	NA	NA	NA	NA	NA	NA	NA	NA	NA	NA	NA	NA	NA	NA	NA	goat	mistral		NA	0.9753900766372681	2015	United States
SRR27218435	NA	NA	NA	NA	NA	NA	NA	NA	NA	NA	NA	NA	NA	NA	NA	NA	goat	host_tax_id	host_tax_id=9925; Capra hircus	NA	0.7171109914779663	2022	Ethiopia
SRR22867655	NA	NA	NA	NA	NA	NA	NA	NA	NA	NA	NA	NA	NA	NA	NA	NA	goat	mistral		NA	0.7949427366256714	2021	United States
SRR13005034	NA	NA	NA	NA	NA	NA	NA	NA	NA	NA	NA	NA	NA	NA	NA	NA	goat	mistral		NA	0.971101701259613	2020	United States
SRR26351357	NA	NA	NA	NA	NA	NA	NA	NA	NA	NA	NA	NA	NA	NA	NA	NA	goat	host_tax_id	host_tax_id=9925; Capra hircus	NA	0.6657366752624512	2021	Ethiopia
SRR27218429	NA	NA	NA	NA	NA	NA	NA	NA	NA	NA	NA	NA	NA	NA	NA	NA	goat	host_tax_id	host_tax_id=9925; Capra hircus	NA	0.6163298487663269	2022	Ethiopia
SRR16085962	NA	NA	NA	NA	NA	NA	NA	NA	NA	NA	NA	NA	NA	NA	NA	NA	goat	mistral		NA	0.9793738126754761	2021	unknown
SRR12495807	NA	NA	NA	NA	NA	NA	NA	NA	NA	NA	NA	NA	NA	NA	NA	NA	goat	mistral		NA	0.13078416883945465	2009	United States
SRR3094462	NA	NA	NA	NA	NA	NA	NA	NA	NA	NA	NA	NA	NA	NA	NA	NA	goat	host_tax_id	host_tax_id=9925; Capra hircus	NA	0.7718434929847717	2010	United States
SRR7968358	NA	NA	NA	NA	NA	NA	NA	NA	NA	NA	NA	NA	NA	NA	NA	NA	goat	mistral		NA	0.03365296497941017	2018	United States
ERR4224909	NA	NA	NA	NA	NA	NA	NA	NA	NA	NA	NA	NA	NA	NA	NA	NA	goat	mistral		NA	0.9941232800483704	2016	Netherlands
SRR27218442	NA	NA	NA	NA	NA	NA	NA	NA	NA	NA	NA	NA	NA	NA	NA	NA	goat	host_tax_id	host_tax_id=9925; Capra hircus	NA	0.467240571975708	2022	Ethiopia
SRR19545020	NA	NA	NA	NA	NA	NA	NA	NA	NA	NA	NA	NA	NA	NA	NA	NA	goat	mistral		NA	0.9777987599372864	2022	United States
ERR4224885	NA	NA	NA	NA	NA	NA	NA	NA	NA	NA	NA	NA	NA	NA	NA	NA	goat	mistral		NA	0.9941912889480591	2016	Netherlands
SRR26351356	NA	NA	NA	NA	NA	NA	NA	NA	NA	NA	NA	NA	NA	NA	NA	NA	goat	host_tax_id	host_tax_id=9925; Capra hircus	NA	0.6833666563034058	2021	Ethiopia
SRR11654317	NA	NA	NA	NA	NA	NA	NA	NA	NA	NA	NA	NA	NA	NA	NA	NA	goat	mistral		NA	0.9563904404640198	2020	United States
SRR12625731	NA	NA	NA	NA	NA	NA	NA	NA	NA	NA	NA	NA	NA	NA	NA	NA	goat	mistral		NA	0.9705764651298523	2020	United States
SRR27218459	NA	NA	NA	NA	NA	NA	NA	NA	NA	NA	NA	NA	NA	NA	NA	NA	goat	host_tax_id	host_tax_id=9925; Capra hircus	NA	0.5151005983352661	2022	Ethiopia
SRR3215289	NA	NA	NA	NA	NA	NA	NA	NA	NA	NA	NA	NA	NA	NA	NA	NA	goat	mistral		NA	0.86200350522995	2015	United States
ERR4224831	NA	NA	NA	NA	NA	NA	NA	NA	NA	NA	NA	NA	NA	NA	NA	NA	goat	mistral		NA	0.9944666028022766	2016	Netherlands
SRR27218402	NA	NA	NA	NA	NA	NA	NA	NA	NA	NA	NA	NA	NA	NA	NA	NA	goat	host_tax_id	host_tax_id=9925; Capra hircus	NA	0.5289364457130432	2021	Ethiopia
SRR27218453	NA	NA	NA	NA	NA	NA	NA	NA	NA	NA	NA	NA	NA	NA	NA	NA	goat	host_tax_id	host_tax_id=9925; Capra hircus	NA	0.7376781702041626	2022	Ethiopia
SRR18959247	NA	NA	NA	NA	NA	NA	NA	NA	NA	NA	NA	NA	NA	NA	NA	NA	goat	mistral		NA	0.9813106656074524	2022	United States
SRR3094460	NA	NA	NA	NA	NA	NA	NA	NA	NA	NA	NA	NA	NA	NA	NA	NA	goat	host_tax_id	host_tax_id=9925; Capra hircus	NA	0.7615384459495544	2008	United States
ERR4224914	NA	NA	NA	NA	NA	NA	NA	NA	NA	NA	NA	NA	NA	NA	NA	NA	goat	mistral		NA	0.9944342970848083	2016	Netherlands
ERR4224866	NA	NA	NA	NA	NA	NA	NA	NA	NA	NA	NA	NA	NA	NA	NA	NA	goat	mistral		NA	0.9942138195037842	2016	Netherlands
SRR26770208	NA	NA	NA	NA	NA	NA	NA	NA	NA	NA	NA	NA	NA	NA	NA	NA	goat	host_tax_id	host_tax_id=9925; Capra hircus	NA	0.4410710632801056	2022	Ethiopia
SRR27218440	NA	NA	NA	NA	NA	NA	NA	NA	NA	NA	NA	NA	NA	NA	NA	NA	goat	host_tax_id	host_tax_id=9925; Capra hircus	NA	0.4845516085624695	2021	Ethiopia
SRR27218422	NA	NA	NA	NA	NA	NA	NA	NA	NA	NA	NA	NA	NA	NA	NA	NA	goat	host_tax_id	host_tax_id=9925; Capra hircus	NA	0.5723044872283936	2022	Ethiopia
SRR27218449	NA	NA	NA	NA	NA	NA	NA	NA	NA	NA	NA	NA	NA	NA	NA	NA	goat	host_tax_id	host_tax_id=9925; Capra hircus	NA	0.6253809332847595	2021	Ethiopia
ERR4224878	NA	NA	NA	NA	NA	NA	NA	NA	NA	NA	NA	NA	NA	NA	NA	NA	goat	mistral		NA	0.9943471550941467	2016	Netherlands
SRR26770173	NA	NA	NA	NA	NA	NA	NA	NA	NA	NA	NA	NA	NA	NA	NA	NA	goat	host_tax_id	host_tax_id=9925; Capra hircus	NA	0.4042722284793854	2021	Ethiopia
ERR4224815	NA	NA	NA	NA	NA	NA	NA	NA	NA	NA	NA	NA	NA	NA	NA	NA	goat	mistral		NA	0.9942474961280823	2016	Netherlands
ERR4224895	NA	NA	NA	NA	NA	NA	NA	NA	NA	NA	NA	NA	NA	NA	NA	NA	goat	mistral		NA	0.9943361282348633	2016	Netherlands
SRR16288478	NA	NA	NA	NA	NA	NA	NA	NA	NA	NA	NA	NA	NA	NA	NA	NA	goat	mistral		NA	0.9794526100158691	2021	unknown
SRR3210432	NA	NA	NA	NA	NA	NA	NA	NA	NA	NA	NA	NA	NA	NA	NA	NA	goat	mistral		NA	0.9748451113700867	2015	United States
SRR26770196	NA	NA	NA	NA	NA	NA	NA	NA	NA	NA	NA	NA	NA	NA	NA	NA	goat	host_tax_id	host_tax_id=9925; Capra hircus	NA	0.4745246171951294	2022	Ethiopia
SRR28214326	NA	NA	NA	NA	NA	NA	NA	NA	NA	NA	NA	NA	NA	NA	NA	NA	goat	host_tax_id	host_tax_id=9925; Capra hircus	NA	0.33437204360961914	2022	Ethiopia
SRR12798039	NA	NA	NA	NA	NA	NA	NA	NA	NA	NA	NA	NA	NA	NA	NA	NA	goat	mistral		NA	0.9712929725646973	2020	United States
SRR20994500	NA	NA	NA	NA	NA	NA	NA	NA	NA	NA	NA	NA	NA	NA	NA	NA	goat	mistral		NA	0.978995680809021	2022	United States
SRR6048565	NA	NA	NA	NA	NA	NA	NA	NA	NA	NA	NA	NA	NA	NA	NA	NA	goat	mistral		NA	0.9825742244720459	2014	United States
SRR11544463	NA	NA	NA	NA	NA	NA	NA	NA	NA	NA	NA	NA	NA	NA	NA	NA	goat	mistral		NA	0.952838122844696	2020	United States
SRR27218430	NA	NA	NA	NA	NA	NA	NA	NA	NA	NA	NA	NA	NA	NA	NA	NA	goat	host_tax_id	host_tax_id=9925; Capra hircus	NA	0.7288930416107178	2022	Ethiopia
SRR19395871	NA	NA	NA	NA	NA	NA	NA	NA	NA	NA	NA	NA	NA	NA	NA	NA	goat	mistral		NA	0.9811848998069763	2022	United States
SRR26770179	NA	NA	NA	NA	NA	NA	NA	NA	NA	NA	NA	NA	NA	NA	NA	NA	goat	host_tax_id	host_tax_id=9925; Capra hircus	NA	0.475582480430603	2022	Ethiopia
SRR11521728	NA	NA	NA	NA	NA	NA	NA	NA	NA	NA	NA	NA	NA	NA	NA	NA	goat	mistral		NA	0.9541373252868652	2020	United States
ERR4224845	NA	NA	NA	NA	NA	NA	NA	NA	NA	NA	NA	NA	NA	NA	NA	NA	goat	mistral		NA	0.9943799376487732	2016	Netherlands
SRR11521726	NA	NA	NA	NA	NA	NA	NA	NA	NA	NA	NA	NA	NA	NA	NA	NA	goat	mistral		NA	0.953057050704956	2020	United States
SRR27218428	NA	NA	NA	NA	NA	NA	NA	NA	NA	NA	NA	NA	NA	NA	NA	NA	goat	host_tax_id	host_tax_id=9925; Capra hircus	NA	0.6623598337173462	2022	Ethiopia
SRR28406693	NA	NA	NA	NA	NA	NA	NA	NA	NA	NA	NA	NA	NA	NA	NA	NA	goat	host_tax_id	host_tax_id=9925; Capra hircus	NA	0.6034937500953674	2021	Ethiopia
SRR27218462	NA	NA	NA	NA	NA	NA	NA	NA	NA	NA	NA	NA	NA	NA	NA	NA	goat	host_tax_id	host_tax_id=9925; Capra hircus	NA	0.609291672706604	2021	Ethiopia
SRR13764597	NA	NA	NA	NA	NA	NA	NA	NA	NA	NA	NA	NA	NA	NA	NA	NA	goat	mistral		NA	0.9793540835380554	2021	United States
SRR28406692	NA	NA	NA	NA	NA	NA	NA	NA	NA	NA	NA	NA	NA	NA	NA	NA	goat	host_tax_id	host_tax_id=9925; Capra hircus	NA	0.5792814493179321	2021	Ethiopia
SRR10056695	NA	NA	NA	NA	NA	NA	NA	NA	NA	NA	NA	NA	NA	NA	NA	NA	human	host_tax_id	host_tax_id=9606; Homo sapiens	NA	0.9868407249450684	2015	United Kingdom
SRR16256362	NA	NA	NA	NA	NA	NA	NA	NA	NA	NA	NA	NA	NA	NA	NA	NA	human	host_tax_id	host_tax_id=9606; Homo sapiens	NA	0.9648551940917969	2018	United States
SRR10859608	NA	NA	NA	NA	NA	NA	NA	NA	NA	NA	NA	NA	NA	NA	NA	NA	human	host_tax_id	host_tax_id=9606; Homo sapiens	NA	0.9472348690032959	2019	Chile
SRR17929591	NA	NA	NA	NA	NA	NA	NA	NA	NA	NA	NA	NA	NA	NA	NA	NA	human	host_tax_id	host_tax_id=9606; Homo sapiens	NA	0.9474297165870667	2018	New Zealand
SRR26328758	NA	NA	NA	NA	NA	NA	NA	NA	NA	NA	NA	NA	NA	NA	NA	NA	human	host_tax_id	host_tax_id=9606; Homo sapiens	NA	0.974190354347229	2007	Kenya
SRR9877373	NA	NA	NA	NA	NA	NA	NA	NA	NA	NA	NA	NA	NA	NA	NA	NA	human	host_tax_id	host_tax_id=9606; Homo sapiens	NA	0.983955442905426	2019	United Kingdom
SRR10054163	NA	NA	NA	NA	NA	NA	NA	NA	NA	NA	NA	NA	NA	NA	NA	NA	human	host_tax_id	host_tax_id=9606; Homo sapiens	NA	0.9838626980781555	2016	United Kingdom
SRR9933918	NA	NA	NA	NA	NA	NA	NA	NA	NA	NA	NA	NA	NA	NA	NA	NA	human	host_tax_id	host_tax_id=9606; Homo sapiens	NA	0.9862444400787354	2018	United Kingdom
SRR9934144	NA	NA	NA	NA	NA	NA	NA	NA	NA	NA	NA	NA	NA	NA	NA	NA	human	host_tax_id	host_tax_id=9606; Homo sapiens	NA	0.984032392501831	2018	United Kingdom
ERR1750947	NA	NA	NA	NA	NA	NA	NA	NA	NA	NA	NA	NA	NA	NA	NA	NA	human	mistral		NA	0.9914887547492981	2006	New Zealand
SRR5667095	NA	NA	NA	NA	NA	NA	NA	NA	NA	NA	NA	NA	NA	NA	NA	NA	human	mistral		NA	0.07661469280719757	2017	United States
SRR17964873	NA	NA	NA	NA	NA	NA	NA	NA	NA	NA	NA	NA	NA	NA	NA	NA	human	host_tax_id	host_tax_id=9606; Homo sapiens	NA	0.9476723670959473	2018	New Zealand
SRR12301978	NA	NA	NA	NA	NA	NA	NA	NA	NA	NA	NA	NA	NA	NA	NA	NA	human	mistral		NA	0.9642878174781799	2013	Germany
SRR9924020	NA	NA	NA	NA	NA	NA	NA	NA	NA	NA	NA	NA	NA	NA	NA	NA	human	host_tax_id	host_tax_id=9606; Homo sapiens	NA	0.984605073928833	2018	United Kingdom
SRR10013357	NA	NA	NA	NA	NA	NA	NA	NA	NA	NA	NA	NA	NA	NA	NA	NA	human	host_tax_id	host_tax_id=9606; Homo sapiens	NA	0.9850860238075256	2016	United Kingdom
SRR9901589	NA	NA	NA	NA	NA	NA	NA	NA	NA	NA	NA	NA	NA	NA	NA	NA	human	host_tax_id	host_tax_id=9606; Homo sapiens	NA	0.9857317805290222	2018	United Kingdom
SRR10006856	NA	NA	NA	NA	NA	NA	NA	NA	NA	NA	NA	NA	NA	NA	NA	NA	human	host_tax_id	host_tax_id=9606; Homo sapiens	NA	0.985243022441864	2016	United Kingdom
SRR9899111	NA	NA	NA	NA	NA	NA	NA	NA	NA	NA	NA	NA	NA	NA	NA	NA	human	host_tax_id	host_tax_id=9606; Homo sapiens	NA	0.9853983521461487	2018	United Kingdom
SRR2057227	NA	NA	NA	NA	NA	NA	NA	NA	NA	NA	NA	NA	NA	NA	NA	NA	human	mistral		NA	0.0819595530629158	2015	United States
SRR8886452	NA	NA	NA	NA	NA	NA	NA	NA	NA	NA	NA	NA	NA	NA	NA	NA	human	host_tax_id	host_tax_id=9606; Homo sapiens	NA	0.9679902195930481	2007	unknown
SRR12077290	NA	NA	NA	NA	NA	NA	NA	NA	NA	NA	NA	NA	NA	NA	NA	NA	human	host_tax_id	host_tax_id=9606; Homo sapiens	NA	0.9561044573783875	2004	South Africa
SRR10013461	NA	NA	NA	NA	NA	NA	NA	NA	NA	NA	NA	NA	NA	NA	NA	NA	human	host_tax_id	host_tax_id=9606; Homo sapiens	NA	0.9838472008705139	2016	United Kingdom
SRR28623835	NA	NA	NA	NA	NA	NA	NA	NA	NA	NA	NA	NA	NA	NA	NA	NA	human	host_tax_id	host_tax_id=9606; Homo sapiens	NA	0.966600239276886	2021	Spain
SRR9929936	NA	NA	NA	NA	NA	NA	NA	NA	NA	NA	NA	NA	NA	NA	NA	NA	human	mistral		NA	0.016801616176962852	2019	United States
ERR4224083	NA	NA	NA	NA	NA	NA	NA	NA	NA	NA	NA	NA	NA	NA	NA	NA	human	mistral		NA	0.9878293871879578	2018	Netherlands
SRR6202924	NA	NA	NA	NA	NA	NA	NA	NA	NA	NA	NA	NA	NA	NA	NA	NA	human	mistral		NA	0.0652465671300888	2017	United States
SRR11007823	NA	NA	NA	NA	NA	NA	NA	NA	NA	NA	NA	NA	NA	NA	NA	NA	human	host_tax_id	host_tax_id=9606; Homo sapiens	NA	0.9879462122917175	2016	United States
SRR17974319	NA	NA	NA	NA	NA	NA	NA	NA	NA	NA	NA	NA	NA	NA	NA	NA	human	host_tax_id	host_tax_id=9606; Homo sapiens	NA	0.9484418630599976	2019	New Zealand
SRR10738422	NA	NA	NA	NA	NA	NA	NA	NA	NA	NA	NA	NA	NA	NA	NA	NA	human	host_tax_id	host_tax_id=9606; Homo sapiens	NA	0.9884695410728455	2016	United States
SRR9974474	NA	NA	NA	NA	NA	NA	NA	NA	NA	NA	NA	NA	NA	NA	NA	NA	human	host_tax_id	host_tax_id=9606; Homo sapiens	NA	0.9852855205535889	2017	United Kingdom
SRR27385303	NA	NA	NA	NA	NA	NA	NA	NA	NA	NA	NA	NA	NA	NA	NA	NA	human	host_tax_id	host_tax_id=9606; Homo sapiens	NA	0.9783846735954285	2022	Peru
SRR6221087	NA	NA	NA	NA	NA	NA	NA	NA	NA	NA	NA	NA	NA	NA	NA	NA	human	mistral		NA	0.08166611939668655	2017	United States
SRR17925379	NA	NA	NA	NA	NA	NA	NA	NA	NA	NA	NA	NA	NA	NA	NA	NA	human	host_tax_id	host_tax_id=9606; Homo sapiens	NA	0.9507321715354919	2018	New Zealand
SRR8126519	NA	NA	NA	NA	NA	NA	NA	NA	NA	NA	NA	NA	NA	NA	NA	NA	human	host_tax_id	host_tax_id=9606; Homo sapiens	NA	0.9095862507820129	2014	France
ERR2986689	NA	NA	NA	NA	NA	NA	NA	NA	NA	NA	NA	NA	NA	NA	NA	NA	human	mistral		NA	0.1363781839609146	2016	Switzerland
SRR4000220	NA	NA	NA	NA	NA	NA	NA	NA	NA	NA	NA	NA	NA	NA	NA	NA	human	mistral		NA	0.04858620837330818	2016	unknown
SRR9942978	NA	NA	NA	NA	NA	NA	NA	NA	NA	NA	NA	NA	NA	NA	NA	NA	human	host_tax_id	host_tax_id=9606; Homo sapiens	NA	0.9843212962150574	2018	United Kingdom
SRR5188912	NA	NA	NA	NA	NA	NA	NA	NA	NA	NA	NA	NA	NA	NA	NA	NA	human	mistral		NA	0.06261703372001648	2014	United States
SRR11268237	NA	NA	NA	NA	NA	NA	NA	NA	NA	NA	NA	NA	NA	NA	NA	NA	human	host_tax_id	host_tax_id=9606; Homo sapiens	NA	0.9581869840621948		India
SRR12362453	NA	NA	NA	NA	NA	NA	NA	NA	NA	NA	NA	NA	NA	NA	NA	NA	human	host_tax_id	host_tax_id=9606; Homo sapiens	NA	0.9540517926216125	2019	Ireland
SRR25376760	NA	NA	NA	NA	NA	NA	NA	NA	NA	NA	NA	NA	NA	NA	NA	NA	human	host_tax_id	host_tax_id=9606; Homo sapiens	NA	0.9404625296592712	2018	Australia
SRR9942873	NA	NA	NA	NA	NA	NA	NA	NA	NA	NA	NA	NA	NA	NA	NA	NA	human	host_tax_id	host_tax_id=9606; Homo sapiens	NA	0.9858276844024658	2018	United Kingdom
SRR9962473	NA	NA	NA	NA	NA	NA	NA	NA	NA	NA	NA	NA	NA	NA	NA	NA	human	host_tax_id	host_tax_id=9606; Homo sapiens	NA	0.985327959060669	2017	United Kingdom
SRR28406690	NA	NA	NA	NA	NA	NA	NA	NA	NA	NA	NA	NA	NA	NA	NA	NA	human	host_tax_id	host_tax_id=9606; Homo sapiens	NA	0.9678385257720947	2022	Ethiopia
SRR12362279	NA	NA	NA	NA	NA	NA	NA	NA	NA	NA	NA	NA	NA	NA	NA	NA	human	host_tax_id	host_tax_id=9606; Homo sapiens	NA	0.9482983946800232	2019	Ireland
SRR9962218	NA	NA	NA	NA	NA	NA	NA	NA	NA	NA	NA	NA	NA	NA	NA	NA	human	host_tax_id	host_tax_id=9606; Homo sapiens	NA	0.9859769344329834	2017	United Kingdom
ERR9766849	NA	NA	NA	NA	NA	NA	NA	NA	NA	NA	NA	NA	NA	NA	NA	NA	human	mistral		NA	0.9517737030982971	2014	Switzerland
SRR9993653	NA	NA	NA	NA	NA	NA	NA	NA	NA	NA	NA	NA	NA	NA	NA	NA	human	host_tax_id	host_tax_id=9606; Homo sapiens	NA	0.983310878276825	2016	United Kingdom
ERR4224188	NA	NA	NA	NA	NA	NA	NA	NA	NA	NA	NA	NA	NA	NA	NA	NA	human	mistral		NA	0.9876161813735962	2018	Netherlands
SRR5209619	NA	NA	NA	NA	NA	NA	NA	NA	NA	NA	NA	NA	NA	NA	NA	NA	human	host_tax_id	host_tax_id=9606; Homo sapiens	NA	0.9619291424751282	2007	Canada
SRR9968987	NA	NA	NA	NA	NA	NA	NA	NA	NA	NA	NA	NA	NA	NA	NA	NA	human	host_tax_id	host_tax_id=9606; Homo sapiens	NA	0.9845011234283447	2017	United Kingdom
ERR2986658	NA	NA	NA	NA	NA	NA	NA	NA	NA	NA	NA	NA	NA	NA	NA	NA	human	mistral		NA	0.13398075103759766	2015	Switzerland
SRR12769653	NA	NA	NA	NA	NA	NA	NA	NA	NA	NA	NA	NA	NA	NA	NA	NA	human	host_tax_id	host_tax_id=9606; Homo sapiens	NA	0.9846346974372864	2015	United Kingdom
SRR9974241	NA	NA	NA	NA	NA	NA	NA	NA	NA	NA	NA	NA	NA	NA	NA	NA	human	host_tax_id	host_tax_id=9606; Homo sapiens	NA	0.9845457077026367	2017	United Kingdom
SRR1768072	NA	NA	NA	NA	NA	NA	NA	NA	NA	NA	NA	NA	NA	NA	NA	NA	human	mistral		NA	0.12415990978479385	2014	United States
SRR10490230	NA	NA	NA	NA	NA	NA	NA	NA	NA	NA	NA	NA	NA	NA	NA	NA	human	host_tax_id	host_tax_id=9606; Homo sapiens	NA	0.9858412146568298	2015	United Kingdom
SRR12062933	NA	NA	NA	NA	NA	NA	NA	NA	NA	NA	NA	NA	NA	NA	NA	NA	human	host_tax_id	host_tax_id=9606; Homo sapiens	NA	0.9128254652023315	2016	New Zealand
SRR10011173	NA	NA	NA	NA	NA	NA	NA	NA	NA	NA	NA	NA	NA	NA	NA	NA	human	host_tax_id	host_tax_id=9606; Homo sapiens	NA	0.9853702187538147	2016	United Kingdom
SRR10026154	NA	NA	NA	NA	NA	NA	NA	NA	NA	NA	NA	NA	NA	NA	NA	NA	human	host_tax_id	host_tax_id=9606; Homo sapiens	NA	0.9853702187538147	2016	United Kingdom
SRR25377045	NA	NA	NA	NA	NA	NA	NA	NA	NA	NA	NA	NA	NA	NA	NA	NA	human	host_tax_id	host_tax_id=9606; Homo sapiens	NA	0.9413314461708069	2018	Australia
SRR10056842	NA	NA	NA	NA	NA	NA	NA	NA	NA	NA	NA	NA	NA	NA	NA	NA	human	host_tax_id	host_tax_id=9606; Homo sapiens	NA	0.9849997162818909	2015	United Kingdom
SRR9948460	NA	NA	NA	NA	NA	NA	NA	NA	NA	NA	NA	NA	NA	NA	NA	NA	human	host_tax_id	host_tax_id=9606; Homo sapiens	NA	0.9853843450546265	2017	United Kingdom
SRR20336840	NA	NA	NA	NA	NA	NA	NA	NA	NA	NA	NA	NA	NA	NA	NA	NA	human	host_tax_id	host_tax_id=9606; Homo sapiens	NA	0.9550684094429016	2020	Peru
SRR10001221	NA	NA	NA	NA	NA	NA	NA	NA	NA	NA	NA	NA	NA	NA	NA	NA	human	host_tax_id	host_tax_id=9606; Homo sapiens	NA	0.9850285053253174	2016	United Kingdom
SRR9877471	NA	NA	NA	NA	NA	NA	NA	NA	NA	NA	NA	NA	NA	NA	NA	NA	human	host_tax_id	host_tax_id=9606; Homo sapiens	NA	0.9844563603401184	2019	United Kingdom
SRR7761286	NA	NA	NA	NA	NA	NA	NA	NA	NA	NA	NA	NA	NA	NA	NA	NA	human	mistral		NA	0.029256708920001984	2018	United States
SRR8554697	NA	NA	NA	NA	NA	NA	NA	NA	NA	NA	NA	NA	NA	NA	NA	NA	human	mistral		NA	0.03875620290637016	2018	United States
SRR9974246	NA	NA	NA	NA	NA	NA	NA	NA	NA	NA	NA	NA	NA	NA	NA	NA	human	host_tax_id	host_tax_id=9606; Homo sapiens	NA	0.9854264259338379	2017	United Kingdom
SRR7280455	NA	NA	NA	NA	NA	NA	NA	NA	NA	NA	NA	NA	NA	NA	NA	NA	human	host_tax_id	host_tax_id=9606; Homo sapiens	NA	0.5523511171340942	2011	New Zealand
SRR10062883	NA	NA	NA	NA	NA	NA	NA	NA	NA	NA	NA	NA	NA	NA	NA	NA	human	host_tax_id	host_tax_id=9606; Homo sapiens	NA	0.9851576089859009	2015	United Kingdom
SRR5581844	NA	NA	NA	NA	NA	NA	NA	NA	NA	NA	NA	NA	NA	NA	NA	NA	human	mistral		NA	0.0694785788655281	2017	United States
SRR13001597	NA	NA	NA	NA	NA	NA	NA	NA	NA	NA	NA	NA	NA	NA	NA	NA	human	host_tax_id	host_tax_id=9606; Homo sapiens	NA	0.9516838788986206		United States
SRR6929968	NA	NA	NA	NA	NA	NA	NA	NA	NA	NA	NA	NA	NA	NA	NA	NA	human	mistral		NA	0.0361519418656826	2018	United States
SRR7851637	NA	NA	NA	NA	NA	NA	NA	NA	NA	NA	NA	NA	NA	NA	NA	NA	human	mistral		NA	0.029929744079709053	2018	United States
SRR5097312	NA	NA	NA	NA	NA	NA	NA	NA	NA	NA	NA	NA	NA	NA	NA	NA	human	mistral		NA	0.08071905374526978	2016	United States
SRR9900234	NA	NA	NA	NA	NA	NA	NA	NA	NA	NA	NA	NA	NA	NA	NA	NA	human	host_tax_id	host_tax_id=9606; Homo sapiens	NA	0.9855521321296692	2018	United Kingdom
ERR083975	NA	NA	NA	NA	NA	NA	NA	NA	NA	NA	NA	NA	NA	NA	NA	NA	human	host_tax_id	host_tax_id=9606; Homo sapiens	NA	0.9594592452049255	2011	United Kingdom
SRR20075845	NA	NA	NA	NA	NA	NA	NA	NA	NA	NA	NA	NA	NA	NA	NA	NA	human	host_tax_id	host_tax_id=9606; Homo sapiens	NA	0.9703806042671204	2022	Denmark
ERR9766650	NA	NA	NA	NA	NA	NA	NA	NA	NA	NA	NA	NA	NA	NA	NA	NA	human	mistral		NA	0.9488699436187744	2006	Switzerland
SRR7851632	NA	NA	NA	NA	NA	NA	NA	NA	NA	NA	NA	NA	NA	NA	NA	NA	human	mistral		NA	0.029256705194711685	2018	United States
SRR10018227	NA	NA	NA	NA	NA	NA	NA	NA	NA	NA	NA	NA	NA	NA	NA	NA	human	host_tax_id	host_tax_id=9606; Homo sapiens	NA	0.9844563603401184	2016	United Kingdom
SRR9924040	NA	NA	NA	NA	NA	NA	NA	NA	NA	NA	NA	NA	NA	NA	NA	NA	human	host_tax_id	host_tax_id=9606; Homo sapiens	NA	0.9856905341148376	2018	United Kingdom
SRR7637763	NA	NA	NA	NA	NA	NA	NA	NA	NA	NA	NA	NA	NA	NA	NA	NA	human	mistral		NA	0.03243615850806236	2018	United States
SRR7764604	NA	NA	NA	NA	NA	NA	NA	NA	NA	NA	NA	NA	NA	NA	NA	NA	human	mistral		NA	0.02956334501504898	2018	United States
SRR10031344	NA	NA	NA	NA	NA	NA	NA	NA	NA	NA	NA	NA	NA	NA	NA	NA	human	host_tax_id	host_tax_id=9606; Homo sapiens	NA	0.9851003289222717	2016	United Kingdom
SRR8815897	NA	NA	NA	NA	NA	NA	NA	NA	NA	NA	NA	NA	NA	NA	NA	NA	human	mistral		NA	0.031768616288900375	2019	United States
SRR5230144	NA	NA	NA	NA	NA	NA	NA	NA	NA	NA	NA	NA	NA	NA	NA	NA	human	mistral		NA	0.07913912832736969	2016	United States
SRR6322607	NA	NA	NA	NA	NA	NA	NA	NA	NA	NA	NA	NA	NA	NA	NA	NA	human	mistral		NA	0.06954174488782883	2014	United States
SRR9898983	NA	NA	NA	NA	NA	NA	NA	NA	NA	NA	NA	NA	NA	NA	NA	NA	human	host_tax_id	host_tax_id=9606; Homo sapiens	NA	0.9856215119361877	2018	United Kingdom
SRR7968374	NA	NA	NA	NA	NA	NA	NA	NA	NA	NA	NA	NA	NA	NA	NA	NA	human	mistral		NA	0.029731908813118935	2018	United States
SRR12362332	NA	NA	NA	NA	NA	NA	NA	NA	NA	NA	NA	NA	NA	NA	NA	NA	human	host_tax_id	host_tax_id=9606; Homo sapiens	NA	0.9482024908065796	2019	Ireland
SRR7157741	NA	NA	NA	NA	NA	NA	NA	NA	NA	NA	NA	NA	NA	NA	NA	NA	human	mistral		NA	0.01607542112469673	2018	United States
ERR9766817	NA	NA	NA	NA	NA	NA	NA	NA	NA	NA	NA	NA	NA	NA	NA	NA	human	mistral		NA	0.9536218047142029	2011	Switzerland
SRR27376378	NA	NA	NA	NA	NA	NA	NA	NA	NA	NA	NA	NA	NA	NA	NA	NA	human	host_tax_id	host_tax_id=9606; Homo sapiens	NA	0.9787735939025879	2022	Peru
SRR10001393	NA	NA	NA	NA	NA	NA	NA	NA	NA	NA	NA	NA	NA	NA	NA	NA	human	host_tax_id	host_tax_id=9606; Homo sapiens	NA	0.9858549237251282	2011	United Kingdom
SRR17925158	NA	NA	NA	NA	NA	NA	NA	NA	NA	NA	NA	NA	NA	NA	NA	NA	human	host_tax_id	host_tax_id=9606; Homo sapiens	NA	0.9497159719467163	2018	New Zealand
SRR17929568	NA	NA	NA	NA	NA	NA	NA	NA	NA	NA	NA	NA	NA	NA	NA	NA	human	host_tax_id	host_tax_id=9606; Homo sapiens	NA	0.9485848546028137	2018	New Zealand
SRR6048548	NA	NA	NA	NA	NA	NA	NA	NA	NA	NA	NA	NA	NA	NA	NA	NA	human	mistral		NA	0.06816436350345612	2014	United States
SRR19905474	NA	NA	NA	NA	NA	NA	NA	NA	NA	NA	NA	NA	NA	NA	NA	NA	human	host_tax_id	host_tax_id=9606; Homo sapiens	NA	0.9579516649246216	2006	Bangladesh
SRR10019155	NA	NA	NA	NA	NA	NA	NA	NA	NA	NA	NA	NA	NA	NA	NA	NA	human	host_tax_id	host_tax_id=9606; Homo sapiens	NA	0.9852287769317627	2016	United Kingdom
SRR27474201	NA	NA	NA	NA	NA	NA	NA	NA	NA	NA	NA	NA	NA	NA	NA	NA	other_animal	mistral		NA	0.010693755932152271	2022	United States
SRR12488519	NA	NA	NA	NA	NA	NA	NA	NA	NA	NA	NA	NA	NA	NA	NA	NA	other_animal	mistral		NA	0.04590541869401932	2019	Peru
SRR3094502	NA	NA	NA	NA	NA	NA	NA	NA	NA	NA	NA	NA	NA	NA	NA	NA	other_animal	mistral		NA	0.19837459921836853	2013	unknown
SRR27474105	NA	NA	NA	NA	NA	NA	NA	NA	NA	NA	NA	NA	NA	NA	NA	NA	other_animal	mistral		NA	0.009232215583324432	2022	United States
SRR1635242	NA	NA	NA	NA	NA	NA	NA	NA	NA	NA	NA	NA	NA	NA	NA	NA	other_animal	mistral		NA	0.046421412378549576	2011	United Kingdom
SRR12686270	NA	NA	NA	NA	NA	NA	NA	NA	NA	NA	NA	NA	NA	NA	NA	NA	other_animal	mistral		NA	0.0070801181718707085	2003	Brazil
SRR27474148	NA	NA	NA	NA	NA	NA	NA	NA	NA	NA	NA	NA	NA	NA	NA	NA	other_animal	mistral		NA	0.01030820794403553	2022	United States
SRR12686252	NA	NA	NA	NA	NA	NA	NA	NA	NA	NA	NA	NA	NA	NA	NA	NA	other_animal	mistral		NA	0.006679878104478121	2007	Brazil
SRR29262348	NA	NA	NA	NA	NA	NA	NA	NA	NA	NA	NA	NA	NA	NA	NA	NA	other_animal	mistral		NA	0.018038030713796616	2022	Germany
SRR27474206	NA	NA	NA	NA	NA	NA	NA	NA	NA	NA	NA	NA	NA	NA	NA	NA	other_animal	mistral		NA	0.010328153148293495	2022	United States
SRR27474135	NA	NA	NA	NA	NA	NA	NA	NA	NA	NA	NA	NA	NA	NA	NA	NA	other_animal	mistral		NA	0.00999422650784254	2022	United States
SRR29262334	NA	NA	NA	NA	NA	NA	NA	NA	NA	NA	NA	NA	NA	NA	NA	NA	other_animal	mistral		NA	0.022737445309758186	2021	Germany
SRR6314321	NA	NA	NA	NA	NA	NA	NA	NA	NA	NA	NA	NA	NA	NA	NA	NA	other_animal	mistral		NA	0.003831932321190834	1999	Brazil
SRR1635222	NA	NA	NA	NA	NA	NA	NA	NA	NA	NA	NA	NA	NA	NA	NA	NA	wildbird	mistral		NA	0.0015669887652620673	2011	United Kingdom
SRR1635160	NA	NA	NA	NA	NA	NA	NA	NA	NA	NA	NA	NA	NA	NA	NA	NA	wildbird	mistral		NA	0.0014158706180751324	2011	United Kingdom
SRR27474144	NA	NA	NA	NA	NA	NA	NA	NA	NA	NA	NA	NA	NA	NA	NA	NA	other_animal	mistral		NA	0.009522485546767712	2022	United States
SRR1635043	NA	NA	NA	NA	NA	NA	NA	NA	NA	NA	NA	NA	NA	NA	NA	NA	other_animal	mistral		NA	0.03050205297768116	2011	United Kingdom
SRR1635167	NA	NA	NA	NA	NA	NA	NA	NA	NA	NA	NA	NA	NA	NA	NA	NA	other_animal	mistral		NA	0.04935940355062485	2011	United Kingdom
SRR12686263	NA	NA	NA	NA	NA	NA	NA	NA	NA	NA	NA	NA	NA	NA	NA	NA	other_animal	mistral		NA	0.0064506069757044315	2004	Brazil
SRR27474188	NA	NA	NA	NA	NA	NA	NA	NA	NA	NA	NA	NA	NA	NA	NA	NA	other_animal	mistral		NA	0.010590936057269573	2022	United States
SRR3094503	NA	NA	NA	NA	NA	NA	NA	NA	NA	NA	NA	NA	NA	NA	NA	NA	other_animal	mistral		NA	0.18535661697387695	2013	unknown
SRR11101879	NA	NA	NA	NA	NA	NA	NA	NA	NA	NA	NA	NA	NA	NA	NA	NA	other_animal	mistral		NA	0.0697949230670929		Sweden
SRR3094501	NA	NA	NA	NA	NA	NA	NA	NA	NA	NA	NA	NA	NA	NA	NA	NA	other_animal	mistral		NA	0.16398023068904877	2013	unknown
SRR1816196	NA	NA	NA	NA	NA	NA	NA	NA	NA	NA	NA	NA	NA	NA	NA	NA	other_animal	mistral		NA	0.025298964232206345		unknown
SRR6314874	NA	NA	NA	NA	NA	NA	NA	NA	NA	NA	NA	NA	NA	NA	NA	NA	other_animal	mistral		NA	0.003692853031679988	2009	Brazil
SRR3619988	NA	NA	NA	NA	NA	NA	NA	NA	NA	NA	NA	NA	NA	NA	NA	NA	other_animal	mistral		NA	0.021822825074195862		unknown
SRR1635153	NA	NA	NA	NA	NA	NA	NA	NA	NA	NA	NA	NA	NA	NA	NA	NA	other_animal	mistral		NA	0.056966383010149	2011	United Kingdom
SRR1635168	NA	NA	NA	NA	NA	NA	NA	NA	NA	NA	NA	NA	NA	NA	NA	NA	other_animal	mistral		NA	0.05089373141527176	2011	United Kingdom
SRR12686293	NA	NA	NA	NA	NA	NA	NA	NA	NA	NA	NA	NA	NA	NA	NA	NA	other_animal	mistral		NA	0.00847840216010809	1996	Brazil
SRR12686280	NA	NA	NA	NA	NA	NA	NA	NA	NA	NA	NA	NA	NA	NA	NA	NA	other_animal	mistral		NA	0.006413164082914591	2000	Brazil
SRR27474180	NA	NA	NA	NA	NA	NA	NA	NA	NA	NA	NA	NA	NA	NA	NA	NA	other_animal	mistral		NA	0.011115012690424919	2022	United States
SRR1635134	NA	NA	NA	NA	NA	NA	NA	NA	NA	NA	NA	NA	NA	NA	NA	NA	other_animal	mistral		NA	0.07237402349710464	2011	United Kingdom
SRR1816194	NA	NA	NA	NA	NA	NA	NA	NA	NA	NA	NA	NA	NA	NA	NA	NA	other_animal	mistral		NA	0.024353381246328354		unknown
SRR27474153	NA	NA	NA	NA	NA	NA	NA	NA	NA	NA	NA	NA	NA	NA	NA	NA	other_animal	mistral		NA	0.010368156246840954	2022	United States
SRR27474102	NA	NA	NA	NA	NA	NA	NA	NA	NA	NA	NA	NA	NA	NA	NA	NA	other_animal	mistral		NA	0.01005236804485321	2022	United States
SRR12686282	NA	NA	NA	NA	NA	NA	NA	NA	NA	NA	NA	NA	NA	NA	NA	NA	other_animal	mistral		NA	0.007093862164765596	1999	Brazil
SRR1635212	NA	NA	NA	NA	NA	NA	NA	NA	NA	NA	NA	NA	NA	NA	NA	NA	other_animal	mistral		NA	0.054701510816812515	2011	United Kingdom
SRR27474192	NA	NA	NA	NA	NA	NA	NA	NA	NA	NA	NA	NA	NA	NA	NA	NA	other_animal	mistral		NA	0.010209053754806519	2022	United States
SRR29262329	NA	NA	NA	NA	NA	NA	NA	NA	NA	NA	NA	NA	NA	NA	NA	NA	other_animal	mistral		NA	0.02517884224653244	2022	Germany
SRR1635284	NA	NA	NA	NA	NA	NA	NA	NA	NA	NA	NA	NA	NA	NA	NA	NA	other_animal	mistral		NA	0.03993731364607811	2011	United Kingdom
SRR3619982	NA	NA	NA	NA	NA	NA	NA	NA	NA	NA	NA	NA	NA	NA	NA	NA	other_animal	mistral		NA	0.022116590291261673		unknown
SRR12686295	NA	NA	NA	NA	NA	NA	NA	NA	NA	NA	NA	NA	NA	NA	NA	NA	other_animal	mistral		NA	0.006628240924328566	1996	Brazil
SRR3619972	NA	NA	NA	NA	NA	NA	NA	NA	NA	NA	NA	NA	NA	NA	NA	NA	other_animal	mistral		NA	0.0222861859947443		unknown
SRR11101917	NA	NA	NA	NA	NA	NA	NA	NA	NA	NA	NA	NA	NA	NA	NA	NA	other_animal	mistral		NA	0.0699218288064003		Sweden
SRR1635047	NA	NA	NA	NA	NA	NA	NA	NA	NA	NA	NA	NA	NA	NA	NA	NA	other_animal	mistral		NA	0.08532742410898209	2011	United Kingdom
SRR27474114	NA	NA	NA	NA	NA	NA	NA	NA	NA	NA	NA	NA	NA	NA	NA	NA	other_animal	mistral		NA	0.010288300924003124	2022	United States
SRR27474182	NA	NA	NA	NA	NA	NA	NA	NA	NA	NA	NA	NA	NA	NA	NA	NA	other_animal	mistral		NA	0.009633651934564114	2022	United States
SRR1816195	NA	NA	NA	NA	NA	NA	NA	NA	NA	NA	NA	NA	NA	NA	NA	NA	other_animal	mistral		NA	0.023286305367946625		unknown
SRR1635062	NA	NA	NA	NA	NA	NA	NA	NA	NA	NA	NA	NA	NA	NA	NA	NA	other_animal	mistral		NA	0.07963874191045761	2011	United Kingdom
SRR1635166	NA	NA	NA	NA	NA	NA	NA	NA	NA	NA	NA	NA	NA	NA	NA	NA	other_animal	mistral		NA	0.05170164257287979	2011	United Kingdom
SRR12686254	NA	NA	NA	NA	NA	NA	NA	NA	NA	NA	NA	NA	NA	NA	NA	NA	other_animal	mistral		NA	0.006500870920717716	2007	Brazil
SRR1814942	NA	NA	NA	NA	NA	NA	NA	NA	NA	NA	NA	NA	NA	NA	NA	NA	other_animal	mistral		NA	0.023689471185207367		unknown
SRR27474160	NA	NA	NA	NA	NA	NA	NA	NA	NA	NA	NA	NA	NA	NA	NA	NA	other_animal	mistral		NA	0.009125638753175735	2022	United States
SRR27474145	NA	NA	NA	NA	NA	NA	NA	NA	NA	NA	NA	NA	NA	NA	NA	NA	other_animal	mistral		NA	0.01016965787857771	2022	United States
SRR1635147	NA	NA	NA	NA	NA	NA	NA	NA	NA	NA	NA	NA	NA	NA	NA	NA	other_animal	mistral		NA	0.0781484842300415	2011	United Kingdom
SRR12686266	NA	NA	NA	NA	NA	NA	NA	NA	NA	NA	NA	NA	NA	NA	NA	NA	other_animal	mistral		NA	0.006589771714061499	2003	Brazil
SRR27474110	NA	NA	NA	NA	NA	NA	NA	NA	NA	NA	NA	NA	NA	NA	NA	NA	other_animal	mistral		NA	0.009955651126801968	2022	United States
SRR5209462	NA	NA	NA	NA	NA	NA	NA	NA	NA	NA	NA	NA	NA	NA	NA	NA	other_animal	mistral		NA	0.004591683857142925	2011	Canada
SRR27474107	NA	NA	NA	NA	NA	NA	NA	NA	NA	NA	NA	NA	NA	NA	NA	NA	other_animal	mistral		NA	0.009633652865886688	2022	United States
SRR1635234	NA	NA	NA	NA	NA	NA	NA	NA	NA	NA	NA	NA	NA	NA	NA	NA	other_animal	mistral		NA	0.05223086103796959	2011	United Kingdom
SRR5209460	NA	NA	NA	NA	NA	NA	NA	NA	NA	NA	NA	NA	NA	NA	NA	NA	other_animal	mistral		NA	0.004914949182420969	2011	Canada
SRR1635161	NA	NA	NA	NA	NA	NA	NA	NA	NA	NA	NA	NA	NA	NA	NA	NA	other_animal	mistral		NA	0.05189349502325058	2011	United Kingdom
SRR29262342	NA	NA	NA	NA	NA	NA	NA	NA	NA	NA	NA	NA	NA	NA	NA	NA	other_animal	mistral		NA	0.019908789545297623	2022	Germany
SRR1635151	NA	NA	NA	NA	NA	NA	NA	NA	NA	NA	NA	NA	NA	NA	NA	NA	wildbird	mistral		NA	0.0014214043039828539	2011	United Kingdom
SRR29262332	NA	NA	NA	NA	NA	NA	NA	NA	NA	NA	NA	NA	NA	NA	NA	NA	other_animal	mistral		NA	0.02527490071952343	2022	Germany
SRR3619973	NA	NA	NA	NA	NA	NA	NA	NA	NA	NA	NA	NA	NA	NA	NA	NA	other_animal	mistral		NA	0.02222243882715702		unknown
SRR1816201	NA	NA	NA	NA	NA	NA	NA	NA	NA	NA	NA	NA	NA	NA	NA	NA	other_animal	mistral		NA	0.023893602192401886		unknown
SRR1635210	NA	NA	NA	NA	NA	NA	NA	NA	NA	NA	NA	NA	NA	NA	NA	NA	other_animal	mistral		NA	0.05370030552148819	2011	United Kingdom
SRR1635129	NA	NA	NA	NA	NA	NA	NA	NA	NA	NA	NA	NA	NA	NA	NA	NA	other_animal	mistral		NA	0.07857164740562439	2011	United Kingdom
SRR27474163	NA	NA	NA	NA	NA	NA	NA	NA	NA	NA	NA	NA	NA	NA	NA	NA	other_animal	mistral		NA	0.01083937007933855	2022	United States
SRR27474129	NA	NA	NA	NA	NA	NA	NA	NA	NA	NA	NA	NA	NA	NA	NA	NA	other_animal	mistral		NA	0.009764972142875195	2022	United States
SRR1635241	NA	NA	NA	NA	NA	NA	NA	NA	NA	NA	NA	NA	NA	NA	NA	NA	other_animal	mistral		NA	0.05056453496217728	2011	United Kingdom
SRR6169171	NA	NA	NA	NA	NA	NA	NA	NA	NA	NA	NA	NA	NA	NA	NA	NA	other_animal	mistral		NA	0.0021742256358265877	2017	United States
SRR27474111	NA	NA	NA	NA	NA	NA	NA	NA	NA	NA	NA	NA	NA	NA	NA	NA	other_animal	mistral		NA	0.009898063726723194	2022	United States
SRR1635246	NA	NA	NA	NA	NA	NA	NA	NA	NA	NA	NA	NA	NA	NA	NA	NA	other_animal	mistral		NA	0.051653772592544556	2011	United Kingdom
SRR12686250	NA	NA	NA	NA	NA	NA	NA	NA	NA	NA	NA	NA	NA	NA	NA	NA	other_animal	mistral		NA	0.009072807617485523	2009	Brazil
SRR3094508	NA	NA	NA	NA	NA	NA	NA	NA	NA	NA	NA	NA	NA	NA	NA	NA	other_animal	mistral		NA	0.16926851868629456	2013	unknown
SRR3094510	NA	NA	NA	NA	NA	NA	NA	NA	NA	NA	NA	NA	NA	NA	NA	NA	other_animal	mistral		NA	0.16762705147266388	2013	unknown
SRR1635275	NA	NA	NA	NA	NA	NA	NA	NA	NA	NA	NA	NA	NA	NA	NA	NA	other_animal	mistral		NA	0.04963506758213043	2011	United Kingdom
SRR6315299	NA	NA	NA	NA	NA	NA	NA	NA	NA	NA	NA	NA	NA	NA	NA	NA	other_animal	mistral		NA	0.00355880381539464	2003	Brazil
SRR5054226	NA	NA	NA	NA	NA	NA	NA	NA	NA	NA	NA	NA	NA	NA	NA	NA	other_animal	mistral		NA	0.0016229671891778708	2016	United States
SRR27474167	NA	NA	NA	NA	NA	NA	NA	NA	NA	NA	NA	NA	NA	NA	NA	NA	other_animal	mistral		NA	0.00980281550437212	2022	United States
SRR6314857	NA	NA	NA	NA	NA	NA	NA	NA	NA	NA	NA	NA	NA	NA	NA	NA	other_animal	mistral		NA	0.0035657368134707212	2000	Brazil
SRR4069394	NA	NA	NA	NA	NA	NA	NA	NA	NA	NA	NA	NA	NA	NA	NA	NA	other_animal	mistral		NA	0.021739594638347626		unknown
SRR6314323	NA	NA	NA	NA	NA	NA	NA	NA	NA	NA	NA	NA	NA	NA	NA	NA	other_animal	mistral		NA	0.0037654137704521418	1999	Brazil
SRR5209461	NA	NA	NA	NA	NA	NA	NA	NA	NA	NA	NA	NA	NA	NA	NA	NA	other_animal	mistral		NA	0.004848533309996128	2011	Canada
SRR1635276	NA	NA	NA	NA	NA	NA	NA	NA	NA	NA	NA	NA	NA	NA	NA	NA	other_animal	mistral		NA	0.050705358386039734	2011	United Kingdom
SRR1635258	NA	NA	NA	NA	NA	NA	NA	NA	NA	NA	NA	NA	NA	NA	NA	NA	other_animal	mistral		NA	0.049681156873703	2011	United Kingdom
SRR3619993	NA	NA	NA	NA	NA	NA	NA	NA	NA	NA	NA	NA	NA	NA	NA	NA	other_animal	mistral		NA	0.02922898903489113		unknown
SRR1816192	NA	NA	NA	NA	NA	NA	NA	NA	NA	NA	NA	NA	NA	NA	NA	NA	other_animal	mistral		NA	0.024869106709957123		unknown
SRR1635090	NA	NA	NA	NA	NA	NA	NA	NA	NA	NA	NA	NA	NA	NA	NA	NA	other_animal	mistral		NA	0.030646778643131256	2011	United Kingdom
SRR1635156	NA	NA	NA	NA	NA	NA	NA	NA	NA	NA	NA	NA	NA	NA	NA	NA	other_animal	mistral		NA	0.056913938373327255	2011	United Kingdom
SRR27474113	NA	NA	NA	NA	NA	NA	NA	NA	NA	NA	NA	NA	NA	NA	NA	NA	other_animal	mistral		NA	0.009859856218099594	2022	United States
SRR27474152	NA	NA	NA	NA	NA	NA	NA	NA	NA	NA	NA	NA	NA	NA	NA	NA	other_animal	mistral		NA	0.009727273136377335	2022	United States
SRR1635049	NA	NA	NA	NA	NA	NA	NA	NA	NA	NA	NA	NA	NA	NA	NA	NA	other_animal	mistral		NA	0.0696682333946228	2011	United Kingdom
SRR3094499	NA	NA	NA	NA	NA	NA	NA	NA	NA	NA	NA	NA	NA	NA	NA	NA	other_animal	mistral		NA	0.1750439703464508	2013	unknown
SRR27474149	NA	NA	NA	NA	NA	NA	NA	NA	NA	NA	NA	NA	NA	NA	NA	NA	other_animal	mistral		NA	0.010368157178163528	2022	United States
SRR1635207	NA	NA	NA	NA	NA	NA	NA	NA	NA	NA	NA	NA	NA	NA	NA	NA	other_animal	mistral		NA	0.05000489950180054	2011	United Kingdom
SRR1635219	NA	NA	NA	NA	NA	NA	NA	NA	NA	NA	NA	NA	NA	NA	NA	NA	other_animal	mistral		NA	0.0501442551612854	2011	United Kingdom
SRR1635233	NA	NA	NA	NA	NA	NA	NA	NA	NA	NA	NA	NA	NA	NA	NA	NA	other_animal	mistral		NA	0.05113008990883827	2011	United Kingdom
SRR12625727	NA	NA	NA	NA	NA	NA	NA	NA	NA	NA	NA	NA	NA	NA	NA	NA	pig	mistral		NA	0.972908079624176	2020	United States
SRR6856173	NA	NA	NA	NA	NA	NA	NA	NA	NA	NA	NA	NA	NA	NA	NA	NA	pig	mistral		NA	0.9417078495025635	2010	United States
SRR6659229	NA	NA	NA	NA	NA	NA	NA	NA	NA	NA	NA	NA	NA	NA	NA	NA	pig	mistral		NA	0.9540517926216125	2017	United States
SRR8951824	NA	NA	NA	NA	NA	NA	NA	NA	NA	NA	NA	NA	NA	NA	NA	NA	pig	mistral		NA	0.9573974609375	2019	United States
SRR3215130	NA	NA	NA	NA	NA	NA	NA	NA	NA	NA	NA	NA	NA	NA	NA	NA	pig	mistral		NA	0.9161846041679382	2016	United States
SRR6376259	NA	NA	NA	NA	NA	NA	NA	NA	NA	NA	NA	NA	NA	NA	NA	NA	pig	mistral		NA	0.9418684244155884	2009	United States
SRR7496959	NA	NA	NA	NA	NA	NA	NA	NA	NA	NA	NA	NA	NA	NA	NA	NA	pig	mistral		NA	0.9390807151794434	2010	United States
ERR4224796	NA	NA	NA	NA	NA	NA	NA	NA	NA	NA	NA	NA	NA	NA	NA	NA	pig	mistral		NA	0.9920311570167542	2004	Netherlands
SRR10768360	NA	NA	NA	NA	NA	NA	NA	NA	NA	NA	NA	NA	NA	NA	NA	NA	pig	mistral		NA	0.9484895467758179	2009	United States
SRR6998296	NA	NA	NA	NA	NA	NA	NA	NA	NA	NA	NA	NA	NA	NA	NA	NA	pig	mistral		NA	0.9388008117675781	2009	United States
SRR7367176	NA	NA	NA	NA	NA	NA	NA	NA	NA	NA	NA	NA	NA	NA	NA	NA	pig	mistral		NA	0.913058340549469	2018	United States
SRR7543323	NA	NA	NA	NA	NA	NA	NA	NA	NA	NA	NA	NA	NA	NA	NA	NA	pig	mistral		NA	0.9543505907058716	2018	United States
SRR5876891	NA	NA	NA	NA	NA	NA	NA	NA	NA	NA	NA	NA	NA	NA	NA	NA	pig	mistral		NA	0.9401885271072388	2010	United States
SRR7500598	NA	NA	NA	NA	NA	NA	NA	NA	NA	NA	NA	NA	NA	NA	NA	NA	pig	mistral		NA	0.9389688372612	2010	United States
SRR5427952	NA	NA	NA	NA	NA	NA	NA	NA	NA	NA	NA	NA	NA	NA	NA	NA	pig	mistral		NA	0.9190633296966553	2017	United States
SRR6398669	NA	NA	NA	NA	NA	NA	NA	NA	NA	NA	NA	NA	NA	NA	NA	NA	pig	mistral		NA	0.9419218301773071	2009	United States
SRR17152128	NA	NA	NA	NA	NA	NA	NA	NA	NA	NA	NA	NA	NA	NA	NA	NA	pig	mistral		NA	0.9660599827766418	2019	South Korea
SRR10768380	NA	NA	NA	NA	NA	NA	NA	NA	NA	NA	NA	NA	NA	NA	NA	NA	pig	mistral		NA	0.9479140043258667	2009	United States
SRR8696153	NA	NA	NA	NA	NA	NA	NA	NA	NA	NA	NA	NA	NA	NA	NA	NA	pig	mistral		NA	0.9154316782951355	2019	United States
SRR5865333	NA	NA	NA	NA	NA	NA	NA	NA	NA	NA	NA	NA	NA	NA	NA	NA	pig	mistral		NA	0.9405171871185303	2010	United States
SRR9289356	NA	NA	NA	NA	NA	NA	NA	NA	NA	NA	NA	NA	NA	NA	NA	NA	pig	mistral		NA	0.9519079923629761	2019	United States
SRR6904941	NA	NA	NA	NA	NA	NA	NA	NA	NA	NA	NA	NA	NA	NA	NA	NA	pig	mistral		NA	0.9561863541603088	2018	United States
SRR7127921	NA	NA	NA	NA	NA	NA	NA	NA	NA	NA	NA	NA	NA	NA	NA	NA	pig	mistral		NA	0.9403530955314636	2009	United States
SRR9010153	NA	NA	NA	NA	NA	NA	NA	NA	NA	NA	NA	NA	NA	NA	NA	NA	pig	mistral		NA	0.9092645049095154	2019	United States
SRR3297736	NA	NA	NA	NA	NA	NA	NA	NA	NA	NA	NA	NA	NA	NA	NA	NA	pig	mistral		NA	0.9559813737869263	2016	United States
SRR7624020	NA	NA	NA	NA	NA	NA	NA	NA	NA	NA	NA	NA	NA	NA	NA	NA	pig	mistral		NA	0.9551102519035339	2018	United States
SRR11654067	NA	NA	NA	NA	NA	NA	NA	NA	NA	NA	NA	NA	NA	NA	NA	NA	pig	mistral		NA	0.9106249213218689	2019	United States
SRR9879527	NA	NA	NA	NA	NA	NA	NA	NA	NA	NA	NA	NA	NA	NA	NA	NA	pig	mistral		NA	0.9634031057357788	2018	United States
SRR5865320	NA	NA	NA	NA	NA	NA	NA	NA	NA	NA	NA	NA	NA	NA	NA	NA	pig	mistral		NA	0.9382938742637634	2010	United States
SRR10045171	NA	NA	NA	NA	NA	NA	NA	NA	NA	NA	NA	NA	NA	NA	NA	NA	pig	mistral		NA	0.9399133324623108	2019	United States
SRR3583308	NA	NA	NA	NA	NA	NA	NA	NA	NA	NA	NA	NA	NA	NA	NA	NA	pig	mistral		NA	0.9145963191986084	2016	United States
SRR5645350	NA	NA	NA	NA	NA	NA	NA	NA	NA	NA	NA	NA	NA	NA	NA	NA	pig	mistral		NA	0.9421884417533875	2010	United States
SRR11544808	NA	NA	NA	NA	NA	NA	NA	NA	NA	NA	NA	NA	NA	NA	NA	NA	pig	mistral		NA	0.9550684094429016	2020	United States
SRR6666794	NA	NA	NA	NA	NA	NA	NA	NA	NA	NA	NA	NA	NA	NA	NA	NA	pig	mistral		NA	0.939581573009491	2009	United States
ERR4223951	NA	NA	NA	NA	NA	NA	NA	NA	NA	NA	NA	NA	NA	NA	NA	NA	pig	mistral		NA	0.9923785924911499	2017	Netherlands
ERR1163653	NA	NA	NA	NA	NA	NA	NA	NA	NA	NA	NA	NA	NA	NA	NA	NA	pig	mistral		NA	0.9771755933761597	2008	United Kingdom
SRR8609085	NA	NA	NA	NA	NA	NA	NA	NA	NA	NA	NA	NA	NA	NA	NA	NA	pig	mistral		NA	0.9136765003204346	2019	United States
SRR3583313	NA	NA	NA	NA	NA	NA	NA	NA	NA	NA	NA	NA	NA	NA	NA	NA	pig	mistral		NA	0.9562272429466248	2016	United States
SRR6764260	NA	NA	NA	NA	NA	NA	NA	NA	NA	NA	NA	NA	NA	NA	NA	NA	pig	mistral		NA	0.95707768201828	2018	United States
SRR17412822	NA	NA	NA	NA	NA	NA	NA	NA	NA	NA	NA	NA	NA	NA	NA	NA	pig	mistral		NA	0.9779045581817627	2021	United States
SRR5760705	NA	NA	NA	NA	NA	NA	NA	NA	NA	NA	NA	NA	NA	NA	NA	NA	pig	mistral		NA	0.9410611987113953	2010	United States
SRR12070098	NA	NA	NA	NA	NA	NA	NA	NA	NA	NA	NA	NA	NA	NA	NA	NA	pig	host_tax_id	host_tax_id=9825; Sus scrofa domesticus	NA	0.08969350904226303	2016	Italy
SRR6666474	NA	NA	NA	NA	NA	NA	NA	NA	NA	NA	NA	NA	NA	NA	NA	NA	pig	mistral		NA	0.9393594861030579	2009	United States
SRR12680074	NA	NA	NA	NA	NA	NA	NA	NA	NA	NA	NA	NA	NA	NA	NA	NA	pig	mistral		NA	0.9446893930435181	2020	United States
SRR11654077	NA	NA	NA	NA	NA	NA	NA	NA	NA	NA	NA	NA	NA	NA	NA	NA	pig	mistral		NA	0.9125920534133911	2020	United States
SRR3113830	NA	NA	NA	NA	NA	NA	NA	NA	NA	NA	NA	NA	NA	NA	NA	NA	pig	mistral		NA	0.9549004435539246	2015	United States
SRR20710162	NA	NA	NA	NA	NA	NA	NA	NA	NA	NA	NA	NA	NA	NA	NA	NA	pig	mistral		NA	0.9776071906089783	2022	United States
SRR5861818	NA	NA	NA	NA	NA	NA	NA	NA	NA	NA	NA	NA	NA	NA	NA	NA	pig	mistral		NA	0.9401335716247559	2010	United States
ERR10497186	NA	NA	NA	NA	NA	NA	NA	NA	NA	NA	NA	NA	NA	NA	NA	NA	pig	mistral		NA	0.9904958605766296	2017	Spain
SRR6659230	NA	NA	NA	NA	NA	NA	NA	NA	NA	NA	NA	NA	NA	NA	NA	NA	pig	mistral		NA	0.9551102519035339	2017	United States
SRR17066970	NA	NA	NA	NA	NA	NA	NA	NA	NA	NA	NA	NA	NA	NA	NA	NA	pig	mistral		NA	0.9639160633087158	2021	United States
SRR11600456	NA	NA	NA	NA	NA	NA	NA	NA	NA	NA	NA	NA	NA	NA	NA	NA	pig	mistral		NA	0.9532315135002136	2019	United States
SRR5815736	NA	NA	NA	NA	NA	NA	NA	NA	NA	NA	NA	NA	NA	NA	NA	NA	pig	mistral		NA	0.9560635089874268	2017	United States
SRR6664291	NA	NA	NA	NA	NA	NA	NA	NA	NA	NA	NA	NA	NA	NA	NA	NA	pig	mistral		NA	0.9384632706642151	2009	United States
SRR9856028	NA	NA	NA	NA	NA	NA	NA	NA	NA	NA	NA	NA	NA	NA	NA	NA	pig	mistral		NA	0.9417077302932739	2019	United States
SRR7439653	NA	NA	NA	NA	NA	NA	NA	NA	NA	NA	NA	NA	NA	NA	NA	NA	pig	mistral		NA	0.9419218897819519	2010	United States
SRR12782933	NA	NA	NA	NA	NA	NA	NA	NA	NA	NA	NA	NA	NA	NA	NA	NA	pig	mistral		NA	0.9728565812110901	2020	United States
SRR2889269	NA	NA	NA	NA	NA	NA	NA	NA	NA	NA	NA	NA	NA	NA	NA	NA	pig	mistral		NA	0.9552357196807861	2015	United States
SRR8635363	NA	NA	NA	NA	NA	NA	NA	NA	NA	NA	NA	NA	NA	NA	NA	NA	pig	mistral		NA	0.9568363428115845	2019	United States
SRR6212386	NA	NA	NA	NA	NA	NA	NA	NA	NA	NA	NA	NA	NA	NA	NA	NA	pig	mistral		NA	0.9398581385612488	2010	United States
SRR5605553	NA	NA	NA	NA	NA	NA	NA	NA	NA	NA	NA	NA	NA	NA	NA	NA	pig	mistral		NA	0.9163345098495483	2017	United States
SRR6289028	NA	NA	NA	NA	NA	NA	NA	NA	NA	NA	NA	NA	NA	NA	NA	NA	pig	mistral		NA	0.9405171275138855	2009	United States
SRR18426075	NA	NA	NA	NA	NA	NA	NA	NA	NA	NA	NA	NA	NA	NA	NA	NA	pig	mistral		NA	0.9771537780761719	2022	United States
SRR5195803	NA	NA	NA	NA	NA	NA	NA	NA	NA	NA	NA	NA	NA	NA	NA	NA	pig	mistral		NA	0.954308032989502	2016	United States
SRR9007403	NA	NA	NA	NA	NA	NA	NA	NA	NA	NA	NA	NA	NA	NA	NA	NA	pig	mistral		NA	0.9554024338722229	2019	United States
SRR12070221	NA	NA	NA	NA	NA	NA	NA	NA	NA	NA	NA	NA	NA	NA	NA	NA	pig	host_tax_id	host_tax_id=9825; Sus scrofa domesticus	NA	0.09309922903776169	2013	Italy
SRR8754469	NA	NA	NA	NA	NA	NA	NA	NA	NA	NA	NA	NA	NA	NA	NA	NA	pig	mistral		NA	0.9105454087257385	2019	United States
SRR6443378	NA	NA	NA	NA	NA	NA	NA	NA	NA	NA	NA	NA	NA	NA	NA	NA	pig	mistral		NA	0.9425066709518433	2009	United States
SRR6261965	NA	NA	NA	NA	NA	NA	NA	NA	NA	NA	NA	NA	NA	NA	NA	NA	pig	mistral		NA	0.9405171871185303	2010	United States
SRR13921952	NA	NA	NA	NA	NA	NA	NA	NA	NA	NA	NA	NA	NA	NA	NA	NA	pig	mistral		NA	0.9676862359046936	2009	United States
SRR23513629	NA	NA	NA	NA	NA	NA	NA	NA	NA	NA	NA	NA	NA	NA	NA	NA	pig	mistral		NA	0.9769347310066223	2023	United States
SRR3185261	NA	NA	NA	NA	NA	NA	NA	NA	NA	NA	NA	NA	NA	NA	NA	NA	pig	mistral		NA	0.95743727684021	2016	United States
SRR12070156	NA	NA	NA	NA	NA	NA	NA	NA	NA	NA	NA	NA	NA	NA	NA	NA	pig	mistral		NA	0.04312336817383766	2018	Italy
SRR6793679	NA	NA	NA	NA	NA	NA	NA	NA	NA	NA	NA	NA	NA	NA	NA	NA	pig	mistral		NA	0.9548162221908569	2018	United States
SRR2727701	NA	NA	NA	NA	NA	NA	NA	NA	NA	NA	NA	NA	NA	NA	NA	NA	pig	mistral		NA	0.9154316782951355	2015	United States
SRR17656269	NA	NA	NA	NA	NA	NA	NA	NA	NA	NA	NA	NA	NA	NA	NA	NA	pig	mistral		NA	0.9768023490905762	2021	United States
SRR13921953	NA	NA	NA	NA	NA	NA	NA	NA	NA	NA	NA	NA	NA	NA	NA	NA	pig	mistral		NA	0.9681411385536194	2009	United States
SRR5963909	NA	NA	NA	NA	NA	NA	NA	NA	NA	NA	NA	NA	NA	NA	NA	NA	pig	mistral		NA	0.9366915822029114	2010	United States
SRR7500639	NA	NA	NA	NA	NA	NA	NA	NA	NA	NA	NA	NA	NA	NA	NA	NA	pig	mistral		NA	0.9377260208129883	2010	United States
SRR5427944	NA	NA	NA	NA	NA	NA	NA	NA	NA	NA	NA	NA	NA	NA	NA	NA	pig	mistral		NA	0.958304226398468	2017	United States
SRR6860706	NA	NA	NA	NA	NA	NA	NA	NA	NA	NA	NA	NA	NA	NA	NA	NA	pig	mistral		NA	0.9405171275138855	2010	United States
SRR4301153	NA	NA	NA	NA	NA	NA	NA	NA	NA	NA	NA	NA	NA	NA	NA	NA	pig	mistral		NA	0.9581478238105774	2016	United States
SRR6930614	NA	NA	NA	NA	NA	NA	NA	NA	NA	NA	NA	NA	NA	NA	NA	NA	pig	mistral		NA	0.9673177599906921	2009	United States
SRR13921946	NA	NA	NA	NA	NA	NA	NA	NA	NA	NA	NA	NA	NA	NA	NA	NA	pig	mistral		NA	0.9676556587219238	2009	United States
SRR13276339	NA	NA	NA	NA	NA	NA	NA	NA	NA	NA	NA	NA	NA	NA	NA	NA	pig	mistral		NA	0.9767802357673645	2018	United States
SRR10823769	NA	NA	NA	NA	NA	NA	NA	NA	NA	NA	NA	NA	NA	NA	NA	NA	pig	mistral		NA	0.948250412940979	2009	United States
SRR7014281	NA	NA	NA	NA	NA	NA	NA	NA	NA	NA	NA	NA	NA	NA	NA	NA	pig	mistral		NA	0.9416004419326782	2009	United States
SRR6745536	NA	NA	NA	NA	NA	NA	NA	NA	NA	NA	NA	NA	NA	NA	NA	NA	pig	mistral		NA	0.941439151763916	2009	United States
SRR5815730	NA	NA	NA	NA	NA	NA	NA	NA	NA	NA	NA	NA	NA	NA	NA	NA	pig	mistral		NA	0.958304226398468	2017	United States
SRR8420065	NA	NA	NA	NA	NA	NA	NA	NA	NA	NA	NA	NA	NA	NA	NA	NA	pig	mistral		NA	0.9550683498382568	2018	United States
SRR6973039	NA	NA	NA	NA	NA	NA	NA	NA	NA	NA	NA	NA	NA	NA	NA	NA	pig	mistral		NA	0.9417078495025635	2010	United States
SRR6213864	NA	NA	NA	NA	NA	NA	NA	NA	NA	NA	NA	NA	NA	NA	NA	NA	pig	mistral		NA	0.9408440589904785	2010	United States
SRR6793437	NA	NA	NA	NA	NA	NA	NA	NA	NA	NA	NA	NA	NA	NA	NA	NA	pig	mistral		NA	0.914976954460144	2018	United States
SRR3350820	NA	NA	NA	NA	NA	NA	NA	NA	NA	NA	NA	NA	NA	NA	NA	NA	pig	mistral		NA	0.9133679866790771	2016	United States
SRR23979057	NA	NA	NA	NA	NA	NA	NA	NA	NA	NA	NA	NA	NA	NA	NA	NA	pig	mistral		NA	0.9640854597091675	2023	United States
SRR5876880	NA	NA	NA	NA	NA	NA	NA	NA	NA	NA	NA	NA	NA	NA	NA	NA	pig	mistral		NA	0.9413853287696838	2010	United States
SRR6236257	NA	NA	NA	NA	NA	NA	NA	NA	NA	NA	NA	NA	NA	NA	NA	NA	pig	mistral		NA	0.937839925289154	2010	United States
ERR4223940	NA	NA	NA	NA	NA	NA	NA	NA	NA	NA	NA	NA	NA	NA	NA	NA	pig	mistral		NA	0.9923638105392456	2017	Netherlands
SRR12070099	NA	NA	NA	NA	NA	NA	NA	NA	NA	NA	NA	NA	NA	NA	NA	NA	pig	host_tax_id	host_tax_id=9825; Sus scrofa domesticus	NA	0.10034840553998947	2013	Italy
SRR12301966	NA	NA	NA	NA	NA	NA	NA	NA	NA	NA	NA	NA	NA	NA	NA	NA	pig	mistral		NA	0.8787831664085388	2015	Germany
SRR17900535	NA	NA	NA	NA	NA	NA	NA	NA	NA	NA	NA	NA	NA	NA	NA	NA	sheep	host_tax_id	host_tax_id=9940; Ovis aries	NA	0.7472472190856934	2018	New Zealand
SRR26678371	NA	NA	NA	NA	NA	NA	NA	NA	NA	NA	NA	NA	NA	NA	NA	NA	sheep	host_tax_id	host_tax_id=9940; Ovis aries	NA	0.236957386136055	2020	Ethiopia
SRR3094483	NA	NA	NA	NA	NA	NA	NA	NA	NA	NA	NA	NA	NA	NA	NA	NA	sheep	host_tax_id	host_tax_id=9940; Ovis aries	NA	0.42472511529922485	2008	United Kingdom
SRR28199248	NA	NA	NA	NA	NA	NA	NA	NA	NA	NA	NA	NA	NA	NA	NA	NA	sheep	mistral		NA	0.967132031917572	2024	United States
SRR3094464	NA	NA	NA	NA	NA	NA	NA	NA	NA	NA	NA	NA	NA	NA	NA	NA	sheep	host_tax_id	host_tax_id=9940; Ovis aries	NA	0.16357900202274323	2008	United States
SRR3094423	NA	NA	NA	NA	NA	NA	NA	NA	NA	NA	NA	NA	NA	NA	NA	NA	sheep	host_tax_id	host_tax_id=9940; Ovis aries	NA	0.34958821535110474	2005	United States
ERR4224567	NA	NA	NA	NA	NA	NA	NA	NA	NA	NA	NA	NA	NA	NA	NA	NA	sheep	mistral		NA	0.9917483925819397	2018	Netherlands
SRR10218167	NA	NA	NA	NA	NA	NA	NA	NA	NA	NA	NA	NA	NA	NA	NA	NA	sheep	mistral		NA	0.9107043743133545	2014	United Kingdom
SRR17925224	NA	NA	NA	NA	NA	NA	NA	NA	NA	NA	NA	NA	NA	NA	NA	NA	sheep	host_tax_id	host_tax_id=9940; Ovis aries	NA	0.7615385055541992	2018	New Zealand
SRR28440137	NA	NA	NA	NA	NA	NA	NA	NA	NA	NA	NA	NA	NA	NA	NA	NA	sheep	mistral		NA	0.981364369392395	2024	United States
SRR14228718	NA	NA	NA	NA	NA	NA	NA	NA	NA	NA	NA	NA	NA	NA	NA	NA	sheep	mistral		NA	0.9826076626777649	2021	United States
SRR3094452	NA	NA	NA	NA	NA	NA	NA	NA	NA	NA	NA	NA	NA	NA	NA	NA	sheep	host_tax_id	host_tax_id=9940; Ovis aries	NA	0.12368280440568924	2009	United States
ERR4224309	NA	NA	NA	NA	NA	NA	NA	NA	NA	NA	NA	NA	NA	NA	NA	NA	sheep	mistral		NA	0.9917643666267395	2016	Netherlands
SRR12063032	NA	NA	NA	NA	NA	NA	NA	NA	NA	NA	NA	NA	NA	NA	NA	NA	sheep	host_tax_id	host_tax_id=9940; Ovis aries	NA	0.8113772869110107	2016	New Zealand
SRR28440155	NA	NA	NA	NA	NA	NA	NA	NA	NA	NA	NA	NA	NA	NA	NA	NA	sheep	mistral		NA	0.9683812260627747	2024	United States
SRR11654312	NA	NA	NA	NA	NA	NA	NA	NA	NA	NA	NA	NA	NA	NA	NA	NA	sheep	mistral		NA	0.9574770331382751	2020	United States
SRR29740313	NA	NA	NA	NA	NA	NA	NA	NA	NA	NA	NA	NA	NA	NA	NA	NA	sheep	mistral		NA	0.9805247783660889	2024	United States
SRR12063017	NA	NA	NA	NA	NA	NA	NA	NA	NA	NA	NA	NA	NA	NA	NA	NA	sheep	host_tax_id	host_tax_id=9940; Ovis aries	NA	0.7981867790222168	2016	New Zealand
SRR17925216	NA	NA	NA	NA	NA	NA	NA	NA	NA	NA	NA	NA	NA	NA	NA	NA	sheep	host_tax_id	host_tax_id=9940; Ovis aries	NA	0.8079915046691895	2018	New Zealand
SRR29740293	NA	NA	NA	NA	NA	NA	NA	NA	NA	NA	NA	NA	NA	NA	NA	NA	sheep	mistral		NA	0.9679296016693115	2024	United States
SRR12347652	NA	NA	NA	NA	NA	NA	NA	NA	NA	NA	NA	NA	NA	NA	NA	NA	sheep	host_tax_id	host_tax_id=9940; Ovis aries	NA	0.734595775604248	2017	New Zealand
SRR13699956	NA	NA	NA	NA	NA	NA	NA	NA	NA	NA	NA	NA	NA	NA	NA	NA	sheep	mistral		NA	0.968856155872345	2020	United States
SRR13362775	NA	NA	NA	NA	NA	NA	NA	NA	NA	NA	NA	NA	NA	NA	NA	NA	sheep	host_tax_id	host_tax_id=9940; Ovis aries	NA	0.7502784132957458	2015	Spain
SRR12347669	NA	NA	NA	NA	NA	NA	NA	NA	NA	NA	NA	NA	NA	NA	NA	NA	sheep	host_tax_id	host_tax_id=9940; Ovis aries	NA	0.6925379633903503	2017	New Zealand
SRR13362783	NA	NA	NA	NA	NA	NA	NA	NA	NA	NA	NA	NA	NA	NA	NA	NA	sheep	host_tax_id	host_tax_id=9940; Ovis aries	NA	0.739093005657196	2016	Spain
SRR17929619	NA	NA	NA	NA	NA	NA	NA	NA	NA	NA	NA	NA	NA	NA	NA	NA	sheep	host_tax_id	host_tax_id=9940; Ovis aries	NA	0.7511921525001526	2018	New Zealand
SRR12347663	NA	NA	NA	NA	NA	NA	NA	NA	NA	NA	NA	NA	NA	NA	NA	NA	sheep	host_tax_id	host_tax_id=9940; Ovis aries	NA	0.6312533617019653	2017	New Zealand
SRR27218469	NA	NA	NA	NA	NA	NA	NA	NA	NA	NA	NA	NA	NA	NA	NA	NA	sheep	host_tax_id	host_tax_id=9940; Ovis aries	NA	0.16844619810581207	2022	Ethiopia
SRR17925366	NA	NA	NA	NA	NA	NA	NA	NA	NA	NA	NA	NA	NA	NA	NA	NA	sheep	host_tax_id	host_tax_id=9940; Ovis aries	NA	0.8167720437049866	2018	New Zealand
SRR17974198	NA	NA	NA	NA	NA	NA	NA	NA	NA	NA	NA	NA	NA	NA	NA	NA	sheep	host_tax_id	host_tax_id=9940; Ovis aries	NA	0.7461390495300293	2019	New Zealand
SRR17898865	NA	NA	NA	NA	NA	NA	NA	NA	NA	NA	NA	NA	NA	NA	NA	NA	sheep	host_tax_id	host_tax_id=9940; Ovis aries	NA	0.8378190994262695	2018	New Zealand
SRR26351318	NA	NA	NA	NA	NA	NA	NA	NA	NA	NA	NA	NA	NA	NA	NA	NA	sheep	host_tax_id	host_tax_id=9940; Ovis aries	NA	0.2948744595050812	2022	Ethiopia
SRR12625725	NA	NA	NA	NA	NA	NA	NA	NA	NA	NA	NA	NA	NA	NA	NA	NA	sheep	mistral		NA	0.9634031057357788	2020	United States
SRR17900361	NA	NA	NA	NA	NA	NA	NA	NA	NA	NA	NA	NA	NA	NA	NA	NA	sheep	host_tax_id	host_tax_id=9940; Ovis aries	NA	0.8267817497253418	2018	New Zealand
SRR17900429	NA	NA	NA	NA	NA	NA	NA	NA	NA	NA	NA	NA	NA	NA	NA	NA	sheep	host_tax_id	host_tax_id=9940; Ovis aries	NA	0.8161867260932922	2018	New Zealand
SRR12625708	NA	NA	NA	NA	NA	NA	NA	NA	NA	NA	NA	NA	NA	NA	NA	NA	sheep	mistral		NA	0.9687380790710449	2020	United States
SRR17899234	NA	NA	NA	NA	NA	NA	NA	NA	NA	NA	NA	NA	NA	NA	NA	NA	sheep	host_tax_id	host_tax_id=9940; Ovis aries	NA	0.7293752431869507	2018	New Zealand
SRR12063018	NA	NA	NA	NA	NA	NA	NA	NA	NA	NA	NA	NA	NA	NA	NA	NA	sheep	host_tax_id	host_tax_id=9940; Ovis aries	NA	0.8038675785064697	2016	New Zealand
SRR17900362	NA	NA	NA	NA	NA	NA	NA	NA	NA	NA	NA	NA	NA	NA	NA	NA	sheep	host_tax_id	host_tax_id=9940; Ovis aries	NA	0.8252379298210144	2018	New Zealand
SRR13238488	NA	NA	NA	NA	NA	NA	NA	NA	NA	NA	NA	NA	NA	NA	NA	NA	sheep	mistral		NA	0.9832144975662231	2020	United States
SRR14882958	NA	NA	NA	NA	NA	NA	NA	NA	NA	NA	NA	NA	NA	NA	NA	NA	sheep	mistral		NA	0.9678992629051208	2021	United States
SRR18678775	NA	NA	NA	NA	NA	NA	NA	NA	NA	NA	NA	NA	NA	NA	NA	NA	sheep	mistral		NA	0.9692951440811157	2022	United States
SRR19486036	NA	NA	NA	NA	NA	NA	NA	NA	NA	NA	NA	NA	NA	NA	NA	NA	sheep	mistral		NA	0.983020007610321	2022	United States
SRR27218413	NA	NA	NA	NA	NA	NA	NA	NA	NA	NA	NA	NA	NA	NA	NA	NA	sheep	host_tax_id	host_tax_id=9940; Ovis aries	NA	0.2240554243326187	2022	Ethiopia
SRR11544459	NA	NA	NA	NA	NA	NA	NA	NA	NA	NA	NA	NA	NA	NA	NA	NA	sheep	mistral		NA	0.9515490531921387	2020	United States
SRR12347670	NA	NA	NA	NA	NA	NA	NA	NA	NA	NA	NA	NA	NA	NA	NA	NA	sheep	host_tax_id	host_tax_id=9940; Ovis aries	NA	0.6313954591751099	2017	New Zealand
SRR5397411	NA	NA	NA	NA	NA	NA	NA	NA	NA	NA	NA	NA	NA	NA	NA	NA	sheep	mistral		NA	0.020904196426272392	2009	United States
SRR22956824	NA	NA	NA	NA	NA	NA	NA	NA	NA	NA	NA	NA	NA	NA	NA	NA	sheep	host_tax_id	host_tax_id=9940; Ovis aries	NA	0.6302298903465271	2022	Canada
SRR3094432	NA	NA	NA	NA	NA	NA	NA	NA	NA	NA	NA	NA	NA	NA	NA	NA	sheep	host_tax_id	host_tax_id=9940; Ovis aries	NA	0.13034075498580933	2009	United States
ERR4224861	NA	NA	NA	NA	NA	NA	NA	NA	NA	NA	NA	NA	NA	NA	NA	NA	sheep	mistral		NA	0.9915870428085327	2016	Netherlands
SRR22956826	NA	NA	NA	NA	NA	NA	NA	NA	NA	NA	NA	NA	NA	NA	NA	NA	sheep	host_tax_id	host_tax_id=9940; Ovis aries	NA	0.22592854499816895	2022	Canada
SRR28764814	NA	NA	NA	NA	NA	NA	NA	NA	NA	NA	NA	NA	NA	NA	NA	NA	sheep	mistral		NA	0.9675332307815552	2024	United States
SRR28886138	NA	NA	NA	NA	NA	NA	NA	NA	NA	NA	NA	NA	NA	NA	NA	NA	sheep	mistral		NA	0.9697568416595459	2024	United States
SRR5230112	NA	NA	NA	NA	NA	NA	NA	NA	NA	NA	NA	NA	NA	NA	NA	NA	sheep	mistral		NA	0.026835685595870018	1905	unknown
SRR3094486	NA	NA	NA	NA	NA	NA	NA	NA	NA	NA	NA	NA	NA	NA	NA	NA	sheep	host_tax_id	host_tax_id=9940; Ovis aries	NA	0.41125866770744324	2005	United Kingdom
SRR29205960	NA	NA	NA	NA	NA	NA	NA	NA	NA	NA	NA	NA	NA	NA	NA	NA	sheep	mistral		NA	0.9820482730865479	2024	United States
SRR3094446	NA	NA	NA	NA	NA	NA	NA	NA	NA	NA	NA	NA	NA	NA	NA	NA	sheep	host_tax_id	host_tax_id=9940; Ovis aries	NA	0.12341843545436859	2007	United States
SRR3619966	NA	NA	NA	NA	NA	NA	NA	NA	NA	NA	NA	NA	NA	NA	NA	NA	sheep	mistral		NA	0.009178773500025272		unknown
SRR26678370	NA	NA	NA	NA	NA	NA	NA	NA	NA	NA	NA	NA	NA	NA	NA	NA	sheep	host_tax_id	host_tax_id=9940; Ovis aries	NA	0.2620384395122528	2020	Ethiopia
SRR17900439	NA	NA	NA	NA	NA	NA	NA	NA	NA	NA	NA	NA	NA	NA	NA	NA	sheep	host_tax_id	host_tax_id=9940; Ovis aries	NA	0.7524220943450928	2018	New Zealand
SRR3094408	NA	NA	NA	NA	NA	NA	NA	NA	NA	NA	NA	NA	NA	NA	NA	NA	sheep	host_tax_id	host_tax_id=9940; Ovis aries	NA	0.17258980870246887	1993	United States
SRR17898893	NA	NA	NA	NA	NA	NA	NA	NA	NA	NA	NA	NA	NA	NA	NA	NA	sheep	host_tax_id	host_tax_id=9940; Ovis aries	NA	0.7576150894165039	2018	New Zealand
SRR12625734	NA	NA	NA	NA	NA	NA	NA	NA	NA	NA	NA	NA	NA	NA	NA	NA	sheep	mistral		NA	0.9851290583610535	2020	United States
ERR4224617	NA	NA	NA	NA	NA	NA	NA	NA	NA	NA	NA	NA	NA	NA	NA	NA	sheep	mistral		NA	0.9919223785400391	2018	Netherlands
SRR19139531	NA	NA	NA	NA	NA	NA	NA	NA	NA	NA	NA	NA	NA	NA	NA	NA	sheep	mistral		NA	0.9814356565475464	2022	United States
SRR12063034	NA	NA	NA	NA	NA	NA	NA	NA	NA	NA	NA	NA	NA	NA	NA	NA	sheep	host_tax_id	host_tax_id=9940; Ovis aries	NA	0.8084455728530884	2016	New Zealand
SRR13350071	NA	NA	NA	NA	NA	NA	NA	NA	NA	NA	NA	NA	NA	NA	NA	NA	sheep	mistral		NA	0.9822366833686829	2020	United States
SRR17900545	NA	NA	NA	NA	NA	NA	NA	NA	NA	NA	NA	NA	NA	NA	NA	NA	sheep	host_tax_id	host_tax_id=9940; Ovis aries	NA	0.7360687255859375	2018	New Zealand
SRR17925265	NA	NA	NA	NA	NA	NA	NA	NA	NA	NA	NA	NA	NA	NA	NA	NA	sheep	host_tax_id	host_tax_id=9940; Ovis aries	NA	0.8172829747200012	2018	New Zealand
SRR5209489	NA	NA	NA	NA	NA	NA	NA	NA	NA	NA	NA	NA	NA	NA	NA	NA	sheep	host_tax_id	host_tax_id=9940; Ovis aries	NA	0.9607312083244324	2005	Canada
SRR27218412	NA	NA	NA	NA	NA	NA	NA	NA	NA	NA	NA	NA	NA	NA	NA	NA	sheep	host_tax_id	host_tax_id=9940; Ovis aries	NA	0.2037075310945511	2022	Ethiopia
SRR3094413	NA	NA	NA	NA	NA	NA	NA	NA	NA	NA	NA	NA	NA	NA	NA	NA	sheep	host_tax_id	host_tax_id=9940; Ovis aries	NA	0.07504072785377502	2003	United States
SRR17925218	NA	NA	NA	NA	NA	NA	NA	NA	NA	NA	NA	NA	NA	NA	NA	NA	sheep	host_tax_id	host_tax_id=9940; Ovis aries	NA	0.8277585506439209	2018	New Zealand
SRR13362754	NA	NA	NA	NA	NA	NA	NA	NA	NA	NA	NA	NA	NA	NA	NA	NA	sheep	host_tax_id	host_tax_id=9940; Ovis aries	NA	0.7586000561714172	2014	Spain
SRR10218159	NA	NA	NA	NA	NA	NA	NA	NA	NA	NA	NA	NA	NA	NA	NA	NA	sheep	mistral		NA	0.9198587536811829	2014	United Kingdom
SRR20307428	NA	NA	NA	NA	NA	NA	NA	NA	NA	NA	NA	NA	NA	NA	NA	NA	sheep	mistral		NA	0.9813286066055298	2022	United States
SRR17900435	NA	NA	NA	NA	NA	NA	NA	NA	NA	NA	NA	NA	NA	NA	NA	NA	sheep	host_tax_id	host_tax_id=9940; Ovis aries	NA	0.7311065793037415	2018	New Zealand
SRR17964877	NA	NA	NA	NA	NA	NA	NA	NA	NA	NA	NA	NA	NA	NA	NA	NA	sheep	host_tax_id	host_tax_id=9940; Ovis aries	NA	0.7526949048042297	2018	New Zealand
SRR29740282	NA	NA	NA	NA	NA	NA	NA	NA	NA	NA	NA	NA	NA	NA	NA	NA	sheep	mistral		NA	0.9688856601715088	2024	United States
SRR17898864	NA	NA	NA	NA	NA	NA	NA	NA	NA	NA	NA	NA	NA	NA	NA	NA	sheep	host_tax_id	host_tax_id=9940; Ovis aries	NA	0.8043290972709656	2018	New Zealand
SRR20124469	NA	NA	NA	NA	NA	NA	NA	NA	NA	NA	NA	NA	NA	NA	NA	NA	sheep	mistral		NA	0.980280876159668	2022	United States
SRR3094482	NA	NA	NA	NA	NA	NA	NA	NA	NA	NA	NA	NA	NA	NA	NA	NA	sheep	host_tax_id	host_tax_id=9940; Ovis aries	NA	0.12442562729120255	2013	United States
SRR13362760	NA	NA	NA	NA	NA	NA	NA	NA	NA	NA	NA	NA	NA	NA	NA	NA	sheep	host_tax_id	host_tax_id=9940; Ovis aries	NA	0.7402213215827942	2014	Spain
SRR18959246	NA	NA	NA	NA	NA	NA	NA	NA	NA	NA	NA	NA	NA	NA	NA	NA	sheep	mistral		NA	0.9693242311477661	2022	United States
SRR5397416	NA	NA	NA	NA	NA	NA	NA	NA	NA	NA	NA	NA	NA	NA	NA	NA	sheep	mistral		NA	0.0326513797044754	2009	United States
SRR17974194	NA	NA	NA	NA	NA	NA	NA	NA	NA	NA	NA	NA	NA	NA	NA	NA	sheep	host_tax_id	host_tax_id=9940; Ovis aries	NA	0.745352029800415	2019	New Zealand
SRR3094418	NA	NA	NA	NA	NA	NA	NA	NA	NA	NA	NA	NA	NA	NA	NA	NA	sheep	host_tax_id	host_tax_id=9940; Ovis aries	NA	0.12490516901016235	2004	United States
SRR29740290	NA	NA	NA	NA	NA	NA	NA	NA	NA	NA	NA	NA	NA	NA	NA	NA	sheep	mistral		NA	0.9695556163787842	2024	United States
SRR18982390	NA	NA	NA	NA	NA	NA	NA	NA	NA	NA	NA	NA	NA	NA	NA	NA	sheep	mistral		NA	0.981364369392395	2022	United States
SRR17964955	NA	NA	NA	NA	NA	NA	NA	NA	NA	NA	NA	NA	NA	NA	NA	NA	sheep	host_tax_id	host_tax_id=9940; Ovis aries	NA	0.7544177770614624	2019	New Zealand
SRR12347676	NA	NA	NA	NA	NA	NA	NA	NA	NA	NA	NA	NA	NA	NA	NA	NA	sheep	host_tax_id	host_tax_id=9940; Ovis aries	NA	0.6202191114425659	2017	New Zealand
SRR17900532	NA	NA	NA	NA	NA	NA	NA	NA	NA	NA	NA	NA	NA	NA	NA	NA	sheep	host_tax_id	host_tax_id=9940; Ovis aries	NA	0.7545082569122314	2018	New Zealand
SRR28886116	NA	NA	NA	NA	NA	NA	NA	NA	NA	NA	NA	NA	NA	NA	NA	NA	sheep	mistral		NA	0.9802241325378418	2024	United States
SRR17974188	NA	NA	NA	NA	NA	NA	NA	NA	NA	NA	NA	NA	NA	NA	NA	NA	sheep	host_tax_id	host_tax_id=9940; Ovis aries	NA	0.8103288412094116	2019	New Zealand
SRR11459577	NA	NA	NA	NA	NA	NA	NA	NA	NA	NA	NA	NA	NA	NA	NA	NA	sheep	mistral		NA	0.9653158187866211	2020	United States
SRR5366142	NA	NA	NA	NA	NA	NA	NA	NA	NA	NA	NA	NA	NA	NA	NA	NA	sheep	mistral		NA	0.023087240755558014	2017	United States
SRR17925217	NA	NA	NA	NA	NA	NA	NA	NA	NA	NA	NA	NA	NA	NA	NA	NA	sheep	host_tax_id	host_tax_id=9940; Ovis aries	NA	0.7526040077209473	2018	New Zealand
SRR12063030	NA	NA	NA	NA	NA	NA	NA	NA	NA	NA	NA	NA	NA	NA	NA	NA	sheep	host_tax_id	host_tax_id=9940; Ovis aries	NA	0.8047130107879639	2016	New Zealand
SRR29740291	NA	NA	NA	NA	NA	NA	NA	NA	NA	NA	NA	NA	NA	NA	NA	NA	sheep	mistral		NA	0.9682313799858093	2024	United States
SRR12347634	NA	NA	NA	NA	NA	NA	NA	NA	NA	NA	NA	NA	NA	NA	NA	NA	sheep	host_tax_id	host_tax_id=9940; Ovis aries	NA	0.617772102355957	2017	New Zealand
SRR6410196	NA	NA	NA	NA	NA	NA	NA	NA	NA	NA	NA	NA	NA	NA	NA	NA	turkey	mistral		NA	0.8059378266334534	2016	United States
SRR5754139	NA	NA	NA	NA	NA	NA	NA	NA	NA	NA	NA	NA	NA	NA	NA	NA	turkey	mistral		NA	0.5791772603988647	2017	United States
SRR17260636	NA	NA	NA	NA	NA	NA	NA	NA	NA	NA	NA	NA	NA	NA	NA	NA	turkey	mistral		NA	0.6578682065010071	2021	United States
SRR8208263	NA	NA	NA	NA	NA	NA	NA	NA	NA	NA	NA	NA	NA	NA	NA	NA	turkey	mistral		NA	0.5535430312156677	2018	United States
SRR8663531	NA	NA	NA	NA	NA	NA	NA	NA	NA	NA	NA	NA	NA	NA	NA	NA	turkey	mistral		NA	0.9434518814086914	2018	United States
SRR10218502	NA	NA	NA	NA	NA	NA	NA	NA	NA	NA	NA	NA	NA	NA	NA	NA	turkey	mistral		NA	0.5754537582397461	2019	United States
SRR16089306	NA	NA	NA	NA	NA	NA	NA	NA	NA	NA	NA	NA	NA	NA	NA	NA	turkey	mistral		NA	0.6461253762245178	2021	United States
SRR22629699	NA	NA	NA	NA	NA	NA	NA	NA	NA	NA	NA	NA	NA	NA	NA	NA	turkey	mistral		NA	0.6654648780822754	2022	United States
SRR12472207	NA	NA	NA	NA	NA	NA	NA	NA	NA	NA	NA	NA	NA	NA	NA	NA	turkey	mistral		NA	0.6977119445800781	2020	United States
SRR21909378	NA	NA	NA	NA	NA	NA	NA	NA	NA	NA	NA	NA	NA	NA	NA	NA	turkey	mistral		NA	0.6638323664665222	2022	United States
SRR13436893	NA	NA	NA	NA	NA	NA	NA	NA	NA	NA	NA	NA	NA	NA	NA	NA	turkey	mistral		NA	0.6703386306762695	2019	United States
SRR8075036	NA	NA	NA	NA	NA	NA	NA	NA	NA	NA	NA	NA	NA	NA	NA	NA	turkey	mistral		NA	0.09195128828287125	2018	United States
ERR4224737	NA	NA	NA	NA	NA	NA	NA	NA	NA	NA	NA	NA	NA	NA	NA	NA	turkey	mistral		NA	0.9717254042625427	2014	Netherlands
SRR26628477	NA	NA	NA	NA	NA	NA	NA	NA	NA	NA	NA	NA	NA	NA	NA	NA	turkey	mistral		NA	0.6788061857223511	2023	United States
SRR20994490	NA	NA	NA	NA	NA	NA	NA	NA	NA	NA	NA	NA	NA	NA	NA	NA	turkey	mistral		NA	0.6844750046730042	2022	United States
SRR11521765	NA	NA	NA	NA	NA	NA	NA	NA	NA	NA	NA	NA	NA	NA	NA	NA	turkey	mistral		NA	0.5473355054855347	2020	United States
SRR19847146	NA	NA	NA	NA	NA	NA	NA	NA	NA	NA	NA	NA	NA	NA	NA	NA	turkey	mistral		NA	0.6707700490951538	2022	United States
SRR14619693	NA	NA	NA	NA	NA	NA	NA	NA	NA	NA	NA	NA	NA	NA	NA	NA	turkey	mistral		NA	0.6618682742118835	2021	United States
SRR27503896	NA	NA	NA	NA	NA	NA	NA	NA	NA	NA	NA	NA	NA	NA	NA	NA	turkey	mistral		NA	0.6692046523094177	2023	United States
SRR7084862	NA	NA	NA	NA	NA	NA	NA	NA	NA	NA	NA	NA	NA	NA	NA	NA	turkey	mistral		NA	0.5518152117729187	2018	United States
SRR7367187	NA	NA	NA	NA	NA	NA	NA	NA	NA	NA	NA	NA	NA	NA	NA	NA	turkey	mistral		NA	0.7325918078422546	2018	United States
SRR16764948	NA	NA	NA	NA	NA	NA	NA	NA	NA	NA	NA	NA	NA	NA	NA	NA	turkey	mistral		NA	0.671901285648346	2021	United States
SRR8099154	NA	NA	NA	NA	NA	NA	NA	NA	NA	NA	NA	NA	NA	NA	NA	NA	turkey	mistral		NA	0.5662134289741516	2018	United States
SRR13797356	NA	NA	NA	NA	NA	NA	NA	NA	NA	NA	NA	NA	NA	NA	NA	NA	turkey	mistral		NA	0.6777939796447754	2021	United States
SRR3140161	NA	NA	NA	NA	NA	NA	NA	NA	NA	NA	NA	NA	NA	NA	NA	NA	turkey	mistral		NA	0.5928434133529663	2015	United States
SRR8592659	NA	NA	NA	NA	NA	NA	NA	NA	NA	NA	NA	NA	NA	NA	NA	NA	turkey	mistral		NA	0.5571150183677673	2018	United States
SRR7904252	NA	NA	NA	NA	NA	NA	NA	NA	NA	NA	NA	NA	NA	NA	NA	NA	turkey	mistral		NA	0.5544252395629883	2018	United States
SRR26959982	NA	NA	NA	NA	NA	NA	NA	NA	NA	NA	NA	NA	NA	NA	NA	NA	turkey	mistral		NA	0.6835251450538635	2023	United States
SRR7138685	NA	NA	NA	NA	NA	NA	NA	NA	NA	NA	NA	NA	NA	NA	NA	NA	turkey	mistral		NA	0.5655087232589722	2018	United States
SRR10834037	NA	NA	NA	NA	NA	NA	NA	NA	NA	NA	NA	NA	NA	NA	NA	NA	turkey	mistral		NA	0.8009256720542908	2019	United States
SRR5683997	NA	NA	NA	NA	NA	NA	NA	NA	NA	NA	NA	NA	NA	NA	NA	NA	turkey	mistral		NA	0.08889935910701752	2017	United States
SRR20994523	NA	NA	NA	NA	NA	NA	NA	NA	NA	NA	NA	NA	NA	NA	NA	NA	turkey	mistral		NA	0.6636689305305481	2022	United States
SRR6108541	NA	NA	NA	NA	NA	NA	NA	NA	NA	NA	NA	NA	NA	NA	NA	NA	turkey	mistral		NA	0.9515490531921387	2016	United States
SRR12515354	NA	NA	NA	NA	NA	NA	NA	NA	NA	NA	NA	NA	NA	NA	NA	NA	turkey	mistral		NA	0.7103269696235657	2020	United States
SRR8538386	NA	NA	NA	NA	NA	NA	NA	NA	NA	NA	NA	NA	NA	NA	NA	NA	turkey	mistral		NA	0.8060141801834106	2019	United States
SRR13176900	NA	NA	NA	NA	NA	NA	NA	NA	NA	NA	NA	NA	NA	NA	NA	NA	turkey	mistral		NA	0.974190354347229	2020	United States
SRR19242167	NA	NA	NA	NA	NA	NA	NA	NA	NA	NA	NA	NA	NA	NA	NA	NA	turkey	mistral		NA	0.6769403219223022	2022	United States
SRR10097033	NA	NA	NA	NA	NA	NA	NA	NA	NA	NA	NA	NA	NA	NA	NA	NA	turkey	mistral		NA	0.4426063895225525	2019	United States
SRR26806889	NA	NA	NA	NA	NA	NA	NA	NA	NA	NA	NA	NA	NA	NA	NA	NA	turkey	mistral		NA	0.6665510535240173	2023	United States
SRR15323874	NA	NA	NA	NA	NA	NA	NA	NA	NA	NA	NA	NA	NA	NA	NA	NA	turkey	mistral		NA	0.8703219890594482	2021	United States
SRR13245107	NA	NA	NA	NA	NA	NA	NA	NA	NA	NA	NA	NA	NA	NA	NA	NA	turkey	mistral		NA	0.6667680740356445	2020	United States
SRR8838819	NA	NA	NA	NA	NA	NA	NA	NA	NA	NA	NA	NA	NA	NA	NA	NA	turkey	mistral		NA	0.5815705060958862	2019	United States
SRR17915050	NA	NA	NA	NA	NA	NA	NA	NA	NA	NA	NA	NA	NA	NA	NA	NA	turkey	mistral		NA	0.6673644781112671	2021	United States
SRR27040758	NA	NA	NA	NA	NA	NA	NA	NA	NA	NA	NA	NA	NA	NA	NA	NA	turkey	mistral		NA	0.6877349019050598	2023	United States
SRR12112583	NA	NA	NA	NA	NA	NA	NA	NA	NA	NA	NA	NA	NA	NA	NA	NA	turkey	mistral		NA	0.09146323055028915	2020	United States
ERR4224893	NA	NA	NA	NA	NA	NA	NA	NA	NA	NA	NA	NA	NA	NA	NA	NA	turkey	mistral		NA	0.9716447591781616	2016	Netherlands
SRR26969078	NA	NA	NA	NA	NA	NA	NA	NA	NA	NA	NA	NA	NA	NA	NA	NA	turkey	mistral		NA	0.963711678981781	2023	United States
SRR7084888	NA	NA	NA	NA	NA	NA	NA	NA	NA	NA	NA	NA	NA	NA	NA	NA	turkey	mistral		NA	0.8111529350280762	2018	United States
SRR10246444	NA	NA	NA	NA	NA	NA	NA	NA	NA	NA	NA	NA	NA	NA	NA	NA	turkey	mistral		NA	0.558883786201477	2019	United States
SRR8839759	NA	NA	NA	NA	NA	NA	NA	NA	NA	NA	NA	NA	NA	NA	NA	NA	turkey	mistral		NA	0.5454673171043396	2019	United States
SRR9668773	NA	NA	NA	NA	NA	NA	NA	NA	NA	NA	NA	NA	NA	NA	NA	NA	turkey	mistral		NA	0.5711836814880371	2019	United States
SRR8942624	NA	NA	NA	NA	NA	NA	NA	NA	NA	NA	NA	NA	NA	NA	NA	NA	turkey	mistral		NA	0.5574011206626892	2019	United States
SRR19139537	NA	NA	NA	NA	NA	NA	NA	NA	NA	NA	NA	NA	NA	NA	NA	NA	turkey	mistral		NA	0.6769936680793762	2022	United States
SRR9010123	NA	NA	NA	NA	NA	NA	NA	NA	NA	NA	NA	NA	NA	NA	NA	NA	turkey	mistral		NA	0.5727675557136536	2019	United States
SRR7543322	NA	NA	NA	NA	NA	NA	NA	NA	NA	NA	NA	NA	NA	NA	NA	NA	turkey	mistral		NA	0.5628674626350403	2018	United States
SRR10698082	NA	NA	NA	NA	NA	NA	NA	NA	NA	NA	NA	NA	NA	NA	NA	NA	turkey	mistral		NA	0.9570375084877014	2017	Germany
SRR27844354	NA	NA	NA	NA	NA	NA	NA	NA	NA	NA	NA	NA	NA	NA	NA	NA	turkey	mistral		NA	0.6735675930976868	2024	United States
SRR17067005	NA	NA	NA	NA	NA	NA	NA	NA	NA	NA	NA	NA	NA	NA	NA	NA	turkey	mistral		NA	0.6760854721069336	2021	United States
SRR17657446	NA	NA	NA	NA	NA	NA	NA	NA	NA	NA	NA	NA	NA	NA	NA	NA	turkey	mistral		NA	0.6716859340667725	2021	United States
SRR8375510	NA	NA	NA	NA	NA	NA	NA	NA	NA	NA	NA	NA	NA	NA	NA	NA	turkey	mistral		NA	0.5664232969284058	2018	United States
SRR26304285	NA	NA	NA	NA	NA	NA	NA	NA	NA	NA	NA	NA	NA	NA	NA	NA	turkey	mistral		NA	0.6908198595046997	2023	United States
SRR15321209	NA	NA	NA	NA	NA	NA	NA	NA	NA	NA	NA	NA	NA	NA	NA	NA	turkey	mistral		NA	0.6700688004493713	2021	United States
SRR24660421	NA	NA	NA	NA	NA	NA	NA	NA	NA	NA	NA	NA	NA	NA	NA	NA	turkey	mistral		NA	0.6533480882644653	2023	United States
SRR7708075	NA	NA	NA	NA	NA	NA	NA	NA	NA	NA	NA	NA	NA	NA	NA	NA	turkey	mistral		NA	0.55495285987854	2018	United States
SRR11236364	NA	NA	NA	NA	NA	NA	NA	NA	NA	NA	NA	NA	NA	NA	NA	NA	turkey	mistral		NA	0.5612749457359314	2019	United States
SRR10574919	NA	NA	NA	NA	NA	NA	NA	NA	NA	NA	NA	NA	NA	NA	NA	NA	turkey	mistral		NA	0.570914626121521	2019	United States
SRR10447229	NA	NA	NA	NA	NA	NA	NA	NA	NA	NA	NA	NA	NA	NA	NA	NA	turkey	mistral		NA	0.7854731678962708	2019	United States
SRR13059399	NA	NA	NA	NA	NA	NA	NA	NA	NA	NA	NA	NA	NA	NA	NA	NA	turkey	mistral		NA	0.8674293160438538	2020	United States
SRR3113823	NA	NA	NA	NA	NA	NA	NA	NA	NA	NA	NA	NA	NA	NA	NA	NA	turkey	mistral		NA	0.5625820755958557	2015	United States
SRR8136319	NA	NA	NA	NA	NA	NA	NA	NA	NA	NA	NA	NA	NA	NA	NA	NA	turkey	mistral		NA	0.7457225918769836	2018	United States
SRR8252758	NA	NA	NA	NA	NA	NA	NA	NA	NA	NA	NA	NA	NA	NA	NA	NA	turkey	mistral		NA	0.5490286946296692	2018	United States
SRR9643036	NA	NA	NA	NA	NA	NA	NA	NA	NA	NA	NA	NA	NA	NA	NA	NA	turkey	mistral		NA	0.5936092734336853	2019	United States
SRR20994461	NA	NA	NA	NA	NA	NA	NA	NA	NA	NA	NA	NA	NA	NA	NA	NA	turkey	mistral		NA	0.6885731816291809	2022	United States
SRR8839808	NA	NA	NA	NA	NA	NA	NA	NA	NA	NA	NA	NA	NA	NA	NA	NA	turkey	mistral		NA	0.5424694418907166	2019	United States
SRR24324263	NA	NA	NA	NA	NA	NA	NA	NA	NA	NA	NA	NA	NA	NA	NA	NA	turkey	mistral		NA	0.12310183793306351	2023	United States
ERR4224927	NA	NA	NA	NA	NA	NA	NA	NA	NA	NA	NA	NA	NA	NA	NA	NA	turkey	mistral		NA	0.9726235270500183	2017	Netherlands
SRR28901624	NA	NA	NA	NA	NA	NA	NA	NA	NA	NA	NA	NA	NA	NA	NA	NA	turkey	mistral		NA	0.722233235836029	2023	United States
SRR18982367	NA	NA	NA	NA	NA	NA	NA	NA	NA	NA	NA	NA	NA	NA	NA	NA	turkey	mistral		NA	0.678486704826355	2022	United States
SRR10831345	NA	NA	NA	NA	NA	NA	NA	NA	NA	NA	NA	NA	NA	NA	NA	NA	turkey	mistral		NA	0.7318738102912903	2019	United States
SRR12680060	NA	NA	NA	NA	NA	NA	NA	NA	NA	NA	NA	NA	NA	NA	NA	NA	turkey	mistral		NA	0.7575702667236328	2020	United States
SRR25915113	NA	NA	NA	NA	NA	NA	NA	NA	NA	NA	NA	NA	NA	NA	NA	NA	turkey	mistral		NA	0.6788594126701355	2023	United States
SRR13045497	NA	NA	NA	NA	NA	NA	NA	NA	NA	NA	NA	NA	NA	NA	NA	NA	turkey	mistral		NA	0.7260858416557312	2020	United States
SRR25523927	NA	NA	NA	NA	NA	NA	NA	NA	NA	NA	NA	NA	NA	NA	NA	NA	turkey	mistral		NA	0.665682315826416	2023	United States
SRR8698547	NA	NA	NA	NA	NA	NA	NA	NA	NA	NA	NA	NA	NA	NA	NA	NA	turkey	mistral		NA	0.8053261637687683	2019	United States
SRR16764944	NA	NA	NA	NA	NA	NA	NA	NA	NA	NA	NA	NA	NA	NA	NA	NA	turkey	mistral		NA	0.6689343452453613	2021	United States
SRR24529378	NA	NA	NA	NA	NA	NA	NA	NA	NA	NA	NA	NA	NA	NA	NA	NA	turkey	mistral		NA	0.10932484269142151	2023	United States
SRR10698086	NA	NA	NA	NA	NA	NA	NA	NA	NA	NA	NA	NA	NA	NA	NA	NA	turkey	mistral		NA	0.11818140000104904	2016	Germany
SRR27038776	NA	NA	NA	NA	NA	NA	NA	NA	NA	NA	NA	NA	NA	NA	NA	NA	turkey	mistral		NA	0.6738895773887634	2023	United States
SRR22884909	NA	NA	NA	NA	NA	NA	NA	NA	NA	NA	NA	NA	NA	NA	NA	NA	turkey	mistral		NA	0.6668765544891357	2022	United States
SRR9609600	NA	NA	NA	NA	NA	NA	NA	NA	NA	NA	NA	NA	NA	NA	NA	NA	turkey	mistral		NA	0.8144221305847168	2019	United States
ERR10497218	NA	NA	NA	NA	NA	NA	NA	NA	NA	NA	NA	NA	NA	NA	NA	NA	turkey	mistral		NA	0.9816303849220276	2018	Spain
SRR13842615	NA	NA	NA	NA	NA	NA	NA	NA	NA	NA	NA	NA	NA	NA	NA	NA	turkey	mistral		NA	0.8782098293304443	2021	United States
SRR5080903	NA	NA	NA	NA	NA	NA	NA	NA	NA	NA	NA	NA	NA	NA	NA	NA	turkey	mistral		NA	0.5450208783149719	2016	United States
SRR8252775	NA	NA	NA	NA	NA	NA	NA	NA	NA	NA	NA	NA	NA	NA	NA	NA	turkey	mistral		NA	0.5468515753746033	2018	United States
SRR23525304	NA	NA	NA	NA	NA	NA	NA	NA	NA	NA	NA	NA	NA	NA	NA	NA	turkey	mistral		NA	0.8759992718696594	2023	United States
SRR7739737	NA	NA	NA	NA	NA	NA	NA	NA	NA	NA	NA	NA	NA	NA	NA	NA	turkey	mistral		NA	0.5954925417900085	2018	United States
SRR8753356	NA	NA	NA	NA	NA	NA	NA	NA	NA	NA	NA	NA	NA	NA	NA	NA	turkey	mistral		NA	0.780913233757019	2019	United States
SRR17621928	NA	NA	NA	NA	NA	NA	NA	NA	NA	NA	NA	NA	NA	NA	NA	NA	turkey	mistral		NA	0.6713628768920898	2021	United States
SRR14478907	NA	NA	NA	NA	NA	NA	NA	NA	NA	NA	NA	NA	NA	NA	NA	NA	turkey	mistral		NA	0.8696038722991943	2021	United States
SRR11272909	NA	NA	NA	NA	NA	NA	NA	NA	NA	NA	NA	NA	NA	NA	NA	NA	turkey	mistral		NA	0.7986583113670349	2020	United States
ERR4224419	NA	NA	NA	NA	NA	NA	NA	NA	NA	NA	NA	NA	NA	NA	NA	NA	wastewater	mistral		NA	0.975623369216919	2018	Netherlands
ERR4224394	NA	NA	NA	NA	NA	NA	NA	NA	NA	NA	NA	NA	NA	NA	NA	NA	wastewater	mistral		NA	0.9754368662834167	2018	Netherlands
ERR4224662	NA	NA	NA	NA	NA	NA	NA	NA	NA	NA	NA	NA	NA	NA	NA	NA	water	mistral		NA	0.991389274597168	2019	Netherlands
SRR21995108	NA	NA	NA	NA	NA	NA	NA	NA	NA	NA	NA	NA	NA	NA	NA	NA	water	mistral		NA	0.989076554775238	2016	China
ERR1025588	NA	NA	NA	NA	NA	NA	NA	NA	NA	NA	NA	NA	NA	NA	NA	NA	water	mistral		NA	0.9689150452613831	2010	Spain
ERR4224335	NA	NA	NA	NA	NA	NA	NA	NA	NA	NA	NA	NA	NA	NA	NA	NA	water	mistral		NA	0.9911526441574097	2018	Netherlands
SRR7010530	NA	NA	NA	NA	NA	NA	NA	NA	NA	NA	NA	NA	NA	NA	NA	NA	water	mistral		NA	0.9519526362419128	2010	United States
SRR9030813	NA	NA	NA	NA	NA	NA	NA	NA	NA	NA	NA	NA	NA	NA	NA	NA	environment	mistral		NA	0.9255670309066772	2015	Australia
ERR4224356	NA	NA	NA	NA	NA	NA	NA	NA	NA	NA	NA	NA	NA	NA	NA	NA	water	mistral		NA	0.9904590845108032	2018	Netherlands
ERR4224476	NA	NA	NA	NA	NA	NA	NA	NA	NA	NA	NA	NA	NA	NA	NA	NA	water	mistral		NA	0.9903849959373474	2018	Netherlands
SRR5209551	NA	NA	NA	NA	NA	NA	NA	NA	NA	NA	NA	NA	NA	NA	NA	NA	water	mistral		NA	0.9123581051826477	2006	Canada
ERR9129992	NA	NA	NA	NA	NA	NA	NA	NA	NA	NA	NA	NA	NA	NA	NA	NA	water	mistral		NA	0.9905325770378113	2014	Sweden
ERR4224375	NA	NA	NA	NA	NA	NA	NA	NA	NA	NA	NA	NA	NA	NA	NA	NA	wastewater	mistral		NA	0.975785493850708	2018	Netherlands
SRR3210426	NA	NA	NA	NA	NA	NA	NA	NA	NA	NA	NA	NA	NA	NA	NA	NA	water	mistral		NA	0.9485372304916382	2012	United States
SRR6261994	NA	NA	NA	NA	NA	NA	NA	NA	NA	NA	NA	NA	NA	NA	NA	NA	water	mistral		NA	0.9521310329437256	2010	United States
SRR9030826	NA	NA	NA	NA	NA	NA	NA	NA	NA	NA	NA	NA	NA	NA	NA	NA	environment	mistral		NA	0.9289263486862183	2015	Australia
SRR21995107	NA	NA	NA	NA	NA	NA	NA	NA	NA	NA	NA	NA	NA	NA	NA	NA	water	mistral		NA	0.9889705777168274	2016	China
ERR4224507	NA	NA	NA	NA	NA	NA	NA	NA	NA	NA	NA	NA	NA	NA	NA	NA	wastewater	mistral		NA	0.9754135012626648	2018	Netherlands
ERR4224408	NA	NA	NA	NA	NA	NA	NA	NA	NA	NA	NA	NA	NA	NA	NA	NA	wastewater	mistral		NA	0.9749168157577515	2018	Netherlands
ERR4224686	NA	NA	NA	NA	NA	NA	NA	NA	NA	NA	NA	NA	NA	NA	NA	NA	water	mistral		NA	0.9942585825920105	2019	Netherlands
ERR4224333	NA	NA	NA	NA	NA	NA	NA	NA	NA	NA	NA	NA	NA	NA	NA	NA	wastewater	mistral		NA	0.975272536277771	2018	Netherlands
ERR4224651	NA	NA	NA	NA	NA	NA	NA	NA	NA	NA	NA	NA	NA	NA	NA	NA	water	mistral		NA	0.9912886023521423	2019	Netherlands
ERR321059	NA	NA	NA	NA	NA	NA	NA	NA	NA	NA	NA	NA	NA	NA	NA	NA	water	mistral		NA	0.8577085733413696		unknown
ERR4224675	NA	NA	NA	NA	NA	NA	NA	NA	NA	NA	NA	NA	NA	NA	NA	NA	water	mistral		NA	0.9944342374801636	2019	Netherlands
SRR12634069	NA	NA	NA	NA	NA	NA	NA	NA	NA	NA	NA	NA	NA	NA	NA	NA	water	mistral		NA	0.9949983358383179	2016	United States
SRR5209565	NA	NA	NA	NA	NA	NA	NA	NA	NA	NA	NA	NA	NA	NA	NA	NA	water	mistral		NA	0.9285385012626648	2004	Canada
SRR7121406	NA	NA	NA	NA	NA	NA	NA	NA	NA	NA	NA	NA	NA	NA	NA	NA	water	mistral		NA	0.9511421918869019	2010	United States
SRR8280097	NA	NA	NA	NA	NA	NA	NA	NA	NA	NA	NA	NA	NA	NA	NA	NA	water	mistral		NA	0.9536218047142029	2010	United States
SRR6398697	NA	NA	NA	NA	NA	NA	NA	NA	NA	NA	NA	NA	NA	NA	NA	NA	water	mistral		NA	0.9531879425048828	2009	United States
SRR6398728	NA	NA	NA	NA	NA	NA	NA	NA	NA	NA	NA	NA	NA	NA	NA	NA	water	mistral		NA	0.9525741338729858	2009	United States
SRR14190372	NA	NA	NA	NA	NA	NA	NA	NA	NA	NA	NA	NA	NA	NA	NA	NA	water	mistral		NA	0.9959692358970642	2016	United States
SRR6260848	NA	NA	NA	NA	NA	NA	NA	NA	NA	NA	NA	NA	NA	NA	NA	NA	water	mistral		NA	0.952175498008728	2009	United States
ERR4224700	NA	NA	NA	NA	NA	NA	NA	NA	NA	NA	NA	NA	NA	NA	NA	NA	water	mistral		NA	0.9944558143615723	2019	Netherlands
ERR4224464	NA	NA	NA	NA	NA	NA	NA	NA	NA	NA	NA	NA	NA	NA	NA	NA	water	mistral		NA	0.9962126016616821	2018	Netherlands
ERR4224388	NA	NA	NA	NA	NA	NA	NA	NA	NA	NA	NA	NA	NA	NA	NA	NA	water	mistral		NA	0.9913054704666138	2018	Netherlands
SRR5209458	NA	NA	NA	NA	NA	NA	NA	NA	NA	NA	NA	NA	NA	NA	NA	NA	water	mistral		NA	0.926835298538208	2011	Canada
ERR4224423	NA	NA	NA	NA	NA	NA	NA	NA	NA	NA	NA	NA	NA	NA	NA	NA	water	mistral		NA	0.9909622669219971	2018	Netherlands
SRR6398641	NA	NA	NA	NA	NA	NA	NA	NA	NA	NA	NA	NA	NA	NA	NA	NA	water	mistral		NA	0.9526182413101196	2009	United States
SRR7128223	NA	NA	NA	NA	NA	NA	NA	NA	NA	NA	NA	NA	NA	NA	NA	NA	water	mistral		NA	0.9520419239997864	2010	United States
ERR4224642	NA	NA	NA	NA	NA	NA	NA	NA	NA	NA	NA	NA	NA	NA	NA	NA	wastewater	mistral		NA	0.976557731628418	2019	Netherlands
ERR4224460	NA	NA	NA	NA	NA	NA	NA	NA	NA	NA	NA	NA	NA	NA	NA	NA	wastewater	mistral		NA	0.9753666520118713	2018	Netherlands
ERR4224337	NA	NA	NA	NA	NA	NA	NA	NA	NA	NA	NA	NA	NA	NA	NA	NA	water	mistral		NA	0.9910319447517395	2018	Netherlands
ERR4224474	NA	NA	NA	NA	NA	NA	NA	NA	NA	NA	NA	NA	NA	NA	NA	NA	water	mistral		NA	0.9779887795448303	2018	Netherlands
ERR4224506	NA	NA	NA	NA	NA	NA	NA	NA	NA	NA	NA	NA	NA	NA	NA	NA	wastewater	mistral		NA	0.9752254486083984	2018	Netherlands
ERR4224444	NA	NA	NA	NA	NA	NA	NA	NA	NA	NA	NA	NA	NA	NA	NA	NA	water	mistral		NA	0.9911355376243591	2018	Netherlands
SRR8434632	NA	NA	NA	NA	NA	NA	NA	NA	NA	NA	NA	NA	NA	NA	NA	NA	water	mistral		NA	0.9510513544082642	2010	United States
ERR4224390	NA	NA	NA	NA	NA	NA	NA	NA	NA	NA	NA	NA	NA	NA	NA	NA	water	mistral		NA	0.9913390874862671	2018	Netherlands
ERR4224349	NA	NA	NA	NA	NA	NA	NA	NA	NA	NA	NA	NA	NA	NA	NA	NA	water	mistral		NA	0.9911355376243591	2018	Netherlands
SRR6314031	NA	NA	NA	NA	NA	NA	NA	NA	NA	NA	NA	NA	NA	NA	NA	NA	water	mistral		NA	0.9531880021095276	2009	United States
ERR4224430	NA	NA	NA	NA	NA	NA	NA	NA	NA	NA	NA	NA	NA	NA	NA	NA	wastewater	mistral		NA	0.9754602909088135	2018	Netherlands
ERR4224412	NA	NA	NA	NA	NA	NA	NA	NA	NA	NA	NA	NA	NA	NA	NA	NA	water	mistral		NA	0.9910838603973389	2018	Netherlands
SRR9030821	NA	NA	NA	NA	NA	NA	NA	NA	NA	NA	NA	NA	NA	NA	NA	NA	environment	mistral		NA	0.9279531240463257	2015	Australia
SRR9030830	NA	NA	NA	NA	NA	NA	NA	NA	NA	NA	NA	NA	NA	NA	NA	NA	environment	mistral		NA	0.9246876835823059	2015	Australia
ERR4224491	NA	NA	NA	NA	NA	NA	NA	NA	NA	NA	NA	NA	NA	NA	NA	NA	wastewater	mistral		NA	0.9758315682411194	2018	Netherlands
SRR5209487	NA	NA	NA	NA	NA	NA	NA	NA	NA	NA	NA	NA	NA	NA	NA	NA	water	mistral		NA	0.9345744848251343	2006	Canada
SRR6261989	NA	NA	NA	NA	NA	NA	NA	NA	NA	NA	NA	NA	NA	NA	NA	NA	water	mistral		NA	0.9510513544082642	2010	United States
SRR6261893	NA	NA	NA	NA	NA	NA	NA	NA	NA	NA	NA	NA	NA	NA	NA	NA	water	mistral		NA	0.9523087739944458	2010	United States
SRR5209546	NA	NA	NA	NA	NA	NA	NA	NA	NA	NA	NA	NA	NA	NA	NA	NA	water	mistral		NA	0.9132132530212402	2007	Canada
ERR4224647	NA	NA	NA	NA	NA	NA	NA	NA	NA	NA	NA	NA	NA	NA	NA	NA	water	mistral		NA	0.9908567070960999	2019	Netherlands
ERR4224500	NA	NA	NA	NA	NA	NA	NA	NA	NA	NA	NA	NA	NA	NA	NA	NA	water	mistral		NA	0.9911011457443237	2018	Netherlands
SRR7012236	NA	NA	NA	NA	NA	NA	NA	NA	NA	NA	NA	NA	NA	NA	NA	NA	water	mistral		NA	0.9515940546989441	2010	United States
ERR4224395	NA	NA	NA	NA	NA	NA	NA	NA	NA	NA	NA	NA	NA	NA	NA	NA	water	mistral		NA	0.9913725852966309	2018	Netherlands
SRR6261842	NA	NA	NA	NA	NA	NA	NA	NA	NA	NA	NA	NA	NA	NA	NA	NA	water	mistral		NA	0.9528820514678955	2010	United States
SRR6314326	NA	NA	NA	NA	NA	NA	NA	NA	NA	NA	NA	NA	NA	NA	NA	NA	wastewater	mistral		NA	0.7978719472885132	1996	Brazil
ERR4224438	NA	NA	NA	NA	NA	NA	NA	NA	NA	NA	NA	NA	NA	NA	NA	NA	water	mistral		NA	0.9910492897033691	2018	Netherlands
ERR4224496	NA	NA	NA	NA	NA	NA	NA	NA	NA	NA	NA	NA	NA	NA	NA	NA	water	mistral		NA	0.9901592135429382	2018	Netherlands
ERR4224690	NA	NA	NA	NA	NA	NA	NA	NA	NA	NA	NA	NA	NA	NA	NA	NA	water	mistral		NA	0.9779255986213684	2019	Netherlands
SRR14190376	NA	NA	NA	NA	NA	NA	NA	NA	NA	NA	NA	NA	NA	NA	NA	NA	water	mistral		NA	0.9766023755073547	2014	United States
ERR4224345	NA	NA	NA	NA	NA	NA	NA	NA	NA	NA	NA	NA	NA	NA	NA	NA	water	mistral		NA	0.9910319447517395	2018	Netherlands
ERR4224671	NA	NA	NA	NA	NA	NA	NA	NA	NA	NA	NA	NA	NA	NA	NA	NA	water	mistral		NA	0.9963428974151611	2019	Netherlands
SRR16091611	NA	NA	NA	NA	NA	NA	NA	NA	NA	NA	NA	NA	NA	NA	NA	NA	wastewater	mistral		NA	0.9621075987815857		United States
ERR321060	NA	NA	NA	NA	NA	NA	NA	NA	NA	NA	NA	NA	NA	NA	NA	NA	water	mistral		NA	0.8702117204666138		unknown
SRR12686264	NA	NA	NA	NA	NA	NA	NA	NA	NA	NA	NA	NA	NA	NA	NA	NA	wastewater	mistral		NA	0.9184070825576782	1995	Brazil
ERR4224397	NA	NA	NA	NA	NA	NA	NA	NA	NA	NA	NA	NA	NA	NA	NA	NA	wastewater	mistral		NA	0.9757161736488342	2018	Netherlands
ERR4224470	NA	NA	NA	NA	NA	NA	NA	NA	NA	NA	NA	NA	NA	NA	NA	NA	water	mistral		NA	0.9907140135765076	2018	Netherlands
SRR1635285	NA	NA	NA	NA	NA	NA	NA	NA	NA	NA	NA	NA	NA	NA	NA	NA	environment	mistral		NA	0.948822557926178	2011	United Kingdom
SRR8434292	NA	NA	NA	NA	NA	NA	NA	NA	NA	NA	NA	NA	NA	NA	NA	NA	water	mistral		NA	0.9514138102531433	2010	United States
SRR9030874	NA	NA	NA	NA	NA	NA	NA	NA	NA	NA	NA	NA	NA	NA	NA	NA	environment	mistral		NA	0.9217811226844788	2014	Australia
SRR8434366	NA	NA	NA	NA	NA	NA	NA	NA	NA	NA	NA	NA	NA	NA	NA	NA	water	mistral		NA	0.9527942538261414	2010	United States
SRR9030829	NA	NA	NA	NA	NA	NA	NA	NA	NA	NA	NA	NA	NA	NA	NA	NA	environment	mistral		NA	0.9248235821723938	2015	Australia
SRR9879555	NA	NA	NA	NA	NA	NA	NA	NA	NA	NA	NA	NA	NA	NA	NA	NA	water	mistral		NA	0.9572378993034363	2015	Canada
SRR9030879	NA	NA	NA	NA	NA	NA	NA	NA	NA	NA	NA	NA	NA	NA	NA	NA	environment	mistral		NA	0.924346923828125	2014	Australia
SRR7345807	NA	NA	NA	NA	NA	NA	NA	NA	NA	NA	NA	NA	NA	NA	NA	NA	water	mistral		NA	0.9527063369750977	2010	United States
SRR6367412	NA	NA	NA	NA	NA	NA	NA	NA	NA	NA	NA	NA	NA	NA	NA	NA	water	mistral		NA	0.9510513544082642	2009	United States
SRR12686236	NA	NA	NA	NA	NA	NA	NA	NA	NA	NA	NA	NA	NA	NA	NA	NA	wastewater	mistral		NA	0.9203612208366394	1996	Brazil
SRR6311922	NA	NA	NA	NA	NA	NA	NA	NA	NA	NA	NA	NA	NA	NA	NA	NA	water	mistral		NA	0.9512781500816345	2009	United States
ERR4224391	NA	NA	NA	NA	NA	NA	NA	NA	NA	NA	NA	NA	NA	NA	NA	NA	wastewater	mistral		NA	0.9753666520118713	2018	Netherlands
SRR7904961	NA	NA	NA	NA	NA	NA	NA	NA	NA	NA	NA	NA	NA	NA	NA	NA	water	mistral		NA	0.9522199034690857	2010	United States
ERR4224688	NA	NA	NA	NA	NA	NA	NA	NA	NA	NA	NA	NA	NA	NA	NA	NA	water	mistral		NA	0.9943909049034119	2019	Netherlands
SRR9030816	NA	NA	NA	NA	NA	NA	NA	NA	NA	NA	NA	NA	NA	NA	NA	NA	environment	mistral		NA	0.9254323840141296	2014	Australia
SRR5209548	NA	NA	NA	NA	NA	NA	NA	NA	NA	NA	NA	NA	NA	NA	NA	NA	water	mistral		NA	0.9116528034210205	2006	Canada
ERR4224434	NA	NA	NA	NA	NA	NA	NA	NA	NA	NA	NA	NA	NA	NA	NA	NA	water	mistral		NA	0.9902915358543396	2018	Netherlands
ERR4224427	NA	NA	NA	NA	NA	NA	NA	NA	NA	NA	NA	NA	NA	NA	NA	NA	water	mistral		NA	0.9909797310829163	2018	Netherlands
ERR4224353	NA	NA	NA	NA	NA	NA	NA	NA	NA	NA	NA	NA	NA	NA	NA	NA	wastewater	mistral		NA	0.9752489924430847	2018	Netherlands
SRR6398687	NA	NA	NA	NA	NA	NA	NA	NA	NA	NA	NA	NA	NA	NA	NA	NA	water	mistral		NA	0.9525299668312073	2009	United States
SRR5209541	NA	NA	NA	NA	NA	NA	NA	NA	NA	NA	NA	NA	NA	NA	NA	NA	water	mistral		NA	0.9127478003501892	2007	Canada
SRR9030837	NA	NA	NA	NA	NA	NA	NA	NA	NA	NA	NA	NA	NA	NA	NA	NA	environment	mistral		NA	0.9243468642234802	2014	Australia
ERR4224501	NA	NA	NA	NA	NA	NA	NA	NA	NA	NA	NA	NA	NA	NA	NA	NA	water	mistral		NA	0.994379997253418	2018	Netherlands
ERR4224358	NA	NA	NA	NA	NA	NA	NA	NA	NA	NA	NA	NA	NA	NA	NA	NA	water	mistral		NA	0.9902350306510925	2018	Netherlands
ERR4224632	NA	NA	NA	NA	NA	NA	NA	NA	NA	NA	NA	NA	NA	NA	NA	NA	water	mistral		NA	0.9914721846580505	2019	Netherlands
SRR8787406	NA	NA	NA	NA	NA	NA	NA	NA	NA	NA	NA	NA	NA	NA	NA	NA	wildbird	mistral		NA	0.0960254818201065	1979	United States
SRR29316403	NA	NA	NA	NA	NA	NA	NA	NA	NA	NA	NA	NA	NA	NA	NA	NA	wildbird	mistral		NA	0.0011763748480007052	2018	United States
SRR8787349	NA	NA	NA	NA	NA	NA	NA	NA	NA	NA	NA	NA	NA	NA	NA	NA	wildbird	mistral		NA	0.07483763247728348	1979	United States
ERR2197811	NA	NA	NA	NA	NA	NA	NA	NA	NA	NA	NA	NA	NA	NA	NA	NA	chicken	mistral		NA	0.0014131118077784777	2014	Luxembourg
SRR29316407	NA	NA	NA	NA	NA	NA	NA	NA	NA	NA	NA	NA	NA	NA	NA	NA	wildbird	mistral		NA	0.0009399437112733722	2018	United States
SRR8787404	NA	NA	NA	NA	NA	NA	NA	NA	NA	NA	NA	NA	NA	NA	NA	NA	wildbird	mistral		NA	0.08795474469661713	1979	United States
SRR8787412	NA	NA	NA	NA	NA	NA	NA	NA	NA	NA	NA	NA	NA	NA	NA	NA	wildbird	mistral		NA	0.11353044211864471	1979	United States
SRR5209482	NA	NA	NA	NA	NA	NA	NA	NA	NA	NA	NA	NA	NA	NA	NA	NA	wildbird	mistral		NA	0.0044770813547074795	2006	Canada
SRR8787361	NA	NA	NA	NA	NA	NA	NA	NA	NA	NA	NA	NA	NA	NA	NA	NA	wildbird	mistral		NA	0.0754484310746193	1979	United States
SRR8787357	NA	NA	NA	NA	NA	NA	NA	NA	NA	NA	NA	NA	NA	NA	NA	NA	wildbird	mistral		NA	0.05926467105746269	1979	United States
SRR29316423	NA	NA	NA	NA	NA	NA	NA	NA	NA	NA	NA	NA	NA	NA	NA	NA	wildbird	mistral		NA	0.0013276094105094671	2018	United States
SRR2915957	NA	NA	NA	NA	NA	NA	NA	NA	NA	NA	NA	NA	NA	NA	NA	NA	wildbird	mistral		NA	0.013955708593130112	2009	United States
SRR29316425	NA	NA	NA	NA	NA	NA	NA	NA	NA	NA	NA	NA	NA	NA	NA	NA	wildbird	mistral		NA	0.0011247574584558606	2018	United States
SRR2915955	NA	NA	NA	NA	NA	NA	NA	NA	NA	NA	NA	NA	NA	NA	NA	NA	wildbird	mistral		NA	0.01355824526399374	2009	United States
SRR8787409	NA	NA	NA	NA	NA	NA	NA	NA	NA	NA	NA	NA	NA	NA	NA	NA	wildbird	mistral		NA	0.1174708679318428	1979	United States
SRR29316436	NA	NA	NA	NA	NA	NA	NA	NA	NA	NA	NA	NA	NA	NA	NA	NA	wildbird	mistral		NA	0.00019871551194228232	2018	United States
SRR21995114	NA	NA	NA	NA	NA	NA	NA	NA	NA	NA	NA	NA	NA	NA	NA	NA	wildbird	mistral		NA	0.02163599617779255	2017	China
SRR13367297	NA	NA	NA	NA	NA	NA	NA	NA	NA	NA	NA	NA	NA	NA	NA	NA	wildbird	mistral		NA	0.012895586900413036	2007	United Kingdom
SRR8787347	NA	NA	NA	NA	NA	NA	NA	NA	NA	NA	NA	NA	NA	NA	NA	NA	wildbird	mistral		NA	0.07362963259220123	1979	United States
SRR11515394	NA	NA	NA	NA	NA	NA	NA	NA	NA	NA	NA	NA	NA	NA	NA	NA	wildbird	mistral		NA	0.9431384205818176	2017	Italy
ERR1163670	NA	NA	NA	NA	NA	NA	NA	NA	NA	NA	NA	NA	NA	NA	NA	NA	wildbird	mistral		NA	0.6092045307159424	2013	United Kingdom
SRR8787350	NA	NA	NA	NA	NA	NA	NA	NA	NA	NA	NA	NA	NA	NA	NA	NA	wildbird	mistral		NA	0.058399517089128494	1979	United States
ERR1163655	NA	NA	NA	NA	NA	NA	NA	NA	NA	NA	NA	NA	NA	NA	NA	NA	wildbird	mistral		NA	0.6033769249916077	2013	United Kingdom
SRR29316455	NA	NA	NA	NA	NA	NA	NA	NA	NA	NA	NA	NA	NA	NA	NA	NA	wildbird	mistral		NA	0.0001511819864390418	2018	United States
SRR8787395	NA	NA	NA	NA	NA	NA	NA	NA	NA	NA	NA	NA	NA	NA	NA	NA	wildbird	mistral		NA	0.07517640292644501	1979	United States
SRR29316452	NA	NA	NA	NA	NA	NA	NA	NA	NA	NA	NA	NA	NA	NA	NA	NA	wildbird	mistral		NA	0.0010901900241151452	2018	United States
ERR1163662	NA	NA	NA	NA	NA	NA	NA	NA	NA	NA	NA	NA	NA	NA	NA	NA	wildbird	mistral		NA	0.5856640338897705	2013	United Kingdom
SRR21995109	NA	NA	NA	NA	NA	NA	NA	NA	NA	NA	NA	NA	NA	NA	NA	NA	wildbird	mistral		NA	0.02753293886780739	2017	China
SRR29316406	NA	NA	NA	NA	NA	NA	NA	NA	NA	NA	NA	NA	NA	NA	NA	NA	wildbird	mistral		NA	0.0010775026166811585	2018	United States
ERR2601935	NA	NA	NA	NA	NA	NA	NA	NA	NA	NA	NA	NA	NA	NA	NA	NA	wildbird	mistral		NA	0.015983005985617638	2007	Finland
ERR12188774	NA	NA	NA	NA	NA	NA	NA	NA	NA	NA	NA	NA	NA	NA	NA	NA	wildbird	mistral		NA	0.02859836257994175	2003	United Kingdom
SRR5209566	NA	NA	NA	NA	NA	NA	NA	NA	NA	NA	NA	NA	NA	NA	NA	NA	wildbird	mistral		NA	0.0034362857695668936	2004	Canada
SRR29316409	NA	NA	NA	NA	NA	NA	NA	NA	NA	NA	NA	NA	NA	NA	NA	NA	wildbird	mistral		NA	0.0015517843421548605	2018	United States
SRR8787363	NA	NA	NA	NA	NA	NA	NA	NA	NA	NA	NA	NA	NA	NA	NA	NA	wildbird	mistral		NA	0.0781484916806221	1979	United States
SRR13367282	NA	NA	NA	NA	NA	NA	NA	NA	NA	NA	NA	NA	NA	NA	NA	NA	wildbird	mistral		NA	0.013146587647497654	2007	United Kingdom
ERR1163759	NA	NA	NA	NA	NA	NA	NA	NA	NA	NA	NA	NA	NA	NA	NA	NA	wildbird	mistral		NA	0.6190683245658875	2013	United Kingdom
SRR13367291	NA	NA	NA	NA	NA	NA	NA	NA	NA	NA	NA	NA	NA	NA	NA	NA	wildbird	mistral		NA	0.009268013760447502	2007	United Kingdom
ERR12188769	NA	NA	NA	NA	NA	NA	NA	NA	NA	NA	NA	NA	NA	NA	NA	NA	other_animal	mistral		NA	0.03912164270877838	2007	United Kingdom
SRR21995110	NA	NA	NA	NA	NA	NA	NA	NA	NA	NA	NA	NA	NA	NA	NA	NA	wildbird	mistral		NA	0.02655657008290291	2017	China
SRR10239225	NA	NA	NA	NA	NA	NA	NA	NA	NA	NA	NA	NA	NA	NA	NA	NA	turkey	mistral		NA	0.0753123015165329	2005	United States
SRR21995113	NA	NA	NA	NA	NA	NA	NA	NA	NA	NA	NA	NA	NA	NA	NA	NA	wildbird	mistral		NA	0.02463338151574135	2017	China
SRR29316445	NA	NA	NA	NA	NA	NA	NA	NA	NA	NA	NA	NA	NA	NA	NA	NA	wildbird	mistral		NA	0.00021909600764047354	2018	United States
SRR29316426	NA	NA	NA	NA	NA	NA	NA	NA	NA	NA	NA	NA	NA	NA	NA	NA	wildbird	mistral		NA	0.0009308178559876978	2018	United States
SRR13367287	NA	NA	NA	NA	NA	NA	NA	NA	NA	NA	NA	NA	NA	NA	NA	NA	wildbird	mistral		NA	0.011892047710716724	2007	United Kingdom
SRR13367278	NA	NA	NA	NA	NA	NA	NA	NA	NA	NA	NA	NA	NA	NA	NA	NA	wildbird	mistral		NA	0.01640303246676922	2007	United Kingdom
SRR29316444	NA	NA	NA	NA	NA	NA	NA	NA	NA	NA	NA	NA	NA	NA	NA	NA	wildbird	mistral		NA	0.00025514140725135803	2018	United States
SRR6197701	NA	NA	NA	NA	NA	NA	NA	NA	NA	NA	NA	NA	NA	NA	NA	NA	wildbird	mistral		NA	0.8207569718360901	2002	Sweden
SRR29316416	NA	NA	NA	NA	NA	NA	NA	NA	NA	NA	NA	NA	NA	NA	NA	NA	wildbird	mistral		NA	0.001375047955662012	2018	United States
SRR29316433	NA	NA	NA	NA	NA	NA	NA	NA	NA	NA	NA	NA	NA	NA	NA	NA	wildbird	mistral		NA	0.0011446805438026786	2018	United States
SRR29316417	NA	NA	NA	NA	NA	NA	NA	NA	NA	NA	NA	NA	NA	NA	NA	NA	wildbird	mistral		NA	0.0019342611776664853	2018	United States
SRR29316458	NA	NA	NA	NA	NA	NA	NA	NA	NA	NA	NA	NA	NA	NA	NA	NA	wildbird	mistral		NA	0.001299427356570959	2018	United States
SRR8787399	NA	NA	NA	NA	NA	NA	NA	NA	NA	NA	NA	NA	NA	NA	NA	NA	wildbird	mistral		NA	0.07450025528669357	1979	United States
ERR1163661	NA	NA	NA	NA	NA	NA	NA	NA	NA	NA	NA	NA	NA	NA	NA	NA	wildbird	mistral		NA	0.6196150779724121	2013	United Kingdom
SRR29316428	NA	NA	NA	NA	NA	NA	NA	NA	NA	NA	NA	NA	NA	NA	NA	NA	wildbird	mistral		NA	0.001073306193575263	2018	United States
SRR11515393	NA	NA	NA	NA	NA	NA	NA	NA	NA	NA	NA	NA	NA	NA	NA	NA	wildbird	mistral		NA	0.9429811239242554	2017	Italy
SRR13367283	NA	NA	NA	NA	NA	NA	NA	NA	NA	NA	NA	NA	NA	NA	NA	NA	wildbird	mistral		NA	0.011353656649589539	2007	United Kingdom
SRR4379981	NA	NA	NA	NA	NA	NA	NA	NA	NA	NA	NA	NA	NA	NA	NA	NA	wildbird	mistral		NA	0.9823893904685974	2000	Sweden
SRR29316456	NA	NA	NA	NA	NA	NA	NA	NA	NA	NA	NA	NA	NA	NA	NA	NA	wildbird	mistral		NA	0.0018639287445694208	2018	United States
SRR29316418	NA	NA	NA	NA	NA	NA	NA	NA	NA	NA	NA	NA	NA	NA	NA	NA	wildbird	mistral		NA	0.0014579035341739655	2018	United States
SRR27387502	NA	NA	NA	NA	NA	NA	NA	NA	NA	NA	NA	NA	NA	NA	NA	NA	other_animal	mistral		NA	0.019851703196763992	2022	Peru
SRR29316404	NA	NA	NA	NA	NA	NA	NA	NA	NA	NA	NA	NA	NA	NA	NA	NA	wildbird	mistral		NA	0.000818333588540554	2018	United States
ERR1163780	NA	NA	NA	NA	NA	NA	NA	NA	NA	NA	NA	NA	NA	NA	NA	NA	other_animal	mistral		NA	0.0027900375425815582	2013	United Kingdom
ERR1163473	NA	NA	NA	NA	NA	NA	NA	NA	NA	NA	NA	NA	NA	NA	NA	NA	wildbird	mistral		NA	0.5462021231651306	2013	United Kingdom
ERR12188771	NA	NA	NA	NA	NA	NA	NA	NA	NA	NA	NA	NA	NA	NA	NA	NA	other_animal	mistral		NA	0.03886548802256584	2007	United Kingdom
SRR2962355	NA	NA	NA	NA	NA	NA	NA	NA	NA	NA	NA	NA	NA	NA	NA	NA	wildbird	mistral		NA	0.014199678786098957	2009	United States
SRR27387504	NA	NA	NA	NA	NA	NA	NA	NA	NA	NA	NA	NA	NA	NA	NA	NA	other_animal	mistral		NA	0.020023440942168236	2022	Peru
SRR13367289	NA	NA	NA	NA	NA	NA	NA	NA	NA	NA	NA	NA	NA	NA	NA	NA	wildbird	mistral		NA	0.011050793342292309	2007	United Kingdom
SRR8787364	NA	NA	NA	NA	NA	NA	NA	NA	NA	NA	NA	NA	NA	NA	NA	NA	wildbird	mistral		NA	0.0753123015165329	1979	United States
ERR1163751	NA	NA	NA	NA	NA	NA	NA	NA	NA	NA	NA	NA	NA	NA	NA	NA	wildbird	mistral		NA	0.5712957978248596	2013	United Kingdom
SRR5209561	NA	NA	NA	NA	NA	NA	NA	NA	NA	NA	NA	NA	NA	NA	NA	NA	wildbird	mistral		NA	0.003551884787157178	2004	Canada
SRR13132260	NA	NA	NA	NA	NA	NA	NA	NA	NA	NA	NA	NA	NA	NA	NA	NA	wildbird	mistral		NA	0.00912563782185316	1978	United States
SRR15194602	NA	NA	NA	NA	NA	NA	NA	NA	NA	NA	NA	NA	NA	NA	NA	NA	wildbird	mistral		NA	0.009974920190870762	2009	Bangladesh
SRR8787410	NA	NA	NA	NA	NA	NA	NA	NA	NA	NA	NA	NA	NA	NA	NA	NA	wildbird	mistral		NA	0.5996609926223755	1979	United States
SRR13367284	NA	NA	NA	NA	NA	NA	NA	NA	NA	NA	NA	NA	NA	NA	NA	NA	wildbird	mistral		NA	0.012077059596776962	2007	United Kingdom
SRR29316449	NA	NA	NA	NA	NA	NA	NA	NA	NA	NA	NA	NA	NA	NA	NA	NA	wildbird	mistral		NA	0.00023413580493070185	2018	United States
SRR13367296	NA	NA	NA	NA	NA	NA	NA	NA	NA	NA	NA	NA	NA	NA	NA	NA	wildbird	mistral		NA	0.008445627987384796	2007	United Kingdom
ERR1163626	NA	NA	NA	NA	NA	NA	NA	NA	NA	NA	NA	NA	NA	NA	NA	NA	wildbird	mistral		NA	0.601593554019928	2013	United Kingdom
SRR29316437	NA	NA	NA	NA	NA	NA	NA	NA	NA	NA	NA	NA	NA	NA	NA	NA	wildbird	mistral		NA	0.0002074383810395375	2018	United States
SRR13367285	NA	NA	NA	NA	NA	NA	NA	NA	NA	NA	NA	NA	NA	NA	NA	NA	wildbird	mistral		NA	0.008745182305574417	2007	United Kingdom
ERR12188775	NA	NA	NA	NA	NA	NA	NA	NA	NA	NA	NA	NA	NA	NA	NA	NA	wildbird	mistral		NA	0.03120281547307968	2003	United Kingdom
SRR29316441	NA	NA	NA	NA	NA	NA	NA	NA	NA	NA	NA	NA	NA	NA	NA	NA	wildbird	mistral		NA	0.0012160416226834059	2018	United States
ERR1163752	NA	NA	NA	NA	NA	NA	NA	NA	NA	NA	NA	NA	NA	NA	NA	NA	wildbird	mistral		NA	0.5921802520751953	2013	United Kingdom
ERR12188772	NA	NA	NA	NA	NA	NA	NA	NA	NA	NA	NA	NA	NA	NA	NA	NA	wildbird	mistral		NA	0.025589551776647568	2003	United Kingdom
SRR13367281	NA	NA	NA	NA	NA	NA	NA	NA	NA	NA	NA	NA	NA	NA	NA	NA	wildbird	mistral		NA	0.011136502027511597	2007	United Kingdom
SRR29316429	NA	NA	NA	NA	NA	NA	NA	NA	NA	NA	NA	NA	NA	NA	NA	NA	wildbird	mistral		NA	0.0012042380403727293	2018	United States
SRR21995118	NA	NA	NA	NA	NA	NA	NA	NA	NA	NA	NA	NA	NA	NA	NA	NA	other_animal	mistral		NA	0.00976497121155262	2010	China
ERR1163781	NA	NA	NA	NA	NA	NA	NA	NA	NA	NA	NA	NA	NA	NA	NA	NA	wildbird	mistral		NA	0.5950808525085449	2013	United Kingdom
SRR12634062	NA	NA	NA	NA	NA	NA	NA	NA	NA	NA	NA	NA	NA	NA	NA	NA	wildbird	mistral		NA	0.6565481424331665	2017	United States
SRR8787351	NA	NA	NA	NA	NA	NA	NA	NA	NA	NA	NA	NA	NA	NA	NA	NA	wildbird	mistral		NA	0.0569663867354393	1979	United States
SRR8787362	NA	NA	NA	NA	NA	NA	NA	NA	NA	NA	NA	NA	NA	NA	NA	NA	wildbird	mistral		NA	0.07463503628969193	1979	United States
ERR1163640	NA	NA	NA	NA	NA	NA	NA	NA	NA	NA	NA	NA	NA	NA	NA	NA	wildbird	mistral		NA	0.5963449478149414	2013	United Kingdom
SRR29316460	NA	NA	NA	NA	NA	NA	NA	NA	NA	NA	NA	NA	NA	NA	NA	NA	wildbird	mistral		NA	0.0007110569276846945	2018	United States
SRR2584003	NA	NA	NA	NA	NA	NA	NA	NA	NA	NA	NA	NA	NA	NA	NA	NA	wildbird	mistral		NA	0.015058138407766819	2009	United States
SRR8787346	NA	NA	NA	NA	NA	NA	NA	NA	NA	NA	NA	NA	NA	NA	NA	NA	wildbird	mistral		NA	0.11362875998020172	1979	United States
SRR13367298	NA	NA	NA	NA	NA	NA	NA	NA	NA	NA	NA	NA	NA	NA	NA	NA	wildbird	mistral		NA	0.012479699216783047	2007	United Kingdom
SRR29316453	NA	NA	NA	NA	NA	NA	NA	NA	NA	NA	NA	NA	NA	NA	NA	NA	wildbird	mistral		NA	0.00021824204304721206	2018	United States
SRR29316434	NA	NA	NA	NA	NA	NA	NA	NA	NA	NA	NA	NA	NA	NA	NA	NA	wildbird	mistral		NA	0.00032313753035850823	2018	United States
SRR29316442	NA	NA	NA	NA	NA	NA	NA	NA	NA	NA	NA	NA	NA	NA	NA	NA	wildbird	mistral		NA	0.000191104321856983	2018	United States
SRR29316459	NA	NA	NA	NA	NA	NA	NA	NA	NA	NA	NA	NA	NA	NA	NA	NA	wildbird	mistral		NA	0.0009417798137292266	2018	United States
SRR8787354	NA	NA	NA	NA	NA	NA	NA	NA	NA	NA	NA	NA	NA	NA	NA	NA	wildbird	mistral		NA	0.07668381184339523	1979	United States
SRR13736822	NA	NA	NA	NA	NA	NA	NA	NA	NA	NA	NA	NA	NA	NA	NA	NA	wildbird	mistral		NA	0.9824904203414917	2018	unknown
SRR1816118	NA	NA	NA	NA	NA	NA	NA	NA	NA	NA	NA	NA	NA	NA	NA	NA	wildbird	mistral		NA	0.826641857624054		unknown
SRR11515454	NA	NA	NA	NA	NA	NA	NA	NA	NA	NA	NA	NA	NA	NA	NA	NA	wildbird	mistral		NA	0.9345744848251343	2019	Italy
SRR3619935	NA	NA	NA	NA	NA	NA	NA	NA	NA	NA	NA	NA	NA	NA	NA	NA	wildbird	mistral		NA	0.9041439294815063		unknown
SRR11515421	NA	NA	NA	NA	NA	NA	NA	NA	NA	NA	NA	NA	NA	NA	NA	NA	wildbird	mistral		NA	0.9276260137557983	2016	Italy
SRR23244655	NA	NA	NA	NA	NA	NA	NA	NA	NA	NA	NA	NA	NA	NA	NA	NA	wildbird	mistral		NA	0.9858139753341675	2018	France
ERR3546043	NA	NA	NA	NA	NA	NA	NA	NA	NA	NA	NA	NA	NA	NA	NA	NA	wildbird	mistral		NA	0.39516332745552063	2017	Sweden
SRR1815361	NA	NA	NA	NA	NA	NA	NA	NA	NA	NA	NA	NA	NA	NA	NA	NA	wildbird	mistral		NA	0.8275495767593384		unknown
SRR4067224	NA	NA	NA	NA	NA	NA	NA	NA	NA	NA	NA	NA	NA	NA	NA	NA	wildbird	mistral		NA	0.9269014596939087		unknown
ERR10497225	NA	NA	NA	NA	NA	NA	NA	NA	NA	NA	NA	NA	NA	NA	NA	NA	wildbird	mistral		NA	0.9954350590705872	2008	Spain
ERR4225107	NA	NA	NA	NA	NA	NA	NA	NA	NA	NA	NA	NA	NA	NA	NA	NA	wildbird	mistral		NA	0.989751398563385	2019	Netherlands
ERR4225086	NA	NA	NA	NA	NA	NA	NA	NA	NA	NA	NA	NA	NA	NA	NA	NA	wildbird	mistral		NA	0.9899282455444336	2019	Netherlands
SRR1816119	NA	NA	NA	NA	NA	NA	NA	NA	NA	NA	NA	NA	NA	NA	NA	NA	wildbird	mistral		NA	0.8298370242118835		unknown
SRR13736827	NA	NA	NA	NA	NA	NA	NA	NA	NA	NA	NA	NA	NA	NA	NA	NA	wildbird	mistral		NA	0.9817706346511841	2018	unknown
SRR23244644	NA	NA	NA	NA	NA	NA	NA	NA	NA	NA	NA	NA	NA	NA	NA	NA	wildbird	mistral		NA	0.9849563241004944	2017	France
SRR25523034	NA	NA	NA	NA	NA	NA	NA	NA	NA	NA	NA	NA	NA	NA	NA	NA	wildbird	mistral		NA	0.9918910264968872	2022	United States
SRR11515410	NA	NA	NA	NA	NA	NA	NA	NA	NA	NA	NA	NA	NA	NA	NA	NA	wildbird	mistral		NA	0.9062390923500061	2015	Italy
SRR1816048	NA	NA	NA	NA	NA	NA	NA	NA	NA	NA	NA	NA	NA	NA	NA	NA	wildbird	mistral		NA	0.8278281092643738		unknown
SRR3619961	NA	NA	NA	NA	NA	NA	NA	NA	NA	NA	NA	NA	NA	NA	NA	NA	wildbird	mistral		NA	0.9016178846359253		unknown
SRR29025236	NA	NA	NA	NA	NA	NA	NA	NA	NA	NA	NA	NA	NA	NA	NA	NA	wildbird	mistral		NA	0.002822832902893424	2009	United States
SRR11515440	NA	NA	NA	NA	NA	NA	NA	NA	NA	NA	NA	NA	NA	NA	NA	NA	wildbird	mistral		NA	0.9313377141952515	2016	Italy
SRR11515356	NA	NA	NA	NA	NA	NA	NA	NA	NA	NA	NA	NA	NA	NA	NA	NA	wildbird	mistral		NA	0.9753431677818298	2016	Italy
SRR3619924	NA	NA	NA	NA	NA	NA	NA	NA	NA	NA	NA	NA	NA	NA	NA	NA	wildbird	mistral		NA	0.9014878869056702		unknown
SRR12495827	NA	NA	NA	NA	NA	NA	NA	NA	NA	NA	NA	NA	NA	NA	NA	NA	wildbird	mistral		NA	0.8847382068634033	2009	United States
SRR3619952	NA	NA	NA	NA	NA	NA	NA	NA	NA	NA	NA	NA	NA	NA	NA	NA	wildbird	mistral		NA	0.9010969400405884		unknown
ERR4225099	NA	NA	NA	NA	NA	NA	NA	NA	NA	NA	NA	NA	NA	NA	NA	NA	wildbird	mistral		NA	0.9901782274246216	2019	Netherlands
SRR23244669	NA	NA	NA	NA	NA	NA	NA	NA	NA	NA	NA	NA	NA	NA	NA	NA	wildbird	mistral		NA	0.9850572943687439	2017	France
SRR11515427	NA	NA	NA	NA	NA	NA	NA	NA	NA	NA	NA	NA	NA	NA	NA	NA	wildbird	mistral		NA	0.9275603890419006	2016	Italy
SRR6197703	NA	NA	NA	NA	NA	NA	NA	NA	NA	NA	NA	NA	NA	NA	NA	NA	wildbird	mistral		NA	0.8447934985160828	2011	Sweden
SRR11515453	NA	NA	NA	NA	NA	NA	NA	NA	NA	NA	NA	NA	NA	NA	NA	NA	wildbird	mistral		NA	0.9324533343315125	2019	Italy
ERR4224019	NA	NA	NA	NA	NA	NA	NA	NA	NA	NA	NA	NA	NA	NA	NA	NA	wildbird	mistral		NA	0.9872034192085266	2018	Netherlands
SRR14242059	NA	NA	NA	NA	NA	NA	NA	NA	NA	NA	NA	NA	NA	NA	NA	NA	wildbird	mistral		NA	0.679816722869873	2018	Finland
ERR3546047	NA	NA	NA	NA	NA	NA	NA	NA	NA	NA	NA	NA	NA	NA	NA	NA	wildbird	mistral		NA	0.383035272359848	2017	Sweden
ERR4225115	NA	NA	NA	NA	NA	NA	NA	NA	NA	NA	NA	NA	NA	NA	NA	NA	wildbird	mistral		NA	0.9901782274246216	2019	Netherlands
SRR11515359	NA	NA	NA	NA	NA	NA	NA	NA	NA	NA	NA	NA	NA	NA	NA	NA	wildbird	mistral		NA	0.9337940216064453	2018	Italy
SRR11515457	NA	NA	NA	NA	NA	NA	NA	NA	NA	NA	NA	NA	NA	NA	NA	NA	wildbird	mistral		NA	0.9336126446723938	2019	Italy
SRR14242051	NA	NA	NA	NA	NA	NA	NA	NA	NA	NA	NA	NA	NA	NA	NA	NA	wildbird	mistral		NA	0.6952863335609436	2018	Finland
SRR11515420	NA	NA	NA	NA	NA	NA	NA	NA	NA	NA	NA	NA	NA	NA	NA	NA	wildbird	mistral		NA	0.9303950071334839	2015	Italy
ERR4225117	NA	NA	NA	NA	NA	NA	NA	NA	NA	NA	NA	NA	NA	NA	NA	NA	wildbird	mistral		NA	0.9900057911872864	2019	Netherlands
ERR4224018	NA	NA	NA	NA	NA	NA	NA	NA	NA	NA	NA	NA	NA	NA	NA	NA	wildbird	mistral		NA	0.9872034192085266	2018	Netherlands
SRR14242054	NA	NA	NA	NA	NA	NA	NA	NA	NA	NA	NA	NA	NA	NA	NA	NA	wildbird	mistral		NA	0.6799229979515076	2018	Finland
SRR13736830	NA	NA	NA	NA	NA	NA	NA	NA	NA	NA	NA	NA	NA	NA	NA	NA	wildbird	mistral		NA	0.981979250907898	2018	unknown
SRR12495820	NA	NA	NA	NA	NA	NA	NA	NA	NA	NA	NA	NA	NA	NA	NA	NA	wildbird	mistral		NA	0.8871557116508484	2009	United States
ERR3546042	NA	NA	NA	NA	NA	NA	NA	NA	NA	NA	NA	NA	NA	NA	NA	NA	wildbird	mistral		NA	0.3875744044780731	2017	Sweden
SRR11515374	NA	NA	NA	NA	NA	NA	NA	NA	NA	NA	NA	NA	NA	NA	NA	NA	wildbird	mistral		NA	0.9296961426734924	2018	Italy
SRR23244646	NA	NA	NA	NA	NA	NA	NA	NA	NA	NA	NA	NA	NA	NA	NA	NA	wildbird	mistral		NA	0.9854544401168823	2017	France
SRR11515385	NA	NA	NA	NA	NA	NA	NA	NA	NA	NA	NA	NA	NA	NA	NA	NA	wildbird	mistral		NA	0.9314625263214111	2017	Italy
SRR13736807	NA	NA	NA	NA	NA	NA	NA	NA	NA	NA	NA	NA	NA	NA	NA	NA	wildbird	mistral		NA	0.9810219407081604	2018	unknown
ERR3546046	NA	NA	NA	NA	NA	NA	NA	NA	NA	NA	NA	NA	NA	NA	NA	NA	wildbird	mistral		NA	0.3852590024471283	2017	Sweden
SRR6197705	NA	NA	NA	NA	NA	NA	NA	NA	NA	NA	NA	NA	NA	NA	NA	NA	wildbird	mistral		NA	0.8436375856399536	2012	Sweden
ERR4223916	NA	NA	NA	NA	NA	NA	NA	NA	NA	NA	NA	NA	NA	NA	NA	NA	wildbird	mistral		NA	0.9872280955314636	2018	Netherlands
SRR11515387	NA	NA	NA	NA	NA	NA	NA	NA	NA	NA	NA	NA	NA	NA	NA	NA	wildbird	mistral		NA	0.9316492676734924	2017	Italy
SRR1815406	NA	NA	NA	NA	NA	NA	NA	NA	NA	NA	NA	NA	NA	NA	NA	NA	wildbird	mistral		NA	0.8380842804908752		unknown
SRR11515378	NA	NA	NA	NA	NA	NA	NA	NA	NA	NA	NA	NA	NA	NA	NA	NA	wildbird	mistral		NA	0.934035062789917	2016	Italy
ERR4225118	NA	NA	NA	NA	NA	NA	NA	NA	NA	NA	NA	NA	NA	NA	NA	NA	wildbird	mistral		NA	0.9901782274246216	2019	Netherlands
SRR1816039	NA	NA	NA	NA	NA	NA	NA	NA	NA	NA	NA	NA	NA	NA	NA	NA	wildbird	mistral		NA	0.8320320248603821		unknown
SRR1816047	NA	NA	NA	NA	NA	NA	NA	NA	NA	NA	NA	NA	NA	NA	NA	NA	wildbird	mistral		NA	0.8358858227729797		unknown
SRR11515384	NA	NA	NA	NA	NA	NA	NA	NA	NA	NA	NA	NA	NA	NA	NA	NA	wildbird	mistral		NA	0.9322686195373535	2017	Italy
SRR11515424	NA	NA	NA	NA	NA	NA	NA	NA	NA	NA	NA	NA	NA	NA	NA	NA	wildbird	mistral		NA	0.925969660282135	2016	Italy
SRR11515423	NA	NA	NA	NA	NA	NA	NA	NA	NA	NA	NA	NA	NA	NA	NA	NA	wildbird	mistral		NA	0.9276260137557983	2016	Italy
SRR11515422	NA	NA	NA	NA	NA	NA	NA	NA	NA	NA	NA	NA	NA	NA	NA	NA	wildbird	mistral		NA	0.9403530359268188	2015	Italy
SRR11515458	NA	NA	NA	NA	NA	NA	NA	NA	NA	NA	NA	NA	NA	NA	NA	NA	wildbird	mistral		NA	0.933854341506958	2019	Italy
ERR4225103	NA	NA	NA	NA	NA	NA	NA	NA	NA	NA	NA	NA	NA	NA	NA	NA	wildbird	mistral		NA	0.990121066570282	2019	Netherlands
SRR13736820	NA	NA	NA	NA	NA	NA	NA	NA	NA	NA	NA	NA	NA	NA	NA	NA	wildbird	mistral		NA	0.9821513295173645	2018	unknown
SRR29025215	NA	NA	NA	NA	NA	NA	NA	NA	NA	NA	NA	NA	NA	NA	NA	NA	wildbird	mistral		NA	0.4849593937397003	2008	United States
SRR23244651	NA	NA	NA	NA	NA	NA	NA	NA	NA	NA	NA	NA	NA	NA	NA	NA	wildbird	mistral		NA	0.9859228134155273	2018	France
SRR11515380	NA	NA	NA	NA	NA	NA	NA	NA	NA	NA	NA	NA	NA	NA	NA	NA	wildbird	mistral		NA	0.9703243374824524	2018	Italy
SRR11515452	NA	NA	NA	NA	NA	NA	NA	NA	NA	NA	NA	NA	NA	NA	NA	NA	wildbird	mistral		NA	0.9349913001060486	2019	Italy
SRR11515412	NA	NA	NA	NA	NA	NA	NA	NA	NA	NA	NA	NA	NA	NA	NA	NA	wildbird	mistral		NA	0.9065704345703125	2015	Italy
SRR29025277	NA	NA	NA	NA	NA	NA	NA	NA	NA	NA	NA	NA	NA	NA	NA	NA	wildbird	mistral		NA	0.002282775240018964	2009	United States
SRR1816124	NA	NA	NA	NA	NA	NA	NA	NA	NA	NA	NA	NA	NA	NA	NA	NA	wildbird	mistral		NA	0.8308687806129456		unknown
SRR1815850	NA	NA	NA	NA	NA	NA	NA	NA	NA	NA	NA	NA	NA	NA	NA	NA	wildbird	mistral		NA	0.18032309412956238		unknown
ERR4225090	NA	NA	NA	NA	NA	NA	NA	NA	NA	NA	NA	NA	NA	NA	NA	NA	wildbird	mistral		NA	0.9899864196777344	2019	Netherlands
SRR12495816	NA	NA	NA	NA	NA	NA	NA	NA	NA	NA	NA	NA	NA	NA	NA	NA	wildbird	mistral		NA	0.8823772072792053	2009	United States
SRR23244640	NA	NA	NA	NA	NA	NA	NA	NA	NA	NA	NA	NA	NA	NA	NA	NA	wildbird	mistral		NA	0.9843964576721191	2016	France
ERR4225094	NA	NA	NA	NA	NA	NA	NA	NA	NA	NA	NA	NA	NA	NA	NA	NA	wildbird	mistral		NA	0.990121066570282	2019	Netherlands
ERR4223921	NA	NA	NA	NA	NA	NA	NA	NA	NA	NA	NA	NA	NA	NA	NA	NA	wildbird	mistral		NA	0.9870045781135559	2018	Netherlands
SRR3619941	NA	NA	NA	NA	NA	NA	NA	NA	NA	NA	NA	NA	NA	NA	NA	NA	wildbird	mistral		NA	0.9050709009170532		unknown
SRR11515448	NA	NA	NA	NA	NA	NA	NA	NA	NA	NA	NA	NA	NA	NA	NA	NA	wildbird	mistral		NA	0.9327601790428162	2019	Italy
ERR3546019	NA	NA	NA	NA	NA	NA	NA	NA	NA	NA	NA	NA	NA	NA	NA	NA	wildbird	mistral		NA	0.3958929777145386	2017	Sweden
ERR4224022	NA	NA	NA	NA	NA	NA	NA	NA	NA	NA	NA	NA	NA	NA	NA	NA	wildbird	mistral		NA	0.9873993396759033	2018	Netherlands
SRR25523029	NA	NA	NA	NA	NA	NA	NA	NA	NA	NA	NA	NA	NA	NA	NA	NA	wildbird	mistral		NA	0.9907855987548828	2022	United States
SRR29025259	NA	NA	NA	NA	NA	NA	NA	NA	NA	NA	NA	NA	NA	NA	NA	NA	wildbird	mistral		NA	0.45228174328804016	2009	United States
SRR1815867	NA	NA	NA	NA	NA	NA	NA	NA	NA	NA	NA	NA	NA	NA	NA	NA	wildbird	mistral		NA	0.8346765637397766		unknown
SRR12495815	NA	NA	NA	NA	NA	NA	NA	NA	NA	NA	NA	NA	NA	NA	NA	NA	wildbird	mistral		NA	0.8851855993270874	2009	United States
SRR11515369	NA	NA	NA	NA	NA	NA	NA	NA	NA	NA	NA	NA	NA	NA	NA	NA	wildbird	mistral		NA	0.9324533343315125	2018	Italy
SRR1815854	NA	NA	NA	NA	NA	NA	NA	NA	NA	NA	NA	NA	NA	NA	NA	NA	wildbird	mistral		NA	0.8310744762420654		unknown
SRR13736833	NA	NA	NA	NA	NA	NA	NA	NA	NA	NA	NA	NA	NA	NA	NA	NA	wildbird	mistral		NA	0.9813464879989624	2018	unknown
ERR4225121	NA	NA	NA	NA	NA	NA	NA	NA	NA	NA	NA	NA	NA	NA	NA	NA	wildbird	mistral		NA	0.9901971817016602	2019	Netherlands
SRR12495830	NA	NA	NA	NA	NA	NA	NA	NA	NA	NA	NA	NA	NA	NA	NA	NA	wildbird	mistral		NA	0.8880811333656311	2009	United States
SRR23244663	NA	NA	NA	NA	NA	NA	NA	NA	NA	NA	NA	NA	NA	NA	NA	NA	wildbird	mistral		NA	0.9856768250465393	2017	France
SRR11515463	NA	NA	NA	NA	NA	NA	NA	NA	NA	NA	NA	NA	NA	NA	NA	NA	wildbird	mistral		NA	0.9369228482246399	2015	Italy
SRR13736803	NA	NA	NA	NA	NA	NA	NA	NA	NA	NA	NA	NA	NA	NA	NA	NA	wildbird	mistral		NA	0.9808025360107422	2017	unknown
SRR1816131	NA	NA	NA	NA	NA	NA	NA	NA	NA	NA	NA	NA	NA	NA	NA	NA	wildbird	mistral		NA	0.8239666819572449		unknown
SRR13736811	NA	NA	NA	NA	NA	NA	NA	NA	NA	NA	NA	NA	NA	NA	NA	NA	wildbird	mistral		NA	0.9806178212165833	2018	unknown
ERR4225112	NA	NA	NA	NA	NA	NA	NA	NA	NA	NA	NA	NA	NA	NA	NA	NA	wildbird	mistral		NA	0.9899864196777344	2019	Netherlands
SRR11515433	NA	NA	NA	NA	NA	NA	NA	NA	NA	NA	NA	NA	NA	NA	NA	NA	wildbird	mistral		NA	0.9392480850219727	2015	Italy
SRR1815856	NA	NA	NA	NA	NA	NA	NA	NA	NA	NA	NA	NA	NA	NA	NA	NA	wildbird	mistral		NA	0.8269215226173401		unknown
ERR4224017	NA	NA	NA	NA	NA	NA	NA	NA	NA	NA	NA	NA	NA	NA	NA	NA	wildbird	mistral		NA	0.9874961972236633	2018	Netherlands
SRR11515368	NA	NA	NA	NA	NA	NA	NA	NA	NA	NA	NA	NA	NA	NA	NA	NA	wildbird	mistral		NA	0.9362267255783081	2018	Italy
ERR12726479	NA	NA	NA	NA	NA	NA	NA	NA	NA	NA	NA	NA	NA	NA	NA	NA	unknown	mistral		NA	NA	2004	United Kingdom
SRR9971615	NA	NA	NA	NA	NA	NA	NA	NA	NA	NA	NA	NA	NA	NA	NA	NA	unknown	mistral		NA	NA		United States
ERR976125	NA	NA	NA	NA	NA	NA	NA	NA	NA	NA	NA	NA	NA	NA	NA	NA	unknown	mistral		NA	NA		unknown
SRR9864928	NA	NA	NA	NA	NA	NA	NA	NA	NA	NA	NA	NA	NA	NA	NA	NA	unknown	mistral		NA	NA		United States
ERR10372741	NA	NA	NA	NA	NA	NA	NA	NA	NA	NA	NA	NA	NA	NA	NA	NA	unknown	mistral		NA	NA		unknown
ERR226207	NA	NA	NA	NA	NA	NA	NA	NA	NA	NA	NA	NA	NA	NA	NA	NA	unknown	mistral		NA	NA		unknown
SRR13169053	NA	NA	NA	NA	NA	NA	NA	NA	NA	NA	NA	NA	NA	NA	NA	NA	unknown	mistral		NA	NA	2020	unknown
SRR10063337	NA	NA	NA	NA	NA	NA	NA	NA	NA	NA	NA	NA	NA	NA	NA	NA	unknown	mistral		NA	NA		United States
SRR28095900	NA	NA	NA	NA	NA	NA	NA	NA	NA	NA	NA	NA	NA	NA	NA	NA	unknown	mistral		NA	NA	2022	United States
SRR16969880	NA	NA	NA	NA	NA	NA	NA	NA	NA	NA	NA	NA	NA	NA	NA	NA	unknown	mistral		NA	NA	2021	United States
ERR1163442	NA	NA	NA	NA	NA	NA	NA	NA	NA	NA	NA	NA	NA	NA	NA	NA	other_food	mistral		NA	0.015232935547828674	2012	United Kingdom
SRR9899056	NA	NA	NA	NA	NA	NA	NA	NA	NA	NA	NA	NA	NA	NA	NA	NA	other_food	mistral		NA	0.014117891900241375	2018	United Kingdom
SRR29294247	NA	NA	NA	NA	NA	NA	NA	NA	NA	NA	NA	NA	NA	NA	NA	NA	unknown	mistral		NA	NA		unknown
ERR450239	NA	NA	NA	NA	NA	NA	NA	NA	NA	NA	NA	NA	NA	NA	NA	NA	unknown	mistral		NA	NA		unknown
SRR8791352	NA	NA	NA	NA	NA	NA	NA	NA	NA	NA	NA	NA	NA	NA	NA	NA	unknown	mistral		NA	NA		United States
ERR1512684	NA	NA	NA	NA	NA	NA	NA	NA	NA	NA	NA	NA	NA	NA	NA	NA	unknown	mistral		NA	NA		unknown
ERR12072144	NA	NA	NA	NA	NA	NA	NA	NA	NA	NA	NA	NA	NA	NA	NA	NA	unknown	mistral		NA	NA	2021	United Kingdom
SRR25517464	NA	NA	NA	NA	NA	NA	NA	NA	NA	NA	NA	NA	NA	NA	NA	NA	unknown	mistral		NA	NA		United States
ERR11003616	NA	NA	NA	NA	NA	NA	NA	NA	NA	NA	NA	NA	NA	NA	NA	NA	unknown	mistral		NA	NA		unknown
ERR137056	NA	NA	NA	NA	NA	NA	NA	NA	NA	NA	NA	NA	NA	NA	NA	NA	unknown	mistral		NA	NA		unknown
SRR10019064	NA	NA	NA	NA	NA	NA	NA	NA	NA	NA	NA	NA	NA	NA	NA	NA	unknown	mistral		NA	NA	2016	United Kingdom
SRR12972551	NA	NA	NA	NA	NA	NA	NA	NA	NA	NA	NA	NA	NA	NA	NA	NA	unknown	mistral		NA	NA		unknown
SRR1816221	NA	NA	NA	NA	NA	NA	NA	NA	NA	NA	NA	NA	NA	NA	NA	NA	other_food	mistral		NA	0.03757330775260925		unknown
SRR15123871	NA	NA	NA	NA	NA	NA	NA	NA	NA	NA	NA	NA	NA	NA	NA	NA	unknown	mistral		NA	NA		unknown
SRR14633216	NA	NA	NA	NA	NA	NA	NA	NA	NA	NA	NA	NA	NA	NA	NA	NA	unknown	mistral		NA	NA		unknown
SRR10990438	NA	NA	NA	NA	NA	NA	NA	NA	NA	NA	NA	NA	NA	NA	NA	NA	unknown	mistral		NA	NA		United States
ERR473837	NA	NA	NA	NA	NA	NA	NA	NA	NA	NA	NA	NA	NA	NA	NA	NA	environment	mistral		NA	0.01774631254374981		unknown
SRR24880177	NA	NA	NA	NA	NA	NA	NA	NA	NA	NA	NA	NA	NA	NA	NA	NA	unknown	mistral		NA	NA		unknown
ERR470695	NA	NA	NA	NA	NA	NA	NA	NA	NA	NA	NA	NA	NA	NA	NA	NA	unknown	mistral		NA	NA		unknown
ERR713723	NA	NA	NA	NA	NA	NA	NA	NA	NA	NA	NA	NA	NA	NA	NA	NA	unknown	mistral		NA	NA		unknown
SRR12835194	NA	NA	NA	NA	NA	NA	NA	NA	NA	NA	NA	NA	NA	NA	NA	NA	unknown	mistral		NA	NA		United States
ERR226238	NA	NA	NA	NA	NA	NA	NA	NA	NA	NA	NA	NA	NA	NA	NA	NA	unknown	mistral		NA	NA		unknown
ERR946747	NA	NA	NA	NA	NA	NA	NA	NA	NA	NA	NA	NA	NA	NA	NA	NA	chicken	mistral		NA	0.9642541408538818		unknown
SRR29931273	NA	NA	NA	NA	NA	NA	NA	NA	NA	NA	NA	NA	NA	NA	NA	NA	unknown	mistral		NA	NA		unknown
SRR13923227	NA	NA	NA	NA	NA	NA	NA	NA	NA	NA	NA	NA	NA	NA	NA	NA	unknown	mistral		NA	NA		unknown
SRR18072425	NA	NA	NA	NA	NA	NA	NA	NA	NA	NA	NA	NA	NA	NA	NA	NA	unknown	mistral		NA	NA	2022	United States
SRR11853953	NA	NA	NA	NA	NA	NA	NA	NA	NA	NA	NA	NA	NA	NA	NA	NA	unknown	mistral		NA	NA		United States
ERR1163719	NA	NA	NA	NA	NA	NA	NA	NA	NA	NA	NA	NA	NA	NA	NA	NA	environment	mistral		NA	0.9830688238143921	2014	United Kingdom
ERR670848	NA	NA	NA	NA	NA	NA	NA	NA	NA	NA	NA	NA	NA	NA	NA	NA	environment	mistral		NA	0.015845362097024918		unknown
ERR694574	NA	NA	NA	NA	NA	NA	NA	NA	NA	NA	NA	NA	NA	NA	NA	NA	human	mistral		NA	0.013649975880980492		unknown
ERR10703458	NA	NA	NA	NA	NA	NA	NA	NA	NA	NA	NA	NA	NA	NA	NA	NA	unknown	mistral		NA	NA	2020	Denmark
SRR25382606	NA	NA	NA	NA	NA	NA	NA	NA	NA	NA	NA	NA	NA	NA	NA	NA	unknown	mistral		NA	NA	2023	United States
SRR25052815	NA	NA	NA	NA	NA	NA	NA	NA	NA	NA	NA	NA	NA	NA	NA	NA	unknown	mistral		NA	NA	2023	United States
SRR9856010	NA	NA	NA	NA	NA	NA	NA	NA	NA	NA	NA	NA	NA	NA	NA	NA	unknown	mistral		NA	NA		United States
SRR9077775	NA	NA	NA	NA	NA	NA	NA	NA	NA	NA	NA	NA	NA	NA	NA	NA	wildbird	mistral		NA	0.8479677438735962		unknown
SRR25436740	NA	NA	NA	NA	NA	NA	NA	NA	NA	NA	NA	NA	NA	NA	NA	NA	unknown	mistral		NA	NA		unknown
ERR470518	NA	NA	NA	NA	NA	NA	NA	NA	NA	NA	NA	NA	NA	NA	NA	NA	unknown	mistral		NA	NA		unknown
SRR24863315	NA	NA	NA	NA	NA	NA	NA	NA	NA	NA	NA	NA	NA	NA	NA	NA	chicken	mistral		NA	0.01707807369530201		unknown
SRR19383128	NA	NA	NA	NA	NA	NA	NA	NA	NA	NA	NA	NA	NA	NA	NA	NA	unknown	mistral		NA	NA		unknown
ERR326230	NA	NA	NA	NA	NA	NA	NA	NA	NA	NA	NA	NA	NA	NA	NA	NA	unknown	mistral		NA	NA		unknown
ERR713652	NA	NA	NA	NA	NA	NA	NA	NA	NA	NA	NA	NA	NA	NA	NA	NA	unknown	mistral		NA	NA		unknown
ERR467052	NA	NA	NA	NA	NA	NA	NA	NA	NA	NA	NA	NA	NA	NA	NA	NA	unknown	mistral		NA	NA		unknown
SRR4069948	NA	NA	NA	NA	NA	NA	NA	NA	NA	NA	NA	NA	NA	NA	NA	NA	unknown	mistral		NA	NA		unknown
SRR12158718	NA	NA	NA	NA	NA	NA	NA	NA	NA	NA	NA	NA	NA	NA	NA	NA	unknown	mistral		NA	NA		United States
SRR12422695	NA	NA	NA	NA	NA	NA	NA	NA	NA	NA	NA	NA	NA	NA	NA	NA	unknown	mistral		NA	NA		United States
SRR27042677	NA	NA	NA	NA	NA	NA	NA	NA	NA	NA	NA	NA	NA	NA	NA	NA	unknown	mistral		NA	NA	2023	United States
SRR11072035	NA	NA	NA	NA	NA	NA	NA	NA	NA	NA	NA	NA	NA	NA	NA	NA	unknown	mistral		NA	NA		United States
SRR4070139	NA	NA	NA	NA	NA	NA	NA	NA	NA	NA	NA	NA	NA	NA	NA	NA	unknown	mistral		NA	NA		unknown
SRR15178534	NA	NA	NA	NA	NA	NA	NA	NA	NA	NA	NA	NA	NA	NA	NA	NA	unknown	mistral		NA	NA		United States
ERR221328	NA	NA	NA	NA	NA	NA	NA	NA	NA	NA	NA	NA	NA	NA	NA	NA	unknown	mistral		NA	NA		unknown
ERR148287	NA	NA	NA	NA	NA	NA	NA	NA	NA	NA	NA	NA	NA	NA	NA	NA	unknown	mistral		NA	NA		unknown
ERR11721283	NA	NA	NA	NA	NA	NA	NA	NA	NA	NA	NA	NA	NA	NA	NA	NA	unknown	mistral		NA	NA	2019	United Kingdom
SRR13202276	NA	NA	NA	NA	NA	NA	NA	NA	NA	NA	NA	NA	NA	NA	NA	NA	chicken	mistral		NA	0.10989668220281601	2020	United States
ERR356059	NA	NA	NA	NA	NA	NA	NA	NA	NA	NA	NA	NA	NA	NA	NA	NA	unknown	mistral		NA	NA		unknown
SRR6398721	NA	NA	NA	NA	NA	NA	NA	NA	NA	NA	NA	NA	NA	NA	NA	NA	environment	mistral		NA	0.9708263874053955	2009	United States
SRR17857257	NA	NA	NA	NA	NA	NA	NA	NA	NA	NA	NA	NA	NA	NA	NA	NA	unknown	mistral		NA	NA		unknown
ERR12084056	NA	NA	NA	NA	NA	NA	NA	NA	NA	NA	NA	NA	NA	NA	NA	NA	unknown	mistral		NA	NA	2019	United Kingdom
ERR439920	NA	NA	NA	NA	NA	NA	NA	NA	NA	NA	NA	NA	NA	NA	NA	NA	unknown	mistral		NA	NA		unknown
SRR27559027	NA	NA	NA	NA	NA	NA	NA	NA	NA	NA	NA	NA	NA	NA	NA	NA	unknown	mistral		NA	NA		unknown
ERR3145269	NA	NA	NA	NA	NA	NA	NA	NA	NA	NA	NA	NA	NA	NA	NA	NA	human	mistral		NA	0.08977328985929489	2016	Denmark
SRR15230816	NA	NA	NA	NA	NA	NA	NA	NA	NA	NA	NA	NA	NA	NA	NA	NA	unknown	mistral		NA	NA		United States
SRR21388670	NA	NA	NA	NA	NA	NA	NA	NA	NA	NA	NA	NA	NA	NA	NA	NA	unknown	mistral		NA	NA	2022	United States
ERR12953173	NA	NA	NA	NA	NA	NA	NA	NA	NA	NA	NA	NA	NA	NA	NA	NA	wildbird	mistral		NA	0.9370381832122803	2021	Luxembourg
SRR10699576	NA	NA	NA	NA	NA	NA	NA	NA	NA	NA	NA	NA	NA	NA	NA	NA	unknown	mistral		NA	NA		United States
ERR976146	NA	NA	NA	NA	NA	NA	NA	NA	NA	NA	NA	NA	NA	NA	NA	NA	environment	mistral		NA	0.018689308315515518		unknown
SRR24939988	NA	NA	NA	NA	NA	NA	NA	NA	NA	NA	NA	NA	NA	NA	NA	NA	cattle	mistral		NA	0.12320729345083237	2019	United States
ERR1658689	NA	NA	NA	NA	NA	NA	NA	NA	NA	NA	NA	NA	NA	NA	NA	NA	environment	mistral		NA	0.01945657655596733		unknown
SRR1815315	NA	NA	NA	NA	NA	NA	NA	NA	NA	NA	NA	NA	NA	NA	NA	NA	unknown	mistral		NA	NA		unknown
SRR1993248	NA	NA	NA	NA	NA	NA	NA	NA	NA	NA	NA	NA	NA	NA	NA	NA	unknown	mistral		NA	NA		United States
ERR4879520	NA	NA	NA	NA	NA	NA	NA	NA	NA	NA	NA	NA	NA	NA	NA	NA	human	mistral		NA	0.045099563896656036	2019	Denmark
SRR9945146	NA	NA	NA	NA	NA	NA	NA	NA	NA	NA	NA	NA	NA	NA	NA	NA	other_food	mistral		NA	0.01767834834754467	2017	United Kingdom
SRR7411500	NA	NA	NA	NA	NA	NA	NA	NA	NA	NA	NA	NA	NA	NA	NA	NA	unknown	mistral		NA	NA		United States
SRR12341582	NA	NA	NA	NA	NA	NA	NA	NA	NA	NA	NA	NA	NA	NA	NA	NA	unknown	mistral		NA	NA		United States
SRR23980959	NA	NA	NA	NA	NA	NA	NA	NA	NA	NA	NA	NA	NA	NA	NA	NA	unknown	mistral		NA	NA	2023	United States
SRR9969039	NA	NA	NA	NA	NA	NA	NA	NA	NA	NA	NA	NA	NA	NA	NA	NA	other_food	mistral		NA	0.017763342708349228	2017	United Kingdom
ERR1906113	NA	NA	NA	NA	NA	NA	NA	NA	NA	NA	NA	NA	NA	NA	NA	NA	unknown	mistral		NA	NA		unknown
ERR213031	NA	NA	NA	NA	NA	NA	NA	NA	NA	NA	NA	NA	NA	NA	NA	NA	unknown	mistral		NA	NA		unknown
ERR12072012	NA	NA	NA	NA	NA	NA	NA	NA	NA	NA	NA	NA	NA	NA	NA	NA	unknown	mistral		NA	NA	2020	United Kingdom
ERR278336	NA	NA	NA	NA	NA	NA	NA	NA	NA	NA	NA	NA	NA	NA	NA	NA	unknown	mistral		NA	NA		unknown
ERR3446633	NA	NA	NA	NA	NA	NA	NA	NA	NA	NA	NA	NA	NA	NA	NA	NA	unknown	mistral		NA	NA		unknown
SRR15223897	NA	NA	NA	NA	NA	NA	NA	NA	NA	NA	NA	NA	NA	NA	NA	NA	unknown	mistral		NA	NA	2021	unknown
SRR28868230	NA	NA	NA	NA	NA	NA	NA	NA	NA	NA	NA	NA	NA	NA	NA	NA	unknown	mistral		NA	NA		unknown
ERR3144883	NA	NA	NA	NA	NA	NA	NA	NA	NA	NA	NA	NA	NA	NA	NA	NA	unknown	mistral		NA	NA	2015	Denmark
ERR330642	NA	NA	NA	NA	NA	NA	NA	NA	NA	NA	NA	NA	NA	NA	NA	NA	unknown	mistral		NA	NA		unknown
ERR148380	NA	NA	NA	NA	NA	NA	NA	NA	NA	NA	NA	NA	NA	NA	NA	NA	unknown	mistral		NA	NA		unknown
SRR9945233	NA	NA	NA	NA	NA	NA	NA	NA	NA	NA	NA	NA	NA	NA	NA	NA	other_food	mistral		NA	0.014985890127718449	2017	United Kingdom
ERR1658511	NA	NA	NA	NA	NA	NA	NA	NA	NA	NA	NA	NA	NA	NA	NA	NA	environment	mistral		NA	0.01833445206284523		unknown
ERR594006	NA	NA	NA	NA	NA	NA	NA	NA	NA	NA	NA	NA	NA	NA	NA	NA	unknown	mistral		NA	NA		unknown
ERR12757156	NA	NA	NA	NA	NA	NA	NA	NA	NA	NA	NA	NA	NA	NA	NA	NA	unknown	mistral		NA	NA	2022	United Kingdom
ERR1701073	NA	NA	NA	NA	NA	NA	NA	NA	NA	NA	NA	NA	NA	NA	NA	NA	laboratory	mistral		NA	0.12635332345962524		unknown
